"Date","Price","Open","High","Low","Vol.","Change %"
"29-08-2024","228.30","230.15","230.15","227.50","0.01K","-1.62%"
"28-08-2024","232.05","233.40","233.40","231.40","0.00K","0.22%"
"27-08-2024","231.55","229.00","233.00","228.20","0.06K","0.89%"
"26-08-2024","229.50","230.85","233.50","228.85","0.51K","-0.13%"
"23-08-2024","229.80","226.65","230.30","224.75","2.69K","2.27%"
"22-08-2024","224.70","226.95","229.60","224.15","2.82K","-0.69%"
"21-08-2024","226.25","226.85","227.60","224.60","2.09K","-0.13%"
"20-08-2024","226.55","224.25","227.75","223.45","2.56K","1.16%"
"19-08-2024","223.95","220.00","224.85","219.80","2.34K","2.24%"
"16-08-2024","219.05","219.25","220.45","216.95","2.19K","1.25%"
"14-08-2024","216.35","215.80","218.95","215.50","1.79K","0.14%"
"13-08-2024","216.05","214.05","216.90","213.35","1.56K","0.37%"
"12-08-2024","215.25","214.10","216.85","214.10","1.69K","0.49%"
"09-08-2024","214.20","213.80","216.50","213.80","2.37K","0.54%"
"08-08-2024","213.05","211.80","213.30","210.45","1.59K","0.54%"
"07-08-2024","211.90","213.20","213.60","209.90","2.00K","-0.98%"
"06-08-2024","214.00","209.70","214.25","208.95","2.16K","1.54%"
"05-08-2024","210.75","211.85","212.15","208.55","2.47K","0.09%"
"02-08-2024","210.55","215.00","215.00","210.00","1.68K","-0.59%"
"01-08-2024","211.80","214.90","215.75","211.50","2.40K","1.07%"
"31-07-2024","209.55","209.55","209.55","209.55","","0.00%"
"30-07-2024","209.55","209.55","209.55","209.55","","0.00%"
"29-07-2024","209.55","209.75","209.85","208.70","0.01K","-0.38%"
"26-07-2024","210.35","209.95","210.90","209.40","0.04K","1.82%"
"25-07-2024","206.60","210.15","211.90","205.40","0.70K","-3.05%"
"24-07-2024","213.10","214.95","215.00","211.85","1.67K","-0.40%"
"23-07-2024","213.95","216.05","216.95","213.25","1.32K","-0.83%"
"22-07-2024","215.75","221.35","221.35","214.95","1.83K","-2.24%"
"19-07-2024","220.70","221.65","223.20","220.50","1.80K","-0.52%"
"18-07-2024","221.85","221.65","224.50","221.50","1.50K","-0.29%"
"17-07-2024","222.50","223.40","224.50","222.10","0.63K","-0.45%"
"16-07-2024","223.50","226.90","227.40","222.80","1.48K","-1.63%"
"15-07-2024","227.20","228.95","228.95","227.00","1.02K","-0.81%"
"12-07-2024","229.05","228.00","229.70","227.50","1.16K","0.26%"
"11-07-2024","228.45","230.60","230.80","228.25","1.50K","-0.22%"
"10-07-2024","228.95","229.80","230.00","228.20","1.33K","-0.61%"
"09-07-2024","230.35","232.75","233.75","229.65","1.39K","-0.99%"
"08-07-2024","232.65","234.10","234.45","232.25","2.16K","-0.60%"
"05-07-2024","234.05","232.95","235.75","232.60","1.43K","0.49%"
"04-07-2024","232.90","234.10","234.10","232.40","0.81K","-0.21%"
"03-07-2024","233.40","231.10","234.10","230.60","1.60K","1.35%"
"02-07-2024","230.30","230.60","231.70","230.10","1.07K","-0.07%"
"01-07-2024","230.45","230.45","232.80","230.05","1.34K","0.92%"
"28-06-2024","228.35","228.95","228.95","226.30","0.01K","0.22%"
"27-06-2024","227.85","227.85","227.85","227.85","0.00K","-0.15%"
"26-06-2024","228.20","227.70","229.15","227.60","0.03K","0.02%"
"25-06-2024","228.15","229.30","229.30","227.75","0.03K","0.20%"
"24-06-2024","227.70","232.30","232.95","226.55","0.65K","-2.15%"
"21-06-2024","232.70","232.30","234.10","230.00","2.15K","0.11%"
"20-06-2024","232.45","230.70","232.90","230.70","1.39K","0.65%"
"19-06-2024","230.95","230.15","232.90","229.30","1.35K","0.37%"
"18-06-2024","230.10","231.80","232.35","228.70","1.93K","-0.60%"
"17-06-2024","231.50","230.80","232.45","230.25","0.79K","-0.43%"
"14-06-2024","232.50","232.90","234.00","231.90","1.80K","-0.51%"
"13-06-2024","233.70","233.00","236.90","232.45","2.57K","-0.76%"
"12-06-2024","235.50","235.30","236.30","231.80","2.40K","1.07%"
"11-06-2024","233.00","234.35","235.35","231.55","2.36K","-1.19%"
"10-06-2024","235.80","233.25","236.40","233.05","2.22K","0.08%"
"07-06-2024","235.60","241.60","242.15","234.70","2.37K","-2.50%"
"06-06-2024","241.65","240.00","242.75","239.80","1.58K","1.07%"
"05-06-2024","239.10","239.80","240.35","237.55","2.06K","-0.83%"
"04-06-2024","241.10","241.70","243.15","238.85","1.92K","0.12%"
"03-06-2024","240.80","238.65","242.50","237.85","2.04K","-2.27%"
"31-05-2024","246.40","246.20","246.60","246.20","0.00K","-0.54%"
"30-05-2024","247.75","249.80","249.80","243.70","0.00K","-0.62%"
"29-05-2024","249.30","247.55","250.90","247.55","0.01K","1.49%"
"28-05-2024","245.65","243.60","247.00","242.65","0.03K","2.55%"
"27-05-2024","239.55","243.20","244.25","239.00","0.40K","-0.52%"
"24-05-2024","240.80","239.80","243.80","238.65","1.42K","0.40%"
"23-05-2024","239.85","241.10","241.40","236.85","1.61K","-0.68%"
"22-05-2024","241.50","247.60","250.35","240.20","3.06K","-2.48%"
"21-05-2024","247.65","242.00","252.10","240.55","2.99K","2.14%"
"20-05-2024","242.45","240.60","242.80","238.50","0.87K","1.13%"
"17-05-2024","239.75","238.50","239.90","237.75","1.57K","0.71%"
"16-05-2024","238.05","239.00","240.85","236.25","2.21K","0.17%"
"15-05-2024","237.65","234.75","239.85","234.50","3.53K","1.58%"
"14-05-2024","233.95","232.85","234.25","231.55","2.83K","0.54%"
"13-05-2024","232.70","230.85","233.65","230.80","1.87K","0.80%"
"10-05-2024","230.85","235.00","236.40","230.65","2.95K","-1.45%"
"09-05-2024","234.25","233.35","234.45","231.40","1.29K","0.82%"
"08-05-2024","232.35","233.05","234.10","230.50","1.67K","-0.85%"
"07-05-2024","234.35","236.00","236.00","233.15","1.54K","-0.09%"
"06-05-2024","234.55","236.95","237.30","228.30","0.62K","0.54%"
"03-05-2024","233.30","231.55","234.70","230.70","2.05K","0.58%"
"02-05-2024","231.95","236.55","237.35","230.25","2.74K","-1.76%"
"01-05-2024","236.10","236.50","236.75","234.55","0.70K","-2.44%"
"30-04-2024","242.00","242.00","242.00","242.00","0.00K","1.02%"
"29-04-2024","239.55","239.50","241.00","238.90","0.01K","-1.03%"
"26-04-2024","242.05","253.40","255.50","240.90","0.05K","-2.58%"
"25-04-2024","248.45","241.55","252.60","239.60","0.10K","2.24%"
"24-04-2024","243.00","241.40","246.80","239.00","0.70K","0.81%"
"23-04-2024","241.05","242.10","242.70","237.40","1.86K","-1.03%"
"22-04-2024","243.55","242.00","244.20","241.30","1.47K","0.45%"
"19-04-2024","242.45","239.45","243.10","238.15","2.61K","2.17%"
"18-04-2024","237.30","234.90","237.90","234.90","2.11K","1.04%"
"17-04-2024","234.85","233.60","236.65","232.90","1.57K","1.23%"
"16-04-2024","232.00","232.30","234.75","229.15","2.46K","-0.19%"
"15-04-2024","232.45","234.40","238.15","230.35","3.59K","2.65%"
"12-04-2024","226.45","225.30","229.35","224.85","2.09K","1.05%"
"11-04-2024","224.10","224.15","224.90","223.05","0.53K","-0.13%"
"10-04-2024","224.40","224.35","226.25","222.10","1.41K","0.49%"
"09-04-2024","223.30","223.30","225.30","220.40","2.08K","-0.20%"
"08-04-2024","223.75","223.10","225.20","222.50","1.30K","-0.09%"
"05-04-2024","223.95","222.05","224.95","221.40","1.25K","0.49%"
"04-04-2024","222.85","220.15","223.70","218.40","2.79K","1.87%"
"03-04-2024","218.75","212.80","219.00","212.40","1.83K","2.87%"
"02-04-2024","212.65","209.65","213.30","209.15","1.49K","1.48%"
"01-04-2024","209.55","208.65","209.65","208.55","0.29K","-0.31%"
"28-03-2024","210.20","207.80","215.00","207.80","0.00K","1.30%"
"27-03-2024","207.50","207.50","207.55","207.50","0.00K","-0.67%"
"26-03-2024","208.90","211.00","211.00","208.30","0.03K","-1.04%"
"25-03-2024","211.10","211.30","211.35","210.65","0.01K","2.01%"
"22-03-2024","206.95","204.05","207.40","203.90","0.66K","0.95%"
"21-03-2024","205.00","205.10","205.90","204.40","3.01K","0.47%"
"20-03-2024","204.05","204.40","204.50","203.50","1.29K","0.10%"
"19-03-2024","203.85","204.15","204.95","203.00","1.32K","-0.37%"
"18-03-2024","204.60","204.55","205.55","204.15","1.32K","0.00%"
"15-03-2024","204.60","204.40","205.40","203.95","1.46K","0.44%"
"14-03-2024","203.70","204.80","204.90","203.25","0.80K","-0.29%"
"13-03-2024","204.30","204.10","205.00","203.80","0.95K","0.17%"
"12-03-2024","203.95","203.20","204.60","202.80","1.10K","0.37%"
"11-03-2024","203.20","202.40","203.75","202.00","0.95K","0.32%"
"08-03-2024","202.55","203.10","204.60","201.75","0.73K","-0.27%"
"07-03-2024","203.10","201.85","203.65","201.70","1.26K","0.74%"
"06-03-2024","201.60","201.45","202.45","201.40","1.08K","-0.10%"
"05-03-2024","201.80","201.45","202.25","201.25","0.80K","-0.12%"
"04-03-2024","202.05","201.00","202.25","200.95","1.01K","0.30%"
"01-03-2024","201.45","200.10","202.20","199.35","1.44K","2.31%"
"29-02-2024","196.90","196.90","196.90","196.90","0.00K","-1.48%"
"28-02-2024","199.85","199.85","199.85","199.85","0.00K","0.63%"
"27-02-2024","198.60","198.60","198.60","198.60","","0.00%"
"26-02-2024","198.60","197.50","198.95","197.50","0.00K","1.72%"
"23-02-2024","195.25","199.70","200.60","193.95","0.57K","-1.69%"
"22-02-2024","198.60","198.35","200.00","195.30","2.86K","-0.35%"
"21-02-2024","199.30","201.00","202.00","198.25","1.97K","0.00%"
"20-02-2024","199.30","196.85","200.15","195.70","2.87K","0.94%"
"19-02-2024","197.45","199.20","199.25","196.90","1.38K","-0.80%"
"16-02-2024","199.05","199.70","200.90","198.90","1.48K","-0.50%"
"15-02-2024","200.05","201.45","201.90","199.75","1.01K","-0.52%"
"14-02-2024","201.10","199.70","201.80","199.35","1.30K","0.50%"
"13-02-2024","200.10","201.80","202.20","200.00","1.42K","-0.52%"
"12-02-2024","201.15","200.60","201.30","199.20","1.40K","0.32%"
"09-02-2024","200.50","200.15","201.05","199.15","1.53K","-0.20%"
"08-02-2024","200.90","200.95","202.40","199.85","1.37K","0.10%"
"07-02-2024","200.70","201.75","201.75","200.10","0.75K","-0.52%"
"06-02-2024","201.75","199.15","202.30","199.00","1.21K","1.08%"
"05-02-2024","199.60","201.00","201.40","199.20","1.17K","-1.04%"
"02-02-2024","201.70","202.40","202.60","201.10","1.01K","-0.40%"
"01-02-2024","202.50","204.15","204.25","202.35","1.39K","-1.10%"
"31-01-2024","204.75","202.30","202.50","202.30","0.01K","1.99%"
"30-01-2024","200.75","200.70","200.80","200.70","0.01K","-0.17%"
"29-01-2024","201.10","201.00","201.20","200.90","0.03K","0.52%"
"25-01-2024","200.05","198.00","200.40","198.00","0.08K","0.23%"
"24-01-2024","199.60","200.15","202.25","198.60","1.63K","-0.27%"
"23-01-2024","200.15","196.20","200.90","195.70","2.95K","2.04%"
"22-01-2024","196.15","196.40","196.75","195.95","1.30K","-0.63%"
"19-01-2024","197.40","197.55","198.20","196.65","1.29K","-0.03%"
"18-01-2024","197.45","198.70","199.10","197.30","1.26K","-0.65%"
"17-01-2024","198.75","200.55","200.70","198.50","1.65K","-1.17%"
"16-01-2024","201.10","199.60","201.25","199.55","1.53K","0.52%"
"15-01-2024","200.05","201.55","202.15","199.90","1.91K","-0.77%"
"12-01-2024","201.60","203.10","203.30","201.20","1.94K","-0.74%"
"11-01-2024","203.10","202.50","203.90","202.45","0.94K","0.12%"
"10-01-2024","202.85","203.95","204.25","202.50","1.04K","-0.39%"
"09-01-2024","203.65","204.00","204.35","202.50","1.42K","0.05%"
"08-01-2024","203.55","204.70","205.10","203.20","1.84K","-0.92%"
"05-01-2024","205.45","205.95","206.35","204.25","1.64K","-0.32%"
"04-01-2024","206.10","206.40","207.00","205.10","1.43K","-0.53%"
"03-01-2024","207.20","208.10","208.10","205.90","2.06K","-0.50%"
"02-01-2024","208.25","211.35","213.45","207.85","3.25K","-1.82%"
"01-01-2024","212.10","211.30","212.70","211.25","0.08K","1.75%"
"29-12-2023","208.45","211.70","211.70","211.70","","0.00%"
"28-12-2023","208.45","208.65","208.65","208.30","0.00K","0.07%"
"27-12-2023","208.30","208.30","208.30","208.30","0.00K","1.44%"
"26-12-2023","205.35","205.60","205.90","204.95","0.03K","-0.17%"
"22-12-2023","205.70","201.35","206.50","200.75","0.68K","2.88%"
"21-12-2023","199.95","202.55","202.55","199.65","2.26K","-1.38%"
"20-12-2023","202.75","204.30","205.00","202.35","1.74K","-0.64%"
"19-12-2023","204.05","204.20","205.60","203.70","1.60K","-0.37%"
"18-12-2023","204.80","202.75","205.50","202.50","2.00K","0.96%"
"15-12-2023","202.85","200.75","204.70","200.20","3.11K","1.20%"
"14-12-2023","200.45","197.25","202.00","197.10","3.04K","2.45%"
"13-12-2023","195.65","193.35","195.90","193.20","1.23K","0.64%"
"12-12-2023","194.40","194.45","195.80","194.10","0.90K","0.15%"
"11-12-2023","194.10","194.20","195.35","193.55","1.14K","-0.77%"
"08-12-2023","195.60","195.90","197.45","195.05","1.38K","0.26%"
"07-12-2023","195.10","197.10","197.10","194.50","1.57K","-0.64%"
"06-12-2023","196.35","198.30","198.75","196.10","1.14K","-1.13%"
"05-12-2023","198.60","199.40","199.50","197.30","1.51K","-0.77%"
"04-12-2023","200.15","201.50","201.60","199.85","1.17K","-0.82%"
"01-12-2023","201.80","200.90","202.30","200.40","1.86K","-0.84%"
"30-11-2023","203.50","201.10","201.10","201.10","","1.67%"
"29-11-2023","200.15","200.05","200.20","199.90","0.15K","-0.37%"
"28-11-2023","200.90","201.70","201.70","200.65","0.02K","-0.45%"
"27-11-2023","201.80","201.80","201.80","201.80","","0.00%"
"24-11-2023","201.80","203.30","203.35","199.45","0.58K","-0.54%"
"23-11-2023","202.90","203.20","203.90","202.75","2.04K","-0.12%"
"22-11-2023","203.15","204.95","205.05","203.05","1.21K","-1.24%"
"21-11-2023","205.70","206.00","206.45","204.75","0.86K","0.12%"
"20-11-2023","205.45","204.70","205.80","204.70","1.34K","1.01%"
"17-11-2023","203.40","204.40","204.70","203.05","1.03K","-0.44%"
"16-11-2023","204.30","205.80","206.20","203.95","0.86K","-0.87%"
"15-11-2023","206.10","205.35","206.40","205.15","0.74K","0.49%"
"14-11-2023","205.10","205.05","206.35","204.80","0.49K","-0.19%"
"13-11-2023","205.50","204.55","205.95","204.25","0.58K","0.17%"
"12-11-2023","205.15","204.80","205.15","204.70","0.03K","0.17%"
"10-11-2023","204.80","206.55","206.55","204.50","1.08K","-0.85%"
"09-11-2023","206.55","207.40","207.55","205.75","0.93K","-0.67%"
"08-11-2023","207.95","208.70","208.95","207.75","0.55K","-0.22%"
"07-11-2023","208.40","208.90","208.90","207.30","0.71K","-0.38%"
"06-11-2023","209.20","207.25","209.85","207.00","1.31K","1.01%"
"03-11-2023","207.10","206.30","207.40","205.85","0.82K","0.63%"
"02-11-2023","205.80","206.50","207.00","205.25","1.20K","-0.22%"
"01-11-2023","206.25","206.70","207.70","205.90","1.56K","0.00%"
"31-10-2023","206.25","205.60","206.50","205.60","0.01K","-0.07%"
"30-10-2023","206.40","205.90","206.80","205.50","0.03K","0.83%"
"27-10-2023","204.70","203.90","206.00","202.55","0.02K","0.34%"
"26-10-2023","204.00","205.50","205.50","201.75","0.04K","0.37%"
"25-10-2023","203.25","203.10","204.90","202.15","0.51K","0.22%"
"24-10-2023","202.80","200.95","203.60","200.85","1.25K","0.50%"
"23-10-2023","201.80","201.50","202.65","200.90","2.17K","-0.20%"
"20-10-2023","202.20","202.60","202.65","201.50","0.99K","-0.25%"
"19-10-2023","202.70","202.30","203.40","201.85","0.91K","-0.07%"
"18-10-2023","202.85","202.75","203.25","202.20","1.25K","0.37%"
"17-10-2023","202.10","202.15","202.20","201.25","1.30K","-0.47%"
"16-10-2023","203.05","203.20","203.30","202.40","0.64K","0.00%"
"13-10-2023","203.05","203.10","204.10","202.90","1.17K","-0.25%"
"12-10-2023","203.55","204.45","204.85","203.00","1.55K","-0.37%"
"11-10-2023","204.30","204.85","205.10","203.65","0.98K","0.00%"
"10-10-2023","204.30","205.75","206.15","204.15","1.48K","-1.07%"
"09-10-2023","206.50","205.50","207.20","204.70","2.10K","0.36%"
"06-10-2023","205.75","205.80","206.60","205.00","1.44K","0.10%"
"05-10-2023","205.55","205.55","206.10","204.60","1.38K","0.05%"
"04-10-2023","205.45","207.75","208.50","205.10","1.93K","-1.63%"
"03-10-2023","208.85","210.00","210.70","208.05","1.89K","-0.31%"
"29-09-2023","209.50","209.30","210.35","209.30","0.01K","0.89%"
"28-09-2023","207.65","206.00","209.00","206.00","0.01K","0.90%"
"27-09-2023","205.80","206.00","206.10","204.00","0.11K","-0.29%"
"26-09-2023","206.40","203.55","207.25","203.50","0.08K","1.95%"
"25-09-2023","202.45","203.10","203.95","202.00","0.65K","-0.78%"
"22-09-2023","204.05","203.40","204.45","202.35","2.47K","0.57%"
"21-09-2023","202.90","203.95","204.60","201.80","1.72K","-0.76%"
"20-09-2023","204.45","203.35","204.60","202.60","1.67K","0.69%"
"19-09-2023","203.05","202.40","203.85","202.25","0.62K","-0.05%"
"18-09-2023","203.15","201.25","203.45","201.05","1.17K","0.72%"
"15-09-2023","201.70","204.45","204.80","201.30","1.71K","-1.01%"
"14-09-2023","203.75","202.45","204.45","202.45","1.87K","0.72%"
"13-09-2023","202.30","201.05","202.80","200.85","1.03K","0.60%"
"12-09-2023","201.10","202.00","202.35","200.80","0.98K","-0.27%"
"11-09-2023","201.65","200.50","202.05","200.35","1.13K","0.90%"
"08-09-2023","199.85","200.50","200.50","199.40","1.24K","-0.70%"
"07-09-2023","201.25","201.30","201.40","200.05","1.12K","-0.05%"
"06-09-2023","201.35","200.90","202.85","200.85","1.31K","0.32%"
"05-09-2023","200.70","201.30","201.55","199.80","0.95K","-0.30%"
"04-09-2023","201.30","202.70","202.95","200.55","1.47K","-1.06%"
"01-09-2023","203.45","202.40","204.50","202.40","1.73K","1.07%"
"31-08-2023","201.30","199.90","201.35","199.50","0.04K","1.41%"
"30-08-2023","198.50","197.45","198.90","197.40","0.03K","1.17%"
"29-08-2023","196.20","196.20","196.20","196.20","0.00K","-0.15%"
"28-08-2023","196.50","197.20","197.20","195.70","0.13K","0.18%"
"25-08-2023","196.15","197.85","198.45","195.25","0.71K","-0.68%"
"24-08-2023","197.50","198.60","198.70","197.25","1.29K","-0.58%"
"23-08-2023","198.65","198.25","200.00","197.90","1.43K","-0.10%"
"22-08-2023","198.85","197.10","199.30","197.10","1.92K","0.81%"
"21-08-2023","197.25","196.40","197.70","196.00","1.91K","0.00%"
"18-08-2023","197.25","197.00","198.10","196.55","1.23K","0.18%"
"17-08-2023","196.90","195.95","199.35","194.70","2.19K","-0.03%"
"16-08-2023","196.95","196.80","197.85","196.20","1.40K","-0.13%"
"14-08-2023","197.20","197.05","198.15","197.00","1.39K","-0.53%"
"11-08-2023","198.25","199.95","200.30","197.65","1.79K","-1.07%"
"10-08-2023","200.40","200.40","201.75","199.80","1.60K","0.00%"
"09-08-2023","200.40","201.00","201.65","200.05","1.55K","0.05%"
"08-08-2023","200.30","201.90","202.10","199.60","1.91K","-0.92%"
"07-08-2023","202.15","201.80","202.75","201.25","1.18K","-0.05%"
"04-08-2023","202.25","202.05","202.40","200.05","1.83K","0.27%"
"03-08-2023","201.70","200.15","201.95","199.45","2.12K","0.88%"
"02-08-2023","199.95","202.65","202.70","199.60","1.84K","-1.31%"
"01-08-2023","202.60","203.40","204.65","202.00","1.69K","2.43%"
"31-07-2023","197.80","197.80","197.80","197.80","","0.00%"
"28-07-2023","197.80","198.10","198.10","197.60","0.06K","-0.65%"
"27-07-2023","199.10","199.50","200.70","197.45","0.02K","0.30%"
"26-07-2023","198.50","197.60","199.15","197.50","0.03K","0.05%"
"25-07-2023","198.40","196.75","198.90","196.10","0.94K","1.33%"
"24-07-2023","195.80","196.50","196.55","194.45","2.58K","-0.41%"
"21-07-2023","196.60","196.55","196.90","195.55","1.10K","0.25%"
"20-07-2023","196.10","196.40","197.65","195.70","1.29K","-0.08%"
"19-07-2023","196.25","197.20","197.35","195.75","1.24K","-0.53%"
"18-07-2023","197.30","199.60","200.05","197.15","1.71K","-1.18%"
"17-07-2023","199.65","201.20","201.20","198.20","1.61K","-0.94%"
"14-07-2023","201.55","202.15","203.40","200.75","1.19K","-0.17%"
"13-07-2023","201.90","199.30","202.20","199.10","1.81K","1.08%"
"12-07-2023","199.75","196.90","199.95","196.20","2.29K","1.68%"
"11-07-2023","196.45","196.20","197.90","196.15","1.43K","0.33%"
"10-07-2023","195.80","195.70","196.30","195.30","0.94K","0.13%"
"07-07-2023","195.55","195.05","195.80","194.70","0.82K","0.26%"
"06-07-2023","195.05","194.85","196.00","194.65","1.17K","0.00%"
"05-07-2023","195.05","195.55","196.95","194.50","1.55K","-0.59%"
"04-07-2023","196.20","195.25","196.35","195.15","0.86K","0.28%"
"03-07-2023","195.65","196.25","196.65","194.65","1.38K","1.06%"
"30-06-2023","193.60","195.25","195.25","193.20","0.02K","-0.85%"
"29-06-2023","195.25","194.40","195.45","194.30","0.14K","-0.48%"
"28-06-2023","196.20","195.95","197.75","195.95","0.11K","-0.25%"
"27-06-2023","196.70","195.55","197.20","195.55","0.04K","1.79%"
"26-06-2023","193.25","196.60","197.05","192.40","0.83K","-1.58%"
"23-06-2023","196.35","199.10","199.85","195.30","2.10K","-1.65%"
"22-06-2023","199.65","202.40","203.00","198.35","1.78K","-1.58%"
"21-06-2023","202.85","202.75","203.30","200.75","1.17K","0.02%"
"20-06-2023","202.80","203.15","203.90","202.50","0.90K","-0.39%"
"19-06-2023","203.60","205.05","205.05","203.20","0.94K","-0.92%"
"16-06-2023","205.50","205.55","206.30","204.45","1.19K","0.46%"
"15-06-2023","204.55","204.05","204.80","203.00","1.37K","-0.15%"
"14-06-2023","204.85","204.30","205.20","204.25","1.24K","0.39%"
"13-06-2023","204.05","203.95","204.45","203.55","0.78K","0.29%"
"12-06-2023","203.45","204.90","205.10","203.30","1.21K","-1.07%"
"09-06-2023","205.65","205.65","206.45","205.25","1.45K","0.00%"
"08-06-2023","205.65","205.40","207.00","204.00","1.97K","0.73%"
"07-06-2023","204.15","204.55","205.00","203.85","1.71K","0.02%"
"06-06-2023","204.10","206.45","206.45","204.05","2.47K","-1.04%"
"05-06-2023","206.25","206.85","207.70","205.85","1.60K","-0.65%"
"02-06-2023","207.60","208.75","210.20","207.20","1.67K","-0.43%"
"01-06-2023","208.50","208.35","209.10","207.65","1.13K","1.07%"
"31-05-2023","206.30","206.30","206.30","206.30","0.00K","-0.36%"
"30-05-2023","207.05","207.50","207.50","206.40","0.10K","-0.72%"
"29-05-2023","208.55","208.30","210.60","208.30","0.36K","-0.36%"
"26-05-2023","209.30","208.20","210.35","208.05","0.29K","1.06%"
"25-05-2023","207.10","206.95","208.65","206.10","0.64K","-0.22%"
"24-05-2023","207.55","207.00","209.00","207.00","1.92K","-0.60%"
"23-05-2023","208.80","208.60","209.50","207.10","1.52K","-0.10%"
"22-05-2023","209.00","209.55","209.55","208.45","0.65K","-0.62%"
"19-05-2023","210.30","208.85","210.50","208.20","1.11K","0.69%"
"18-05-2023","208.85","207.95","209.50","207.80","1.22K","0.26%"
"17-05-2023","208.30","206.85","208.45","206.15","1.24K","0.80%"
"16-05-2023","206.65","207.50","207.85","206.05","1.48K","-0.51%"
"15-05-2023","207.70","205.55","208.40","205.55","1.91K","0.65%"
"12-05-2023","206.35","205.75","206.70","204.40","1.92K","0.19%"
"11-05-2023","205.95","207.95","208.50","205.70","2.44K","-0.89%"
"10-05-2023","207.80","209.30","209.70","207.45","1.66K","-0.84%"
"09-05-2023","209.55","208.50","210.50","207.10","3.06K","0.36%"
"08-05-2023","208.80","208.20","209.10","208.15","0.58K","0.36%"
"05-05-2023","208.05","206.80","208.45","205.55","2.90K","0.70%"
"04-05-2023","206.60","208.90","208.90","205.50","2.69K","-0.65%"
"03-05-2023","207.95","210.25","210.25","207.55","2.05K","-1.19%"
"02-05-2023","210.45","211.30","212.40","209.55","2.62K","-0.09%"
"01-05-2023","210.65","210.50","212.25","208.80","0.70K","-0.21%"
"28-04-2023","211.10","210.80","213.80","208.20","0.01K","2.08%"
"27-04-2023","206.80","206.50","207.00","206.50","0.07K","-0.82%"
"26-04-2023","208.50","208.80","209.00","208.00","0.01K","0.41%"
"25-04-2023","207.65","210.85","211.55","207.35","0.13K","-1.45%"
"24-04-2023","210.70","211.25","212.50","209.60","0.83K","-0.28%"
"21-04-2023","211.30","212.85","212.85","210.80","2.41K","-0.75%"
"20-04-2023","212.90","213.75","215.10","212.55","2.20K","-0.70%"
"19-04-2023","214.40","214.25","214.65","211.70","2.61K","0.02%"
"18-04-2023","214.35","209.80","214.55","209.65","3.55K","2.49%"
"17-04-2023","209.15","209.65","210.25","207.70","1.93K","-0.26%"
"14-04-2023","209.70","209.50","211.20","209.10","1.17K","0.70%"
"13-04-2023","208.25","205.10","208.95","204.85","2.10K","1.54%"
"12-04-2023","205.10","204.50","205.75","202.95","2.24K","0.49%"
"11-04-2023","204.10","206.10","206.60","203.65","2.66K","-1.50%"
"10-04-2023","207.20","206.25","207.65","206.15","0.46K","0.31%"
"06-04-2023","206.55","206.20","207.20","205.65","1.64K","0.36%"
"05-04-2023","205.80","208.00","208.00","204.80","2.32K","-1.13%"
"04-04-2023","208.15","209.60","209.60","207.30","1.20K","-0.64%"
"03-04-2023","209.50","209.60","212.00","209.05","2.72K","1.60%"
"31-03-2023","206.20","206.60","206.60","206.10","0.01K","-0.29%"
"30-03-2023","206.80","206.65","207.00","206.65","0.01K","-0.27%"
"29-03-2023","207.35","206.20","207.85","205.55","0.11K","0.95%"
"28-03-2023","205.40","205.50","206.60","203.85","0.10K","0.86%"
"27-03-2023","203.65","202.15","204.25","201.75","0.94K","0.47%"
"24-03-2023","202.70","203.95","204.95","201.95","2.84K","-0.56%"
"23-03-2023","203.85","202.80","204.40","202.05","2.32K","0.54%"
"22-03-2023","202.75","201.80","203.20","201.75","1.48K","0.20%"
"21-03-2023","202.35","203.65","204.15","202.00","2.10K","-0.74%"
"20-03-2023","203.85","203.55","204.25","201.35","2.95K","0.17%"
"17-03-2023","203.50","204.95","206.45","202.85","3.03K","-0.05%"
"16-03-2023","203.60","204.50","204.85","202.80","3.75K","-0.07%"
"15-03-2023","203.75","207.10","209.25","203.25","5.05K","-1.71%"
"14-03-2023","207.30","205.70","207.60","205.00","3.21K","0.56%"
"13-03-2023","206.15","204.55","206.95","202.30","5.05K","0.91%"
"10-03-2023","204.30","204.10","205.00","202.50","3.85K","-0.49%"
"09-03-2023","205.30","206.40","206.75","205.15","2.57K","-0.75%"
"08-03-2023","206.85","206.95","207.50","204.45","3.69K","0.10%"
"07-03-2023","206.65","207.90","207.90","206.00","1.31K","-1.01%"
"06-03-2023","208.75","207.70","209.00","207.20","2.59K","-0.26%"
"03-03-2023","209.30","210.35","210.90","209.05","2.94K","-0.19%"
"02-03-2023","209.70","212.30","213.50","209.30","4.56K","-1.27%"
"01-03-2023","212.40","209.65","212.70","209.40","5.03K","2.63%"
"28-02-2023","206.95","206.95","206.95","206.95","","0.00%"
"27-02-2023","206.95","206.00","207.05","205.90","0.03K","-0.14%"
"24-02-2023","207.25","207.95","208.80","205.60","0.24K","-0.10%"
"23-02-2023","207.45","208.80","208.80","206.50","0.20K","-0.12%"
"22-02-2023","207.70","211.70","211.70","206.95","1.08K","-2.12%"
"21-02-2023","212.20","212.60","214.00","212.10","2.72K","-0.40%"
"20-02-2023","213.05","211.40","213.40","211.40","3.29K","1.24%"
"17-02-2023","210.45","211.40","211.85","209.50","2.51K","-0.82%"
"16-02-2023","212.20","207.15","212.40","207.15","3.57K","0.28%"
"15-02-2023","211.60","213.70","213.70","211.20","3.43K","-1.01%"
"14-02-2023","213.75","213.95","214.90","213.20","3.38K","-0.16%"
"13-02-2023","214.10","215.65","216.65","213.00","4.23K","-0.67%"
"10-02-2023","215.55","218.10","218.30","214.10","4.32K","-1.62%"
"09-02-2023","219.10","218.05","219.40","217.00","4.29K","0.34%"
"08-02-2023","218.35","221.15","222.45","217.65","4.43K","-1.44%"
"07-02-2023","221.55","222.40","222.90","219.30","4.56K","0.00%"
"06-02-2023","221.55","222.45","225.50","219.20","6.82K","-0.78%"
"03-02-2023","223.30","224.95","225.85","222.50","4.61K","-0.84%"
"02-02-2023","225.20","225.95","227.45","224.00","5.58K","0.13%"
"01-02-2023","224.90","225.70","226.85","222.85","4.43K","1.86%"
"31-01-2023","220.80","220.60","221.10","220.00","0.03K","-0.94%"
"30-01-2023","222.90","224.00","227.70","221.60","0.12K","-0.73%"
"27-01-2023","224.55","225.85","226.90","224.00","0.15K","-0.77%"
"25-01-2023","226.30","226.30","226.70","224.00","0.23K","0.27%"
"24-01-2023","225.70","223.35","226.65","223.35","1.51K","0.94%"
"23-01-2023","223.60","220.60","224.45","220.25","4.01K","1.36%"
"20-01-2023","220.60","220.20","221.95","219.55","3.75K","0.23%"
"19-01-2023","220.10","221.50","222.45","218.20","5.87K","-0.74%"
"18-01-2023","221.75","222.65","226.45","220.00","6.12K","0.11%"
"17-01-2023","221.50","221.05","221.80","219.85","3.92K","0.05%"
"16-01-2023","221.40","220.15","222.60","218.20","5.56K","1.05%"
"13-01-2023","219.10","216.85","220.15","216.35","6.45K","1.62%"
"12-01-2023","215.60","213.05","215.90","211.15","6.04K","0.84%"
"11-01-2023","213.80","211.60","214.55","210.75","4.67K","1.28%"
"10-01-2023","211.10","212.80","212.80","209.15","5.27K","0.07%"
"09-01-2023","210.95","206.00","211.90","205.70","8.83K","3.00%"
"06-01-2023","204.80","204.40","205.20","201.80","6.02K","1.31%"
"05-01-2023","202.15","202.95","205.40","201.40","6.70K","-0.07%"
"04-01-2023","202.30","204.80","205.50","201.75","5.05K","-1.32%"
"03-01-2023","205.00","209.45","210.15","204.35","5.36K","-2.17%"
"02-01-2023","209.55","208.85","209.70","208.50","0.84K","-0.38%"
"30-12-2022","210.35","210.35","210.35","210.35","0.00K","1.35%"
"29-12-2022","207.55","207.00","209.00","207.00","0.01K","0.00%"
"28-12-2022","207.55","210.00","211.40","205.30","0.13K","-0.79%"
"27-12-2022","209.20","208.35","209.95","208.05","0.03K","1.19%"
"26-12-2022","206.75","206.35","207.50","205.90","0.50K","0.17%"
"23-12-2022","206.40","207.75","208.70","204.20","2.90K","-0.65%"
"22-12-2022","207.75","208.70","209.20","207.55","2.14K","-0.38%"
"21-12-2022","208.55","209.80","210.40","208.00","3.62K","-0.41%"
"20-12-2022","209.40","208.30","211.40","208.10","6.39K","0.34%"
"19-12-2022","208.70","210.20","210.35","207.65","4.24K","-0.52%"
"16-12-2022","209.80","211.15","211.70","209.05","5.93K","-0.14%"
"15-12-2022","210.10","213.10","213.30","209.85","6.69K","-1.29%"
"14-12-2022","212.85","213.65","213.65","211.55","4.04K","-0.02%"
"13-12-2022","212.90","211.25","214.20","210.80","5.74K","0.85%"
"12-12-2022","211.10","212.70","213.50","210.40","5.37K","-1.42%"
"09-12-2022","214.15","215.60","216.25","213.80","4.91K","-0.60%"
"08-12-2022","215.45","215.05","217.10","214.45","5.08K","0.16%"
"07-12-2022","215.10","215.40","215.85","213.55","6.20K","-0.12%"
"06-12-2022","215.35","215.55","216.80","213.65","7.18K","0.42%"
"05-12-2022","214.45","214.40","218.00","214.10","8.76K","0.16%"
"02-12-2022","214.10","211.10","216.50","209.15","10.41K","1.42%"
"01-12-2022","211.10","210.20","213.00","209.80","8.79K","0.43%"
"30-11-2022","210.20","208.00","211.50","208.00","0.01K","1.92%"
"29-11-2022","206.25","206.70","208.60","204.05","0.03K","0.76%"
"28-11-2022","204.70","204.60","205.00","203.55","0.07K","-0.53%"
"25-11-2022","205.80","205.85","206.50","204.50","0.09K","0.76%"
"24-11-2022","204.25","207.35","207.75","204.00","0.75K","-1.11%"
"23-11-2022","206.55","209.60","210.00","206.20","5.24K","-1.53%"
"22-11-2022","209.75","206.65","209.90","205.20","5.10K","1.67%"
"21-11-2022","206.30","208.60","208.60","204.40","5.40K","-1.36%"
"18-11-2022","209.15","207.65","210.00","206.25","6.53K","0.82%"
"17-11-2022","207.45","208.80","208.95","205.50","6.92K","-0.48%"
"16-11-2022","208.45","209.45","211.35","206.55","8.11K","-0.62%"
"15-11-2022","209.75","211.05","212.25","208.70","8.19K","-0.02%"
"14-11-2022","209.80","210.00","213.70","209.00","11.99K","-0.94%"
"11-11-2022","211.80","202.70","213.70","202.55","18.10K","5.03%"
"10-11-2022","201.65","204.60","204.60","199.20","11.58K","-0.02%"
"09-11-2022","201.70","206.80","208.20","201.50","12.55K","-2.02%"
"08-11-2022","205.85","203.50","207.15","202.80","6.01K","0.54%"
"07-11-2022","204.75","203.70","207.20","201.50","11.39K","-0.90%"
"04-11-2022","206.60","202.20","206.85","201.50","9.65K","2.86%"
"03-11-2022","200.85","200.75","201.35","197.75","6.77K","0.22%"
"02-11-2022","200.40","199.75","202.00","198.80","7.01K","0.50%"
"01-11-2022","199.40","198.05","200.75","197.80","7.67K","3.10%"
"31-10-2022","193.40","193.25","194.55","191.65","0.09K","-0.80%"
"28-10-2022","194.95","197.65","198.75","194.45","0.03K","-2.11%"
"27-10-2022","199.15","200.85","202.45","198.95","0.11K","-1.36%"
"26-10-2022","201.90","197.60","202.80","197.60","0.20K","3.19%"
"25-10-2022","195.65","194.80","197.35","191.65","1.50K","0.64%"
"24-10-2022","194.40","196.20","196.60","194.15","0.21K","-1.27%"
"21-10-2022","196.90","198.05","198.60","194.15","6.53K","-0.43%"
"20-10-2022","197.75","196.80","199.80","196.40","6.36K","0.79%"
"19-10-2022","196.20","195.60","196.80","193.00","6.73K","0.80%"
"18-10-2022","194.65","199.50","200.75","194.25","8.81K","-2.48%"
"17-10-2022","199.60","203.95","203.95","197.50","8.77K","-1.77%"
"14-10-2022","203.20","208.95","212.00","202.70","13.53K","-2.52%"
"13-10-2022","208.45","205.00","212.00","202.45","14.24K","0.36%"
"12-10-2022","207.70","198.45","211.30","196.30","12.90K","4.19%"
"11-10-2022","199.35","201.00","201.00","195.65","7.57K","-0.77%"
"10-10-2022","200.90","202.35","204.70","200.60","7.57K","-1.78%"
"07-10-2022","204.55","208.40","208.95","204.00","7.28K","-0.90%"
"06-10-2022","206.40","207.40","211.40","205.00","10.43K","-0.12%"
"05-10-2022","206.65","204.20","206.95","200.80","6.11K","0.80%"
"04-10-2022","205.00","197.30","205.60","197.20","10.32K","4.27%"
"03-10-2022","196.60","194.80","197.00","190.50","8.36K","0.79%"
"30-09-2022","195.05","195.50","195.60","194.50","0.01K","1.62%"
"29-09-2022","191.95","188.75","194.50","188.75","0.01K","2.59%"
"28-09-2022","187.10","187.40","188.60","186.50","0.01K","-0.95%"
"27-09-2022","188.90","188.65","191.45","188.35","0.06K","0.29%"
"26-09-2022","188.35","193.00","193.40","186.70","1.38K","-1.82%"
"23-09-2022","191.85","196.40","197.10","191.00","3.79K","-2.59%"
"22-09-2022","196.95","194.50","197.75","194.05","5.04K","1.76%"
"21-09-2022","193.55","196.85","197.20","192.90","5.32K","-1.50%"
"20-09-2022","196.50","197.30","197.90","195.60","3.87K","-0.03%"
"19-09-2022","196.55","199.00","199.00","196.10","3.45K","-1.28%"
"16-09-2022","199.10","200.25","200.75","196.85","5.75K","-1.24%"
"15-09-2022","201.60","199.50","201.90","198.80","5.96K","1.56%"
"14-09-2022","198.50","201.00","201.65","196.30","6.48K","-1.27%"
"13-09-2022","201.05","200.70","202.65","199.40","6.38K","0.55%"
"12-09-2022","199.95","200.00","202.30","199.20","4.53K","-0.15%"
"09-09-2022","200.25","202.95","203.80","198.55","6.27K","0.07%"
"08-09-2022","200.10","198.55","200.30","198.40","4.30K","1.37%"
"07-09-2022","197.40","199.00","199.35","197.10","3.72K","-1.00%"
"06-09-2022","199.40","202.65","203.40","199.20","4.15K","-1.46%"
"05-09-2022","202.35","202.65","204.30","202.10","2.95K","-0.34%"
"02-09-2022","203.05","205.00","205.00","202.55","4.51K","-0.10%"
"01-09-2022","203.25","205.90","205.90","202.00","4.71K","-1.45%"
"31-08-2022","206.25","208.25","208.25","204.80","2.42K","-1.65%"
"30-08-2022","209.70","212.00","212.00","209.25","0.01K","-2.47%"
"29-08-2022","215.00","213.35","215.75","211.40","0.02K","0.40%"
"26-08-2022","214.15","210.65","215.10","210.65","0.03K","1.78%"
"25-08-2022","210.40","210.70","210.95","209.35","0.11K","0.43%"
"24-08-2022","209.50","210.70","211.25","204.05","0.93K","-0.50%"
"23-08-2022","210.55","210.10","211.20","209.65","4.25K","0.36%"
"22-08-2022","209.80","210.00","210.40","208.80","2.78K","-0.07%"
"19-08-2022","209.95","211.15","211.15","209.05","4.45K","-0.40%"
"18-08-2022","210.80","210.55","211.75","208.80","4.99K","0.07%"
"17-08-2022","210.65","209.80","211.95","209.40","6.72K","0.69%"
"16-08-2022","209.20","211.05","213.25","208.15","7.85K","-1.51%"
"12-08-2022","212.40","217.75","219.60","211.55","9.08K","-2.64%"
"11-08-2022","218.15","215.05","218.70","215.05","6.13K","1.32%"
"10-08-2022","215.30","214.85","215.90","212.20","7.86K","0.21%"
"09-08-2022","214.85","213.40","217.50","213.40","5.87K","0.87%"
"08-08-2022","213.00","211.00","213.40","210.75","3.96K","0.69%"
"05-08-2022","211.55","210.00","212.70","209.55","6.69K","1.00%"
"04-08-2022","209.45","208.15","209.85","207.00","6.21K","0.82%"
"03-08-2022","207.75","209.25","210.20","207.20","5.24K","-0.34%"
"02-08-2022","208.45","210.20","210.75","208.20","5.99K","-1.21%"
"01-08-2022","211.00","214.20","214.20","209.00","7.86K","-0.52%"
"29-07-2022","212.10","211.00","212.35","211.00","0.05K","0.57%"
"28-07-2022","210.90","209.40","213.45","209.40","0.06K","1.18%"
"27-07-2022","208.45","209.00","209.75","207.00","0.08K","0.24%"
"26-07-2022","207.95","209.35","209.50","207.40","0.13K","0.51%"
"25-07-2022","206.90","209.60","210.05","206.65","0.97K","-2.15%"
"22-07-2022","211.45","209.55","213.20","209.55","3.47K","0.45%"
"21-07-2022","210.50","209.45","211.00","207.65","5.83K","0.50%"
"20-07-2022","209.45","208.80","212.20","208.50","6.51K","0.89%"
"19-07-2022","207.60","209.25","210.80","207.30","5.88K","-1.35%"
"18-07-2022","210.45","205.95","212.45","205.45","7.85K","2.81%"
"15-07-2022","204.70","204.15","206.00","202.25","6.32K","0.27%"
"14-07-2022","204.15","206.50","207.00","203.60","5.72K","-0.99%"
"13-07-2022","206.20","205.10","207.65","204.45","7.52K","0.24%"
"12-07-2022","205.70","207.35","208.15","205.00","7.01K","-0.60%"
"11-07-2022","206.95","209.60","211.30","206.60","6.24K","-2.11%"
"08-07-2022","211.40","210.50","212.10","207.75","7.94K","-0.02%"
"07-07-2022","211.45","208.70","214.20","206.10","10.53K","1.63%"
"06-07-2022","208.05","204.00","209.25","204.00","7.32K","0.82%"
"05-07-2022","206.35","210.35","210.85","205.80","7.76K","-2.60%"
"04-07-2022","211.85","211.35","214.85","209.95","5.72K","0.26%"
"01-07-2022","211.30","208.60","211.55","205.00","6.77K","0.38%"
"30-06-2022","210.50","210.95","211.80","210.25","0.01K","-0.71%"
"29-06-2022","212.00","212.00","212.00","212.00","0.00K","-1.19%"
"28-06-2022","214.55","213.00","215.50","213.00","0.01K","1.35%"
"27-06-2022","211.70","208.40","213.00","208.00","0.05K","1.73%"
"24-06-2022","208.10","209.90","210.25","205.10","0.66K","-0.38%"
"23-06-2022","208.90","215.00","216.40","208.45","4.11K","-3.78%"
"22-06-2022","217.10","215.00","217.65","213.30","4.42K","0.23%"
"21-06-2022","216.60","217.30","218.45","215.15","4.50K","0.44%"
"20-06-2022","215.65","215.00","216.75","212.60","4.27K","0.14%"
"17-06-2022","215.35","214.50","216.90","212.90","6.62K","-0.21%"
"16-06-2022","215.80","223.00","224.00","211.95","8.36K","-2.92%"
"15-06-2022","222.30","219.10","222.80","217.70","6.03K","2.23%"
"14-06-2022","217.45","223.80","224.30","217.10","5.98K","-2.86%"
"13-06-2022","223.85","227.60","227.60","220.60","5.36K","-1.88%"
"10-06-2022","228.15","232.50","233.00","226.60","5.88K","-2.14%"
"09-06-2022","233.15","238.40","239.85","232.70","5.93K","-2.20%"
"08-06-2022","238.40","234.95","239.40","234.00","5.87K","1.40%"
"07-06-2022","235.10","237.10","237.20","232.55","4.66K","-0.82%"
"06-06-2022","237.05","234.90","237.80","232.30","5.47K","1.80%"
"03-06-2022","232.85","235.00","235.00","231.15","2.42K","-0.51%"
"02-06-2022","234.05","231.00","235.15","231.00","3.40K","1.21%"
"01-06-2022","231.25","235.70","237.40","230.20","6.04K","-5.15%"
"31-05-2022","243.80","243.80","244.00","243.75","0.05K","0.06%"
"30-05-2022","243.65","243.00","244.55","243.00","0.01K","0.99%"
"27-05-2022","241.25","242.80","242.80","241.00","0.02K","0.44%"
"26-05-2022","240.20","240.85","241.30","239.05","0.10K","-0.08%"
"25-05-2022","240.40","241.25","241.50","236.45","0.67K","-0.29%"
"24-05-2022","241.10","247.00","247.00","240.35","2.25K","-2.51%"
"23-05-2022","247.30","248.30","250.30","245.90","4.75K","-0.44%"
"20-05-2022","248.40","245.25","250.05","243.75","5.47K","1.51%"
"19-05-2022","244.70","239.20","245.25","238.15","5.55K","2.71%"
"18-05-2022","238.25","240.80","244.25","237.70","4.75K","-0.85%"
"17-05-2022","240.30","237.85","240.90","236.10","3.95K","1.22%"
"16-05-2022","237.40","236.50","238.40","235.25","3.00K","0.44%"
"13-05-2022","236.35","232.55","236.70","230.10","4.55K","1.74%"
"12-05-2022","232.30","231.90","233.30","228.20","3.93K","-0.11%"
"11-05-2022","232.55","232.65","234.90","232.00","4.15K","0.24%"
"10-05-2022","232.00","234.25","235.10","229.25","6.06K","-0.66%"
"09-05-2022","233.55","240.15","240.20","233.10","4.73K","-2.61%"
"06-05-2022","239.80","243.45","244.00","238.25","4.40K","-1.70%"
"05-05-2022","243.95","249.65","250.65","240.90","4.69K","-1.21%"
"04-05-2022","246.95","243.15","248.40","240.70","4.37K","1.40%"
"03-05-2022","243.55","246.10","248.00","241.00","2.22K","-0.77%"
"02-05-2022","245.45","251.10","252.25","237.75","2.26K","-2.58%"
"29-04-2022","251.95","251.10","254.80","250.70","0.07K","-1.96%"
"28-04-2022","257.00","255.75","258.00","255.75","0.09K","0.35%"
"27-04-2022","256.10","253.65","257.60","253.60","0.06K","0.77%"
"26-04-2022","254.15","258.40","259.05","254.00","0.16K","-0.29%"
"25-04-2022","254.90","268.00","268.00","254.15","1.19K","-5.71%"
"22-04-2022","270.35","270.40","272.05","267.10","2.31K","-0.42%"
"21-04-2022","271.50","269.55","272.50","268.15","2.36K","0.82%"
"20-04-2022","269.30","269.00","270.40","266.45","2.70K","-0.04%"
"19-04-2022","269.40","272.85","276.35","268.30","3.70K","-0.79%"
"18-04-2022","271.55","270.15","273.00","268.30","1.46K","0.28%"
"14-04-2022","270.80","270.00","271.75","267.50","1.70K","0.89%"
"13-04-2022","268.40","270.00","271.75","266.00","3.29K","-0.41%"
"12-04-2022","269.50","269.00","270.00","266.50","3.92K","0.67%"
"11-04-2022","267.70","273.30","275.00","265.10","4.48K","-3.25%"
"08-04-2022","276.70","275.85","280.55","275.55","2.44K","0.02%"
"07-04-2022","276.65","281.30","281.60","273.45","3.18K","-1.51%"
"06-04-2022","280.90","279.00","285.45","279.00","2.39K","0.36%"
"05-04-2022","279.90","278.10","283.80","278.05","2.54K","1.36%"
"04-04-2022","276.15","281.40","282.95","275.00","2.34K","-1.59%"
"01-04-2022","280.60","281.95","285.45","279.55","2.72K","-0.53%"
"31-03-2022","282.10","286.00","286.00","281.00","0.06K","-0.72%"
"30-03-2022","284.15","281.90","286.00","281.60","0.01K","2.03%"
"29-03-2022","278.50","288.00","292.75","276.20","0.06K","-3.06%"
"28-03-2022","287.30","289.00","290.00","284.90","0.20K","-0.02%"
"25-03-2022","287.35","285.20","288.90","282.10","0.83K","1.18%"
"24-03-2022","284.00","296.20","301.40","283.50","2.74K","-4.18%"
"23-03-2022","296.40","280.40","297.05","278.45","3.41K","5.76%"
"22-03-2022","280.25","282.00","284.40","277.40","3.58K","-0.11%"
"21-03-2022","280.55","273.00","283.60","273.00","2.91K","3.07%"
"18-03-2022","272.20","275.90","275.90","270.90","1.68K","0.39%"
"17-03-2022","271.15","267.30","272.60","263.90","4.05K","2.57%"
"16-03-2022","264.35","267.30","271.15","262.60","3.83K","-0.75%"
"15-03-2022","266.35","270.50","270.50","262.15","3.02K","-1.84%"
"14-03-2022","271.35","281.30","281.85","268.90","3.86K","-4.00%"
"11-03-2022","282.65","283.80","285.35","276.25","4.05K","1.04%"
"10-03-2022","279.75","269.50","287.85","268.75","5.84K","4.70%"
"09-03-2022","267.20","282.00","285.80","264.10","5.79K","-4.54%"
"08-03-2022","279.90","302.70","311.30","276.00","9.40K","-6.99%"
"07-03-2022","300.95","314.00","325.40","290.10","12.34K","-2.40%"
"04-03-2022","308.35","304.70","311.65","304.70","11.95K","1.72%"
"03-03-2022","303.15","291.80","304.60","291.80","15.53K","5.13%"
"02-03-2022","288.35","281.60","290.80","280.85","10.90K","2.27%"
"01-03-2022","281.95","277.15","283.25","277.00","6.50K","2.10%"
"28-02-2022","276.15","279.70","279.70","275.00","0.02K","2.68%"
"25-02-2022","268.95","271.70","271.70","265.95","0.01K","-2.18%"
"24-02-2022","274.95","268.90","277.80","268.75","0.06K","3.70%"
"23-02-2022","265.15","266.15","266.85","262.30","0.20K","-0.34%"
"22-02-2022","266.05","267.20","271.05","264.95","1.23K","0.59%"
"21-02-2022","264.50","260.55","265.00","258.25","3.19K","1.59%"
"18-02-2022","260.35","260.75","261.60","259.30","3.75K","-0.46%"
"17-02-2022","261.55","258.15","262.05","258.15","5.37K","0.81%"
"16-02-2022","259.45","257.10","260.50","256.55","4.22K","0.95%"
"15-02-2022","257.00","259.10","259.55","255.20","6.27K","-0.81%"
"14-02-2022","259.10","257.40","260.15","254.45","7.04K","1.91%"
"11-02-2022","254.25","259.00","259.00","250.80","9.00K","-2.34%"
"10-02-2022","260.35","261.00","265.90","259.40","8.52K","-0.08%"
"09-02-2022","260.55","257.00","260.80","252.60","7.48K","2.46%"
"08-02-2022","254.30","250.85","257.00","250.85","6.50K","1.66%"
"07-02-2022","250.15","247.00","250.70","247.00","5.28K","1.60%"
"04-02-2022","246.20","243.35","246.50","243.35","3.50K","1.25%"
"03-02-2022","243.15","241.15","243.80","240.30","4.58K","1.14%"
"02-02-2022","240.40","243.35","245.20","238.30","5.07K","-1.17%"
"01-02-2022","243.25","241.55","244.90","241.30","3.40K","-0.02%"
"31-01-2022","243.30","244.05","244.05","243.00","0.10K","0.00%"
"28-01-2022","243.30","246.80","248.45","243.10","0.21K","-1.44%"
"27-01-2022","246.85","245.05","247.25","244.80","0.10K","0.88%"
"25-01-2022","244.70","240.40","245.60","240.40","0.08K","1.89%"
"24-01-2022","240.15","237.50","240.70","236.15","1.33K","0.44%"
"21-01-2022","239.10","244.80","244.80","238.50","4.13K","-2.71%"
"20-01-2022","245.75","239.90","246.10","239.55","5.04K","2.01%"
"19-01-2022","240.90","239.50","241.10","238.70","5.06K","0.84%"
"18-01-2022","238.90","236.70","240.40","236.50","4.64K","1.10%"
"17-01-2022","236.30","234.80","237.20","234.10","4.15K","0.53%"
"14-01-2022","235.05","232.30","235.40","232.30","5.07K","0.86%"
"13-01-2022","233.05","233.80","236.90","232.10","3.61K","0.04%"
"12-01-2022","232.95","232.75","237.50","232.75","5.54K","-0.51%"
"11-01-2022","234.15","232.85","234.45","231.05","4.20K","0.84%"
"10-01-2022","232.20","231.95","234.00","231.35","3.91K","0.61%"
"07-01-2022","230.80","232.45","235.50","230.30","6.11K","-0.45%"
"06-01-2022","231.85","231.40","232.45","229.00","5.23K","0.43%"
"05-01-2022","230.85","225.50","232.65","225.45","6.94K","2.08%"
"04-01-2022","226.15","224.80","227.30","223.50","4.18K","0.40%"
"03-01-2022","225.25","225.10","226.65","224.80","1.83K","0.83%"
"31-12-2021","223.40","223.25","224.85","223.25","0.03K","-0.53%"
"30-12-2021","224.60","226.10","226.30","224.50","0.02K","-0.69%"
"29-12-2021","226.15","225.00","227.00","223.15","0.17K","-0.46%"
"28-12-2021","227.20","227.95","228.55","227.00","0.05K","-0.18%"
"27-12-2021","227.60","226.70","227.70","225.55","0.30K","0.31%"
"24-12-2021","226.90","226.15","228.75","224.80","2.24K","0.42%"
"23-12-2021","225.95","224.95","226.90","223.50","3.07K","0.42%"
"22-12-2021","225.00","222.05","226.55","221.80","4.05K","1.12%"
"21-12-2021","222.50","216.55","222.75","216.45","3.46K","2.94%"
"20-12-2021","216.15","220.20","220.25","216.00","3.33K","-2.00%"
"17-12-2021","220.55","220.95","221.25","219.20","4.52K","0.34%"
"16-12-2021","219.80","215.90","221.45","215.90","5.90K","2.04%"
"15-12-2021","215.40","215.35","215.85","212.75","3.60K","-0.09%"
"14-12-2021","215.60","216.45","217.55","215.35","3.25K","-0.44%"
"13-12-2021","216.55","214.05","216.90","213.75","3.26K","1.57%"
"10-12-2021","213.20","215.00","215.30","213.00","3.08K","-0.58%"
"09-12-2021","214.45","213.10","215.00","212.10","5.39K","0.59%"
"08-12-2021","213.20","212.65","213.70","211.55","3.35K","0.38%"
"07-12-2021","212.40","210.40","213.15","209.70","3.96K","0.95%"
"06-12-2021","210.40","210.10","211.45","208.90","3.50K","-0.50%"
"03-12-2021","211.45","210.25","213.35","210.25","4.77K","0.76%"
"02-12-2021","209.85","212.90","213.20","208.60","4.49K","-1.25%"
"01-12-2021","212.50","211.65","214.00","209.50","4.99K","1.09%"
"30-11-2021","210.20","212.30","213.05","209.50","0.02K","-0.40%"
"29-11-2021","211.05","209.50","211.50","209.50","0.03K","1.13%"
"26-11-2021","208.70","213.45","213.80","207.20","0.08K","-2.93%"
"25-11-2021","215.00","214.35","216.75","213.95","0.04K","0.84%"
"24-11-2021","213.20","210.75","213.95","210.60","0.91K","0.92%"
"23-11-2021","211.25","212.25","213.50","210.35","3.02K","-0.52%"
"22-11-2021","212.35","210.80","213.60","208.40","4.24K","0.14%"
"19-11-2021","212.05","209.00","212.40","209.00","3.19K","2.32%"
"18-11-2021","207.25","205.90","207.80","203.90","4.51K","0.00%"
"17-11-2021","207.25","205.15","208.20","203.65","5.16K","1.22%"
"16-11-2021","204.75","211.00","211.50","204.10","5.74K","-2.52%"
"15-11-2021","210.05","212.50","214.40","209.65","5.14K","-1.89%"
"12-11-2021","214.10","211.70","215.45","211.05","4.86K","1.09%"
"11-11-2021","211.80","208.60","213.00","207.70","5.18K","2.82%"
"10-11-2021","206.00","204.55","208.80","204.00","5.12K","0.29%"
"09-11-2021","205.40","206.45","208.90","203.55","4.82K","-1.04%"
"08-11-2021","207.55","204.65","208.25","201.95","4.78K","1.44%"
"05-11-2021","204.60","208.00","208.00","201.50","3.87K","-2.32%"
"04-11-2021","209.45","214.60","214.60","207.60","1.20K","-2.03%"
"03-11-2021","213.80","217.50","220.20","213.20","4.38K","-1.27%"
"02-11-2021","216.55","218.60","220.50","215.75","4.81K","-1.61%"
"01-11-2021","220.10","222.55","224.25","218.90","4.21K","1.48%"
"29-10-2021","216.90","218.60","218.60","214.50","0.01K","-0.30%"
"28-10-2021","217.55","214.95","218.00","213.30","0.04K","0.25%"
"27-10-2021","217.00","223.30","223.45","214.70","0.04K","-5.30%"
"26-10-2021","229.15","230.00","230.30","226.55","0.02K","-0.69%"
"25-10-2021","230.75","232.30","235.75","228.10","0.96K","0.02%"
"22-10-2021","230.70","232.90","237.85","228.70","4.91K","-0.92%"
"21-10-2021","232.85","248.95","250.65","232.00","7.31K","-5.94%"
"20-10-2021","247.55","248.00","248.00","242.60","6.25K","-0.58%"
"19-10-2021","249.00","253.90","257.60","248.65","5.17K","-2.49%"
"18-10-2021","255.35","254.00","259.35","254.00","5.64K","0.43%"
"15-10-2021","254.25","250.90","257.80","250.20","4.65K","1.62%"
"14-10-2021","250.20","247.00","253.80","247.00","6.26K","1.73%"
"13-10-2021","245.95","244.90","248.75","244.45","6.29K","0.43%"
"12-10-2021","244.90","241.00","247.30","241.00","5.18K","0.84%"
"11-10-2021","242.85","237.70","245.60","237.55","5.35K","1.97%"
"08-10-2021","238.15","236.90","239.90","235.30","5.39K","0.44%"
"07-10-2021","237.10","233.30","238.30","233.30","3.60K","1.69%"
"06-10-2021","233.15","232.70","234.35","232.10","3.47K","-0.15%"
"05-10-2021","233.50","232.85","233.90","231.70","2.86K","0.15%"
"04-10-2021","233.15","229.00","233.50","228.50","3.44K","2.24%"
"01-10-2021","228.05","227.30","230.00","226.05","3.45K","-0.87%"
"30-09-2021","230.05","232.70","232.70","230.00","0.04K","-1.27%"
"29-09-2021","233.00","233.50","234.60","232.00","0.01K","0.15%"
"28-09-2021","232.65","230.90","234.60","228.45","0.12K","0.76%"
"27-09-2021","230.90","233.25","235.70","229.50","0.19K","-0.77%"
"24-09-2021","232.70","233.00","234.60","231.50","0.90K","-1.29%"
"23-09-2021","235.75","233.80","236.30","232.00","3.53K","1.42%"
"22-09-2021","232.45","231.60","233.60","230.20","5.24K","1.71%"
"21-09-2021","228.55","226.65","230.10","225.60","4.20K","0.82%"
"20-09-2021","226.70","227.00","227.40","224.30","4.04K","-0.29%"
"17-09-2021","227.35","228.20","230.80","226.95","4.46K","-0.42%"
"16-09-2021","228.30","229.00","229.20","225.30","5.05K","-0.33%"
"15-09-2021","229.05","227.00","230.85","226.30","5.19K","1.60%"
"14-09-2021","225.45","228.35","229.20","225.00","6.31K","-1.59%"
"13-09-2021","229.10","234.15","235.30","225.30","7.08K","-0.80%"
"10-09-2021","230.95","226.80","231.10","226.80","3.82K","3.01%"
"09-09-2021","224.20","223.90","225.40","222.80","4.21K","1.13%"
"08-09-2021","221.70","219.00","222.20","219.00","3.79K","1.67%"
"07-09-2021","218.05","218.10","218.90","217.10","3.10K","0.00%"
"06-09-2021","218.05","215.00","218.45","215.00","3.57K","1.61%"
"03-09-2021","214.60","212.70","214.95","211.80","3.75K","1.04%"
"02-09-2021","212.40","211.85","214.75","211.65","3.51K","0.43%"
"01-09-2021","211.50","211.50","213.40","210.10","3.29K","-0.61%"
"31-08-2021","212.80","213.75","213.75","212.20","0.01K","-0.23%"
"30-08-2021","213.30","214.40","214.40","212.55","0.04K","-0.49%"
"27-08-2021","214.35","214.45","215.20","212.50","0.08K","0.42%"
"26-08-2021","213.45","210.55","214.80","210.55","0.13K","0.61%"
"25-08-2021","212.15","210.30","213.35","210.30","0.33K","1.17%"
"24-08-2021","209.70","207.40","210.50","207.40","2.47K","0.94%"
"23-08-2021","207.75","207.30","208.15","206.30","2.24K","0.95%"
"20-08-2021","205.80","206.15","207.05","205.00","1.96K","0.51%"
"19-08-2021","204.75","205.50","206.00","204.10","2.00K","-1.18%"
"18-08-2021","207.20","208.70","209.25","205.85","3.11K","-0.12%"
"17-08-2021","207.45","208.50","210.50","207.25","3.50K","-0.34%"
"16-08-2021","208.15","207.85","208.35","206.65","2.79K","0.00%"
"13-08-2021","208.15","207.40","208.80","207.00","2.70K","0.58%"
"12-08-2021","206.95","207.70","209.05","206.40","2.99K","-0.46%"
"11-08-2021","207.90","207.35","208.50","207.00","2.37K","0.36%"
"10-08-2021","207.15","205.20","207.55","205.20","2.96K","1.05%"
"09-08-2021","205.00","207.10","207.80","202.90","3.34K","-0.41%"
"06-08-2021","205.85","206.50","208.15","205.25","3.67K","0.02%"
"05-08-2021","205.80","205.20","206.15","204.65","2.33K","0.73%"
"04-08-2021","204.30","206.70","206.75","204.15","3.15K","-1.09%"
"03-08-2021","206.55","207.10","207.55","205.95","3.00K","-0.67%"
"02-08-2021","207.95","207.60","209.10","207.55","3.12K","1.17%"
"30-07-2021","205.55","205.60","207.00","205.10","0.03K","0.59%"
"29-07-2021","204.35","202.40","205.00","201.90","0.06K","1.69%"
"28-07-2021","200.95","200.20","201.30","198.45","0.06K","1.03%"
"27-07-2021","198.90","199.55","199.60","198.50","0.16K","0.05%"
"26-07-2021","198.80","199.00","199.30","198.20","0.33K","0.20%"
"23-07-2021","198.40","196.95","199.80","196.25","2.06K","1.15%"
"22-07-2021","196.15","195.05","197.45","194.80","3.18K","0.46%"
"21-07-2021","195.25","194.70","196.00","194.60","1.72K","0.36%"
"20-07-2021","194.55","194.50","196.35","193.25","4.29K","0.52%"
"19-07-2021","193.55","198.10","198.10","193.25","3.89K","-2.10%"
"16-07-2021","197.70","199.45","199.50","197.50","2.50K","-0.58%"
"15-07-2021","198.85","199.10","199.95","198.20","3.32K","-0.05%"
"14-07-2021","198.95","199.30","200.05","198.80","2.50K","-0.35%"
"13-07-2021","199.65","198.85","200.35","197.55","4.17K","0.60%"
"12-07-2021","198.45","197.85","199.25","196.85","3.36K","0.23%"
"09-07-2021","198.00","196.50","198.75","196.25","3.51K","0.94%"
"08-07-2021","196.15","197.90","197.90","194.80","5.41K","-0.98%"
"07-07-2021","198.10","200.00","200.55","197.60","5.10K","-0.80%"
"06-07-2021","199.70","201.20","201.65","198.60","6.13K","-0.55%"
"05-07-2021","200.80","200.35","202.40","199.85","3.21K","0.15%"
"02-07-2021","200.50","198.30","201.40","198.30","5.40K","1.19%"
"01-07-2021","198.15","198.00","198.95","197.15","4.57K","-0.33%"
"30-06-2021","198.80","196.85","200.80","196.80","0.05K","1.04%"
"29-06-2021","196.75","191.60","197.75","191.50","0.19K","2.58%"
"28-06-2021","191.80","192.25","192.40","190.25","0.03K","-0.54%"
"25-06-2021","192.85","191.10","193.00","189.95","0.04K","2.04%"
"24-06-2021","189.00","189.45","190.00","187.50","0.61K","-0.45%"
"23-06-2021","189.85","191.25","191.75","189.40","3.23K","-0.34%"
"22-06-2021","190.50","192.00","192.40","189.75","4.97K","-0.47%"
"21-06-2021","191.40","190.15","192.70","188.30","4.93K","0.66%"
"18-06-2021","190.15","190.70","191.15","188.80","5.01K","0.74%"
"17-06-2021","188.75","194.50","195.20","188.10","6.61K","-3.08%"
"16-06-2021","194.75","193.80","195.25","191.95","4.93K","0.44%"
"15-06-2021","193.90","195.30","195.90","193.15","5.68K","-1.45%"
"14-06-2021","196.75","195.60","197.10","194.65","4.02K","0.90%"
"11-06-2021","195.00","195.70","197.70","194.65","5.59K","-0.13%"
"10-06-2021","195.25","191.60","195.70","191.25","6.73K","1.69%"
"09-06-2021","192.00","192.00","192.50","190.80","3.83K","0.10%"
"08-06-2021","191.80","190.00","192.40","189.60","5.54K","0.92%"
"07-06-2021","190.05","193.25","193.35","189.50","5.48K","-1.45%"
"04-06-2021","192.85","189.70","193.10","188.95","6.61K","1.85%"
"03-06-2021","189.35","192.75","193.60","188.45","6.16K","-1.76%"
"02-06-2021","192.75","195.25","196.25","192.40","5.43K","-1.68%"
"01-06-2021","196.05","196.00","198.10","194.40","7.17K","0.67%"
"31-05-2021","194.75","195.75","195.75","194.00","0.06K","0.99%"
"28-05-2021","192.85","191.65","194.00","191.65","0.00K","0.00%"
"27-05-2021","192.85","191.40","193.90","190.80","0.07K","1.93%"
"26-05-2021","189.20","190.70","192.30","188.00","0.06K","0.69%"
"25-05-2021","187.90","187.40","188.50","185.80","0.38K","-0.08%"
"24-05-2021","188.05","185.80","188.85","183.10","6.42K","-0.05%"
"21-05-2021","188.15","189.10","192.00","186.60","9.29K","0.27%"
"20-05-2021","187.65","191.70","192.45","186.10","6.95K","-2.14%"
"19-05-2021","191.75","193.15","194.05","189.85","7.45K","-1.52%"
"18-05-2021","194.70","198.15","199.30","194.35","5.73K","-1.67%"
"17-05-2021","198.00","196.45","199.55","194.80","7.53K","1.98%"
"14-05-2021","194.15","195.90","196.35","191.80","7.80K","-0.89%"
"13-05-2021","195.90","196.20","197.70","194.45","3.90K","-1.38%"
"12-05-2021","198.65","202.30","202.30","197.80","6.03K","-1.17%"
"11-05-2021","201.00","203.75","204.95","199.90","6.34K","0.10%"
"10-05-2021","200.80","202.60","206.15","199.10","7.82K","0.02%"
"07-05-2021","200.75","201.00","202.35","199.50","4.54K","0.48%"
"06-05-2021","199.80","196.35","200.00","196.35","4.96K","1.73%"
"05-05-2021","196.40","195.90","196.55","195.15","2.65K","0.67%"
"04-05-2021","195.10","194.55","195.70","194.45","2.87K","0.44%"
"03-05-2021","194.25","195.40","195.40","193.20","1.33K","-0.72%"
"30-04-2021","195.65","195.50","197.00","195.00","0.00K","-0.81%"
"29-04-2021","197.25","203.75","203.75","194.35","0.02K","0.41%"
"28-04-2021","196.45","193.10","198.70","193.00","0.03K","1.68%"
"27-04-2021","193.20","194.40","196.00","192.50","0.02K","0.65%"
"26-04-2021","191.95","193.05","194.95","190.45","0.52K","0.00%"
"23-04-2021","191.95","191.00","192.65","190.20","2.38K","0.87%"
"22-04-2021","190.30","190.80","191.20","189.85","3.99K","-0.42%"
"21-04-2021","191.10","188.80","191.35","188.60","2.86K","1.95%"
"20-04-2021","187.45","188.75","189.85","186.60","4.43K","-0.53%"
"19-04-2021","188.45","187.75","189.90","187.30","2.84K","0.69%"
"16-04-2021","187.15","188.50","188.50","186.70","3.00K","-0.85%"
"15-04-2021","188.75","188.65","190.10","188.15","3.73K","0.29%"
"14-04-2021","188.20","186.85","188.40","186.35","1.62K","1.05%"
"13-04-2021","186.25","183.00","186.40","183.00","4.01K","1.75%"
"12-04-2021","183.05","181.50","183.30","180.65","3.29K","0.44%"
"09-04-2021","182.25","184.85","185.40","181.65","3.45K","-1.86%"
"08-04-2021","185.70","183.20","185.85","182.70","2.60K","1.61%"
"07-04-2021","182.75","180.60","183.20","180.40","2.59K","0.99%"
"06-04-2021","180.95","178.55","181.35","178.50","2.58K","1.20%"
"05-04-2021","178.80","178.20","179.35","177.55","1.28K","0.36%"
"01-04-2021","178.15","177.60","178.45","177.20","2.48K","1.39%"
"31-03-2021","175.70","175.80","175.80","175.65","0.00K","-0.40%"
"30-03-2021","176.40","176.50","177.00","175.00","0.03K","-0.08%"
"29-03-2021","176.55","176.60","176.60","176.45","0.00K","0.28%"
"26-03-2021","176.05","176.00","177.05","175.80","0.01K","1.00%"
"25-03-2021","174.30","174.30","175.00","173.00","0.36K","-0.57%"
"24-03-2021","175.30","173.40","176.65","172.50","2.59K","1.15%"
"23-03-2021","173.30","174.00","174.70","172.20","2.79K","-2.17%"
"22-03-2021","177.15","177.80","178.30","176.00","3.17K","-0.25%"
"19-03-2021","177.60","174.55","177.90","173.60","4.38K","1.23%"
"18-03-2021","175.45","175.60","176.50","174.55","3.12K","-0.34%"
"17-03-2021","176.05","173.60","177.15","173.60","3.89K","1.12%"
"16-03-2021","174.10","174.00","175.65","173.10","3.27K","-0.14%"
"15-03-2021","174.35","171.95","175.00","170.55","3.57K","2.11%"
"12-03-2021","170.75","172.40","172.40","170.05","2.53K","-1.24%"
"11-03-2021","172.90","172.55","173.15","172.00","1.18K","0.70%"
"10-03-2021","171.70","172.30","173.00","171.30","2.69K","-0.41%"
"09-03-2021","172.40","173.65","173.80","171.10","3.57K","-1.26%"
"08-03-2021","174.60","176.50","177.65","173.35","4.35K","-1.22%"
"05-03-2021","176.75","172.60","177.15","172.60","5.27K","2.88%"
"04-03-2021","171.80","175.75","177.45","171.40","7.38K","-2.55%"
"03-03-2021","176.30","176.00","178.70","174.70","6.38K","-0.31%"
"02-03-2021","176.85","170.40","177.25","169.30","5.02K","4.03%"
"01-03-2021","170.00","174.20","174.70","169.30","2.83K","-2.72%"
"26-02-2021","174.75","178.15","178.15","172.00","0.04K","1.60%"
"25-02-2021","172.00","172.00","172.00","172.00","","0.00%"
"24-02-2021","172.00","172.00","172.00","172.00","0.00K","1.15%"
"23-02-2021","170.05","171.85","171.85","169.70","0.03K","-1.05%"
"22-02-2021","171.85","171.10","172.70","169.75","0.21K","1.06%"
"19-02-2021","170.05","171.55","174.30","166.20","2.81K","-1.53%"
"18-02-2021","172.70","171.60","173.45","171.55","2.28K","0.88%"
"17-02-2021","171.20","168.70","171.85","167.90","2.45K","1.63%"
"16-02-2021","168.45","167.60","168.65","167.00","1.82K","0.78%"
"15-02-2021","167.15","168.35","169.00","166.90","1.46K","-0.62%"
"12-02-2021","168.20","167.85","168.50","167.15","1.93K","0.30%"
"11-02-2021","167.70","167.35","167.90","166.75","1.86K","0.15%"
"10-02-2021","167.45","166.80","168.10","166.80","2.38K","0.33%"
"09-02-2021","166.90","164.75","167.15","164.75","1.96K","1.31%"
"08-02-2021","164.75","163.80","165.15","163.50","1.76K","0.55%"
"05-02-2021","163.85","162.25","164.10","161.90","1.94K","1.05%"
"04-02-2021","162.15","162.00","162.45","161.65","1.81K","0.50%"
"03-02-2021","161.35","161.05","161.90","160.50","2.00K","0.19%"
"02-02-2021","161.05","161.30","161.40","160.20","2.16K","-0.15%"
"01-02-2021","161.30","162.65","164.60","160.75","2.45K","-1.56%"
"29-01-2021","163.85","164.00","164.00","162.35","0.01K","1.08%"
"28-01-2021","162.10","162.00","162.50","161.85","0.00K","-0.89%"
"27-01-2021","163.55","163.55","163.55","163.55","","0.00%"
"25-01-2021","163.55","168.40","168.40","161.50","0.01K","0.99%"
"22-01-2021","161.95","164.15","164.60","159.20","0.29K","-1.73%"
"21-01-2021","164.80","163.55","165.25","163.45","2.62K","0.95%"
"20-01-2021","163.25","161.75","163.40","160.35","2.14K","0.93%"
"19-01-2021","161.75","161.65","162.20","160.05","2.17K","0.25%"
"18-01-2021","161.35","162.55","163.30","161.15","1.63K","-0.52%"
"15-01-2021","162.20","163.75","163.95","162.00","2.25K","-0.86%"
"14-01-2021","163.60","164.55","164.60","163.05","2.25K","-0.30%"
"13-01-2021","164.10","164.45","164.75","163.50","1.97K","-0.42%"
"12-01-2021","164.80","164.00","165.10","163.55","2.29K","0.46%"
"11-01-2021","164.05","163.90","164.40","163.15","2.32K","-0.39%"
"08-01-2021","164.70","165.20","165.80","164.00","3.36K","-0.48%"
"07-01-2021","165.50","165.20","166.45","164.35","3.18K","0.24%"
"06-01-2021","165.10","165.35","167.70","163.60","3.14K","-0.36%"
"05-01-2021","165.70","163.80","165.90","163.50","2.46K","1.13%"
"04-01-2021","163.85","160.70","164.40","160.65","2.83K","1.64%"
"01-01-2021","161.20","161.40","161.50","160.35","0.34K","-5.18%"
"31-12-2020","170.00","174.90","174.90","169.50","0.01K","-0.03%"
"30-12-2020","170.05","170.05","170.05","170.05","","0.00%"
"29-12-2020","170.05","170.00","170.10","170.00","0.00K","0.03%"
"28-12-2020","170.00","170.00","170.05","169.65","0.02K","0.06%"
"24-12-2020","169.90","163.00","172.85","161.00","0.36K","4.17%"
"23-12-2020","163.10","162.00","164.00","160.60","3.07K","0.87%"
"22-12-2020","161.70","163.60","163.60","161.10","3.18K","-1.43%"
"21-12-2020","164.05","164.90","165.60","163.10","3.23K","-1.03%"
"18-12-2020","165.75","167.00","167.90","165.00","3.88K","-0.45%"
"17-12-2020","166.50","165.80","167.95","165.30","3.25K","0.94%"
"16-12-2020","164.95","165.10","166.20","164.50","2.48K","0.12%"
"15-12-2020","164.75","165.50","165.75","164.05","2.40K","-0.66%"
"14-12-2020","165.85","166.00","166.40","165.35","2.45K","0.42%"
"11-12-2020","165.15","166.55","166.55","164.50","3.07K","-0.87%"
"10-12-2020","166.60","164.90","167.25","164.80","2.74K","0.82%"
"09-12-2020","165.25","163.50","165.50","163.35","2.74K","1.26%"
"08-12-2020","163.20","165.10","165.35","162.75","3.00K","-1.21%"
"07-12-2020","165.20","165.05","165.75","164.30","2.32K","-0.66%"
"04-12-2020","166.30","165.50","166.80","165.10","2.20K","0.88%"
"03-12-2020","164.85","166.85","167.30","164.00","3.17K","-1.20%"
"02-12-2020","166.85","167.40","168.25","165.15","3.74K","-0.21%"
"01-12-2020","167.20","167.00","168.20","166.10","2.71K","0.09%"
"30-11-2020","167.05","165.00","167.40","165.00","2.50K","1.92%"
"27-11-2020","163.90","163.90","163.90","163.90","0.00K","0.40%"
"26-11-2020","163.25","163.00","164.55","162.00","0.01K","1.08%"
"25-11-2020","161.50","163.00","163.45","161.50","0.03K","0.34%"
"24-11-2020","160.95","160.70","161.50","160.60","0.01K","0.34%"
"23-11-2020","160.40","165.00","166.00","160.00","0.43K","-2.64%"
"20-11-2020","164.75","164.30","165.30","164.25","2.21K","0.27%"
"19-11-2020","164.30","163.75","164.45","163.25","2.75K","0.43%"
"18-11-2020","163.60","162.30","164.45","162.30","2.92K","0.80%"
"17-11-2020","162.30","160.00","162.60","159.95","2.69K","1.31%"
"16-11-2020","160.20","159.30","160.50","159.05","1.58K","0.60%"
"14-11-2020","159.25","158.90","159.40","158.90","0.06K","0.09%"
"13-11-2020","159.10","158.45","159.30","158.30","1.89K","0.47%"
"12-11-2020","158.35","157.40","158.80","157.25","2.40K","0.51%"
"11-11-2020","157.55","156.75","157.90","156.75","2.66K","0.61%"
"10-11-2020","156.60","155.50","156.80","155.45","2.04K","0.74%"
"09-11-2020","155.45","156.30","157.65","155.05","2.87K","-0.03%"
"06-11-2020","155.50","154.95","156.30","154.60","2.25K","0.35%"
"05-11-2020","154.95","155.90","156.35","154.55","2.43K","-0.70%"
"04-11-2020","156.05","155.40","156.95","154.00","3.87K","-0.13%"
"03-11-2020","156.25","153.70","156.50","153.60","3.12K","1.36%"
"02-11-2020","154.15","152.95","154.60","152.05","2.60K","2.09%"
"30-10-2020","151.00","152.75","152.90","149.95","0.01K","-1.37%"
"29-10-2020","153.10","153.45","155.40","151.60","0.01K","-0.58%"
"28-10-2020","154.00","155.65","155.65","153.95","0.01K","0.20%"
"27-10-2020","153.70","154.30","154.45","153.10","0.02K","0.56%"
"26-10-2020","152.85","154.30","154.85","152.60","0.28K","-0.33%"
"23-10-2020","153.35","151.70","154.75","151.35","1.80K","0.85%"
"22-10-2020","152.05","151.40","152.50","151.05","1.70K","0.16%"
"21-10-2020","151.80","151.55","152.90","151.00","2.17K","0.16%"
"20-10-2020","151.55","150.80","153.40","150.10","2.81K","0.50%"
"19-10-2020","150.80","151.30","151.85","150.50","1.76K","-0.23%"
"16-10-2020","151.15","150.30","151.30","149.35","1.98K","0.50%"
"15-10-2020","150.40","150.25","151.25","148.60","2.48K","0.00%"
"14-10-2020","150.40","152.80","152.80","146.95","2.92K","-1.38%"
"13-10-2020","152.50","152.00","152.75","151.75","2.91K","0.16%"
"12-10-2020","152.25","150.45","152.45","150.45","2.32K","1.20%"
"09-10-2020","150.45","147.90","150.75","147.65","2.66K","2.10%"
"08-10-2020","147.35","146.00","147.55","145.60","2.14K","0.96%"
"07-10-2020","145.95","144.70","146.35","144.15","2.32K","0.79%"
"06-10-2020","144.80","144.70","145.85","144.20","1.54K","0.00%"
"05-10-2020","144.80","143.90","144.95","143.25","1.66K","1.72%"
"01-10-2020","142.35","144.05","144.25","141.50","2.02K","-1.83%"
"30-09-2020","145.00","145.00","145.00","145.00","","0.00%"
"29-09-2020","145.00","145.00","145.00","145.00","","0.00%"
"28-09-2020","145.00","145.00","145.00","145.00","0.00K","0.69%"
"25-09-2020","144.00","144.00","144.00","144.00","0.00K","1.16%"
"24-09-2020","142.35","146.50","147.00","141.60","0.27K","-3.16%"
"23-09-2020","147.00","144.25","152.00","143.60","2.08K","1.91%"
"22-09-2020","144.25","144.00","145.00","142.90","1.82K","0.56%"
"21-09-2020","143.45","144.45","144.75","142.10","2.63K","-0.69%"
"18-09-2020","144.45","144.35","144.90","144.30","1.27K","0.14%"
"17-09-2020","144.25","144.55","144.80","144.00","1.64K","-0.48%"
"16-09-2020","144.95","145.70","146.05","144.80","1.38K","-0.41%"
"15-09-2020","145.55","146.15","146.85","145.25","1.93K","-0.41%"
"14-09-2020","146.15","144.95","146.30","144.80","1.98K","0.97%"
"11-09-2020","144.75","144.85","145.50","144.35","2.01K","-0.07%"
"10-09-2020","144.85","144.95","145.65","143.70","2.19K","-0.07%"
"09-09-2020","144.95","146.10","146.15","144.65","2.58K","-0.85%"
"08-09-2020","146.20","146.30","146.55","145.10","2.79K","-0.10%"
"07-09-2020","146.35","145.40","146.90","145.20","2.50K","0.62%"
"04-09-2020","145.45","144.95","145.65","144.25","1.69K","0.45%"
"03-09-2020","144.80","145.85","146.00","144.45","2.08K","-0.55%"
"02-09-2020","145.60","146.95","147.25","145.50","1.77K","-0.92%"
"01-09-2020","146.95","146.55","147.20","146.10","1.60K","0.65%"
"31-08-2020","146.00","146.00","146.00","146.00","","0.00%"
"28-08-2020","146.00","146.00","146.00","146.00","0.00K","-0.44%"
"27-08-2020","146.65","147.00","147.00","146.00","0.01K","1.70%"
"26-08-2020","144.20","143.25","148.70","143.10","0.08K","0.73%"
"25-08-2020","143.15","143.85","144.45","142.50","0.14K","-0.28%"
"24-08-2020","143.55","145.80","145.80","143.10","2.23K","-0.73%"
"21-08-2020","144.60","146.70","147.50","144.10","2.46K","-1.20%"
"20-08-2020","146.35","146.35","147.80","146.00","2.81K","-0.24%"
"19-08-2020","146.70","145.95","147.65","145.90","1.99K","0.72%"
"18-08-2020","145.65","144.05","146.20","144.05","2.03K","1.15%"
"17-08-2020","144.00","143.30","144.45","143.30","1.56K","0.70%"
"14-08-2020","143.00","144.15","144.95","142.85","2.08K","-0.80%"
"13-08-2020","144.15","145.95","146.40","143.65","2.32K","-1.23%"
"12-08-2020","145.95","145.95","147.10","145.30","2.33K","-0.31%"
"11-08-2020","146.40","146.75","147.05","146.05","2.34K","-0.31%"
"10-08-2020","146.85","145.25","147.30","144.75","2.61K","1.24%"
"07-08-2020","145.05","146.75","147.40","144.80","2.32K","-1.26%"
"06-08-2020","146.90","145.90","147.30","145.90","2.05K","0.82%"
"05-08-2020","145.70","146.20","147.80","145.50","2.86K","-0.24%"
"04-08-2020","146.05","144.25","146.20","143.75","2.56K","1.14%"
"03-08-2020","144.40","140.65","145.10","140.65","2.30K","-0.62%"
"31-07-2020","145.30","144.90","147.00","144.00","0.00K","2.69%"
"30-07-2020","141.50","141.50","141.50","141.50","0.00K","0.35%"
"29-07-2020","141.00","140.00","142.00","140.00","0.00K","0.68%"
"28-07-2020","140.05","140.00","142.70","138.85","0.01K","0.76%"
"27-07-2020","139.00","137.35","140.80","137.35","0.13K","1.20%"
"24-07-2020","137.35","137.40","138.10","136.75","1.45K","-0.33%"
"23-07-2020","137.80","136.50","138.10","136.40","1.65K","0.95%"
"22-07-2020","136.50","137.55","138.20","135.80","1.89K","-0.91%"
"21-07-2020","137.75","136.65","138.25","136.60","1.66K","0.99%"
"20-07-2020","136.40","136.50","136.95","136.20","1.48K","-0.26%"
"17-07-2020","136.75","137.00","137.20","136.50","1.27K","-0.44%"
"16-07-2020","137.35","137.55","137.95","137.05","1.62K","-0.54%"
"15-07-2020","138.10","138.90","139.35","137.75","1.85K","-0.50%"
"14-07-2020","138.80","139.70","139.70","138.40","2.20K","-0.72%"
"13-07-2020","139.80","140.80","141.10","139.45","2.18K","0.11%"
"10-07-2020","139.65","138.75","140.15","138.30","2.40K","0.79%"
"09-07-2020","138.55","139.75","140.90","138.00","2.38K","-0.61%"
"08-07-2020","139.40","138.05","139.90","137.90","2.15K","1.12%"
"07-07-2020","137.85","137.90","138.55","137.45","1.89K","-0.04%"
"06-07-2020","137.90","136.80","138.10","136.70","1.50K","0.95%"
"03-07-2020","136.60","137.00","137.45","136.50","1.35K","-0.51%"
"02-07-2020","137.30","138.65","138.65","137.00","1.61K","-0.69%"
"01-07-2020","138.25","137.60","138.50","137.45","1.50K","1.65%"
"30-06-2020","136.00","136.00","136.00","136.00","0.02K","0.00%"
"29-06-2020","136.00","136.00","136.15","135.70","0.06K","1.68%"
"26-06-2020","133.75","133.70","134.05","133.70","0.03K","0.38%"
"25-06-2020","133.25","133.80","133.85","132.75","0.04K","0.23%"
"24-06-2020","132.95","134.50","134.90","132.55","0.30K","-1.15%"
"23-06-2020","134.50","136.15","136.15","134.00","1.71K","-1.10%"
"22-06-2020","136.00","136.80","136.80","135.50","1.78K","0.00%"
"19-06-2020","136.00","136.70","137.15","135.80","1.84K","-0.55%"
"18-06-2020","136.75","136.75","137.40","136.55","1.66K","-0.18%"
"17-06-2020","137.00","136.50","137.20","136.05","1.69K","0.15%"
"16-06-2020","136.80","135.45","137.00","135.35","2.43K","1.18%"
"15-06-2020","135.20","135.45","135.45","133.95","1.83K","-0.22%"
"12-06-2020","135.50","136.00","136.65","135.30","2.16K","-0.77%"
"11-06-2020","136.55","138.00","138.00","136.10","2.44K","-1.34%"
"10-06-2020","138.40","136.15","139.20","135.85","3.46K","1.65%"
"09-06-2020","136.15","135.65","136.50","134.30","2.28K","0.67%"
"08-06-2020","135.25","135.45","136.20","134.95","1.61K","-0.26%"
"05-06-2020","135.60","134.05","135.85","133.75","1.91K","1.35%"
"04-06-2020","133.80","133.55","134.10","133.15","1.38K","0.07%"
"03-06-2020","133.70","133.40","134.20","132.45","1.61K","0.75%"
"02-06-2020","132.70","131.90","132.80","131.80","1.40K","0.45%"
"01-06-2020","132.10","131.60","132.25","131.20","1.67K","1.62%"
"29-05-2020","130.00","130.00","130.00","130.00","0.01K","-0.61%"
"28-05-2020","130.80","129.50","133.00","129.30","0.05K","1.36%"
"27-05-2020","129.05","133.25","133.25","128.80","0.05K","0.31%"
"26-05-2020","128.65","127.75","128.90","125.50","0.37K","0.78%"
"25-05-2020","127.65","125.80","129.00","125.80","1.29K","-0.62%"
"22-05-2020","128.45","130.00","130.15","125.60","5.90K","-1.34%"
"21-05-2020","130.20","131.00","131.00","129.90","5.90K","-0.38%"
"20-05-2020","130.70","130.40","130.95","129.65","6.70K","0.58%"
"19-05-2020","129.95","130.40","130.75","129.70","6.42K","-0.50%"
"18-05-2020","130.60","130.25","131.00","129.95","6.20K","0.62%"
"15-05-2020","129.80","130.45","131.20","129.60","7.36K","-0.42%"
"14-05-2020","130.35","130.25","130.65","129.50","7.01K","0.19%"
"13-05-2020","130.10","130.10","130.50","129.50","5.56K","0.12%"
"12-05-2020","129.95","131.40","131.40","129.55","6.65K","-1.25%"
"11-05-2020","131.60","131.80","132.45","131.30","4.96K","0.15%"
"08-05-2020","131.40","131.70","131.70","130.70","3.49K","-0.15%"
"07-05-2020","131.60","131.80","132.15","131.40","6.29K","-0.11%"
"06-05-2020","131.75","131.40","131.90","131.30","6.00K","0.15%"
"05-05-2020","131.55","130.75","131.90","130.50","7.27K","0.31%"
"04-05-2020","131.15","131.70","131.70","130.55","5.04K","-0.49%"
"01-05-2020","131.80","131.90","132.00","130.90","3.36K","1.35%"
"30-04-2020","130.05","131.20","131.20","130.00","0.02K","-0.57%"
"29-04-2020","130.80","130.65","131.10","130.65","0.00K","-0.11%"
"28-04-2020","130.95","131.60","131.60","130.50","0.02K","-0.49%"
"27-04-2020","131.60","131.75","131.80","130.70","0.03K","0.30%"
"24-04-2020","131.20","131.85","132.75","130.50","1.13K","-0.72%"
"23-04-2020","132.15","134.00","134.00","131.70","5.55K","-0.64%"
"22-04-2020","133.00","130.40","135.60","128.85","9.01K","1.99%"
"21-04-2020","130.40","132.55","132.55","129.50","7.08K","-1.44%"
"20-04-2020","132.30","134.45","134.45","131.90","4.68K","-1.27%"
"17-04-2020","134.00","134.70","134.70","133.75","3.34K","-0.11%"
"16-04-2020","134.15","133.90","134.35","133.60","3.01K","0.37%"
"15-04-2020","133.65","133.70","134.70","133.30","3.43K","0.41%"
"13-04-2020","133.10","133.20","134.80","132.80","2.01K","0.04%"
"09-04-2020","133.05","133.35","133.40","132.70","3.91K","0.23%"
"08-04-2020","132.75","133.35","133.40","132.55","4.05K","-0.60%"
"07-04-2020","133.55","134.45","135.45","132.85","6.68K","-0.34%"
"03-04-2020","134.00","134.00","134.40","133.75","2.78K","-0.15%"
"01-04-2020","134.20","134.00","134.50","133.60","3.43K","1.32%"
"31-03-2020","132.45","132.45","132.45","132.45","","0.00%"
"30-03-2020","132.45","133.00","133.00","132.00","0.02K","-1.08%"
"27-03-2020","133.90","134.00","138.65","132.50","0.01K","0.41%"
"26-03-2020","133.35","134.25","136.35","132.40","0.39K","-3.02%"
"25-03-2020","137.50","134.90","139.30","132.85","0.86K","2.65%"
"24-03-2020","133.95","133.10","135.00","132.00","10.81K","0.49%"
"23-03-2020","133.30","134.10","134.10","130.70","12.78K","-1.08%"
"20-03-2020","134.75","132.80","137.15","132.80","16.84K","-0.96%"
"19-03-2020","136.05","135.35","139.75","127.70","24.66K","0.26%"
"18-03-2020","135.70","137.40","137.40","134.40","11.23K","-1.27%"
"17-03-2020","137.45","136.75","137.75","136.35","9.17K","0.11%"
"16-03-2020","137.30","136.80","137.95","135.50","12.49K","0.00%"
"13-03-2020","137.30","136.45","138.70","136.00","14.11K","0.22%"
"12-03-2020","137.00","136.75","137.40","135.80","11.34K","0.07%"
"11-03-2020","136.90","137.90","137.90","135.20","9.91K","-0.73%"
"10-03-2020","137.90","138.05","139.10","137.65","6.79K","-0.11%"
"09-03-2020","138.05","138.00","138.45","135.20","11.88K","-0.04%"
"06-03-2020","138.10","138.30","138.50","137.00","8.34K","-0.29%"
"05-03-2020","138.50","138.80","138.90","137.95","8.22K","0.07%"
"04-03-2020","138.40","137.50","138.75","137.35","9.65K","0.62%"
"03-03-2020","137.55","138.45","139.80","136.40","17.94K","-0.76%"
"02-03-2020","138.60","136.85","139.35","136.20","12.54K","2.70%"
"28-02-2020","134.95","133.50","135.00","133.00","0.19K","0.90%"
"27-02-2020","133.75","133.65","134.00","133.50","0.04K","0.07%"
"26-02-2020","133.65","134.25","134.35","133.25","0.18K","-1.07%"
"25-02-2020","135.10","133.25","135.25","133.25","0.29K","1.20%"
"24-02-2020","133.50","137.20","137.20","133.00","2.29K","-3.23%"
"21-02-2020","137.95","137.05","138.30","136.50","4.41K","0.44%"
"20-02-2020","137.35","138.40","138.40","136.50","11.54K","-0.79%"
"19-02-2020","138.45","138.15","138.65","137.65","10.36K","0.29%"
"18-02-2020","138.05","137.90","138.40","137.65","10.73K","0.15%"
"17-02-2020","137.85","138.15","138.40","137.50","12.07K","-0.18%"
"14-02-2020","138.10","139.15","139.15","137.75","11.43K","-0.79%"
"13-02-2020","139.20","138.10","139.50","137.65","12.83K","0.61%"
"12-02-2020","138.35","138.20","138.60","137.60","10.28K","0.04%"
"11-02-2020","138.30","136.80","138.60","136.45","13.51K","1.39%"
"10-02-2020","136.40","138.00","138.00","135.80","10.21K","-1.05%"
"07-02-2020","137.85","139.00","139.20","136.60","13.86K","-0.54%"
"06-02-2020","138.60","137.25","138.95","136.75","13.65K","0.91%"
"05-02-2020","137.35","135.90","137.80","135.40","16.92K","1.44%"
"04-02-2020","135.40","135.85","137.15","134.60","16.96K","-0.29%"
"03-02-2020","135.80","139.00","139.05","134.70","12.61K","-2.20%"
"01-02-2020","138.85","139.20","139.60","138.40","2.13K","-0.79%"
"31-01-2020","139.95","147.25","148.45","139.60","0.14K","-3.75%"
"30-01-2020","145.40","147.95","147.95","144.15","0.09K","-1.72%"
"29-01-2020","147.95","148.25","148.50","145.40","0.13K","0.27%"
"28-01-2020","147.55","144.65","149.65","144.65","0.27K","0.89%"
"27-01-2020","146.25","139.45","148.05","139.20","1.17K","4.69%"
"24-01-2020","139.70","140.10","140.75","139.10","6.92K","-0.25%"
"23-01-2020","140.05","141.00","141.25","139.90","7.51K","-0.71%"
"22-01-2020","141.05","141.85","142.50","140.80","10.44K","-0.70%"
"21-01-2020","142.05","141.05","142.25","140.65","8.82K","0.53%"
"20-01-2020","141.30","140.95","141.60","140.50","7.47K","0.53%"
"17-01-2020","140.55","140.50","141.00","140.35","5.97K","0.07%"
"16-01-2020","140.45","139.75","140.70","139.75","7.11K","0.54%"
"15-01-2020","139.70","140.25","140.40","139.55","8.68K","-0.46%"
"14-01-2020","140.35","140.55","140.90","139.90","7.08K","-0.14%"
"13-01-2020","140.55","141.90","142.25","140.20","12.39K","-0.95%"
"10-01-2020","141.90","141.10","142.10","140.75","10.08K","0.57%"
"09-01-2020","141.10","141.15","141.75","140.45","11.00K","0.32%"
"08-01-2020","140.65","141.10","142.30","140.15","13.30K","-0.46%"
"07-01-2020","141.30","141.30","141.90","140.80","11.06K","-0.11%"
"06-01-2020","141.45","139.25","142.00","137.95","11.85K","1.11%"
"03-01-2020","139.90","137.85","140.20","137.55","13.27K","1.63%"
"02-01-2020","137.65","137.20","138.00","136.80","7.61K","0.33%"
"01-01-2020","137.20","137.10","137.60","137.00","2.22K","-0.04%"
"31-12-2019","137.25","136.25","137.65","135.50","0.04K","0.51%"
"30-12-2019","136.55","135.55","138.20","135.30","0.01K","-0.36%"
"27-12-2019","137.05","137.05","137.55","135.10","0.03K","0.40%"
"26-12-2019","136.50","135.90","137.55","134.60","0.04K","1.26%"
"24-12-2019","134.80","134.35","135.85","133.00","1.20K","0.33%"
"23-12-2019","134.35","134.10","134.50","133.90","1.36K","0.07%"
"20-12-2019","134.25","134.55","134.65","134.05","1.18K","-0.15%"
"19-12-2019","134.45","133.80","134.70","133.60","1.53K","0.52%"
"18-12-2019","133.75","133.30","133.95","133.30","1.75K","0.45%"
"17-12-2019","133.15","133.90","134.35","133.05","2.10K","-0.60%"
"16-12-2019","133.95","132.95","134.35","132.85","1.75K","0.75%"
"13-12-2019","132.95","133.75","134.25","132.70","2.21K","-0.41%"
"12-12-2019","133.50","132.50","133.70","132.40","1.83K","0.64%"
"11-12-2019","132.65","132.30","132.80","132.15","1.38K","0.26%"
"10-12-2019","132.30","132.40","132.80","132.10","1.22K","-0.15%"
"09-12-2019","132.50","133.15","133.40","132.30","2.01K","-0.56%"
"06-12-2019","133.25","132.70","133.45","131.95","2.14K","0.49%"
"05-12-2019","132.60","133.10","133.45","132.40","1.72K","-0.45%"
"04-12-2019","133.20","133.55","133.80","132.65","2.65K","-0.26%"
"03-12-2019","133.55","134.50","134.90","133.30","2.62K","-0.78%"
"02-12-2019","134.60","133.70","134.75","133.10","2.78K","1.82%"
"29-11-2019","132.20","132.35","132.40","131.95","0.05K","0.04%"
"28-11-2019","132.15","132.50","132.50","131.85","0.02K","0.08%"
"27-11-2019","132.05","131.05","132.50","130.75","0.04K","1.42%"
"26-11-2019","130.20","129.45","130.80","128.90","0.13K","0.81%"
"25-11-2019","129.15","129.00","129.95","128.75","1.29K","-0.46%"
"22-11-2019","129.75","130.45","130.50","129.30","1.49K","-0.54%"
"21-11-2019","130.45","130.75","130.75","130.10","1.17K","-0.34%"
"20-11-2019","130.90","131.00","131.05","130.45","1.65K","-0.08%"
"19-11-2019","131.00","131.25","131.45","130.55","1.96K","-0.19%"
"18-11-2019","131.25","131.15","131.90","131.00","2.38K","-0.11%"
"15-11-2019","131.40","131.60","131.70","130.85","1.95K","-0.19%"
"14-11-2019","131.65","133.00","133.35","131.50","2.19K","-1.02%"
"13-11-2019","133.00","133.50","133.80","132.65","1.53K","-0.34%"
"12-11-2019","133.45","133.30","133.65","132.90","1.04K","-0.41%"
"11-11-2019","134.00","135.70","135.70","133.80","1.77K","-1.22%"
"08-11-2019","135.65","135.05","136.00","134.90","1.53K","0.52%"
"07-11-2019","134.95","134.45","135.20","134.40","1.80K","0.19%"
"06-11-2019","134.70","134.05","134.80","134.05","1.94K","0.52%"
"05-11-2019","134.00","133.65","134.30","133.50","2.99K","0.30%"
"04-11-2019","133.60","132.85","133.90","132.65","3.27K","0.72%"
"01-11-2019","132.65","132.25","132.90","131.85","3.91K","1.07%"
"31-10-2019","131.25","130.20","134.75","129.30","0.20K","0.81%"
"30-10-2019","130.20","130.30","130.50","130.00","0.02K","0.54%"
"29-10-2019","129.50","129.00","129.90","128.80","0.11K","0.39%"
"28-10-2019","129.00","129.15","129.50","128.50","0.04K","-0.23%"
"27-10-2019","129.30","129.45","129.45","128.95","0.00K","0.19%"
"25-10-2019","129.05","129.35","130.10","128.00","1.91K","-0.08%"
"24-10-2019","129.15","131.35","131.45","128.20","3.43K","-1.60%"
"23-10-2019","131.25","131.80","131.85","131.05","2.69K","-0.23%"
"22-10-2019","131.55","132.60","132.60","131.45","2.19K","-0.72%"
"21-10-2019","132.50","133.20","133.50","132.30","1.44K","-0.60%"
"18-10-2019","133.30","133.50","133.75","133.25","1.83K","-0.19%"
"17-10-2019","133.55","133.80","133.80","133.30","1.63K","-0.34%"
"16-10-2019","134.00","134.45","134.65","133.65","2.27K","-0.30%"
"15-10-2019","134.40","134.05","134.60","133.55","2.46K","0.41%"
"14-10-2019","133.85","134.20","134.25","133.30","2.40K","0.11%"
"11-10-2019","133.70","135.15","135.55","133.60","3.34K","-1.18%"
"10-10-2019","135.30","135.40","136.00","135.15","2.37K","0.00%"
"09-10-2019","135.30","135.50","135.70","135.00","2.43K","-0.37%"
"08-10-2019","135.80","135.10","136.10","135.05","1.54K","0.33%"
"07-10-2019","135.35","134.45","135.75","134.10","3.02K","0.78%"
"04-10-2019","134.30","134.20","134.40","133.60","1.65K","0.00%"
"03-10-2019","134.30","134.95","135.00","133.50","3.38K","-1.25%"
"01-10-2019","136.00","134.55","136.30","134.25","3.18K","2.33%"
"30-09-2019","132.90","132.65","133.60","132.55","0.16K","-0.30%"
"27-09-2019","133.30","134.15","134.15","132.50","0.35K","-0.45%"
"26-09-2019","133.90","135.20","135.30","133.70","0.29K","-1.07%"
"25-09-2019","135.35","136.10","136.50","135.25","0.76K","-0.62%"
"24-09-2019","136.20","137.85","137.90","136.00","1.66K","-1.09%"
"23-09-2019","137.70","138.55","138.65","137.40","2.26K","-0.76%"
"20-09-2019","138.75","139.05","139.15","138.55","1.92K","-0.32%"
"19-09-2019","139.20","139.05","139.50","138.60","2.26K","0.11%"
"18-09-2019","139.05","139.55","139.65","138.65","2.36K","-0.29%"
"17-09-2019","139.45","139.75","139.80","139.05","2.52K","-0.14%"
"16-09-2019","139.65","140.35","140.65","139.40","3.35K","-0.11%"
"13-09-2019","139.80","139.75","140.05","139.40","2.30K","0.04%"
"12-09-2019","139.75","140.10","140.55","139.40","3.52K","-0.32%"
"11-09-2019","140.20","140.85","141.05","140.05","2.54K","-0.46%"
"10-09-2019","140.85","140.55","141.05","140.50","1.38K","0.32%"
"09-09-2019","140.40","140.10","140.75","139.30","3.34K","0.43%"
"06-09-2019","139.80","140.40","140.50","139.55","2.95K","-0.82%"
"05-09-2019","140.95","141.30","141.70","140.20","3.07K","0.07%"
"04-09-2019","140.85","139.80","141.20","139.80","2.54K","0.64%"
"03-09-2019","139.95","139.55","140.15","139.05","2.26K","0.39%"
"02-09-2019","139.40","139.00","139.65","139.00","0.83K","3.11%"
"30-08-2019","135.20","136.20","136.60","135.00","0.09K","-1.13%"
"29-08-2019","136.75","136.60","137.00","135.15","0.24K","0.37%"
"28-08-2019","136.25","137.15","137.25","136.10","0.35K","-0.29%"
"27-08-2019","136.65","137.10","137.50","136.30","0.43K","-0.36%"
"26-08-2019","137.15","138.20","138.30","136.30","1.06K","-0.87%"
"23-08-2019","138.35","139.40","139.60","138.10","2.63K","-0.72%"
"22-08-2019","139.35","139.65","139.90","139.20","1.86K","-0.14%"
"21-08-2019","139.55","139.80","140.20","139.40","2.05K","-0.04%"
"20-08-2019","139.60","140.60","140.65","139.30","3.28K","-0.53%"
"19-08-2019","140.35","140.90","141.45","140.00","2.69K","-0.39%"
"16-08-2019","140.90","140.75","141.55","140.55","2.76K","-0.14%"
"14-08-2019","141.10","140.60","141.35","140.15","2.90K","0.36%"
"13-08-2019","140.60","140.35","141.20","139.70","3.79K","0.11%"
"12-08-2019","140.45","141.15","141.80","140.00","2.07K","-0.28%"
"09-08-2019","140.85","140.15","141.30","139.80","3.13K","0.54%"
"08-08-2019","140.10","140.40","140.80","139.60","3.65K","-0.07%"
"07-08-2019","140.20","140.80","140.90","139.45","3.26K","-0.57%"
"06-08-2019","141.00","141.25","141.55","140.65","2.52K","-0.14%"
"05-08-2019","141.20","139.40","141.50","139.40","2.80K","1.11%"
"02-08-2019","139.65","139.00","140.30","138.90","3.77K","0.50%"
"01-08-2019","138.95","140.45","140.55","138.70","2.91K","0.87%"
"31-07-2019","137.75","139.20","139.35","137.00","0.19K","-0.43%"
"30-07-2019","138.35","138.55","139.30","137.85","0.18K","-0.11%"
"29-07-2019","138.50","138.85","139.15","137.85","0.20K","-0.04%"
"26-07-2019","138.55","140.95","140.95","138.20","0.85K","-1.77%"
"25-07-2019","141.05","141.30","141.35","140.40","1.38K","-0.18%"
"24-07-2019","141.30","142.05","142.50","141.00","3.63K","-0.39%"
"23-07-2019","141.85","141.50","142.20","141.15","3.18K","0.35%"
"22-07-2019","141.35","143.10","143.10","141.00","3.62K","-1.15%"
"19-07-2019","143.00","143.60","144.40","141.80","4.10K","-0.49%"
"18-07-2019","143.70","143.10","143.95","142.80","3.69K","0.45%"
"17-07-2019","143.05","143.30","143.40","142.70","3.01K","-0.07%"
"16-07-2019","143.15","143.50","143.90","143.00","3.79K","-0.17%"
"15-07-2019","143.40","142.55","143.55","142.40","3.70K","0.74%"
"12-07-2019","142.35","142.00","142.80","141.55","4.00K","0.25%"
"11-07-2019","142.00","143.25","144.20","141.80","5.56K","-1.56%"
"10-07-2019","144.25","142.75","144.35","142.65","4.22K","1.23%"
"09-07-2019","142.50","141.95","142.60","141.20","3.04K","0.46%"
"08-07-2019","141.85","142.00","142.30","141.35","2.99K","0.00%"
"05-07-2019","141.85","142.20","142.70","141.30","3.42K","-0.35%"
"04-07-2019","142.35","142.20","142.85","141.55","3.14K","0.32%"
"03-07-2019","141.90","141.85","142.00","141.05","3.04K","0.28%"
"02-07-2019","141.50","142.75","143.00","141.00","4.02K","-0.74%"
"01-07-2019","142.55","143.50","144.10","142.45","3.60K","1.60%"
"28-06-2019","140.30","140.80","141.00","139.85","0.14K","-0.21%"
"27-06-2019","140.60","142.85","142.85","140.00","0.17K","-1.26%"
"26-06-2019","142.40","142.60","143.75","140.15","0.54K","-0.14%"
"25-06-2019","142.60","141.80","143.15","141.40","0.73K","0.60%"
"24-06-2019","141.75","141.30","142.90","140.15","2.24K","0.57%"
"21-06-2019","140.95","142.50","143.50","140.60","3.67K","-0.84%"
"20-06-2019","142.15","143.50","144.40","142.00","5.35K","-0.63%"
"19-06-2019","143.05","142.80","143.55","142.60","2.85K","0.14%"
"18-06-2019","142.85","142.40","143.05","141.95","3.85K","0.49%"
"17-06-2019","142.15","142.50","142.90","141.25","3.55K","-0.04%"
"14-06-2019","142.20","143.20","143.45","142.10","3.23K","-0.94%"
"13-06-2019","143.55","143.00","143.95","142.60","3.67K","0.10%"
"12-06-2019","143.40","142.75","143.60","142.45","4.30K","0.35%"
"11-06-2019","142.90","143.15","144.20","142.75","4.02K","-0.21%"
"10-06-2019","143.20","142.25","143.45","141.50","3.51K","0.92%"
"07-06-2019","141.90","142.75","143.35","141.50","4.38K","-0.42%"
"06-06-2019","142.50","142.70","143.50","142.00","3.40K","0.00%"
"05-06-2019","142.50","144.65","144.65","142.10","2.15K","-1.04%"
"04-06-2019","144.00","143.00","144.20","142.50","3.07K","0.98%"
"03-06-2019","142.60","145.10","145.25","142.40","3.56K","0.07%"
"31-05-2019","142.50","142.35","143.60","142.00","0.23K","0.18%"
"30-05-2019","142.25","144.20","144.35","141.95","0.22K","-1.11%"
"29-05-2019","143.85","144.10","145.00","143.40","0.41K","0.14%"
"28-05-2019","143.65","143.50","145.10","143.15","0.89K","0.28%"
"27-05-2019","143.25","145.75","146.70","141.20","1.80K","-1.65%"
"24-05-2019","145.65","145.60","146.50","145.30","3.37K","0.03%"
"23-05-2019","145.60","144.25","145.75","143.30","4.57K","0.90%"
"22-05-2019","144.30","145.45","149.00","144.10","3.50K","-0.69%"
"21-05-2019","145.30","145.00","146.45","145.00","4.09K","-0.10%"
"20-05-2019","145.45","148.15","148.60","145.25","4.48K","-2.64%"
"17-05-2019","149.40","150.60","150.65","149.15","4.90K","-0.66%"
"16-05-2019","150.40","150.45","151.70","150.20","4.59K","-0.23%"
"15-05-2019","150.75","150.00","151.20","149.25","5.46K","0.37%"
"14-05-2019","150.20","148.15","150.60","147.80","6.08K","1.08%"
"13-05-2019","148.60","147.30","148.80","146.50","4.76K","0.88%"
"10-05-2019","147.30","147.75","148.00","146.10","4.40K","-0.17%"
"09-05-2019","147.55","146.20","147.80","145.20","4.78K","1.03%"
"08-05-2019","146.05","146.50","147.90","145.60","5.77K","-0.44%"
"07-05-2019","146.70","145.45","146.90","144.75","3.62K","1.03%"
"06-05-2019","145.20","145.45","145.70","143.10","2.31K","0.00%"
"03-05-2019","145.20","146.90","147.00","145.00","4.55K","-1.16%"
"02-05-2019","146.90","147.05","147.90","146.00","4.85K","-0.20%"
"01-05-2019","147.20","146.15","147.75","144.80","2.28K","-4.42%"
"30-04-2019","154.00","150.50","156.90","149.70","0.14K","1.99%"
"26-04-2019","151.00","152.10","153.30","149.90","0.45K","-1.34%"
"25-04-2019","153.05","152.85","153.60","152.10","1.01K","0.13%"
"24-04-2019","152.85","150.90","153.95","150.85","1.79K","1.06%"
"23-04-2019","151.25","150.45","151.60","149.95","3.11K","1.14%"
"22-04-2019","149.55","149.10","150.80","148.65","2.04K","0.07%"
"18-04-2019","149.45","148.15","149.55","147.80","3.49K","0.71%"
"17-04-2019","148.40","148.30","148.80","148.05","2.35K","0.24%"
"16-04-2019","148.05","148.50","148.70","147.80","2.91K","-0.10%"
"15-04-2019","148.20","146.90","148.40","146.85","3.91K","0.47%"
"12-04-2019","147.50","146.45","147.65","146.40","3.95K","0.61%"
"11-04-2019","146.60","147.05","147.30","146.05","3.66K","-0.27%"
"10-04-2019","147.00","147.25","147.65","146.60","3.77K","-0.27%"
"09-04-2019","147.40","147.20","147.75","146.55","3.90K","0.31%"
"08-04-2019","146.95","147.95","148.60","146.60","4.24K","-0.10%"
"05-04-2019","147.10","148.25","149.25","146.95","5.02K","-0.88%"
"04-04-2019","148.40","146.70","148.65","146.65","4.28K","1.23%"
"03-04-2019","146.60","146.85","147.80","146.15","5.35K","-0.31%"
"02-04-2019","147.05","147.80","148.05","146.70","3.80K","-0.31%"
"01-04-2019","147.50","149.55","150.35","147.20","3.50K","-1.76%"
"29-03-2019","150.15","151.15","158.25","144.00","0.23K","0.57%"
"28-03-2019","149.30","149.00","149.70","148.20","0.57K","0.17%"
"27-03-2019","149.05","149.10","150.10","148.05","1.18K","-0.03%"
"26-03-2019","149.10","148.00","149.80","146.90","1.71K","0.88%"
"25-03-2019","147.80","144.70","148.70","144.70","2.28K","1.44%"
"22-03-2019","145.70","145.05","145.95","144.20","4.00K","0.55%"
"21-03-2019","144.90","146.35","146.75","144.60","2.16K","-1.40%"
"20-03-2019","146.95","148.35","148.35","146.70","4.13K","-0.78%"
"19-03-2019","148.10","146.15","148.55","145.85","7.01K","1.02%"
"18-03-2019","146.60","145.60","146.75","143.40","5.79K","0.83%"
"15-03-2019","145.40","146.35","146.55","144.60","4.14K","-0.72%"
"14-03-2019","146.45","146.85","147.40","145.80","4.64K","-0.44%"
"13-03-2019","147.10","145.15","148.50","144.90","5.46K","1.38%"
"12-03-2019","145.10","144.25","145.50","143.50","4.31K","1.19%"
"11-03-2019","143.40","144.55","145.15","143.25","4.68K","-0.80%"
"08-03-2019","144.55","144.70","145.75","144.15","4.99K","-0.07%"
"07-03-2019","144.65","144.05","145.40","143.60","3.95K","0.24%"
"06-03-2019","144.30","145.55","145.85","144.10","3.73K","-0.93%"
"05-03-2019","145.65","146.95","147.00","145.35","4.19K","-0.27%"
"04-03-2019","146.05","148.90","148.90","145.80","3.61K","-2.24%"
"01-03-2019","149.40","149.75","150.65","148.50","5.95K","11.12%"
"28-02-2019","134.45","135.20","135.20","133.60","3.57K","-0.55%"
"27-02-2019","135.20","134.25","135.95","133.95","6.38K","0.78%"
"26-02-2019","134.15","135.00","135.00","132.60","6.85K","0.56%"
"25-02-2019","133.40","134.75","135.40","133.30","6.77K","-0.74%"
"22-02-2019","134.40","134.10","135.55","134.10","5.97K","-0.15%"
"21-02-2019","134.60","132.30","134.80","132.00","9.29K","1.93%"
"20-02-2019","132.05","131.60","132.15","130.90","6.22K","0.92%"
"19-02-2019","130.85","131.35","132.45","130.45","7.15K","0.04%"
"18-02-2019","130.80","131.45","132.10","130.50","7.51K","-0.27%"
"15-02-2019","131.15","130.95","132.30","130.90","7.02K","0.50%"
"14-02-2019","130.50","131.30","131.90","130.40","7.08K","-0.61%"
"13-02-2019","131.30","130.65","132.40","130.35","8.22K","0.77%"
"12-02-2019","130.30","131.30","133.65","130.20","7.74K","-2.32%"
"11-02-2019","133.40","133.40","133.75","132.20","6.81K","-0.22%"
"08-02-2019","133.70","134.80","135.70","133.50","6.90K","-0.74%"
"07-02-2019","134.70","136.45","136.60","134.55","6.53K","-1.25%"
"06-02-2019","136.40","138.10","138.70","136.25","7.74K","-1.02%"
"05-02-2019","137.80","137.75","138.85","137.00","10.14K","0.15%"
"04-02-2019","137.60","134.65","137.75","134.35","9.33K","2.57%"
"01-02-2019","134.15","135.20","136.25","134.00","9.82K","0.30%"
"31-01-2019","133.75","134.65","135.00","133.50","4.53K","-0.52%"
"30-01-2019","134.45","133.80","134.90","133.10","8.99K","0.00%"
"29-01-2019","134.45","131.75","134.70","131.30","9.51K","2.36%"
"28-01-2019","131.35","134.00","135.50","131.20","9.18K","-2.45%"
"25-01-2019","134.65","133.40","135.30","133.05","9.41K","0.97%"
"24-01-2019","133.35","135.85","135.85","132.25","11.57K","-1.22%"
"23-01-2019","135.00","134.75","136.80","134.70","11.80K","-0.15%"
"22-01-2019","135.20","132.35","135.50","131.95","13.08K","2.62%"
"21-01-2019","131.75","133.05","134.20","131.55","9.19K","-1.01%"
"18-01-2019","133.10","131.55","133.25","131.50","9.18K","1.26%"
"17-01-2019","131.45","131.15","132.00","129.15","10.83K","0.19%"
"16-01-2019","131.20","131.50","133.15","130.25","10.74K","-0.23%"
"15-01-2019","131.50","128.75","131.75","128.70","9.56K","2.10%"
"14-01-2019","128.80","128.90","129.50","127.40","7.48K","0.00%"
"11-01-2019","128.80","130.55","130.95","128.50","7.68K","-1.00%"
"10-01-2019","130.10","130.05","131.20","129.75","6.58K","-0.19%"
"09-01-2019","130.35","130.20","132.10","128.45","11.54K","0.15%"
"08-01-2019","130.15","130.10","130.65","129.65","5.74K","-0.34%"
"07-01-2019","130.60","129.85","131.30","129.30","6.38K","0.35%"
"04-01-2019","130.15","128.65","130.90","128.15","11.63K","0.81%"
"03-01-2019","129.10","125.70","129.30","125.10","9.35K","2.83%"
"02-01-2019","125.55","127.50","129.70","124.75","9.50K","-1.88%"
"01-01-2019","127.95","128.60","128.60","127.55","0.86K","-0.89%"
"31-12-2018","129.10","129.85","130.60","126.25","3.40K","-0.31%"
"28-12-2018","129.50","131.90","131.90","129.00","6.38K","-0.73%"
"27-12-2018","130.45","132.70","133.65","130.30","7.12K","-0.76%"
"26-12-2018","131.45","132.05","132.15","130.55","3.07K","-0.34%"
"24-12-2018","131.90","133.95","134.50","131.80","4.96K","-1.46%"
"21-12-2018","133.85","134.25","134.70","133.50","4.62K","-0.11%"
"20-12-2018","134.00","135.00","135.35","133.80","6.67K","-0.78%"
"19-12-2018","135.05","135.10","136.00","134.50","5.34K","-0.33%"
"18-12-2018","135.50","138.55","138.55","135.35","5.33K","-2.34%"
"17-12-2018","138.75","137.60","139.15","136.80","6.38K","0.84%"
"14-12-2018","137.60","137.80","138.10","137.35","3.58K","-0.07%"
"13-12-2018","137.70","138.80","138.90","137.00","6.03K","-0.47%"
"12-12-2018","138.35","139.55","139.80","138.25","5.33K","-1.14%"
"11-12-2018","139.95","141.10","143.00","139.15","7.34K","-0.50%"
"10-12-2018","140.65","139.55","142.25","139.30","5.21K","0.25%"
"07-12-2018","140.30","138.00","141.00","138.00","6.20K","1.89%"
"06-12-2018","137.70","139.85","140.30","137.60","5.44K","-1.68%"
"05-12-2018","140.05","139.75","140.50","139.25","3.33K","0.29%"
"04-12-2018","139.65","139.60","140.75","139.25","4.46K","-0.07%"
"03-12-2018","139.75","138.50","140.95","137.50","5.94K","3.63%"
"30-11-2018","134.85","134.85","135.00","134.25","2.85K","-0.19%"
"29-11-2018","135.10","135.60","135.90","134.70","3.84K","-0.73%"
"28-11-2018","136.10","135.90","136.45","134.90","3.90K","0.26%"
"27-11-2018","135.75","137.05","137.25","135.55","4.10K","-1.13%"
"26-11-2018","137.30","136.65","137.45","136.00","4.21K","0.48%"
"23-11-2018","136.65","137.20","137.40","135.80","2.71K","-0.62%"
"22-11-2018","137.50","139.10","139.50","137.25","4.21K","-1.11%"
"21-11-2018","139.05","138.45","139.50","138.15","3.11K","0.22%"
"20-11-2018","138.75","137.60","138.95","137.35","5.87K","1.02%"
"19-11-2018","137.35","139.65","140.00","137.20","5.62K","-1.40%"
"16-11-2018","139.30","139.00","139.70","138.25","5.63K","0.61%"
"15-11-2018","138.45","140.15","141.15","138.15","6.18K","-1.25%"
"14-11-2018","140.20","140.00","140.80","139.65","3.67K","-0.18%"
"13-11-2018","140.45","141.50","142.80","140.05","5.15K","-1.02%"
"12-11-2018","141.90","143.15","143.80","141.80","3.89K","-0.53%"
"09-11-2018","142.65","145.10","145.10","142.45","4.20K","-1.31%"
"08-11-2018","144.55","143.70","145.90","143.40","3.27K","1.15%"
"07-11-2018","142.90","142.95","143.05","142.70","0.26K","0.07%"
"06-11-2018","142.80","144.35","144.85","142.65","4.06K","-0.90%"
"05-11-2018","144.10","144.60","145.80","143.90","5.74K","-0.52%"
"02-11-2018","144.85","145.00","145.90","144.20","7.36K","0.10%"
"01-11-2018","144.70","145.35","146.80","144.35","7.37K","0.42%"
"31-10-2018","144.10","144.20","144.40","143.45","3.21K","0.52%"
"30-10-2018","143.35","144.40","144.90","143.20","3.92K","-0.59%"
"29-10-2018","144.20","145.90","146.15","144.05","5.35K","-0.72%"
"26-10-2018","145.25","144.70","145.70","143.60","5.73K","0.48%"
"25-10-2018","144.55","145.70","146.05","144.40","4.95K","-1.03%"
"24-10-2018","146.05","147.05","147.10","145.35","6.65K","-0.38%"
"23-10-2018","146.60","148.15","148.45","146.35","6.37K","-0.81%"
"22-10-2018","147.80","147.85","149.20","147.55","6.34K","-0.10%"
"19-10-2018","147.95","148.55","149.25","147.25","6.01K","-0.60%"
"18-10-2018","148.85","148.00","149.10","148.00","1.94K","-0.13%"
"17-10-2018","149.05","149.60","150.50","148.55","8.30K","-0.23%"
"16-10-2018","149.40","150.60","150.95","148.65","7.83K","-0.63%"
"15-10-2018","150.35","150.55","152.30","149.65","9.05K","0.23%"
"12-10-2018","150.00","150.10","151.65","149.75","9.59K","0.13%"
"11-10-2018","149.80","151.65","151.75","149.60","11.16K","-1.32%"
"10-10-2018","151.80","153.30","153.50","151.35","8.92K","-0.72%"
"09-10-2018","152.90","153.55","154.90","151.35","11.46K","-0.88%"
"08-10-2018","154.25","156.80","156.80","152.35","11.87K","-2.19%"
"05-10-2018","157.70","160.75","163.50","156.70","19.90K","-2.17%"
"04-10-2018","161.20","166.00","167.80","160.20","21.34K","-2.57%"
"03-10-2018","165.45","154.00","165.90","154.00","25.38K","8.07%"
"01-10-2018","153.10","149.45","153.20","149.45","11.55K","5.04%"
"28-09-2018","145.75","146.25","146.55","145.15","3.11K","-0.31%"
"27-09-2018","146.20","147.60","148.70","146.10","7.86K","-1.25%"
"26-09-2018","148.05","148.30","150.40","147.80","9.72K","-0.54%"
"25-09-2018","148.85","147.05","149.00","146.25","9.64K","1.12%"
"24-09-2018","147.20","148.00","150.15","147.05","10.09K","-1.24%"
"21-09-2018","149.05","146.00","149.75","146.00","13.46K","2.23%"
"20-09-2018","145.80","145.25","146.35","145.00","6.38K","0.97%"
"19-09-2018","144.40","145.40","146.85","143.95","9.77K","-0.96%"
"18-09-2018","145.80","146.10","148.00","145.40","11.69K","-0.24%"
"17-09-2018","146.15","144.45","146.45","144.20","10.21K","0.79%"
"14-09-2018","145.00","145.60","146.95","144.70","9.95K","-0.31%"
"13-09-2018","145.45","146.35","147.65","144.60","9.09K","-0.44%"
"12-09-2018","146.10","147.95","148.95","143.95","18.75K","-0.92%"
"11-09-2018","147.45","149.45","150.60","147.15","11.61K","-1.67%"
"10-09-2018","149.95","147.45","151.60","146.55","19.82K","1.87%"
"07-09-2018","147.20","146.50","148.05","145.90","10.85K","0.79%"
"06-09-2018","146.05","148.00","149.00","145.30","10.36K","-0.71%"
"05-09-2018","147.10","147.10","149.00","146.80","11.04K","0.27%"
"04-09-2018","146.70","149.40","149.60","146.55","10.73K","-1.28%"
"03-09-2018","148.60","149.35","150.40","148.15","9.87K","-1.30%"
"31-08-2018","150.55","150.20","151.30","149.90","3.80K","0.43%"
"30-08-2018","149.90","151.30","152.35","149.05","12.16K","-0.76%"
"29-08-2018","151.05","148.65","152.15","148.30","14.52K","1.72%"
"28-08-2018","148.50","145.60","148.85","145.35","11.87K","2.41%"
"27-08-2018","145.00","144.20","145.20","144.20","1.92K","0.17%"
"24-08-2018","144.75","144.80","146.10","144.05","8.13K","0.14%"
"23-08-2018","144.55","143.10","144.70","142.30","9.03K","0.77%"
"22-08-2018","143.45","144.00","144.00","143.10","3.57K","0.10%"
"21-08-2018","143.30","143.20","144.50","142.55","10.09K","0.14%"
"20-08-2018","143.10","141.95","144.60","141.60","12.89K","0.85%"
"17-08-2018","141.90","142.40","142.90","140.85","9.07K","-0.07%"
"16-08-2018","142.00","143.20","143.65","141.70","10.63K","-1.59%"
"14-08-2018","144.30","145.40","145.45","142.80","8.96K","-0.86%"
"13-08-2018","145.55","144.30","146.00","143.80","11.19K","1.25%"
"10-08-2018","143.75","143.05","145.50","141.65","17.14K","0.91%"
"09-08-2018","142.45","144.90","147.00","142.30","19.93K","-1.49%"
"08-08-2018","144.60","139.70","144.85","139.35","18.68K","3.69%"
"07-08-2018","139.45","139.90","141.35","139.25","9.76K","-0.71%"
"06-08-2018","140.45","139.00","140.60","138.60","7.52K","1.23%"
"03-08-2018","138.75","139.40","140.00","138.55","10.98K","-0.43%"
"02-08-2018","139.35","140.25","141.40","139.20","9.89K","-0.64%"
"01-08-2018","140.25","142.25","142.25","139.80","8.38K","-0.60%"
"31-07-2018","141.10","141.70","142.00","140.85","3.57K","-0.42%"
"30-07-2018","141.70","140.90","142.30","140.30","7.18K","0.89%"
"27-07-2018","140.45","140.90","142.00","140.30","7.84K","-0.50%"
"26-07-2018","141.15","141.25","141.75","140.40","7.73K","0.36%"
"25-07-2018","140.65","142.50","142.75","140.25","8.71K","-1.12%"
"24-07-2018","142.25","141.50","144.55","141.30","13.65K","0.32%"
"23-07-2018","141.80","140.35","143.70","140.05","12.42K","0.82%"
"20-07-2018","140.65","138.50","141.10","137.95","10.69K","1.70%"
"19-07-2018","138.30","139.70","139.95","137.90","10.79K","-0.68%"
"18-07-2018","139.25","139.05","139.75","138.10","9.13K","0.22%"
"17-07-2018","138.95","142.10","142.55","138.80","12.33K","-1.73%"
"16-07-2018","141.40","139.35","141.95","138.85","8.23K","1.47%"
"13-07-2018","139.35","140.00","140.75","138.40","9.48K","-0.04%"
"12-07-2018","139.40","142.40","142.65","139.25","10.89K","-1.80%"
"11-07-2018","141.95","143.00","143.50","141.35","9.27K","-0.91%"
"10-07-2018","143.25","145.00","146.20","143.05","9.01K","-0.93%"
"09-07-2018","144.60","143.00","146.55","143.00","8.01K","0.52%"
"06-07-2018","143.85","143.75","144.35","143.10","6.90K","0.10%"
"05-07-2018","143.70","144.65","145.65","143.45","7.34K","-0.69%"
"04-07-2018","144.70","145.45","145.60","143.45","8.59K","0.35%"
"03-07-2018","144.20","146.10","147.25","143.65","10.34K","-1.27%"
"02-07-2018","146.05","146.70","147.50","145.45","8.12K","-1.68%"
"29-06-2018","148.55","148.70","149.85","146.75","3.57K","-0.57%"
"28-06-2018","149.40","150.65","150.95","148.75","5.56K","-0.63%"
"27-06-2018","150.35","149.50","152.00","148.75","11.45K","0.03%"
"26-06-2018","150.30","147.45","150.75","146.45","6.12K","1.97%"
"25-06-2018","147.40","148.55","148.85","147.15","4.82K","-0.81%"
"22-06-2018","148.60","148.80","149.20","147.60","5.44K","-0.44%"
"21-06-2018","149.25","149.10","149.50","147.70","5.84K","0.47%"
"20-06-2018","148.55","149.35","150.50","148.20","6.26K","-0.30%"
"19-06-2018","149.00","151.90","152.25","148.65","8.14K","-2.26%"
"18-06-2018","152.45","151.45","152.70","150.45","6.61K","0.33%"
"15-06-2018","151.95","154.10","154.45","151.20","9.89K","-1.33%"
"14-06-2018","154.00","154.65","155.20","153.80","6.47K","-0.55%"
"13-06-2018","154.85","156.15","156.15","154.35","8.88K","-0.96%"
"12-06-2018","156.35","157.20","158.00","155.90","7.56K","-0.29%"
"11-06-2018","156.80","156.80","157.45","155.50","6.86K","-0.06%"
"08-06-2018","156.90","155.50","157.80","155.05","9.18K","1.13%"
"07-06-2018","155.15","157.45","158.95","154.85","11.15K","-1.37%"
"06-06-2018","157.30","156.45","158.30","155.45","8.25K","0.45%"
"05-06-2018","156.60","156.75","158.60","156.20","9.11K","0.13%"
"04-06-2018","156.40","155.30","158.50","155.15","11.49K","0.74%"
"01-06-2018","155.25","155.60","156.05","153.00","9.58K","1.01%"
"31-05-2018","153.70","152.65","154.35","152.65","3.65K","0.56%"
"30-05-2018","152.85","153.25","154.10","152.15","7.49K","-0.62%"
"29-05-2018","153.80","153.80","154.30","152.60","8.96K","0.42%"
"28-05-2018","153.15","154.95","155.00","152.00","2.60K","0.03%"
"25-05-2018","153.10","156.50","157.35","152.75","8.19K","-2.42%"
"24-05-2018","156.90","155.80","157.15","154.15","9.44K","1.13%"
"23-05-2018","155.15","154.45","155.50","153.10","8.87K","0.71%"
"22-05-2018","154.05","155.00","156.15","153.75","10.01K","-1.09%"
"21-05-2018","155.75","154.85","156.75","154.35","8.72K","0.61%"
"18-05-2018","154.80","155.95","158.00","153.80","16.67K","-1.02%"
"17-05-2018","156.40","159.50","159.80","154.00","19.60K","-1.39%"
"16-05-2018","158.60","159.10","159.65","158.15","11.74K","-0.56%"
"15-05-2018","159.50","157.45","159.90","154.60","14.29K","1.46%"
"14-05-2018","157.20","153.70","157.65","153.15","13.61K","2.38%"
"11-05-2018","153.55","155.50","156.15","152.85","16.08K","-1.35%"
"10-05-2018","155.65","158.60","158.60","155.40","15.41K","-2.57%"
"09-05-2018","159.75","161.40","161.55","155.20","22.24K","-0.13%"
"08-05-2018","159.95","160.15","161.40","157.00","19.57K","0.38%"
"07-05-2018","159.35","159.50","159.90","157.30","4.80K","0.44%"
"04-05-2018","158.65","153.65","159.30","153.60","21.79K","3.86%"
"03-05-2018","152.75","155.10","157.90","151.80","19.94K","-2.15%"
"02-05-2018","156.10","151.05","156.70","150.35","18.49K","3.14%"
"01-05-2018","151.35","150.50","152.50","149.50","7.82K","1.82%"
"30-04-2018","148.65","148.30","149.80","147.70","4.51K","-0.10%"
"27-04-2018","148.80","152.00","153.85","147.45","21.47K","-2.23%"
"26-04-2018","152.20","148.50","154.15","146.60","25.87K","1.84%"
"25-04-2018","149.45","146.30","152.20","146.25","25.35K","2.12%"
"24-04-2018","146.35","150.35","152.30","145.55","30.77K","-3.08%"
"23-04-2018","151.00","166.50","169.20","150.25","44.65K","-8.98%"
"20-04-2018","165.90","162.70","168.30","160.95","33.34K","0.36%"
"19-04-2018","165.30","170.50","178.85","160.00","63.76K","-2.04%"
"18-04-2018","168.75","158.10","169.30","158.10","36.01K","6.03%"
"17-04-2018","159.15","157.40","160.80","154.95","34.25K","1.53%"
"16-04-2018","156.75","150.20","158.55","150.20","25.62K","4.67%"
"13-04-2018","149.75","151.80","155.75","149.25","38.54K","-1.48%"
"12-04-2018","152.00","146.90","153.50","144.70","33.08K","3.23%"
"11-04-2018","147.25","144.05","149.45","144.05","31.59K","1.83%"
"10-04-2018","144.60","139.75","146.45","138.40","28.73K","3.80%"
"09-04-2018","139.30","133.55","139.70","133.55","39.74K","4.74%"
"06-04-2018","133.00","129.95","133.30","128.65","18.23K","2.27%"
"05-04-2018","130.05","129.90","130.55","128.30","13.08K","0.54%"
"04-04-2018","129.35","129.80","130.20","128.80","9.10K","-0.19%"
"03-04-2018","129.60","132.05","132.30","128.70","12.57K","-1.29%"
"02-04-2018","131.30","131.30","132.10","130.85","3.30K","0.73%"
"28-03-2018","130.35","131.10","131.30","129.70","4.64K","-0.61%"
"27-03-2018","131.15","131.80","132.65","131.05","6.31K","-0.34%"
"26-03-2018","131.60","132.30","132.60","131.45","6.41K","-0.60%"
"23-03-2018","132.40","133.35","134.15","132.20","6.27K","-1.01%"
"22-03-2018","133.75","135.25","135.90","133.70","9.24K","-0.56%"
"21-03-2018","134.50","134.75","135.35","133.70","8.49K","-0.22%"
"20-03-2018","134.80","134.85","135.75","134.40","8.22K","-0.44%"
"19-03-2018","135.40","134.85","135.95","134.05","7.83K","0.33%"
"16-03-2018","134.95","134.70","135.35","134.15","8.31K","0.11%"
"15-03-2018","134.80","135.60","135.85","134.10","8.31K","-0.22%"
"14-03-2018","135.10","135.80","137.25","134.95","10.38K","-0.33%"
"13-03-2018","135.55","135.45","136.15","134.65","8.24K","0.04%"
"12-03-2018","135.50","137.05","137.35","135.40","8.37K","-1.38%"
"09-03-2018","137.40","136.80","138.30","135.90","12.31K","0.37%"
"08-03-2018","136.90","136.00","137.25","135.80","8.55K","0.40%"
"07-03-2018","136.35","138.60","138.80","136.05","9.63K","-1.55%"
"06-03-2018","138.50","139.35","140.10","138.35","8.95K","-0.79%"
"05-03-2018","139.60","139.80","140.25","139.05","9.58K","-0.53%"
"02-03-2018","140.35","139.80","140.90","139.80","4.05K","-0.04%"
"01-03-2018","140.40","139.80","141.25","138.40","16.07K","-0.07%"
"28-02-2018","140.50","140.70","141.00","140.15","3.31K","-0.07%"
"27-02-2018","140.60","140.10","140.85","139.60","7.14K","0.75%"
"26-02-2018","139.55","141.95","141.95","139.45","8.06K","-0.43%"
"23-02-2018","140.15","142.00","142.50","139.65","11.21K","-1.41%"
"22-02-2018","142.15","141.60","142.35","140.65","10.42K","-0.42%"
"21-02-2018","142.75","141.80","142.95","140.40","12.12K","0.49%"
"20-02-2018","142.05","142.40","143.70","141.95","9.74K","-0.53%"
"19-02-2018","142.80","141.45","144.05","139.85","16.69K","0.85%"
"16-02-2018","141.60","137.70","142.10","137.65","12.52K","2.79%"
"15-02-2018","137.75","140.80","140.80","136.65","10.27K","-1.36%"
"14-02-2018","139.65","137.15","140.50","135.55","14.87K","1.64%"
"13-02-2018","137.40","136.85","137.70","136.50","4.08K","0.33%"
"12-02-2018","136.95","137.00","138.25","136.15","7.37K","-0.11%"
"09-02-2018","137.10","139.60","139.75","136.80","12.93K","-2.21%"
"08-02-2018","140.20","139.40","140.30","138.15","8.99K","0.79%"
"07-02-2018","139.10","140.60","140.80","138.30","10.37K","-0.14%"
"06-02-2018","139.30","140.70","141.15","139.20","8.17K","-1.49%"
"05-02-2018","141.40","141.25","141.70","140.50","5.16K","-0.21%"
"02-02-2018","141.70","142.45","143.15","141.45","6.74K","-0.60%"
"01-02-2018","142.55","141.00","142.70","139.40","9.01K","1.03%"
"31-01-2018","141.10","141.25","141.75","140.50","3.27K","0.00%"
"30-01-2018","141.10","141.15","142.20","139.85","7.26K","-0.32%"
"29-01-2018","141.55","141.65","144.15","141.40","5.67K","-0.04%"
"25-01-2018","141.60","143.50","144.05","141.50","7.64K","-0.81%"
"24-01-2018","142.75","141.80","143.10","140.55","8.15K","0.63%"
"23-01-2018","141.85","143.15","143.30","140.85","9.45K","-1.18%"
"22-01-2018","143.55","141.90","143.85","141.65","7.37K","1.27%"
"19-01-2018","141.75","142.85","144.90","141.60","12.15K","-1.22%"
"18-01-2018","143.50","140.50","143.65","139.85","11.45K","2.28%"
"17-01-2018","140.30","139.60","140.55","139.35","7.38K","-0.04%"
"16-01-2018","140.35","140.80","141.05","139.00","7.53K","-0.53%"
"15-01-2018","141.10","142.00","142.55","141.00","7.11K","0.07%"
"12-01-2018","141.00","138.80","141.45","138.60","11.10K","1.59%"
"11-01-2018","138.80","139.95","140.35","138.00","9.73K","-0.07%"
"10-01-2018","138.90","137.45","139.10","137.10","8.29K","1.46%"
"09-01-2018","136.90","138.05","138.30","136.60","6.77K","-0.62%"
"08-01-2018","137.75","139.35","140.00","137.60","9.17K","-1.04%"
"05-01-2018","139.20","142.00","142.30","139.00","10.98K","-1.97%"
"04-01-2018","142.00","140.75","142.70","140.50","8.27K","0.42%"
"03-01-2018","141.40","142.75","143.15","141.05","8.81K","-1.43%"
"02-01-2018","143.45","144.10","145.45","143.25","10.40K","-0.83%"
"01-01-2018","144.65","145.05","145.35","144.55","1.31K","0.52%"
"29-12-2017","143.90","144.20","145.30","143.10","7.06K","-1.03%"
"28-12-2017","145.40","142.80","145.95","142.60","10.28K","1.29%"
"27-12-2017","143.55","138.75","144.05","138.60","12.19K","3.46%"
"26-12-2017","138.75","139.30","139.55","138.50","3.62K","-0.61%"
"22-12-2017","139.60","136.20","140.20","136.05","11.07K","2.05%"
"21-12-2017","136.80","134.85","136.90","134.70","7.55K","1.33%"
"20-12-2017","135.00","133.60","135.05","133.25","6.82K","0.82%"
"19-12-2017","133.90","132.25","133.95","131.95","7.23K","1.02%"
"18-12-2017","132.55","132.10","132.60","131.80","4.46K","0.68%"
"15-12-2017","131.65","130.65","132.40","130.40","6.95K","0.50%"
"14-12-2017","131.00","129.50","131.35","129.20","8.16K","1.43%"
"13-12-2017","129.15","129.65","129.85","128.40","5.46K","-0.42%"
"12-12-2017","129.70","129.60","130.10","129.00","5.95K","-0.19%"
"11-12-2017","129.95","129.25","130.05","128.60","5.34K","0.43%"
"08-12-2017","129.40","129.95","130.30","128.80","5.63K","-0.15%"
"07-12-2017","129.60","130.00","130.40","128.70","7.90K","-0.46%"
"06-12-2017","130.20","131.70","131.85","129.95","6.65K","-1.36%"
"05-12-2017","132.00","133.10","133.15","131.55","8.72K","-0.79%"
"04-12-2017","133.05","133.30","133.55","132.65","4.96K","-0.52%"
"01-12-2017","133.75","132.30","134.20","132.00","6.95K","2.10%"
"30-11-2017","131.00","130.85","132.15","130.40","4.26K","-0.46%"
"29-11-2017","131.60","134.60","135.00","131.35","8.62K","-2.01%"
"28-11-2017","134.30","135.90","136.00","134.15","6.48K","-1.90%"
"27-11-2017","136.90","136.60","137.05","135.55","5.03K","0.04%"
"24-11-2017","136.85","136.00","137.10","135.85","4.39K","0.77%"
"23-11-2017","135.80","135.65","135.95","134.95","4.42K","0.26%"
"22-11-2017","135.45","134.70","136.10","134.65","6.74K","0.78%"
"21-11-2017","134.40","134.65","134.95","133.90","6.21K","-0.48%"
"20-11-2017","135.05","135.20","135.45","134.40","8.02K","-0.88%"
"17-11-2017","136.25","136.40","137.15","135.00","6.59K","-0.22%"
"16-11-2017","136.55","137.50","138.55","136.30","9.05K","-0.29%"
"15-11-2017","136.95","135.80","137.65","134.65","8.78K","0.74%"
"14-11-2017","135.95","137.25","137.80","135.75","6.93K","-1.38%"
"13-11-2017","137.85","137.25","138.40","136.80","6.96K","0.47%"
"10-11-2017","137.20","135.80","137.30","135.25","6.50K","0.92%"
"09-11-2017","135.95","136.15","136.95","134.80","8.91K","-0.18%"
"08-11-2017","136.20","138.70","139.10","136.10","9.85K","-1.87%"
"07-11-2017","138.80","140.00","140.20","138.50","6.80K","-0.61%"
"06-11-2017","139.65","140.90","141.10","139.50","7.01K","-0.92%"
"03-11-2017","140.95","140.15","141.25","139.75","7.38K","0.79%"
"02-11-2017","139.85","141.30","141.30","139.15","7.15K","-0.21%"
"01-11-2017","140.15","140.20","142.70","139.05","13.37K","1.12%"
"31-10-2017","138.60","138.80","139.70","137.55","3.14K","-0.11%"
"30-10-2017","138.75","140.05","140.35","138.55","5.32K","-1.28%"
"27-10-2017","140.55","141.25","141.25","137.95","8.53K","-0.78%"
"26-10-2017","141.65","141.50","142.60","140.50","6.45K","0.32%"
"25-10-2017","141.20","140.00","141.30","139.15","5.91K","0.68%"
"24-10-2017","140.25","138.45","140.30","138.15","5.58K","1.30%"
"23-10-2017","138.45","138.75","138.90","137.75","3.39K","0.25%"
"20-10-2017","138.10","138.50","140.60","138.00","5.16K","-0.04%"
"19-10-2017","138.15","137.60","138.40","137.60","1.46K","1.06%"
"18-10-2017","136.70","137.70","137.70","136.35","5.55K","-0.91%"
"17-10-2017","137.95","137.50","138.60","137.05","7.14K","0.66%"
"16-10-2017","137.05","137.95","138.85","136.60","7.44K","-0.33%"
"13-10-2017","137.50","138.85","139.85","136.80","7.47K","-0.94%"
"12-10-2017","138.80","138.20","139.00","138.00","6.02K","0.25%"
"11-10-2017","138.45","139.90","140.10","138.10","8.62K","-1.32%"
"10-10-2017","140.30","140.55","140.80","139.30","7.61K","-0.53%"
"09-10-2017","141.05","139.70","141.40","139.55","6.16K","0.86%"
"06-10-2017","139.85","140.75","140.85","139.30","4.64K","-0.57%"
"05-10-2017","140.65","139.80","140.70","139.05","7.51K","0.50%"
"04-10-2017","139.95","139.60","140.40","138.80","8.97K","0.21%"
"03-10-2017","139.65","137.30","139.90","137.15","7.69K","1.34%"
"29-09-2017","137.80","138.10","138.75","137.55","2.60K","-0.43%"
"28-09-2017","138.40","138.15","138.75","137.10","5.82K","0.18%"
"27-09-2017","138.15","138.05","139.35","137.70","5.53K","0.44%"
"26-09-2017","137.55","139.10","139.80","137.40","6.83K","-0.90%"
"25-09-2017","138.80","138.20","139.25","137.40","7.28K","-0.11%"
"22-09-2017","138.95","137.50","139.20","136.10","10.05K","0.43%"
"21-09-2017","138.35","138.60","141.40","137.45","14.85K","-0.54%"
"20-09-2017","139.10","135.50","139.40","135.35","16.51K","2.81%"
"19-09-2017","135.30","133.00","135.85","133.00","10.36K","1.88%"
"18-09-2017","132.80","132.75","133.35","132.15","5.99K","0.34%"
"15-09-2017","132.35","133.00","133.30","131.50","7.14K","-0.90%"
"14-09-2017","133.55","134.50","134.75","131.90","9.07K","-0.41%"
"13-09-2017","134.10","134.75","135.25","133.30","7.16K","-1.03%"
"12-09-2017","135.50","134.40","135.60","133.80","7.15K","0.74%"
"11-09-2017","134.50","133.25","135.40","133.10","7.58K","1.24%"
"08-09-2017","132.85","134.20","134.60","132.40","7.84K","-1.19%"
"07-09-2017","134.45","134.25","134.70","132.95","7.50K","-0.15%"
"06-09-2017","134.65","133.70","134.75","132.30","6.79K","0.97%"
"05-09-2017","133.35","134.45","135.10","133.10","6.45K","-1.22%"
"04-09-2017","135.00","135.40","136.20","134.10","5.76K","-0.77%"
"01-09-2017","136.05","135.30","136.55","135.00","6.45K","0.63%"
"31-08-2017","135.20","133.35","135.90","133.05","3.37K","1.77%"
"30-08-2017","132.85","132.60","133.45","132.10","5.62K","-0.08%"
"29-08-2017","132.95","131.85","133.45","131.40","4.75K","0.76%"
"28-08-2017","131.95","130.70","132.10","130.70","1.68K","0.50%"
"25-08-2017","131.30","133.00","133.30","130.95","3.99K","-1.54%"
"24-08-2017","133.35","133.55","134.60","132.65","6.66K","-0.45%"
"23-08-2017","133.95","131.60","134.60","130.80","8.88K","1.52%"
"22-08-2017","131.95","132.55","132.60","131.55","6.74K","-0.49%"
"21-08-2017","132.60","132.50","133.80","131.45","7.67K","1.18%"
"18-08-2017","131.05","132.00","133.60","130.80","7.68K","-0.61%"
"17-08-2017","131.85","134.35","134.40","131.55","6.71K","-0.98%"
"16-08-2017","133.15","129.70","134.20","129.70","10.76K","3.26%"
"14-08-2017","128.95","129.60","130.00","128.85","7.14K","-1.04%"
"11-08-2017","130.30","129.20","130.45","128.85","9.95K","0.39%"
"10-08-2017","129.80","129.45","130.70","128.65","12.27K","0.78%"
"09-08-2017","128.80","129.15","130.20","128.25","11.08K","0.00%"
"08-08-2017","128.80","125.40","129.30","125.25","15.34K","2.59%"
"07-08-2017","125.55","121.50","125.65","121.50","14.17K","3.67%"
"04-08-2017","121.10","121.50","121.75","120.95","5.72K","-0.37%"
"03-08-2017","121.55","122.10","122.30","121.35","5.11K","-0.49%"
"02-08-2017","122.15","122.25","123.65","121.90","8.52K","0.25%"
"01-08-2017","121.85","122.50","122.65","121.75","4.06K","0.16%"
"31-07-2017","121.65","121.35","122.05","121.25","3.04K","0.41%"
"28-07-2017","121.15","123.10","123.10","121.00","6.56K","-1.62%"
"27-07-2017","123.15","123.50","124.30","122.90","6.25K","-0.32%"
"26-07-2017","123.55","124.90","125.40","123.25","8.39K","-0.32%"
"25-07-2017","123.95","122.45","124.45","122.25","7.67K","1.60%"
"24-07-2017","122.00","122.65","122.90","121.80","4.49K","-0.37%"
"21-07-2017","122.45","122.45","123.10","122.10","5.25K","0.12%"
"20-07-2017","122.30","122.85","123.10","122.00","5.49K","-0.08%"
"19-07-2017","122.40","122.70","123.50","122.10","6.69K","-0.49%"
"18-07-2017","123.00","122.35","123.25","121.45","6.40K","0.65%"
"17-07-2017","122.20","123.50","124.20","121.50","7.87K","-0.73%"
"14-07-2017","123.10","123.65","123.85","122.80","5.96K","-0.24%"
"13-07-2017","123.40","121.80","124.60","121.65","12.45K","1.82%"
"12-07-2017","121.20","122.45","122.60","120.90","5.18K","-0.78%"
"11-07-2017","122.15","122.20","122.60","121.55","4.46K","0.16%"
"10-07-2017","121.95","124.35","124.45","121.80","6.04K","-2.01%"
"07-07-2017","124.45","125.20","125.65","124.10","4.40K","-0.68%"
"06-07-2017","125.30","124.55","125.80","124.30","5.19K","0.36%"
"05-07-2017","124.85","124.70","124.95","124.20","4.21K","0.04%"
"04-07-2017","124.80","124.50","124.90","123.70","3.95K","-0.08%"
"03-07-2017","124.90","124.75","125.15","124.15","4.15K","1.13%"
"30-06-2017","123.50","123.20","123.65","123.00","1.57K","-0.08%"
"29-06-2017","123.60","122.15","123.75","122.05","4.43K","1.44%"
"28-06-2017","121.85","121.30","121.95","121.15","4.08K","0.45%"
"27-06-2017","121.30","120.00","121.40","119.50","4.94K","1.08%"
"26-06-2017","120.00","120.10","120.20","119.20","2.30K","0.00%"
"23-06-2017","120.00","120.35","120.95","119.90","3.70K","-0.33%"
"22-06-2017","120.40","120.50","121.25","120.00","5.21K","0.12%"
"21-06-2017","120.25","121.65","121.70","120.15","6.55K","-0.99%"
"20-06-2017","121.45","121.30","122.60","121.30","5.59K","0.04%"
"19-06-2017","121.40","120.75","121.50","120.40","5.40K","0.96%"
"16-06-2017","120.25","120.95","121.15","120.10","3.21K","-0.37%"
"15-06-2017","120.70","120.50","120.85","120.25","3.40K","0.46%"
"14-06-2017","120.15","121.60","121.65","120.00","4.85K","-0.99%"
"13-06-2017","121.35","121.50","121.75","120.55","4.33K","0.08%"
"12-06-2017","121.25","122.30","122.35","121.20","4.28K","-1.10%"
"09-06-2017","122.60","122.15","122.70","121.20","5.33K","0.41%"
"08-06-2017","122.10","122.75","123.30","121.80","4.39K","-0.25%"
"07-06-2017","122.40","122.45","123.10","122.00","4.20K","-0.08%"
"06-06-2017","122.50","122.45","122.80","121.45","5.06K","0.20%"
"05-06-2017","122.25","123.60","124.00","122.10","4.67K","-1.29%"
"02-06-2017","123.85","124.15","124.40","122.85","6.37K","-0.28%"
"01-06-2017","124.20","124.20","125.10","123.60","6.06K","0.73%"
"31-05-2017","123.30","124.30","124.30","123.10","2.06K","-0.80%"
"30-05-2017","124.30","126.10","126.35","123.60","4.50K","-1.31%"
"29-05-2017","125.95","125.70","126.05","125.70","0.62K","0.04%"
"26-05-2017","125.90","126.60","126.90","125.70","3.49K","-0.32%"
"25-05-2017","126.30","125.80","126.45","125.55","5.37K","0.16%"
"24-05-2017","126.10","126.00","126.60","125.25","5.78K","-0.28%"
"23-05-2017","126.45","125.00","126.50","124.55","5.40K","0.96%"
"22-05-2017","125.25","125.00","125.55","124.85","3.46K","-0.08%"
"19-05-2017","125.35","124.50","125.90","124.40","5.95K","0.36%"
"18-05-2017","124.90","123.35","125.00","122.55","7.62K","0.97%"
"17-05-2017","123.70","123.25","123.85","123.10","4.68K","0.20%"
"16-05-2017","123.45","122.30","123.65","121.70","6.73K","0.98%"
"15-05-2017","122.25","121.25","122.40","121.20","4.91K","0.87%"
"12-05-2017","121.20","120.75","121.55","120.65","4.80K","0.29%"
"11-05-2017","120.85","120.65","121.80","120.35","6.06K","0.21%"
"10-05-2017","120.60","121.15","121.20","120.35","4.60K","-0.37%"
"09-05-2017","121.05","121.10","121.70","120.65","4.10K","0.12%"
"08-05-2017","120.90","122.00","122.00","120.45","5.11K","-0.94%"
"05-05-2017","122.05","122.80","123.40","121.75","5.39K","-0.69%"
"04-05-2017","122.90","123.15","123.15","122.05","5.43K","-0.20%"
"03-05-2017","123.15","123.25","123.70","122.60","4.89K","-0.48%"
"02-05-2017","123.75","123.30","123.85","122.20","4.36K","-0.04%"
"01-05-2017","123.80","122.85","124.00","122.85","0.83K","0.36%"
"28-04-2017","123.35","123.40","123.75","122.70","2.31K","0.49%"
"27-04-2017","122.75","125.15","125.95","122.65","4.94K","-2.27%"
"26-04-2017","125.60","124.50","125.70","124.50","3.79K","0.00%"
"25-04-2017","125.60","124.95","125.80","124.35","4.94K","0.32%"
"24-04-2017","125.20","124.70","125.30","124.05","3.91K","0.48%"
"21-04-2017","124.60","125.55","126.35","124.50","5.99K","-0.84%"
"20-04-2017","125.65","123.10","125.70","122.70","7.22K","2.03%"
"19-04-2017","123.15","122.50","123.25","122.00","5.09K","0.94%"
"18-04-2017","122.00","124.65","125.45","121.80","10.87K","-1.89%"
"17-04-2017","124.35","122.50","124.50","122.50","3.67K","1.02%"
"13-04-2017","123.10","122.80","123.30","122.25","5.41K","0.61%"
"12-04-2017","122.35","124.10","124.10","122.30","5.71K","-1.13%"
"11-04-2017","123.75","124.25","124.25","123.10","4.93K","0.00%"
"10-04-2017","123.75","125.20","125.70","123.60","6.30K","-1.59%"
"07-04-2017","125.75","125.90","126.05","123.90","7.32K","0.00%"
"06-04-2017","125.75","127.05","127.50","125.65","6.67K","-1.37%"
"05-04-2017","127.50","127.10","128.00","126.75","7.57K","1.31%"
"04-04-2017","125.85","126.60","126.90","125.70","3.01K","-0.36%"
"03-04-2017","126.30","126.60","127.70","126.20","7.57K","0.16%"
"31-03-2017","126.10","126.65","127.25","125.75","2.32K","-0.67%"
"30-03-2017","126.95","126.00","127.75","126.00","4.92K","0.55%"
"29-03-2017","126.25","125.70","126.75","125.35","4.95K","0.16%"
"28-03-2017","126.05","124.90","126.20","124.60","4.20K","0.76%"
"27-03-2017","125.10","125.80","125.80","124.00","5.41K","-0.83%"
"24-03-2017","126.15","125.65","126.30","125.40","4.59K","0.28%"
"23-03-2017","125.80","125.30","125.90","125.00","5.57K","0.32%"
"22-03-2017","125.40","125.20","126.00","124.35","7.77K","0.08%"
"21-03-2017","125.30","124.65","125.95","124.35","5.73K","0.32%"
"20-03-2017","124.90","124.50","125.50","123.95","5.68K","0.00%"
"17-03-2017","124.90","124.00","125.00","123.30","5.62K","0.85%"
"16-03-2017","123.85","123.30","124.80","123.20","4.69K","0.45%"
"15-03-2017","123.30","122.60","123.40","121.90","4.10K","0.82%"
"14-03-2017","122.30","124.10","124.35","121.60","7.25K","-1.29%"
"13-03-2017","123.90","125.95","125.95","123.80","2.46K","-0.56%"
"10-03-2017","124.60","124.95","126.60","123.90","6.67K","-0.08%"
"09-03-2017","124.70","124.85","125.10","123.25","6.99K","-0.24%"
"08-03-2017","125.00","125.60","125.95","124.75","5.77K","-0.20%"
"07-03-2017","125.25","124.90","125.35","124.10","5.39K","0.12%"
"06-03-2017","125.10","125.65","125.80","124.10","7.59K","-0.83%"
"03-03-2017","126.15","127.30","128.20","125.55","6.57K","-1.06%"
"02-03-2017","127.50","129.50","129.60","127.25","8.76K","-1.81%"
"01-03-2017","129.85","128.20","130.60","128.20","8.52K","2.61%"
"28-02-2017","126.55","126.65","126.90","126.25","1.79K","-0.28%"
"27-02-2017","126.90","125.30","127.45","125.30","6.18K","0.79%"
"24-02-2017","125.90","124.75","126.05","124.70","2.87K","1.61%"
"23-02-2017","123.90","125.50","125.75","123.55","5.98K","-1.71%"
"22-02-2017","126.05","125.00","126.20","124.55","5.25K","0.52%"
"21-02-2017","125.40","126.20","126.50","125.25","4.29K","-1.03%"
"20-02-2017","126.70","125.70","126.85","125.25","4.98K","0.84%"
"17-02-2017","125.65","126.95","126.95","124.65","7.24K","-1.10%"
"16-02-2017","127.05","127.35","127.45","125.80","8.46K","-0.24%"
"15-02-2017","127.35","126.40","127.45","125.20","7.50K","1.15%"
"14-02-2017","125.90","125.75","127.15","125.45","7.74K","0.68%"
"13-02-2017","125.05","125.20","126.00","124.95","6.02K","0.16%"
"10-02-2017","124.85","122.70","124.95","122.70","7.43K","1.55%"
"09-02-2017","122.95","123.05","123.70","122.75","4.36K","-0.20%"
"08-02-2017","123.20","122.85","123.90","122.70","3.90K","0.37%"
"07-02-2017","122.75","122.65","123.00","122.35","2.47K","-0.24%"
"06-02-2017","123.05","122.60","123.35","121.85","4.21K","0.20%"
"03-02-2017","122.80","122.25","122.90","121.80","4.74K","0.29%"
"02-02-2017","122.45","122.40","122.90","121.75","2.74K","0.20%"
"01-02-2017","122.20","122.95","123.50","121.55","4.29K","-0.33%"
"31-01-2017","122.60","122.40","123.25","121.90","1.99K","0.33%"
"30-01-2017","122.20","124.25","124.25","122.00","3.99K","-1.53%"
"27-01-2017","124.10","124.65","124.65","123.05","4.31K","-0.60%"
"25-01-2017","124.85","127.00","127.75","124.25","6.88K","-1.89%"
"24-01-2017","127.25","126.85","128.25","125.10","6.70K","0.91%"
"23-01-2017","126.10","126.75","127.75","125.60","5.64K","0.08%"
"20-01-2017","126.00","124.00","126.55","123.55","6.71K","1.37%"
"19-01-2017","124.30","123.90","124.80","123.70","4.25K","0.28%"
"18-01-2017","123.95","122.00","124.90","122.00","5.53K","1.39%"
"17-01-2017","122.25","120.90","122.90","120.65","5.24K","0.37%"
"16-01-2017","121.80","123.15","123.90","121.65","4.94K","-1.34%"
"13-01-2017","123.45","121.95","123.65","121.20","5.18K","1.60%"
"12-01-2017","121.50","119.10","121.90","119.05","5.79K","1.63%"
"11-01-2017","119.55","119.15","120.20","118.90","4.59K","0.42%"
"10-01-2017","119.05","117.35","119.45","117.25","4.55K","1.36%"
"09-01-2017","117.45","116.95","117.55","116.30","2.88K","0.69%"
"06-01-2017","116.65","115.45","116.95","115.30","3.75K","1.00%"
"05-01-2017","115.50","115.20","116.10","115.10","3.67K","0.48%"
"04-01-2017","114.95","115.40","115.50","114.60","3.24K","-0.26%"
"03-01-2017","115.25","115.25","116.00","114.80","3.03K","-0.13%"
"02-01-2017","115.40","115.00","115.50","115.00","0.40K","-0.82%"
"30-12-2016","116.35","116.25","117.15","115.50","2.00K","0.65%"
"29-12-2016","115.60","117.20","117.25","115.25","3.28K","-1.37%"
"28-12-2016","117.20","118.30","118.95","117.10","3.64K","-0.93%"
"27-12-2016","118.30","117.50","118.45","117.25","1.11K","0.85%"
"26-12-2016","117.30","117.45","119.30","116.95","1.01K","-0.38%"
"23-12-2016","117.75","117.65","117.85","117.25","2.90K","-0.13%"
"22-12-2016","117.90","117.30","118.20","117.10","4.89K","0.30%"
"21-12-2016","117.55","117.30","117.85","117.05","3.04K","0.00%"
"20-12-2016","117.55","116.20","117.70","115.95","4.38K","0.86%"
"19-12-2016","116.55","117.00","117.00","116.05","4.91K","-0.43%"
"16-12-2016","117.05","118.50","118.70","116.70","4.34K","-1.22%"
"15-12-2016","118.50","117.85","118.80","117.50","4.69K","0.51%"
"14-12-2016","117.90","117.75","118.10","116.95","4.27K","0.08%"
"13-12-2016","117.80","117.10","118.25","117.05","3.58K","0.47%"
"12-12-2016","117.25","117.80","118.25","117.10","2.58K","-0.80%"
"09-12-2016","118.20","117.10","118.60","117.05","5.11K","1.33%"
"08-12-2016","116.65","116.05","116.90","115.40","4.94K","0.60%"
"07-12-2016","115.95","115.75","117.50","115.55","6.54K","0.04%"
"06-12-2016","115.90","117.05","117.35","115.60","5.06K","-1.57%"
"05-12-2016","117.75","117.10","118.35","117.05","3.54K","0.77%"
"02-12-2016","116.85","117.50","117.50","116.35","4.02K","-0.47%"
"01-12-2016","117.40","119.00","119.25","117.15","4.84K","-0.04%"
"30-11-2016","117.45","117.10","118.60","116.55","3.06K","-0.21%"
"29-11-2016","117.70","118.70","119.10","116.90","5.37K","-0.80%"
"28-11-2016","118.65","121.70","122.50","118.25","8.01K","-1.62%"
"25-11-2016","120.60","120.40","120.80","119.15","7.16K","-0.29%"
"24-11-2016","120.95","122.40","122.45","120.75","5.99K","-0.86%"
"23-11-2016","122.00","119.95","122.60","119.60","7.59K","1.54%"
"22-11-2016","120.15","117.90","120.25","117.90","7.71K","2.21%"
"21-11-2016","117.55","115.90","117.65","115.90","4.32K","1.91%"
"18-11-2016","115.35","114.60","115.65","114.40","4.54K","0.57%"
"17-11-2016","114.70","115.20","115.20","113.80","4.81K","-0.65%"
"16-11-2016","115.45","116.20","116.50","115.30","5.58K","-1.58%"
"15-11-2016","117.30","117.95","118.35","115.70","6.59K","-0.59%"
"14-11-2016","118.00","117.90","119.00","116.85","4.89K","0.51%"
"11-11-2016","117.40","118.25","120.70","117.25","11.29K","-0.93%"
"10-11-2016","118.50","116.65","118.75","116.40","7.63K","1.89%"
"09-11-2016","116.30","114.00","116.95","113.50","6.97K","1.31%"
"08-11-2016","114.80","115.15","115.25","113.75","6.75K","-0.30%"
"07-11-2016","115.15","116.00","116.50","114.25","6.32K","0.35%"
"04-11-2016","114.75","115.00","115.45","114.40","5.16K","-0.39%"
"03-11-2016","115.20","114.30","115.75","114.20","6.25K","0.48%"
"02-11-2016","114.65","114.80","115.15","113.50","8.35K","-0.78%"
"01-11-2016","115.55","115.65","116.15","114.70","6.20K","0.70%"
"30-10-2016","114.75","115.00","115.45","113.25","0.21K","-0.13%"
"28-10-2016","114.90","113.25","115.00","113.25","6.12K","1.46%"
"27-10-2016","113.25","111.70","113.45","111.50","6.36K","1.07%"
"26-10-2016","112.05","111.40","112.20","110.85","4.65K","0.67%"
"25-10-2016","111.30","109.30","112.20","109.30","9.38K","2.06%"
"24-10-2016","109.05","108.85","109.15","108.45","4.23K","0.37%"
"21-10-2016","108.65","108.20","108.80","107.60","5.36K","0.88%"
"20-10-2016","107.70","108.50","108.75","107.15","5.43K","-0.69%"
"19-10-2016","108.45","109.05","109.05","107.50","7.90K","-0.69%"
"18-10-2016","109.20","111.00","111.70","108.85","7.86K","-1.62%"
"17-10-2016","111.00","111.20","111.40","109.75","6.25K","-0.13%"
"14-10-2016","111.15","112.85","112.95","111.00","4.60K","-1.42%"
"13-10-2016","112.75","111.95","112.90","111.65","5.98K","0.71%"
"12-10-2016","111.95","112.05","112.50","111.80","1.72K","0.09%"
"11-10-2016","111.85","111.50","112.10","111.00","3.78K","-0.13%"
"10-10-2016","112.00","111.70","112.20","111.40","2.58K","0.58%"
"07-10-2016","111.35","111.85","112.00","111.15","3.06K","-0.27%"
"06-10-2016","111.65","110.75","111.70","110.65","4.69K","0.45%"
"05-10-2016","111.15","110.95","111.35","110.35","5.23K","0.09%"
"04-10-2016","111.05","111.15","111.40","110.50","5.02K","-0.18%"
"03-10-2016","111.25","111.05","112.30","110.20","6.13K","0.63%"
"30-09-2016","110.55","110.25","111.05","109.75","3.22K","-0.41%"
"29-09-2016","111.00","110.10","111.10","110.10","5.04K","1.19%"
"28-09-2016","109.70","108.90","110.00","108.80","5.32K","0.92%"
"27-09-2016","108.70","109.55","110.35","108.45","7.53K","-1.09%"
"26-09-2016","109.90","108.10","110.25","107.90","9.04K","1.10%"
"23-09-2016","108.70","108.35","109.70","108.20","10.89K","0.37%"
"22-09-2016","108.30","105.80","108.40","105.80","10.90K","2.61%"
"21-09-2016","105.55","105.30","105.85","105.05","5.10K","0.43%"
"20-09-2016","105.10","105.50","105.90","105.00","5.09K","-0.28%"
"19-09-2016","105.40","104.90","105.55","104.55","4.97K","0.24%"
"16-09-2016","105.15","104.40","105.60","104.40","6.89K","0.67%"
"15-09-2016","104.45","105.45","106.25","104.10","7.08K","-0.81%"
"14-09-2016","105.30","104.20","105.65","104.00","6.50K","0.91%"
"13-09-2016","104.35","104.45","104.70","104.10","2.57K","0.14%"
"12-09-2016","104.20","105.60","105.60","104.05","4.53K","-0.62%"
"09-09-2016","104.85","105.50","105.80","104.75","4.07K","-0.57%"
"08-09-2016","105.45","105.40","105.55","104.70","6.63K","0.05%"
"07-09-2016","105.40","105.40","106.05","105.20","5.29K","0.38%"
"06-09-2016","105.00","105.10","105.75","104.85","6.26K","0.14%"
"05-09-2016","104.85","105.70","105.70","104.55","3.75K","-1.04%"
"02-09-2016","105.95","107.80","107.90","105.85","6.87K","-1.62%"
"01-09-2016","107.70","108.25","108.50","106.90","7.17K","0.47%"
"31-08-2016","107.20","108.40","108.40","106.95","2.41K","-0.97%"
"30-08-2016","108.25","109.70","109.80","108.15","5.35K","-1.14%"
"29-08-2016","109.50","109.65","109.85","109.40","0.76K","-0.05%"
"26-08-2016","109.55","109.85","110.10","109.00","3.73K","0.09%"
"25-08-2016","109.45","110.05","110.20","108.80","4.48K","-0.59%"
"24-08-2016","110.10","111.40","111.45","109.70","5.09K","-1.30%"
"23-08-2016","111.55","111.55","111.75","110.95","3.39K","0.04%"
"22-08-2016","111.50","111.10","111.60","110.80","3.66K","0.09%"
"19-08-2016","111.40","112.05","112.40","110.80","6.63K","-0.62%"
"18-08-2016","112.10","113.00","113.70","112.00","5.15K","-0.93%"
"17-08-2016","113.15","112.45","113.25","112.40","5.67K","0.27%"
"16-08-2016","112.85","110.35","113.00","110.35","7.84K","2.45%"
"12-08-2016","110.15","110.30","110.45","109.50","5.93K","-0.18%"
"11-08-2016","110.35","109.80","110.50","109.65","5.34K","0.68%"
"10-08-2016","109.60","109.65","110.85","109.40","6.07K","0.00%"
"09-08-2016","109.60","109.80","109.95","109.25","3.36K","-0.09%"
"08-08-2016","109.70","110.10","110.60","109.35","5.39K","-0.23%"
"05-08-2016","109.95","108.85","110.05","108.85","6.28K","1.29%"
"04-08-2016","108.55","109.55","109.95","108.30","6.95K","-1.18%"
"03-08-2016","109.85","108.60","110.25","108.20","7.84K","1.29%"
"02-08-2016","108.45","109.45","110.10","108.35","5.52K","-0.50%"
"01-08-2016","109.00","109.75","111.15","108.85","7.61K","0.51%"
"29-07-2016","108.45","107.15","110.00","106.90","4.19K","1.36%"
"28-07-2016","107.00","106.70","107.25","106.45","3.77K","0.52%"
"27-07-2016","106.45","106.85","106.95","106.10","4.67K","-0.47%"
"26-07-2016","106.95","107.40","108.05","106.80","5.06K","-0.65%"
"25-07-2016","107.65","107.70","108.05","106.90","5.73K","0.19%"
"22-07-2016","107.45","106.35","107.95","106.35","6.51K","0.56%"
"21-07-2016","106.85","108.45","109.00","106.75","8.03K","-1.38%"
"20-07-2016","108.35","109.75","109.95","107.80","7.48K","-1.28%"
"19-07-2016","109.75","110.75","111.00","109.35","6.44K","-0.99%"
"18-07-2016","110.85","111.50","111.75","110.55","5.92K","-0.54%"
"15-07-2016","111.45","112.30","113.55","111.15","8.37K","-0.58%"
"14-07-2016","112.10","111.60","112.30","111.35","4.64K","0.45%"
"13-07-2016","111.60","112.35","112.80","111.25","5.82K","-0.36%"
"12-07-2016","112.00","110.55","112.20","110.35","7.01K","1.22%"
"11-07-2016","110.65","111.50","111.95","110.35","4.88K","-0.54%"
"08-07-2016","111.25","110.70","112.00","110.55","7.29K","0.72%"
"07-07-2016","110.45","111.45","111.70","110.35","6.74K","-0.85%"
"06-07-2016","111.40","110.90","111.65","110.25","4.60K","-0.09%"
"05-07-2016","111.50","110.30","111.70","110.15","7.87K","0.68%"
"04-07-2016","110.75","111.70","112.45","110.65","6.07K","-0.89%"
"01-07-2016","111.75","111.40","112.15","111.10","7.42K","1.04%"
"30-06-2016","110.60","109.60","110.80","109.55","3.08K","0.77%"
"29-06-2016","109.75","109.70","109.85","108.90","4.15K","0.00%"
"28-06-2016","109.75","108.20","110.10","108.20","5.58K","1.71%"
"27-06-2016","107.90","109.20","109.60","107.80","6.79K","-1.15%"
"24-06-2016","109.15","109.20","109.80","108.10","8.94K","-0.77%"
"23-06-2016","110.00","109.40","110.15","109.30","4.03K","0.36%"
"22-06-2016","109.60","110.05","110.35","109.35","5.89K","-0.63%"
"21-06-2016","110.30","109.65","110.45","109.45","6.99K","0.36%"
"20-06-2016","109.90","107.80","110.00","107.80","5.59K","1.71%"
"17-06-2016","108.05","108.00","108.40","107.15","7.10K","0.42%"
"16-06-2016","107.60","108.35","108.45","106.90","8.28K","-0.97%"
"15-06-2016","108.65","107.60","108.90","107.35","8.99K","0.79%"
"14-06-2016","107.80","107.00","108.10","106.75","9.37K","0.42%"
"13-06-2016","107.35","105.00","107.55","104.75","10.96K","2.14%"
"10-06-2016","105.10","105.40","106.40","104.90","8.51K","-0.10%"
"09-06-2016","105.20","106.75","107.95","105.00","11.44K","-0.85%"
"08-06-2016","106.10","104.50","107.10","104.45","11.72K","1.77%"
"07-06-2016","104.25","103.50","104.40","103.30","10.05K","0.34%"
"06-06-2016","103.90","103.75","104.40","103.30","7.78K","0.53%"
"03-06-2016","103.35","103.80","105.05","103.30","10.30K","-0.34%"
"02-06-2016","103.70","105.85","106.45","103.55","10.69K","-2.22%"
"01-06-2016","106.05","104.20","106.45","104.10","8.23K","2.07%"
"31-05-2016","103.90","103.35","104.10","103.10","4.18K","0.34%"
"30-05-2016","103.55","103.80","104.00","103.45","2.11K","-0.10%"
"27-05-2016","103.65","104.20","104.50","103.40","5.09K","-0.10%"
"26-05-2016","103.75","103.80","104.80","103.65","6.92K","0.10%"
"25-05-2016","103.65","104.95","105.15","103.50","7.38K","-1.61%"
"24-05-2016","105.35","104.70","105.90","104.25","8.48K","0.72%"
"23-05-2016","104.60","104.10","105.05","103.10","6.20K","0.48%"
"20-05-2016","104.10","104.20","106.10","104.00","8.88K","-0.29%"
"19-05-2016","104.40","103.90","104.65","103.35","6.53K","0.10%"
"18-05-2016","104.30","102.90","104.40","102.60","7.90K","1.11%"
"17-05-2016","103.15","103.45","104.15","103.05","5.80K","-0.34%"
"16-05-2016","103.50","103.25","103.60","102.55","6.39K","0.53%"
"13-05-2016","102.95","103.25","103.50","102.30","6.16K","-0.24%"
"12-05-2016","103.20","104.35","105.20","102.75","10.13K","-0.86%"
"11-05-2016","104.10","104.20","105.10","103.85","6.98K","0.39%"
"10-05-2016","103.70","104.20","104.45","103.30","6.67K","-0.24%"
"09-05-2016","103.95","105.60","105.60","103.85","7.21K","-2.30%"
"06-05-2016","106.40","106.85","107.65","106.00","8.15K","-0.47%"
"05-05-2016","106.90","108.55","108.70","106.80","8.10K","-1.66%"
"04-05-2016","108.70","108.45","109.55","108.10","8.02K","-0.05%"
"03-05-2016","108.75","110.90","111.65","108.20","14.92K","-2.16%"
"02-05-2016","111.15","111.35","111.50","110.85","2.14K","-0.18%"
"29-04-2016","111.35","110.80","111.60","110.65","4.01K","0.86%"
"28-04-2016","110.40","108.90","110.60","108.45","6.27K","0.87%"
"27-04-2016","109.45","108.95","109.70","108.05","8.52K","0.32%"
"26-04-2016","109.10","109.70","109.85","108.40","7.83K","-0.73%"
"25-04-2016","109.90","109.60","110.15","108.40","8.31K","0.18%"
"22-04-2016","109.70","108.50","110.50","108.00","7.85K","1.25%"
"21-04-2016","108.35","107.60","109.00","106.95","10.88K","0.88%"
"20-04-2016","107.40","105.05","107.60","104.90","7.77K","2.14%"
"19-04-2016","105.15","104.00","105.40","104.00","4.10K","0.57%"
"18-04-2016","104.55","103.10","104.75","102.60","8.03K","1.21%"
"15-04-2016","103.30","103.30","103.40","102.55","2.64K","-0.24%"
"14-04-2016","103.55","103.75","104.35","103.20","4.92K","0.24%"
"13-04-2016","103.30","101.60","104.20","101.60","10.64K","1.47%"
"12-04-2016","101.80","99.90","102.05","99.75","7.93K","2.11%"
"11-04-2016","99.70","100.75","101.30","99.60","5.46K","-1.38%"
"08-04-2016","101.10","100.05","101.40","99.50","6.84K","1.20%"
"07-04-2016","99.90","100.60","100.90","99.60","6.60K","-0.65%"
"06-04-2016","100.55","101.15","101.40","99.45","8.17K","-0.45%"
"05-04-2016","101.00","101.60","102.20","100.80","4.82K","-0.59%"
"04-04-2016","101.60","102.25","102.55","101.30","5.23K","-0.68%"
"01-04-2016","102.30","101.25","102.80","101.25","8.25K","3.59%"
"31-03-2016","98.75","98.50","99.60","98.25","6.09K","0.25%"
"30-03-2016","98.50","98.60","99.20","98.05","6.91K","-0.30%"
"29-03-2016","98.80","99.20","99.35","98.35","6.61K","0.05%"
"28-03-2016","98.75","98.90","99.05","98.60","1.64K","0.00%"
"24-03-2016","98.75","98.25","98.95","98.20","3.15K","0.36%"
"23-03-2016","98.40","99.35","99.35","98.30","5.23K","-0.86%"
"22-03-2016","99.25","99.90","100.10","99.00","6.94K","-0.65%"
"21-03-2016","99.90","100.35","100.45","99.70","7.14K","-0.15%"
"18-03-2016","100.05","101.60","101.95","99.50","10.61K","-1.23%"
"17-03-2016","101.30","101.60","102.40","100.40","12.23K","-0.25%"
"16-03-2016","101.55","102.40","102.50","101.40","6.13K","-0.68%"
"15-03-2016","102.25","103.55","103.85","102.15","5.87K","-1.21%"
"14-03-2016","103.50","104.85","105.20","103.30","6.54K","-1.15%"
"11-03-2016","104.70","105.30","105.55","104.55","5.43K","-0.29%"
"10-03-2016","105.00","106.25","106.40","104.10","8.51K","-1.18%"
"09-03-2016","106.25","105.85","106.40","105.10","6.08K","0.47%"
"08-03-2016","105.75","107.20","108.00","105.15","7.49K","-1.54%"
"07-03-2016","107.40","106.90","107.70","106.75","3.58K","0.75%"
"04-03-2016","106.60","106.80","107.30","105.55","7.08K","0.33%"
"03-03-2016","106.25","107.45","107.80","106.15","5.70K","-1.35%"
"02-03-2016","107.70","107.65","108.45","107.05","5.60K","0.33%"
"01-03-2016","107.35","107.60","108.70","106.90","6.50K","-2.81%"
"29-02-2016","110.45","108.45","111.30","108.15","4.26K","1.94%"
"26-02-2016","108.35","108.60","109.60","108.05","7.57K","-0.09%"
"25-02-2016","108.45","108.45","109.90","108.00","9.02K","-0.18%"
"24-02-2016","108.65","106.75","108.90","106.20","7.29K","1.54%"
"23-02-2016","107.00","108.50","109.50","106.60","8.08K","-1.74%"
"22-02-2016","108.90","107.50","109.50","107.15","6.01K","1.16%"
"19-02-2016","107.65","105.70","107.75","105.55","6.62K","2.28%"
"18-02-2016","105.25","104.95","105.50","104.15","5.74K","0.53%"
"17-02-2016","104.70","104.90","105.00","104.00","5.95K","-0.29%"
"16-02-2016","105.00","104.15","105.60","104.15","8.46K","1.79%"
"15-02-2016","103.15","103.00","104.10","102.80","6.59K","0.54%"
"12-02-2016","102.60","102.45","102.85","101.90","3.02K","0.49%"
"11-02-2016","102.10","101.95","102.55","101.40","5.42K","0.79%"
"10-02-2016","101.30","101.10","102.10","100.65","5.21K","0.10%"
"09-02-2016","101.20","103.10","103.60","100.90","8.82K","-1.32%"
"08-02-2016","102.55","102.35","103.40","101.70","8.80K","0.24%"
"05-02-2016","102.30","104.00","104.60","102.05","6.97K","-2.06%"
"04-02-2016","104.45","104.45","105.05","103.80","5.89K","0.38%"
"03-02-2016","104.05","103.35","104.40","103.20","6.06K","1.12%"
"02-02-2016","102.90","103.85","104.80","102.80","7.91K","-1.25%"
"01-02-2016","104.20","103.55","104.35","102.50","6.30K","0.43%"
"29-01-2016","103.75","103.25","104.05","102.90","3.12K","0.39%"
"28-01-2016","103.35","104.00","104.50","103.05","6.27K","-0.91%"
"27-01-2016","104.30","101.45","104.40","101.45","8.98K","3.78%"
"25-01-2016","100.50","100.65","101.05","100.15","4.38K","-0.25%"
"22-01-2016","100.75","100.95","101.95","100.60","6.68K","-0.30%"
"21-01-2016","101.05","100.40","101.20","99.40","8.27K","0.90%"
"20-01-2016","100.15","100.55","100.90","99.95","6.85K","-0.69%"
"19-01-2016","100.85","101.45","102.40","100.70","9.79K","-0.25%"
"18-01-2016","101.10","100.40","101.75","99.90","7.93K","0.65%"
"15-01-2016","100.45","100.25","100.70","99.75","7.42K","-0.25%"
"14-01-2016","100.70","98.25","100.85","98.25","8.40K","2.60%"
"13-01-2016","98.15","98.10","98.55","97.75","7.66K","0.41%"
"12-01-2016","97.75","98.55","98.75","97.70","7.06K","-0.61%"
"11-01-2016","98.35","99.90","99.95","97.90","7.01K","-1.80%"
"08-01-2016","100.15","98.60","100.25","98.50","9.38K","1.68%"
"07-01-2016","98.50","99.00","99.50","97.60","10.54K","-0.76%"
"06-01-2016","99.25","98.75","99.40","98.05","8.18K","0.97%"
"05-01-2016","98.30","99.15","100.10","98.05","11.74K","-0.56%"
"04-01-2016","98.85","100.35","100.45","98.20","11.44K","-1.49%"
"01-01-2016","100.35","100.25","100.90","99.80","1.67K","0.45%"
"31-12-2015","99.90","100.95","101.15","99.60","4.01K","-1.24%"
"30-12-2015","101.15","101.10","101.50","99.90","8.63K","0.45%"
"29-12-2015","100.70","99.75","102.25","99.60","11.70K","0.15%"
"28-12-2015","100.55","100.95","100.95","100.20","2.33K","-0.25%"
"24-12-2015","100.80","102.40","102.90","100.65","6.24K","-0.69%"
"23-12-2015","101.50","100.25","101.65","100.15","9.49K","1.81%"
"22-12-2015","99.70","100.35","100.55","99.60","6.20K","-0.75%"
"21-12-2015","100.45","100.00","101.15","99.85","7.64K","0.85%"
"18-12-2015","99.60","98.90","100.25","98.45","10.80K","1.12%"
"17-12-2015","98.50","99.30","99.30","97.70","8.60K","-1.05%"
"16-12-2015","99.55","98.75","99.70","98.00","9.91K","1.01%"
"15-12-2015","98.55","100.05","100.05","98.20","7.87K","-1.74%"
"14-12-2015","100.30","100.40","100.50","99.15","7.05K","0.35%"
"11-12-2015","99.95","99.70","101.00","99.65","8.76K","0.30%"
"10-12-2015","99.65","99.60","99.90","98.75","9.52K","-0.30%"
"09-12-2015","99.95","99.10","100.65","99.00","10.84K","1.27%"
"08-12-2015","98.70","99.70","99.70","98.00","8.29K","-0.65%"
"07-12-2015","99.35","100.75","101.45","99.20","8.73K","-2.07%"
"04-12-2015","101.45","99.35","102.10","99.20","10.83K","1.96%"
"03-12-2015","99.50","99.10","99.70","98.00","9.03K","0.25%"
"02-12-2015","99.25","98.90","100.00","98.30","9.36K","0.35%"
"01-12-2015","98.90","97.55","99.00","96.55","9.36K","2.43%"
"30-11-2015","96.55","97.05","97.40","96.20","5.73K","-0.41%"
"27-11-2015","96.95","100.35","100.45","96.55","12.07K","-3.58%"
"26-11-2015","100.55","97.30","100.60","97.30","12.67K","4.30%"
"25-11-2015","96.40","95.45","97.25","95.15","5.78K","0.63%"
"24-11-2015","95.80","95.50","96.40","95.00","7.90K","0.84%"
"23-11-2015","95.00","94.95","95.80","94.60","6.91K","-0.58%"
"20-11-2015","95.55","96.70","98.90","94.55","14.12K","-1.14%"
"19-11-2015","96.65","96.65","96.90","95.80","7.80K","-0.31%"
"18-11-2015","96.95","96.75","97.70","96.20","7.44K","0.00%"
"17-11-2015","96.95","96.35","97.80","95.75","8.59K","0.36%"
"16-11-2015","96.60","98.65","98.80","96.50","7.96K","-1.88%"
"13-11-2015","98.45","99.00","99.05","98.30","5.02K","-0.20%"
"12-11-2015","98.65","99.55","99.75","98.50","4.96K","-1.10%"
"10-11-2015","99.75","100.00","100.00","98.15","9.53K","-0.60%"
"09-11-2015","100.35","101.00","101.55","100.25","9.39K","-0.59%"
"06-11-2015","100.95","99.15","101.25","98.75","17.98K","1.66%"
"05-11-2015","99.30","98.00","99.40","97.25","13.83K","1.64%"
"04-11-2015","97.70","97.80","98.75","96.20","11.94K","-0.36%"
"03-11-2015","98.05","97.50","98.50","97.10","10.84K","1.08%"
"02-11-2015","97.00","96.20","97.55","96.00","8.27K","2.86%"
"30-10-2015","94.30","94.45","94.45","93.85","9.55K","-0.21%"
"29-10-2015","94.50","94.05","95.20","93.70","9.50K","-0.11%"
"28-10-2015","94.60","94.30","94.95","93.00","10.08K","0.32%"
"27-10-2015","94.30","94.40","94.90","94.00","7.66K","0.48%"
"26-10-2015","93.85","95.50","96.25","93.75","9.82K","-1.62%"
"23-10-2015","95.40","94.45","97.40","93.85","17.51K","0.95%"
"22-10-2015","94.50","97.00","97.25","94.30","7.73K","-2.22%"
"21-10-2015","96.65","98.10","98.10","96.55","10.91K","-1.53%"
"20-10-2015","98.15","98.05","98.40","97.55","8.49K","-0.25%"
"19-10-2015","98.40","99.50","99.65","98.25","11.36K","-1.30%"
"16-10-2015","99.70","100.25","100.25","99.30","10.84K","-0.55%"
"15-10-2015","100.25","101.45","101.75","99.55","14.77K","-1.18%"
"14-10-2015","101.45","101.80","102.35","101.05","9.05K","-0.54%"
"13-10-2015","102.00","101.25","102.20","100.90","10.44K","0.44%"
"12-10-2015","101.55","102.95","104.10","101.45","9.93K","-1.17%"
"09-10-2015","102.75","100.55","104.95","100.55","22.03K","2.80%"
"08-10-2015","99.95","101.10","101.40","99.80","9.78K","-1.28%"
"07-10-2015","101.25","100.70","102.15","100.50","9.63K","0.75%"
"06-10-2015","100.50","101.00","101.50","100.20","6.36K","-0.20%"
"05-10-2015","100.70","101.85","102.10","100.40","8.75K","-1.13%"
"01-10-2015","101.85","102.80","103.95","101.60","6.64K","-0.59%"
"30-09-2015","102.45","102.30","103.15","102.00","4.19K","0.00%"
"29-09-2015","102.45","102.00","102.80","101.15","6.37K","0.49%"
"28-09-2015","101.95","103.35","103.75","101.35","7.90K","-1.26%"
"25-09-2015","103.25","104.05","104.45","103.10","2.83K","-1.01%"
"24-09-2015","104.30","104.25","104.85","103.60","5.39K","0.24%"
"23-09-2015","104.05","104.05","105.00","103.75","6.27K","-0.29%"
"22-09-2015","104.35","105.75","106.00","104.30","6.40K","-1.60%"
"21-09-2015","106.05","106.40","107.10","105.80","5.77K","-0.47%"
"18-09-2015","106.55","107.45","108.25","106.40","8.02K","-1.11%"
"17-09-2015","107.75","107.00","108.05","106.65","3.16K","0.28%"
"16-09-2015","107.45","106.85","107.65","106.50","5.93K","0.23%"
"15-09-2015","107.20","107.45","107.45","105.50","8.40K","0.23%"
"14-09-2015","106.95","108.50","108.50","106.90","5.61K","-1.56%"
"11-09-2015","108.65","108.45","108.90","108.05","5.38K","0.14%"
"10-09-2015","108.50","107.85","108.80","107.80","6.05K","0.42%"
"09-09-2015","108.05","108.35","109.75","107.95","8.59K","-0.09%"
"08-09-2015","108.15","106.65","108.30","106.15","7.26K","1.31%"
"07-09-2015","106.75","107.80","108.50","106.65","5.66K","-0.61%"
"04-09-2015","107.40","107.80","108.60","107.00","7.75K","-0.37%"
"03-09-2015","107.80","106.25","108.50","106.20","8.28K","1.60%"
"02-09-2015","106.10","106.20","106.85","105.30","6.65K","-0.42%"
"01-09-2015","106.55","106.00","107.65","105.10","7.93K","4.15%"
"28-08-2015","102.30","102.35","103.00","102.00","4.86K","0.69%"
"27-08-2015","101.60","100.60","102.45","100.25","8.73K","1.30%"
"26-08-2015","100.30","101.40","101.55","100.00","8.20K","-1.62%"
"25-08-2015","101.95","100.95","102.20","100.25","10.23K","0.84%"
"24-08-2015","101.10","100.80","101.45","99.45","10.99K","-0.34%"
"21-08-2015","101.45","102.10","102.60","100.90","7.94K","-0.34%"
"20-08-2015","101.80","100.60","102.60","100.60","7.59K","1.29%"
"19-08-2015","100.50","100.60","101.20","100.25","6.74K","-0.25%"
"18-08-2015","100.75","101.65","101.80","100.40","8.07K","-0.49%"
"17-08-2015","101.25","101.70","102.05","100.60","6.61K","-0.25%"
"14-08-2015","101.50","101.50","101.90","101.00","5.80K","-0.20%"
"13-08-2015","101.70","102.00","102.40","101.15","7.37K","-0.59%"
"12-08-2015","102.30","100.30","102.50","99.75","9.97K","1.14%"
"11-08-2015","101.15","101.55","101.80","100.20","10.51K","-0.69%"
"10-08-2015","101.85","100.20","102.60","100.05","9.68K","1.49%"
"07-08-2015","100.35","100.35","101.50","100.15","8.78K","-0.20%"
"06-08-2015","100.55","101.00","101.30","99.70","9.29K","-0.35%"
"05-08-2015","100.90","102.10","102.50","100.85","7.41K","-1.42%"
"04-08-2015","102.35","102.15","102.85","101.75","8.36K","-0.20%"
"03-08-2015","102.55","103.00","103.05","101.75","7.57K","0.64%"
"31-07-2015","101.90","102.85","102.85","101.45","5.83K","-1.16%"
"30-07-2015","103.10","103.85","104.05","102.70","6.57K","-0.72%"
"29-07-2015","103.85","103.90","104.50","103.70","5.72K","-0.05%"
"28-07-2015","103.90","103.25","104.15","102.85","7.73K","0.53%"
"27-07-2015","103.35","103.25","103.90","102.45","7.39K","0.10%"
"24-07-2015","103.25","102.60","103.45","102.00","8.68K","1.08%"
"23-07-2015","102.15","103.45","103.90","102.10","7.22K","-1.21%"
"22-07-2015","103.40","103.40","104.00","102.65","8.38K","-0.05%"
"21-07-2015","103.45","105.25","105.40","103.30","8.03K","-1.66%"
"20-07-2015","105.20","105.70","105.85","104.90","5.90K","-0.66%"
"17-07-2015","105.90","106.85","107.15","105.75","5.42K","-0.94%"
"16-07-2015","106.90","106.90","107.65","106.50","6.51K","-0.05%"
"15-07-2015","106.95","106.40","107.80","106.20","8.52K","0.66%"
"14-07-2015","106.25","107.00","107.00","105.70","6.44K","-0.70%"
"13-07-2015","107.00","105.80","107.40","105.45","8.31K","0.80%"
"10-07-2015","106.15","106.35","106.70","105.40","6.18K","0.00%"
"09-07-2015","106.15","105.10","106.50","104.45","10.25K","1.10%"
"08-07-2015","105.00","104.10","105.55","102.45","10.37K","0.10%"
"07-07-2015","104.90","106.20","106.45","103.40","13.55K","-1.08%"
"06-07-2015","106.05","107.30","107.30","105.85","11.49K","-1.30%"
"03-07-2015","107.45","108.35","108.80","107.30","5.95K","-0.78%"
"02-07-2015","108.30","109.05","109.75","108.20","8.82K","-0.87%"
"01-07-2015","109.25","106.85","109.55","106.20","10.76K","4.20%"
"30-06-2015","104.85","105.40","105.50","104.45","6.36K","-0.76%"
"29-06-2015","105.65","106.25","106.50","104.75","8.13K","-0.47%"
"26-06-2015","106.15","107.25","107.45","106.05","5.81K","-0.98%"
"25-06-2015","107.20","107.10","107.55","106.30","7.51K","0.33%"
"24-06-2015","106.85","107.70","108.30","106.45","7.27K","-0.65%"
"23-06-2015","107.55","106.45","108.20","106.45","9.26K","1.27%"
"22-06-2015","106.20","106.05","106.40","105.30","7.63K","0.43%"
"19-06-2015","105.75","106.95","107.15","105.50","7.26K","-0.94%"
"18-06-2015","106.75","107.60","108.30","106.55","9.38K","-0.74%"
"17-06-2015","107.55","107.90","108.55","107.25","8.07K","-0.19%"
"16-06-2015","107.75","108.55","108.75","107.40","7.82K","-0.55%"
"15-06-2015","108.35","109.80","109.80","107.25","10.73K","-1.54%"
"12-06-2015","110.05","110.55","110.85","109.80","6.86K","-0.36%"
"11-06-2015","110.45","110.90","111.30","109.55","8.67K","-0.36%"
"10-06-2015","110.85","110.90","112.00","110.75","8.33K","0.00%"
"09-06-2015","110.85","110.95","111.75","110.40","10.11K","0.09%"
"08-06-2015","110.75","111.10","111.25","110.15","6.80K","-0.18%"
"05-06-2015","110.95","110.65","111.15","109.25","9.35K","0.23%"
"04-06-2015","110.70","111.65","111.65","110.30","6.26K","-0.54%"
"03-06-2015","111.30","110.50","111.80","110.10","7.35K","1.00%"
"02-06-2015","110.20","111.45","111.85","109.80","8.66K","-0.72%"
"01-06-2015","111.00","110.45","111.40","109.50","6.95K","1.69%"
"29-05-2015","109.15","111.00","111.30","108.65","4.04K","-1.53%"
"28-05-2015","110.85","109.20","111.05","108.70","10.51K","1.65%"
"27-05-2015","109.05","110.25","110.65","108.80","6.64K","-1.00%"
"26-05-2015","110.15","110.70","111.30","109.70","6.28K","-0.14%"
"25-05-2015","110.30","110.20","110.60","109.85","1.99K","0.00%"
"22-05-2015","110.30","111.35","111.50","109.70","6.45K","-0.63%"
"21-05-2015","111.00","112.20","112.75","110.90","7.93K","-0.76%"
"20-05-2015","111.85","112.90","113.10","111.70","6.61K","-0.84%"
"19-05-2015","112.80","114.70","114.75","112.25","8.23K","-1.36%"
"18-05-2015","114.35","116.65","116.90","114.25","7.57K","-1.63%"
"15-05-2015","116.25","117.25","117.65","115.80","5.89K","-0.60%"
"14-05-2015","116.95","119.35","119.80","116.55","6.90K","-1.97%"
"13-05-2015","119.30","120.25","121.35","118.80","7.24K","-1.08%"
"12-05-2015","120.60","119.50","120.90","118.95","9.13K","1.26%"
"11-05-2015","119.10","119.10","120.75","118.35","8.46K","-0.33%"
"08-05-2015","119.50","120.05","121.30","118.75","9.55K","-0.33%"
"07-05-2015","119.90","121.50","122.60","119.60","9.89K","-1.60%"
"06-05-2015","121.85","124.70","125.60","120.90","11.00K","-2.21%"
"05-05-2015","124.60","121.15","125.10","120.50","10.36K","2.76%"
"04-05-2015","121.25","121.90","121.90","120.85","1.42K","-0.33%"
"01-05-2015","121.65","121.75","122.65","121.10","3.58K","0.16%"
"30-04-2015","121.45","120.15","121.65","120.15","3.61K","1.12%"
"29-04-2015","120.10","119.00","120.30","117.80","6.83K","1.61%"
"28-04-2015","118.20","116.20","118.30","115.95","7.27K","1.76%"
"27-04-2015","116.15","116.25","117.30","115.85","8.08K","-0.04%"
"24-04-2015","116.20","113.20","116.40","112.90","10.27K","3.06%"
"23-04-2015","112.75","112.90","113.60","112.25","8.08K","-0.88%"
"22-04-2015","113.75","114.65","115.05","113.60","6.36K","-0.78%"
"21-04-2015","114.65","114.95","115.25","113.45","7.01K","-0.26%"
"20-04-2015","114.95","114.60","115.80","114.60","7.05K","0.52%"
"17-04-2015","114.35","114.25","115.40","113.95","7.96K","0.13%"
"16-04-2015","114.20","114.00","115.55","113.90","9.31K","0.22%"
"15-04-2015","113.95","111.75","114.05","111.70","8.80K","2.06%"
"14-04-2015","111.65","110.60","111.85","110.40","4.69K","0.95%"
"13-04-2015","110.60","109.80","111.30","109.80","6.59K","0.45%"
"10-04-2015","110.10","110.00","110.75","109.95","5.10K","0.18%"
"09-04-2015","109.90","110.35","110.50","109.60","5.36K","-0.50%"
"08-04-2015","110.45","111.30","111.70","110.30","6.86K","-0.90%"
"07-04-2015","111.45","111.50","112.35","111.30","4.68K","0.32%"
"06-04-2015","111.10","111.40","112.20","110.90","2.83K","-0.04%"
"02-04-2015","111.15","111.00","111.65","110.90","2.75K","-0.18%"
"01-04-2015","111.35","112.15","112.55","110.90","5.74K","-0.54%"
"31-03-2015","111.95","111.95","112.45","111.45","3.27K","0.04%"
"30-03-2015","111.90","111.10","112.20","110.95","4.71K","0.58%"
"27-03-2015","111.25","112.30","112.35","110.60","5.58K","-1.16%"
"26-03-2015","112.55","111.25","112.90","111.25","7.12K","1.53%"
"25-03-2015","110.85","111.20","111.45","110.20","6.37K","-0.49%"
"24-03-2015","111.40","111.15","111.95","110.90","6.54K","-0.04%"
"23-03-2015","111.45","111.65","112.50","111.05","7.79K","-0.09%"
"20-03-2015","111.55","111.05","112.40","110.10","10.19K","0.54%"
"19-03-2015","110.95","110.65","111.75","110.40","7.27K","0.82%"
"18-03-2015","110.05","111.85","111.85","109.85","6.82K","-1.74%"
"17-03-2015","112.00","111.05","112.15","110.25","8.72K","0.81%"
"16-03-2015","111.10","111.80","112.15","110.80","6.59K","-0.63%"
"13-03-2015","111.80","109.90","112.10","109.85","8.06K","1.96%"
"12-03-2015","109.65","110.00","110.50","109.20","6.96K","-0.14%"
"11-03-2015","109.80","110.95","111.20","109.65","6.85K","-0.90%"
"10-03-2015","110.80","112.05","112.25","110.60","8.27K","-1.07%"
"09-03-2015","112.00","112.00","112.35","110.95","7.95K","0.04%"
"06-03-2015","111.95","112.35","112.95","111.60","3.65K","-0.44%"
"05-03-2015","112.45","112.20","113.20","111.90","5.68K","0.00%"
"04-03-2015","112.45","111.45","112.60","111.20","5.63K","0.99%"
"03-03-2015","111.35","111.90","111.95","110.95","5.11K","-0.40%"
"02-03-2015","111.80","112.90","113.40","111.70","5.49K","-0.53%"
"28-02-2015","112.40","112.00","112.55","111.70","0.75K","1.44%"
"27-02-2015","110.80","110.80","111.15","110.15","2.36K","-0.09%"
"26-02-2015","110.90","110.95","112.30","110.40","7.33K","0.14%"
"25-02-2015","110.75","111.85","112.20","110.40","6.04K","-0.67%"
"24-02-2015","111.50","110.90","112.60","110.75","6.99K","0.68%"
"23-02-2015","110.75","111.80","112.00","110.35","5.87K","-0.54%"
"20-02-2015","111.35","112.35","112.60","111.05","5.44K","-0.80%"
"19-02-2015","112.25","112.65","112.80","111.60","5.70K","-0.53%"
"18-02-2015","112.85","112.80","113.50","112.20","6.41K","0.27%"
"17-02-2015","112.55","112.60","112.85","112.00","4.45K","-0.22%"
"16-02-2015","112.80","113.75","114.55","112.70","6.13K","-1.01%"
"13-02-2015","113.95","114.25","115.10","113.70","5.94K","-0.04%"
"12-02-2015","114.00","113.35","114.35","113.20","6.22K","0.75%"
"11-02-2015","113.15","114.10","114.20","112.80","6.54K","-0.83%"
"10-02-2015","114.10","115.25","115.90","114.00","6.67K","-1.51%"
"09-02-2015","115.85","115.90","116.75","115.45","5.10K","0.00%"
"06-02-2015","115.85","115.95","116.60","115.20","6.95K","-0.13%"
"05-02-2015","116.00","115.45","116.25","114.10","7.05K","0.35%"
"04-02-2015","115.60","115.95","116.35","115.10","7.40K","-0.52%"
"03-02-2015","116.20","115.35","116.70","115.25","5.82K","0.87%"
"02-02-2015","115.20","115.45","115.85","114.40","5.79K","1.59%"
"30-01-2015","113.40","112.00","113.50","111.60","2.97K","1.02%"
"29-01-2015","112.25","112.70","113.25","111.70","7.73K","-0.49%"
"28-01-2015","112.80","113.55","114.70","112.65","6.01K","-1.10%"
"27-01-2015","114.05","113.45","115.70","112.15","11.40K","1.56%"
"23-01-2015","112.30","114.10","114.40","112.15","6.39K","-1.84%"
"22-01-2015","114.40","115.60","116.55","114.30","9.42K","-1.08%"
"21-01-2015","115.65","113.35","115.90","112.55","8.17K","1.36%"
"20-01-2015","114.10","112.40","114.35","111.55","8.58K","2.01%"
"19-01-2015","111.85","113.05","113.35","111.35","7.48K","-1.28%"
"16-01-2015","113.30","111.25","113.85","110.45","8.45K","2.72%"
"15-01-2015","110.30","110.50","111.30","109.55","6.42K","0.09%"
"14-01-2015","110.20","110.65","111.35","108.85","11.93K","-0.59%"
"13-01-2015","110.85","111.80","112.20","109.80","9.58K","-1.03%"
"12-01-2015","112.00","112.15","113.00","111.30","8.24K","-0.22%"
"09-01-2015","112.25","113.60","114.50","112.10","10.54K","-1.41%"
"08-01-2015","113.85","112.50","113.95","111.35","9.93K","1.07%"
"07-01-2015","112.65","112.95","113.55","111.55","9.74K","0.04%"
"06-01-2015","112.60","114.95","114.95","112.40","7.87K","-1.87%"
"05-01-2015","114.75","115.85","115.95","114.50","5.91K","-0.82%"
"02-01-2015","115.70","117.40","117.40","115.40","6.58K","-0.22%"
"31-12-2014","115.95","116.60","117.25","115.80","2.78K","-0.13%"
"30-12-2014","116.10","117.75","117.75","115.90","5.25K","-0.98%"
"29-12-2014","117.25","117.50","117.85","116.35","5.40K","0.21%"
"26-12-2014","117.00","117.40","117.90","116.85","2.48K","-0.21%"
"24-12-2014","117.25","117.65","118.25","117.10","5.00K","-0.21%"
"23-12-2014","117.50","118.30","118.80","117.30","4.57K","-0.55%"
"22-12-2014","118.15","119.85","120.25","117.90","6.44K","-1.38%"
"19-12-2014","119.80","119.60","120.70","119.20","5.85K","0.46%"
"18-12-2014","119.25","120.50","120.70","118.70","7.49K","-1.20%"
"17-12-2014","120.70","120.60","121.00","119.30","7.37K","-0.08%"
"16-12-2014","120.80","121.30","121.60","120.10","7.38K","-0.70%"
"15-12-2014","121.65","120.75","122.15","120.75","5.56K","0.83%"
"12-12-2014","120.65","121.05","121.45","120.25","5.11K","-0.17%"
"11-12-2014","120.85","121.25","121.55","120.50","5.93K","-0.41%"
"10-12-2014","121.35","121.45","122.30","121.00","5.25K","-0.21%"
"09-12-2014","121.60","121.00","122.15","120.30","7.33K","0.62%"
"08-12-2014","120.85","122.40","122.75","120.75","5.47K","-1.27%"
"05-12-2014","122.40","122.85","123.85","122.20","6.62K","-0.45%"
"04-12-2014","122.95","122.10","123.10","121.70","6.89K","1.07%"
"03-12-2014","121.65","122.50","122.85","120.85","9.09K","-0.29%"
"02-12-2014","122.00","125.70","126.00","121.70","8.05K","-3.17%"
"01-12-2014","126.00","125.50","126.30","124.00","8.67K","-1.64%"
"28-11-2014","128.10","128.35","129.20","127.20","7.58K","-0.27%"
"27-11-2014","128.45","129.05","129.85","128.15","6.81K","-0.66%"
"26-11-2014","129.30","128.95","130.15","128.70","9.18K","0.31%"
"25-11-2014","128.90","127.90","129.45","127.70","8.66K","0.82%"
"24-11-2014","127.85","127.10","128.20","126.65","6.33K","0.55%"
"21-11-2014","127.15","126.45","128.20","126.40","7.65K","0.47%"
"20-11-2014","126.55","126.00","126.70","125.10","6.80K","0.32%"
"19-11-2014","126.15","125.25","126.60","124.70","7.94K","0.96%"
"18-11-2014","124.95","126.35","126.35","124.50","7.79K","-1.07%"
"17-11-2014","126.30","125.65","127.00","124.95","7.23K","0.36%"
"14-11-2014","125.85","126.00","126.50","124.80","9.18K","-0.20%"
"13-11-2014","126.10","127.35","128.30","126.00","8.74K","-1.10%"
"12-11-2014","127.50","126.40","128.40","126.10","9.13K","0.55%"
"11-11-2014","126.80","125.85","126.90","124.35","7.68K","0.60%"
"10-11-2014","126.05","126.80","126.85","125.75","6.31K","-0.75%"
"07-11-2014","127.00","128.30","129.00","126.85","9.29K","-1.01%"
"06-11-2014","128.30","126.70","128.45","126.65","5.46K","0.94%"
"05-11-2014","127.10","126.45","127.80","124.80","9.93K","0.12%"
"04-11-2014","126.95","128.35","128.35","126.20","6.75K","-1.13%"
"03-11-2014","128.40","127.05","128.60","126.45","8.64K","1.42%"
"31-10-2014","126.60","125.40","127.20","125.35","4.06K","0.72%"
"30-10-2014","125.70","124.25","125.85","123.30","8.65K","0.80%"
"29-10-2014","124.70","122.25","125.55","122.10","7.61K","1.88%"
"28-10-2014","122.40","121.55","122.55","121.55","5.78K","0.82%"
"27-10-2014","121.40","120.20","121.60","119.85","4.75K","1.21%"
"24-10-2014","119.95","121.80","121.80","119.60","5.03K","-2.44%"
"22-10-2014","122.95","121.10","123.30","121.05","10.54K","1.19%"
"21-10-2014","121.50","120.40","122.00","119.35","10.15K","0.83%"
"20-10-2014","120.50","120.00","121.75","119.90","9.29K","0.25%"
"17-10-2014","120.20","117.55","121.00","116.85","11.32K","1.99%"
"16-10-2014","117.85","117.80","118.00","116.30","10.77K","-0.76%"
"14-10-2014","118.75","117.65","118.90","117.45","5.88K","0.93%"
"13-10-2014","117.65","117.80","117.95","117.00","4.93K","0.04%"
"10-10-2014","117.60","117.80","118.30","116.65","7.05K","-0.08%"
"09-10-2014","117.70","118.35","118.85","117.45","5.38K","-0.55%"
"08-10-2014","118.35","119.35","119.50","117.65","6.18K","-0.75%"
"07-10-2014","119.25","118.00","119.35","117.10","8.27K","1.32%"
"06-10-2014","117.70","117.80","118.00","117.25","1.74K","0.09%"
"03-10-2014","117.60","117.80","118.10","116.10","2.51K","-0.63%"
"01-10-2014","118.35","119.60","119.90","117.90","6.61K","-0.92%"
"30-09-2014","119.45","119.35","119.80","118.80","3.62K","0.17%"
"29-09-2014","119.25","117.90","119.40","117.40","5.16K","1.10%"
"26-09-2014","117.95","118.60","118.90","117.80","5.81K","-0.38%"
"25-09-2014","118.40","118.50","118.80","118.05","5.86K","-0.17%"
"24-09-2014","118.60","118.60","119.00","117.45","8.45K","0.34%"
"23-09-2014","118.20","118.85","119.30","118.10","8.12K","-0.80%"
"22-09-2014","119.15","118.70","119.25","117.30","7.96K","0.21%"
"19-09-2014","118.90","119.30","119.70","118.80","7.49K","-0.17%"
"18-09-2014","119.10","120.15","120.35","118.85","11.56K","-0.92%"
"17-09-2014","120.20","122.35","122.55","120.10","11.06K","-1.96%"
"16-09-2014","122.60","120.90","122.70","120.15","12.44K","1.70%"
"15-09-2014","120.55","122.45","122.50","120.15","10.27K","-1.99%"
"12-09-2014","123.00","123.15","123.95","122.35","10.01K","0.08%"
"11-09-2014","122.90","124.60","124.60","122.50","10.00K","-1.29%"
"10-09-2014","124.50","124.95","125.20","123.60","9.84K","-0.36%"
"09-09-2014","124.95","125.55","125.55","123.90","10.62K","-0.91%"
"08-09-2014","126.10","125.65","126.70","125.35","7.59K","0.36%"
"05-09-2014","125.65","126.75","127.25","125.40","8.97K","-0.87%"
"04-09-2014","126.75","125.60","126.85","125.25","10.11K","1.24%"
"03-09-2014","125.20","127.60","127.75","125.05","10.73K","-1.69%"
"02-09-2014","127.35","126.95","128.15","126.80","10.75K","0.51%"
"01-09-2014","126.70","126.90","127.35","126.00","8.06K","0.00%"
"29-08-2014","126.70","126.25","129.00","126.25","5.78K","-0.59%"
"28-08-2014","127.45","125.75","127.65","125.75","8.38K","1.31%"
"27-08-2014","125.80","125.55","125.95","125.05","7.16K","0.04%"
"26-08-2014","125.75","124.50","126.50","124.50","9.28K","0.60%"
"25-08-2014","125.00","124.00","125.25","124.00","2.81K","0.48%"
"22-08-2014","124.40","124.45","124.85","124.00","5.96K","0.12%"
"21-08-2014","124.25","124.75","125.50","124.10","10.04K","-0.76%"
"20-08-2014","125.20","123.15","125.30","122.25","13.09K","1.83%"
"19-08-2014","122.95","122.15","123.60","121.95","8.09K","0.70%"
"18-08-2014","122.10","121.45","122.50","120.50","8.00K","0.87%"
"14-08-2014","121.05","123.35","123.40","120.85","10.57K","-1.94%"
"13-08-2014","123.45","124.70","124.70","123.35","8.57K","-1.20%"
"12-08-2014","124.95","124.10","125.45","124.00","8.98K","0.48%"
"11-08-2014","124.35","123.90","125.00","123.55","8.25K","0.36%"
"08-08-2014","123.90","124.00","124.50","123.10","8.09K","-0.24%"
"07-08-2014","124.20","123.90","124.50","123.30","8.97K","0.24%"
"06-08-2014","123.90","122.75","124.65","122.05","11.06K","0.85%"
"05-08-2014","122.85","123.40","123.40","122.25","7.99K","-0.81%"
"04-08-2014","123.85","121.40","124.05","120.70","11.22K","2.19%"
"01-08-2014","121.20","121.75","122.25","120.60","9.13K","-0.12%"
"31-07-2014","121.35","121.40","122.00","120.90","5.11K","-0.45%"
"30-07-2014","121.90","119.10","122.05","118.25","9.05K","2.70%"
"29-07-2014","118.70","120.00","120.00","118.55","4.39K","-1.45%"
"28-07-2014","120.45","119.90","120.60","119.45","8.74K","0.71%"
"25-07-2014","119.60","121.40","121.90","119.30","8.85K","-1.16%"
"24-07-2014","121.00","120.20","122.05","120.15","9.25K","0.92%"
"23-07-2014","119.90","122.15","122.40","119.80","11.81K","-1.96%"
"22-07-2014","122.30","121.50","122.80","121.15","10.60K","0.78%"
"21-07-2014","121.35","118.75","121.60","118.15","12.71K","2.23%"
"18-07-2014","118.70","119.60","119.60","118.25","10.06K","-0.79%"
"17-07-2014","119.65","117.95","119.85","117.80","12.64K","1.44%"
"16-07-2014","117.95","117.50","119.00","117.25","11.61K","0.47%"
"15-07-2014","117.40","115.90","117.45","115.70","8.54K","1.25%"
"14-07-2014","115.95","115.65","116.70","115.40","6.46K","0.13%"
"11-07-2014","115.80","115.10","115.90","114.70","6.48K","0.78%"
"10-07-2014","114.90","114.50","115.50","113.80","7.53K","0.22%"
"09-07-2014","114.65","115.25","116.25","114.55","7.21K","-0.56%"
"08-07-2014","115.30","114.10","115.60","114.00","7.76K","0.74%"
"07-07-2014","114.45","113.90","115.00","113.55","6.22K","0.26%"
"04-07-2014","114.15","114.20","114.80","114.10","4.63K","-0.22%"
"03-07-2014","114.40","114.00","115.10","113.80","8.79K","0.22%"
"02-07-2014","114.15","112.15","114.35","111.45","11.49K","1.69%"
"01-07-2014","112.25","112.85","113.45","111.85","7.08K","1.04%"
"30-06-2014","111.10","111.00","111.35","110.35","2.84K","0.09%"
"27-06-2014","111.00","112.00","112.20","110.85","5.56K","-0.94%"
"26-06-2014","112.05","112.65","113.05","111.60","6.14K","-0.36%"
"25-06-2014","112.45","112.10","113.35","111.55","8.22K","0.27%"
"24-06-2014","112.15","110.95","112.35","110.70","6.83K","0.63%"
"23-06-2014","111.45","112.25","112.65","111.30","6.39K","-0.13%"
"20-06-2014","111.60","112.20","112.65","111.05","6.67K","-0.22%"
"19-06-2014","111.85","110.15","112.10","109.95","6.82K","0.99%"
"18-06-2014","110.75","109.60","111.30","109.10","7.98K","0.91%"
"17-06-2014","109.75","109.80","110.15","109.05","6.22K","0.09%"
"16-06-2014","109.65","109.20","109.80","109.05","5.38K","0.92%"
"13-06-2014","108.65","107.65","108.90","107.65","6.12K","1.21%"
"12-06-2014","107.35","109.55","109.55","107.15","9.47K","-1.78%"
"11-06-2014","109.30","111.30","111.90","109.20","8.60K","-1.53%"
"10-06-2014","111.00","112.20","112.75","110.90","9.25K","-1.51%"
"09-06-2014","112.70","110.00","112.90","110.00","10.18K","2.64%"
"06-06-2014","109.80","108.75","110.05","108.15","11.17K","0.87%"
"05-06-2014","108.85","108.25","109.70","107.85","10.05K","0.42%"
"04-06-2014","108.40","109.10","109.10","107.60","9.25K","-0.82%"
"03-06-2014","109.30","108.80","109.70","108.15","9.14K","0.28%"
"02-06-2014","109.00","108.25","109.30","108.15","4.80K","1.63%"
"30-05-2014","107.25","106.20","107.65","106.05","3.98K","0.75%"
"29-05-2014","106.45","106.20","106.90","105.30","6.65K","-0.05%"
"28-05-2014","106.50","105.75","106.65","105.50","6.87K","1.14%"
"27-05-2014","105.30","104.90","105.70","104.55","6.36K","0.38%"
"26-05-2014","104.90","104.75","105.05","104.10","3.16K","0.53%"
"23-05-2014","104.35","102.95","104.50","102.90","9.15K","1.56%"
"22-05-2014","102.75","102.10","103.15","101.70","8.10K","0.69%"
"21-05-2014","102.05","102.20","102.35","101.30","5.74K","0.05%"
"20-05-2014","102.00","102.00","102.65","101.25","6.19K","0.05%"
"19-05-2014","101.95","102.10","102.55","101.60","6.33K","-0.10%"
"16-05-2014","102.05","103.30","103.50","101.70","8.52K","-1.54%"
"15-05-2014","103.65","105.30","105.45","103.35","7.28K","-1.89%"
"14-05-2014","105.65","104.55","105.85","104.55","5.54K","1.39%"
"13-05-2014","104.20","104.70","105.55","104.05","7.36K","-0.53%"
"12-05-2014","104.75","104.05","105.10","103.85","6.67K","0.82%"
"09-05-2014","103.90","104.75","105.20","103.60","6.49K","-0.53%"
"08-05-2014","104.45","104.70","105.15","103.85","6.13K","0.05%"
"07-05-2014","104.40","105.75","106.20","104.30","7.43K","-1.14%"
"06-05-2014","105.60","106.45","106.85","105.50","6.63K","-0.56%"
"05-05-2014","106.20","106.25","107.05","106.10","2.57K","0.00%"
"02-05-2014","106.20","106.10","106.55","105.70","6.32K","-0.14%"
"01-05-2014","106.35","107.05","107.05","106.10","2.37K","-0.23%"
"30-04-2014","106.60","106.90","107.00","106.20","3.00K","-0.23%"
"29-04-2014","106.85","108.65","108.95","106.65","6.57K","-1.79%"
"28-04-2014","108.80","110.75","111.30","108.70","7.50K","-1.45%"
"25-04-2014","110.40","112.65","113.15","110.15","8.13K","-1.91%"
"23-04-2014","112.55","113.55","114.00","112.15","6.07K","-0.66%"
"22-04-2014","113.30","111.30","113.45","111.30","5.84K","1.84%"
"21-04-2014","111.25","111.05","111.50","110.45","1.94K","0.23%"
"17-04-2014","111.00","111.30","112.00","110.30","4.65K","-0.31%"
"16-04-2014","111.35","109.75","111.90","109.25","6.99K","1.04%"
"15-04-2014","110.20","111.80","111.80","109.50","6.75K","-1.56%"
"14-04-2014","111.95","112.35","112.60","111.80","3.19K","-0.09%"
"11-04-2014","112.05","112.60","113.50","111.70","10.38K","-0.66%"
"10-04-2014","112.80","110.70","113.00","110.70","8.56K","1.81%"
"09-04-2014","110.80","108.70","110.90","108.35","8.30K","2.03%"
"08-04-2014","108.60","108.60","108.75","107.40","3.03K","-0.28%"
"07-04-2014","108.90","108.00","109.90","107.80","6.87K","0.83%"
"04-04-2014","108.00","109.60","110.35","107.85","6.64K","-1.46%"
"03-04-2014","109.60","108.15","110.10","108.00","7.82K","1.11%"
"02-04-2014","108.40","106.00","108.50","105.90","8.15K","1.93%"
"01-04-2014","106.35","106.00","106.70","105.65","5.02K","2.31%"
"31-03-2014","103.95","103.05","104.50","102.85","5.24K","0.73%"
"28-03-2014","103.20","101.95","103.40","101.85","5.29K","1.13%"
"27-03-2014","102.05","102.05","102.60","101.40","6.08K","0.15%"
"26-03-2014","101.90","103.30","103.85","101.70","6.02K","-1.40%"
"25-03-2014","103.35","103.10","104.10","102.80","6.51K","0.39%"
"24-03-2014","102.95","103.10","103.35","102.55","3.54K","-0.19%"
"21-03-2014","103.15","102.65","103.40","102.15","5.32K","0.44%"
"20-03-2014","102.70","103.60","103.85","102.50","5.50K","-1.25%"
"19-03-2014","104.00","104.35","104.45","102.25","11.81K","-0.19%"
"18-03-2014","104.20","103.90","104.45","103.60","4.13K","0.58%"
"17-03-2014","103.60","104.70","104.70","103.50","3.23K","-1.43%"
"14-03-2014","105.10","105.20","105.65","104.45","5.99K","0.14%"
"13-03-2014","104.95","105.80","106.00","104.60","7.00K","-0.99%"
"12-03-2014","106.00","105.90","106.45","104.95","7.03K","0.43%"
"11-03-2014","105.55","106.70","107.85","105.35","7.45K","-1.26%"
"10-03-2014","106.90","106.30","107.00","105.25","7.44K","0.28%"
"07-03-2014","106.60","107.85","108.20","106.15","8.04K","-1.02%"
"06-03-2014","107.70","107.10","108.10","106.35","6.58K","0.28%"
"05-03-2014","107.40","108.05","109.20","107.30","8.39K","-0.60%"
"04-03-2014","108.05","106.00","108.25","105.45","9.07K","2.13%"
"03-03-2014","105.80","107.05","107.05","105.30","8.02K","-0.89%"
"28-02-2014","106.75","107.10","107.50","106.20","3.45K","-0.33%"
"27-02-2014","107.10","106.80","107.25","106.30","2.28K","-0.42%"
"26-02-2014","107.55","106.80","108.40","106.50","4.35K","0.47%"
"25-02-2014","107.05","106.80","107.20","105.80","4.50K","0.42%"
"24-02-2014","106.60","106.80","107.00","105.55","4.67K","-0.74%"
"21-02-2014","107.40","107.85","108.35","107.30","3.25K","-0.28%"
"20-02-2014","107.70","107.70","107.95","106.85","4.17K","-0.09%"
"19-02-2014","107.80","107.45","108.70","107.30","6.87K","0.42%"
"18-02-2014","107.35","105.45","107.40","104.60","7.40K","2.00%"
"17-02-2014","105.25","106.40","106.80","105.05","3.71K","-0.66%"
"14-02-2014","105.95","106.50","107.00","105.85","4.95K","-0.47%"
"13-02-2014","106.45","105.35","106.60","105.05","6.27K","1.00%"
"12-02-2014","105.40","104.75","105.90","104.75","4.81K","0.76%"
"11-02-2014","104.60","104.30","105.30","103.70","6.15K","0.19%"
"10-02-2014","104.40","105.20","105.85","104.20","4.50K","-0.71%"
"07-02-2014","105.15","105.30","105.90","105.00","3.71K","0.05%"
"06-02-2014","105.10","104.85","105.60","104.45","5.00K","-0.05%"
"05-02-2014","105.15","104.20","105.50","104.20","5.42K","1.06%"
"04-02-2014","104.05","104.05","104.95","103.50","5.62K","0.14%"
"03-02-2014","103.90","105.80","106.10","103.80","5.13K","-0.05%"
"31-01-2014","103.95","104.80","105.30","103.85","2.44K","-1.28%"
"30-01-2014","105.30","107.00","107.15","105.10","4.60K","-1.73%"
"29-01-2014","107.15","107.20","107.75","106.60","2.88K","-0.51%"
"28-01-2014","107.70","108.35","108.65","107.20","3.12K","-1.15%"
"27-01-2014","108.95","108.30","109.05","107.55","2.92K","0.83%"
"24-01-2014","108.05","107.55","108.70","107.15","3.46K","0.51%"
"23-01-2014","107.50","108.00","108.25","107.05","4.79K","-0.37%"
"22-01-2014","107.90","109.50","109.75","107.80","3.89K","-1.28%"
"21-01-2014","109.30","108.85","109.75","108.10","5.34K","0.32%"
"20-01-2014","108.95","110.05","110.20","108.85","3.34K","-1.13%"
"17-01-2014","110.20","108.30","110.35","107.85","5.76K","1.66%"
"16-01-2014","108.40","108.05","109.30","107.80","5.52K","0.56%"
"15-01-2014","107.80","106.40","108.35","106.05","5.53K","1.22%"
"14-01-2014","106.50","107.45","107.45","106.30","3.26K","-0.84%"
"13-01-2014","107.40","107.25","107.60","106.20","5.43K","0.42%"
"10-01-2014","106.95","107.05","107.65","106.50","5.48K","-0.05%"
"09-01-2014","107.00","108.75","108.75","106.90","4.20K","-1.61%"
"08-01-2014","108.75","109.35","109.50","108.60","3.13K","-0.50%"
"07-01-2014","109.30","109.30","109.75","108.85","3.11K","-0.32%"
"06-01-2014","109.65","109.50","109.75","108.10","3.96K","0.41%"
"03-01-2014","109.20","110.90","111.10","109.05","4.52K","-1.80%"
"02-01-2014","111.20","110.55","112.20","110.45","4.72K","1.00%"
"01-01-2014","110.10","110.00","110.70","109.90","0.45K","0.64%"