"Date","Price","Open","High","Low","Vol.","Change %"
"29-08-2024","797.35","798.90","799.90","794.35","0.04K","0.01%"
"28-08-2024","797.30","804.50","806.40","795.95","0.10K","-1.36%"
"27-08-2024","808.30","802.50","809.85","801.20","0.37K","1.02%"
"26-08-2024","800.15","800.40","801.85","793.10","3.57K","0.13%"
"23-08-2024","799.15","796.15","800.60","795.30","6.76K","0.65%"
"22-08-2024","793.95","804.05","806.70","792.15","8.65K","-1.27%"
"21-08-2024","804.20","800.35","806.00","799.00","8.13K","0.53%"
"20-08-2024","799.95","806.25","808.20","797.60","8.85K","-0.81%"
"19-08-2024","806.45","803.05","807.85","802.75","6.11K","0.62%"
"16-08-2024","801.45","795.00","802.95","793.35","10.61K","2.08%"
"14-08-2024","785.15","784.45","793.15","783.60","9.66K","-0.14%"
"13-08-2024","786.25","788.00","788.00","780.70","9.27K","-0.51%"
"12-08-2024","790.30","775.00","792.50","773.20","9.96K","1.76%"
"09-08-2024","776.60","779.90","785.30","775.10","10.30K","0.32%"
"08-08-2024","774.15","771.55","776.00","768.00","10.38K","0.42%"
"07-08-2024","770.90","779.00","780.00","770.25","8.70K","-1.48%"
"06-08-2024","782.50","776.25","783.80","769.50","9.74K","0.68%"
"05-08-2024","777.25","795.50","801.90","765.70","16.35K","-2.24%"
"02-08-2024","795.10","791.75","799.80","791.00","9.04K","0.61%"
"01-08-2024","790.30","808.85","809.45","789.30","12.85K","-0.53%"
"31-07-2024","794.55","786.80","795.80","786.80","0.01K","1.31%"
"30-07-2024","784.30","778.40","786.00","776.45","0.09K","0.27%"
"29-07-2024","782.20","791.30","791.30","779.45","0.10K","-0.81%"
"26-07-2024","788.60","792.30","793.95","786.60","0.19K","0.39%"
"25-07-2024","785.55","788.45","792.80","776.95","1.99K","-1.27%"
"24-07-2024","795.65","805.05","810.00","794.50","7.17K","-1.41%"
"23-07-2024","807.00","813.20","813.20","801.70","7.26K","-0.86%"
"22-07-2024","814.00","821.45","821.95","810.55","7.05K","-0.77%"
"19-07-2024","820.30","828.45","829.35","819.15","6.67K","-0.92%"
"18-07-2024","827.90","841.65","843.80","827.25","9.65K","-1.49%"
"17-07-2024","840.40","844.25","846.50","839.20","4.88K","-0.76%"
"16-07-2024","846.80","856.95","857.80","839.40","10.39K","-1.01%"
"15-07-2024","855.40","868.35","868.35","854.60","7.49K","-1.48%"
"12-07-2024","868.25","854.10","869.50","850.15","9.07K","1.43%"
"11-07-2024","856.00","870.90","874.30","855.10","10.16K","-1.46%"
"10-07-2024","868.70","868.10","876.50","863.10","7.16K","-0.02%"
"09-07-2024","868.90","867.75","876.20","864.45","5.87K","-0.10%"
"08-07-2024","869.80","873.85","878.20","867.25","6.27K","-0.62%"
"05-07-2024","875.25","867.30","881.70","866.50","9.79K","0.82%"
"04-07-2024","868.15","861.65","869.75","860.70","6.75K","0.56%"
"03-07-2024","863.30","849.00","866.45","848.50","11.35K","1.92%"
"02-07-2024","847.00","846.35","854.30","842.80","8.02K","0.15%"
"01-07-2024","845.75","839.55","849.00","835.70","7.64K","-1.07%"
"28-06-2024","854.90","864.00","864.55","853.40","0.01K","0.89%"
"27-06-2024","847.40","843.25","849.75","842.75","0.09K","0.26%"
"26-06-2024","845.20","845.45","847.90","838.00","0.03K","0.35%"
"25-06-2024","842.25","848.05","850.60","841.00","0.15K","-0.10%"
"24-06-2024","843.10","846.00","848.00","840.70","1.79K","-0.48%"
"21-06-2024","847.20","858.65","861.00","845.00","5.36K","-1.71%"
"20-06-2024","861.90","856.25","863.00","853.60","7.00K","0.86%"
"19-06-2024","854.55","853.00","857.90","850.60","6.59K","0.35%"
"18-06-2024","851.55","851.40","852.75","839.45","8.84K","0.22%"
"17-06-2024","849.65","848.05","851.30","845.30","4.91K","-0.83%"
"14-06-2024","856.80","857.90","860.25","850.85","7.72K","0.13%"
"13-06-2024","855.65","860.65","866.90","851.70","9.31K","-1.33%"
"12-06-2024","867.20","877.00","877.00","859.00","9.15K","1.05%"
"11-06-2024","858.15","860.30","863.35","850.05","10.17K","-0.56%"
"10-06-2024","862.95","852.60","865.35","850.60","8.02K","1.09%"
"07-06-2024","853.65","877.15","881.00","853.10","10.30K","-3.19%"
"06-06-2024","881.80","873.90","883.00","872.20","7.03K","1.40%"
"05-06-2024","869.65","863.40","871.40","857.20","8.21K","0.71%"
"04-06-2024","863.50","881.40","884.45","862.00","7.16K","-1.89%"
"03-06-2024","880.10","867.90","881.00","867.90","7.08K","0.70%"
"31-05-2024","873.95","876.30","877.70","867.70","0.01K","-0.01%"
"30-05-2024","874.00","891.90","891.90","868.00","0.04K","-2.64%"
"29-05-2024","897.70","904.35","908.75","894.00","0.06K","-0.41%"
"28-05-2024","901.40","899.95","903.20","892.30","0.09K","1.37%"
"27-05-2024","889.25","886.05","892.30","883.65","0.98K","0.70%"
"24-05-2024","883.05","891.80","897.55","882.25","5.12K","-0.80%"
"23-05-2024","890.20","894.85","902.25","880.00","9.70K","-0.66%"
"22-05-2024","896.15","929.65","930.10","894.10","11.21K","-4.17%"
"21-05-2024","935.15","926.00","945.90","925.45","9.14K","-0.14%"
"20-05-2024","936.50","929.05","937.50","920.25","4.82K","2.15%"
"17-05-2024","916.75","894.20","919.50","894.20","8.55K","2.51%"
"16-05-2024","894.30","896.55","901.40","888.65","7.31K","0.26%"
"15-05-2024","891.95","890.40","905.00","881.45","12.53K","0.88%"
"14-05-2024","884.20","885.05","891.00","873.00","9.55K","0.08%"
"13-05-2024","883.50","870.45","884.55","869.15","7.41K","1.58%"
"10-05-2024","869.75","861.95","878.75","861.95","9.63K","1.15%"
"09-05-2024","859.85","856.90","860.90","851.50","4.77K","0.57%"
"08-05-2024","855.00","861.40","862.00","850.30","5.42K","-1.16%"
"07-05-2024","865.00","867.25","868.40","859.25","5.36K","-0.20%"
"06-05-2024","866.70","858.40","868.85","858.40","4.59K","1.33%"
"03-05-2024","855.30","846.85","856.80","844.00","7.14K","1.11%"
"02-05-2024","845.95","858.00","861.20","843.35","9.93K","-1.13%"
"01-05-2024","855.60","855.70","858.15","852.60","3.20K","-0.87%"
"30-04-2024","863.10","869.30","869.65","862.00","0.02K","0.09%"
"29-04-2024","862.30","861.80","866.35","857.10","0.37K","0.76%"
"26-04-2024","855.80","853.40","859.50","849.65","0.05K","0.87%"
"25-04-2024","848.40","844.00","850.95","842.00","0.35K","0.63%"
"24-04-2024","843.10","842.80","847.65","840.60","0.93K","0.66%"
"23-04-2024","837.60","834.30","839.85","831.00","3.87K","-0.79%"
"22-04-2024","844.25","845.55","848.50","841.05","5.33K","-0.11%"
"19-04-2024","845.15","840.65","846.40","837.35","5.87K","0.82%"
"18-04-2024","838.30","831.65","841.00","830.65","6.81K","1.02%"
"17-04-2024","829.80","828.50","834.90","827.85","4.18K","0.68%"
"16-04-2024","824.20","831.15","835.00","821.10","6.28K","-0.85%"
"15-04-2024","831.30","827.65","834.30","820.15","8.55K","1.31%"
"12-04-2024","820.55","819.35","836.30","818.00","7.96K","0.49%"
"11-04-2024","816.55","819.10","820.25","814.05","2.42K","-0.31%"
"10-04-2024","819.05","819.50","825.35","814.00","6.25K","0.06%"
"09-04-2024","818.55","814.10","842.15","814.10","6.18K","0.31%"
"08-04-2024","816.05","800.65","819.50","798.45","6.68K","1.83%"
"05-04-2024","801.40","799.80","803.20","794.10","4.14K","-0.22%"
"04-04-2024","803.15","795.00","804.40","794.20","5.85K","1.58%"
"03-04-2024","790.65","772.00","791.45","769.50","6.23K","2.78%"
"02-04-2024","769.30","766.85","771.50","765.60","2.91K","0.44%"
"01-04-2024","765.90","761.85","768.55","761.85","2.35K","1.11%"
"28-03-2024","757.50","764.90","765.00","755.50","0.02K","0.31%"
"27-03-2024","755.15","753.55","757.65","752.00","0.05K","-0.07%"
"26-03-2024","755.65","755.00","757.65","752.00","0.08K","-0.15%"
"25-03-2024","756.80","755.50","758.20","755.00","0.01K","0.58%"
"22-03-2024","752.45","752.40","754.30","749.50","0.85K","-0.65%"
"21-03-2024","757.40","758.00","764.00","744.00","3.33K","0.50%"
"20-03-2024","753.60","757.15","757.95","750.85","3.17K","-0.37%"
"19-03-2024","756.40","764.75","765.75","754.80","3.74K","-1.21%"
"18-03-2024","765.70","761.75","768.75","759.55","3.24K","0.45%"
"15-03-2024","762.25","753.35","764.75","753.35","4.97K","1.34%"
"14-03-2024","752.20","750.10","754.80","748.70","3.27K","-0.09%"
"13-03-2024","752.90","736.60","754.90","736.45","5.20K","2.30%"
"12-03-2024","736.00","735.15","739.25","733.15","3.11K","-0.10%"
"11-03-2024","736.70","731.70","737.25","730.20","2.35K","0.70%"
"08-03-2024","731.60","738.40","741.65","730.55","1.99K","-0.52%"
"07-03-2024","735.45","731.00","738.65","730.45","3.82K","0.64%"
"06-03-2024","730.80","726.00","733.00","726.00","2.66K","0.64%"
"05-03-2024","726.15","728.35","731.05","725.70","2.32K","-0.30%"
"04-03-2024","728.35","727.00","732.95","726.15","2.54K","0.05%"
"01-03-2024","727.95","727.30","729.65","722.40","2.58K","-0.70%"
"29-02-2024","733.05","732.80","735.00","730.10","0.01K","1.03%"
"28-02-2024","725.60","724.45","735.55","722.85","0.01K","0.29%"
"27-02-2024","723.50","723.50","724.60","723.15","0.09K","0.00%"
"26-02-2024","723.50","727.80","730.80","722.00","0.07K","-0.34%"
"23-02-2024","725.95","726.80","727.15","722.35","0.71K","-0.12%"
"22-02-2024","726.80","727.45","727.65","723.90","2.94K","0.03%"
"21-02-2024","726.60","726.00","729.60","725.10","2.40K","0.20%"
"20-02-2024","725.15","720.00","725.95","718.10","3.33K","0.69%"
"19-02-2024","720.15","720.05","722.50","718.70","1.89K","-0.42%"
"16-02-2024","723.20","716.00","724.60","714.35","4.92K","1.18%"
"15-02-2024","714.75","707.00","715.40","706.00","2.90K","1.25%"
"14-02-2024","705.90","706.95","709.00","704.15","3.04K","-0.25%"
"13-02-2024","707.65","709.95","713.60","707.25","3.19K","-0.08%"
"12-02-2024","708.20","702.20","708.60","699.50","3.24K","0.63%"
"09-02-2024","703.75","706.30","707.50","701.05","2.51K","-0.35%"
"08-02-2024","706.25","713.20","713.65","703.90","4.10K","-0.70%"
"07-02-2024","711.20","717.50","717.50","710.40","3.27K","-0.84%"
"06-02-2024","717.25","716.70","718.65","715.65","4.01K","0.18%"
"05-02-2024","715.95","721.75","722.60","715.10","4.92K","-0.84%"
"02-02-2024","722.05","726.00","726.00","720.85","4.62K","-0.65%"
"01-02-2024","726.75","731.85","732.05","726.10","4.77K","-0.52%"
"31-01-2024","730.55","729.35","731.55","729.35","0.01K","0.08%"
"30-01-2024","729.95","728.45","731.90","728.40","0.01K","0.19%"
"29-01-2024","728.55","725.90","728.60","724.00","0.03K","0.25%"
"25-01-2024","726.70","723.20","728.30","722.35","0.28K","0.60%"
"24-01-2024","722.40","716.50","726.00","715.55","2.10K","0.71%"
"23-01-2024","717.30","716.50","718.55","715.00","3.97K","0.34%"
"22-01-2024","714.85","715.25","716.30","713.50","1.40K","-0.41%"
"19-01-2024","717.80","714.45","718.15","713.60","4.05K","0.62%"
"18-01-2024","713.35","715.95","715.95","710.55","3.24K","0.01%"
"17-01-2024","713.30","714.25","716.00","711.20","4.67K","-0.31%"
"16-01-2024","715.50","713.15","717.40","713.15","5.33K","0.01%"
"15-01-2024","715.40","715.45","716.15","713.45","2.91K","0.42%"
"12-01-2024","712.40","718.60","720.20","711.50","4.34K","-0.64%"
"11-01-2024","717.00","717.95","721.25","716.00","4.37K","0.08%"
"10-01-2024","716.40","715.50","717.80","713.10","3.24K","0.35%"
"09-01-2024","713.90","722.95","723.85","713.30","3.98K","-0.90%"
"08-01-2024","720.35","721.25","722.50","717.60","3.40K","-0.05%"
"05-01-2024","720.70","726.00","727.10","720.25","4.30K","-0.59%"
"04-01-2024","724.95","726.75","730.55","722.25","3.40K","-0.36%"
"03-01-2024","727.60","728.50","729.75","724.50","3.37K","-0.31%"
"02-01-2024","729.85","732.75","734.20","728.10","2.96K","-0.17%"
"01-01-2024","731.10","730.35","731.85","729.40","0.38K","0.46%"
"29-12-2023","727.75","728.35","728.70","726.00","0.03K","-0.12%"
"28-12-2023","728.65","734.95","734.95","726.00","0.02K","-0.38%"
"27-12-2023","731.40","731.30","732.20","726.05","0.08K","0.93%"
"26-12-2023","724.65","726.25","727.30","724.40","0.09K","0.10%"
"22-12-2023","723.95","727.40","729.00","722.00","1.33K","-0.28%"
"21-12-2023","726.00","725.45","728.00","722.75","3.46K","0.01%"
"20-12-2023","725.95","727.05","730.45","723.70","3.52K","-0.10%"
"19-12-2023","726.65","721.40","729.45","718.70","4.41K","0.81%"
"18-12-2023","720.80","727.40","727.40","720.15","3.78K","-0.67%"
"15-12-2023","725.65","727.55","730.90","721.25","4.53K","-0.21%"
"14-12-2023","727.15","719.00","729.45","718.50","5.20K","1.88%"
"13-12-2023","713.70","713.80","715.15","710.10","2.26K","-0.17%"
"12-12-2023","714.90","715.05","717.40","712.10","2.64K","0.10%"
"11-12-2023","714.20","719.25","721.00","712.95","3.38K","-1.05%"
"08-12-2023","721.75","715.35","723.90","714.45","5.01K","0.92%"
"07-12-2023","715.20","710.55","715.30","708.35","3.31K","0.97%"
"06-12-2023","708.35","714.15","717.00","707.00","4.31K","-0.65%"
"05-12-2023","713.00","719.15","720.55","711.85","4.04K","-1.00%"
"04-12-2023","720.20","724.30","725.35","720.00","3.27K","-0.88%"
"01-12-2023","726.60","723.55","727.00","720.80","3.29K","1.06%"
"30-11-2023","718.95","714.25","716.30","711.95","0.07K","0.69%"
"29-11-2023","714.00","718.40","718.40","714.00","0.05K","-0.49%"
"28-11-2023","717.50","712.10","718.95","710.10","0.12K","0.67%"
"27-11-2023","712.75","714.75","716.80","712.40","0.02K","-0.41%"
"24-11-2023","715.70","714.65","716.55","711.00","1.27K","0.26%"
"23-11-2023","713.85","713.05","716.40","712.35","3.69K","0.14%"
"22-11-2023","712.85","715.40","716.50","711.00","2.83K","-0.61%"
"21-11-2023","717.20","718.60","719.30","715.70","2.62K","-0.06%"
"20-11-2023","717.60","713.00","718.50","713.00","4.43K","0.86%"
"17-11-2023","711.50","710.65","712.35","705.20","4.32K","0.44%"
"16-11-2023","708.35","709.00","713.80","707.25","4.90K","-0.51%"
"15-11-2023","711.95","708.95","712.85","708.05","4.35K","0.54%"
"14-11-2023","708.15","705.95","712.00","705.15","2.98K","0.28%"
"13-11-2023","706.20","697.30","706.90","696.00","6.30K","1.17%"
"12-11-2023","698.05","697.80","698.30","696.90","0.10K","0.04%"
"10-11-2023","697.75","703.75","705.35","697.00","5.83K","-1.02%"
"09-11-2023","704.95","703.10","706.90","701.25","5.13K","0.13%"
"08-11-2023","704.00","710.30","712.95","703.40","4.64K","-0.83%"
"07-11-2023","709.90","711.25","711.90","706.55","4.75K","-0.53%"
"06-11-2023","713.70","710.60","714.95","710.55","4.29K","0.54%"
"03-11-2023","709.90","710.60","713.45","707.35","6.92K","-0.07%"
"02-11-2023","710.40","709.00","712.00","708.00","4.08K","0.54%"
"01-11-2023","706.60","706.50","711.80","705.40","6.15K","0.55%"
"31-10-2023","702.75","701.05","704.00","698.50","0.02K","0.05%"
"30-10-2023","702.40","703.40","703.40","700.60","0.04K","0.41%"
"27-10-2023","699.50","696.00","700.85","695.95","0.08K","0.74%"
"26-10-2023","694.35","694.65","697.25","692.00","0.07K","0.18%"
"25-10-2023","693.10","700.45","700.45","687.30","2.37K","-1.05%"
"24-10-2023","700.45","696.50","701.40","693.00","3.75K","0.37%"
"23-10-2023","697.85","702.00","702.00","689.50","4.91K","0.27%"
"20-10-2023","696.00","699.20","699.20","694.05","3.81K","-0.65%"
"19-10-2023","700.55","700.00","702.50","697.50","3.87K","0.01%"
"18-10-2023","700.45","701.00","705.10","699.30","6.05K","0.19%"
"17-10-2023","699.10","700.00","700.80","695.00","4.41K","0.14%"
"16-10-2023","698.15","700.00","702.30","697.90","2.67K","0.00%"
"13-10-2023","698.15","701.20","703.65","696.65","5.83K","-0.25%"
"12-10-2023","699.90","704.55","708.70","699.30","7.35K","-0.34%"
"11-10-2023","702.30","706.80","711.30","701.80","6.23K","-0.42%"
"10-10-2023","705.25","709.60","710.00","701.25","6.43K","-0.86%"
"09-10-2023","711.40","707.00","714.30","707.00","4.61K","0.78%"
"06-10-2023","705.90","697.45","707.50","696.00","7.03K","1.32%"
"05-10-2023","696.70","702.20","702.90","695.65","4.51K","-0.40%"
"04-10-2023","699.50","701.00","704.70","695.95","6.77K","-0.75%"
"03-10-2023","704.80","712.00","712.00","699.30","8.39K","-0.53%"
"29-09-2023","708.55","722.65","722.65","722.65","","0.00%"
"28-09-2023","708.55","704.25","717.50","704.25","0.02K","0.31%"
"27-09-2023","706.35","706.95","707.10","705.05","0.06K","0.09%"
"26-09-2023","705.70","710.45","710.70","703.95","0.02K","-0.16%"
"25-09-2023","706.85","714.25","714.75","705.00","2.07K","-1.00%"
"22-09-2023","714.00","719.65","720.00","713.00","4.41K","-0.72%"
"21-09-2023","719.15","725.45","725.75","711.50","6.00K","-1.11%"
"20-09-2023","727.20","727.00","730.40","725.10","3.44K","0.02%"
"19-09-2023","727.05","731.00","731.00","725.15","2.23K","-0.60%"
"18-09-2023","731.45","733.50","737.80","730.65","3.23K","-0.37%"
"15-09-2023","734.15","740.40","742.45","733.20","4.59K","-0.40%"
"14-09-2023","737.10","734.65","739.45","731.80","5.67K","0.60%"
"13-09-2023","732.70","730.80","735.70","730.15","3.61K","0.08%"
"12-09-2023","732.10","735.65","735.65","730.10","3.69K","-0.18%"
"11-09-2023","733.40","724.15","734.15","723.50","5.68K","1.70%"
"08-09-2023","721.15","726.90","727.00","720.60","4.53K","-0.95%"
"07-09-2023","728.05","732.00","733.70","726.00","4.73K","-0.75%"
"06-09-2023","733.55","738.90","740.85","732.50","4.43K","-0.93%"
"05-09-2023","740.45","735.65","741.90","732.75","4.27K","0.52%"
"04-09-2023","736.60","743.50","743.50","734.00","3.45K","-0.45%"
"01-09-2023","739.95","736.80","746.55","736.80","6.81K","0.43%"
"31-08-2023","736.80","742.80","748.00","728.10","0.02K","0.20%"
"30-08-2023","735.35","735.75","738.15","734.00","0.05K","0.11%"
"29-08-2023","734.55","734.30","737.55","732.50","0.01K","0.41%"
"28-08-2023","731.55","732.65","734.30","731.00","0.18K","0.21%"
"25-08-2023","730.05","733.65","739.70","728.00","1.89K","-0.50%"
"24-08-2023","733.75","739.30","739.30","732.70","3.69K","-0.70%"
"23-08-2023","738.90","733.85","739.70","733.85","3.75K","0.79%"
"22-08-2023","733.10","729.80","734.15","728.15","4.44K","0.60%"
"21-08-2023","728.70","727.00","729.90","724.10","4.02K","0.42%"
"18-08-2023","725.65","725.00","726.05","721.50","4.01K","0.28%"
"17-08-2023","723.60","719.40","725.75","718.25","5.18K","0.37%"
"16-08-2023","720.95","722.65","724.80","720.40","5.02K","-0.83%"
"14-08-2023","727.00","722.40","728.10","721.25","5.10K","0.28%"
"11-08-2023","725.00","729.20","729.50","722.50","4.47K","-0.51%"
"10-08-2023","728.70","731.05","737.45","727.60","5.52K","-0.48%"
"09-08-2023","732.20","732.65","736.50","730.75","5.63K","0.39%"
"08-08-2023","729.35","737.05","738.70","724.50","6.48K","-1.10%"
"07-08-2023","737.45","738.00","742.35","735.90","4.47K","-0.36%"
"04-08-2023","740.15","744.90","746.50","736.20","6.16K","-0.82%"
"03-08-2023","746.25","737.45","746.60","733.60","7.01K","1.24%"
"02-08-2023","737.10","743.00","744.60","735.60","6.15K","-0.99%"
"01-08-2023","744.45","753.55","757.75","743.45","6.68K","-0.09%"
"31-07-2023","745.15","740.80","766.00","736.95","0.04K","1.15%"
"28-07-2023","736.70","735.20","739.85","735.10","0.02K","0.12%"
"27-07-2023","735.85","739.00","741.50","732.40","0.03K","0.14%"
"26-07-2023","734.80","734.50","736.85","732.40","0.07K","0.15%"
"25-07-2023","733.70","729.10","736.90","727.80","0.84K","1.16%"
"24-07-2023","725.30","726.50","726.50","717.10","4.60K","0.09%"
"21-07-2023","724.65","730.80","734.65","723.50","4.25K","-0.73%"
"20-07-2023","729.95","724.40","739.70","723.85","7.69K","1.07%"
"19-07-2023","722.25","722.45","724.90","718.65","5.53K","-0.34%"
"18-07-2023","724.75","726.45","727.80","721.05","3.99K","-0.20%"
"17-07-2023","726.20","736.00","736.85","723.20","6.30K","-1.87%"
"14-07-2023","740.05","739.55","741.95","735.40","3.83K","0.03%"
"13-07-2023","739.80","728.95","741.00","727.50","5.88K","1.57%"
"12-07-2023","728.35","720.00","729.20","718.30","6.54K","1.37%"
"11-07-2023","718.50","723.95","726.25","717.50","5.62K","-0.54%"
"10-07-2023","722.40","721.15","722.90","716.75","4.08K","0.06%"
"07-07-2023","721.95","716.00","722.60","713.55","6.00K","0.86%"
"06-07-2023","715.80","715.35","718.20","712.20","5.68K","-0.20%"
"05-07-2023","717.25","715.15","718.50","711.25","5.74K","0.06%"
"04-07-2023","716.85","715.90","719.20","715.50","2.52K","0.03%"
"03-07-2023","716.65","716.40","718.65","713.70","4.42K","1.52%"
"30-06-2023","705.95","703.10","715.00","703.10","0.02K","0.60%"
"29-06-2023","701.75","701.60","702.85","699.00","0.01K","-0.64%"
"28-06-2023","706.25","709.75","711.50","702.65","0.04K","-0.72%"
"27-06-2023","711.40","714.10","716.60","710.80","0.04K","0.19%"
"26-06-2023","710.05","718.50","718.50","707.65","0.89K","-0.64%"
"23-06-2023","714.60","724.55","725.40","713.00","4.47K","-1.69%"
"22-06-2023","726.85","732.85","736.60","725.40","5.10K","-0.74%"
"21-06-2023","732.30","732.20","734.20","724.55","6.39K","0.21%"
"20-06-2023","730.80","728.00","733.30","726.70","5.44K","0.20%"
"19-06-2023","729.35","731.40","732.90","729.10","3.82K","-0.63%"
"16-06-2023","734.00","736.40","738.70","732.80","6.17K","-0.17%"
"15-06-2023","735.25","730.80","735.80","726.10","6.96K","0.46%"
"14-06-2023","731.85","728.25","732.45","725.95","7.08K","0.47%"
"13-06-2023","728.45","721.10","731.50","720.45","7.74K","1.31%"
"12-06-2023","719.05","722.05","722.90","717.50","5.60K","-0.67%"
"09-06-2023","723.90","724.70","730.80","722.50","7.86K","-0.15%"
"08-06-2023","725.00","720.00","726.00","717.70","6.94K","0.55%"
"07-06-2023","721.05","720.65","728.35","719.00","8.23K","-0.19%"
"06-06-2023","722.45","722.00","725.45","716.65","7.31K","0.18%"
"05-06-2023","721.15","713.75","723.20","711.50","6.05K","0.71%"
"02-06-2023","716.10","718.70","724.50","715.40","6.86K","0.03%"
"01-06-2023","715.90","711.75","717.95","711.05","6.51K","1.76%"
"31-05-2023","703.55","702.40","706.95","700.60","0.01K","-0.64%"
"30-05-2023","708.05","703.35","709.85","703.10","0.04K","-0.16%"
"29-05-2023","709.15","708.60","711.40","707.20","0.01K","0.38%"
"26-05-2023","706.45","698.95","707.95","698.95","0.06K","1.71%"
"25-05-2023","694.60","695.70","700.00","688.50","1.47K","0.15%"
"24-05-2023","693.55","708.00","708.50","692.95","4.03K","-2.67%"
"23-05-2023","712.60","717.45","717.45","705.65","4.28K","-0.67%"
"22-05-2023","717.40","719.95","720.50","715.45","4.44K","-0.93%"
"19-05-2023","724.15","719.80","728.00","719.80","5.11K","0.79%"
"18-05-2023","718.50","723.50","724.35","715.95","4.53K","-0.65%"
"17-05-2023","723.20","716.95","725.35","710.30","7.03K","1.08%"
"16-05-2023","715.45","726.60","727.40","714.10","6.21K","-1.74%"
"15-05-2023","728.10","726.65","733.85","724.45","5.04K","-0.12%"
"12-05-2023","729.00","729.85","733.90","725.40","4.82K","-0.03%"
"11-05-2023","729.20","745.45","745.65","727.55","7.38K","-2.07%"
"10-05-2023","744.65","751.05","751.05","743.55","4.95K","-0.94%"
"09-05-2023","751.70","751.00","754.65","747.65","4.92K","-0.13%"
"08-05-2023","752.70","744.90","755.45","744.65","4.52K","1.22%"
"05-05-2023","743.60","738.45","747.50","736.30","6.48K","0.68%"
"04-05-2023","738.55","735.95","743.75","734.30","5.12K","0.44%"
"03-05-2023","735.35","736.05","739.90","733.30","4.67K","-0.52%"
"02-05-2023","739.20","749.85","751.75","737.35","7.12K","-1.43%"
"01-05-2023","749.90","743.00","760.95","742.55","6.63K","0.87%"
"28-04-2023","743.40","742.00","749.00","740.00","0.01K","0.88%"
"27-04-2023","736.90","728.80","740.00","728.80","0.09K","-0.12%"
"26-04-2023","737.80","741.45","742.70","735.50","0.08K","-0.05%"
"25-04-2023","738.20","755.40","755.40","737.00","0.05K","-1.73%"
"24-04-2023","751.20","758.40","758.55","746.30","0.87K","-0.80%"
"21-04-2023","757.25","765.65","765.80","756.00","4.31K","-1.16%"
"20-04-2023","766.10","776.50","777.40","763.85","5.30K","-1.63%"
"19-04-2023","778.80","778.45","780.25","771.50","4.87K","-0.31%"
"18-04-2023","781.25","780.30","783.60","777.30","4.79K","0.10%"
"17-04-2023","780.50","797.50","797.50","779.00","5.92K","-1.11%"
"14-04-2023","789.30","788.45","798.65","786.70","4.08K","0.13%"
"13-04-2023","788.25","781.50","790.60","780.20","4.51K","0.73%"
"12-04-2023","782.50","774.40","783.00","770.05","6.13K","0.96%"
"11-04-2023","775.05","768.55","776.90","767.80","5.03K","1.03%"
"10-04-2023","767.15","770.10","774.00","764.70","3.60K","-0.51%"
"06-04-2023","771.10","768.95","772.95","763.40","5.32K","0.55%"
"05-04-2023","766.90","767.70","768.00","758.70","5.63K","0.01%"
"04-04-2023","766.85","778.00","778.15","763.85","4.58K","-1.26%"
"03-04-2023","776.60","778.05","782.55","775.50","4.78K","-1.06%"
"31-03-2023","784.95","790.25","794.00","775.05","0.15K","-0.49%"
"30-03-2023","788.80","790.90","790.90","785.25","0.10K","0.89%"
"29-03-2023","781.85","786.85","794.50","780.00","0.16K","-0.79%"
"28-03-2023","788.10","788.40","792.50","783.70","0.19K","0.63%"
"27-03-2023","783.20","785.60","789.65","782.00","0.84K","-0.32%"
"24-03-2023","785.75","785.70","791.70","780.25","6.04K","0.29%"
"23-03-2023","783.45","773.30","786.00","768.60","7.56K","1.52%"
"22-03-2023","771.75","763.00","773.35","760.05","5.60K","1.02%"
"21-03-2023","763.95","756.00","765.65","755.30","5.51K","0.74%"
"20-03-2023","758.35","756.00","759.35","745.70","6.03K","0.48%"
"17-03-2023","754.75","755.80","759.00","751.25","6.22K","0.46%"
"16-03-2023","751.30","752.10","753.95","746.05","8.88K","-0.37%"
"15-03-2023","754.10","760.10","761.50","748.50","10.39K","-0.57%"
"14-03-2023","758.40","757.00","762.00","752.75","9.81K","-0.43%"
"13-03-2023","761.65","757.95","762.90","738.30","15.20K","1.20%"
"10-03-2023","752.65","749.70","757.75","744.20","11.01K","-0.17%"
"09-03-2023","753.95","752.60","757.15","749.55","7.25K","0.12%"
"08-03-2023","753.05","747.15","758.85","742.50","10.64K","1.09%"
"07-03-2023","744.95","756.40","756.40","743.65","6.22K","-2.01%"
"06-03-2023","760.20","756.70","761.00","749.55","9.27K","0.47%"
"03-03-2023","756.65","764.00","768.20","756.00","8.36K","-0.85%"
"02-03-2023","763.10","773.40","775.50","761.40","9.93K","-1.68%"
"01-03-2023","776.15","769.55","776.75","768.70","8.92K","2.30%"
"28-02-2023","758.70","760.80","776.95","750.50","0.05K","0.46%"
"27-02-2023","755.20","759.40","759.40","751.60","0.04K","-0.70%"
"24-02-2023","760.50","768.50","768.50","754.25","0.14K","-1.20%"
"23-02-2023","769.70","778.85","785.25","767.80","0.20K","-1.21%"
"22-02-2023","779.15","779.00","779.95","775.00","1.08K","-0.09%"
"21-02-2023","779.85","778.15","780.80","774.50","6.73K","0.08%"
"20-02-2023","779.25","776.95","779.80","774.25","5.04K","0.55%"
"17-02-2023","775.00","774.50","776.50","771.00","5.87K","-0.32%"
"16-02-2023","777.50","771.00","778.25","769.25","9.98K","1.25%"
"15-02-2023","767.90","776.40","776.50","766.00","8.88K","-1.32%"
"14-02-2023","778.15","772.40","780.50","770.65","10.43K","0.78%"
"13-02-2023","772.10","765.05","772.75","765.05","7.57K","0.74%"
"10-02-2023","766.40","774.00","774.70","764.65","8.32K","-1.22%"
"09-02-2023","775.90","773.45","779.40","771.35","9.52K","0.54%"
"08-02-2023","771.70","776.00","780.00","768.25","8.06K","-0.52%"
"07-02-2023","775.75","771.95","777.40","765.75","7.97K","0.71%"
"06-02-2023","770.30","764.00","774.35","763.25","7.02K","-0.14%"
"03-02-2023","771.40","778.45","781.00","769.60","9.10K","-0.68%"
"02-02-2023","776.65","787.40","789.00","775.05","8.14K","-0.51%"
"01-02-2023","780.60","786.85","787.80","777.35","6.15K","0.80%"
"31-01-2023","774.40","779.50","782.60","770.15","0.20K","-0.90%"
"30-01-2023","781.40","785.00","789.10","779.55","0.17K","-0.24%"
"27-01-2023","783.30","793.00","802.95","778.75","0.53K","-1.20%"
"25-01-2023","792.80","795.15","801.50","790.00","0.48K","-0.13%"
"24-01-2023","793.80","791.00","797.00","790.30","1.50K","0.88%"
"23-01-2023","786.85","780.40","788.55","780.20","7.40K","1.39%"
"20-01-2023","776.10","777.00","778.70","770.40","8.38K","0.12%"
"19-01-2023","775.20","773.20","778.40","767.30","9.03K","0.08%"
"18-01-2023","774.60","771.15","787.70","770.35","11.60K","0.36%"
"17-01-2023","771.85","764.50","772.50","760.75","8.97K","0.81%"
"16-01-2023","765.65","770.25","771.30","764.65","7.24K","-0.82%"
"13-01-2023","772.00","768.55","772.75","762.00","8.88K","0.36%"
"12-01-2023","769.25","766.90","773.50","762.95","10.36K","-0.04%"
"11-01-2023","769.55","759.65","771.05","757.35","10.98K","1.64%"
"10-01-2023","757.10","749.90","757.75","746.05","9.78K","0.73%"
"09-01-2023","751.60","741.75","754.45","741.20","10.95K","2.43%"
"06-01-2023","733.80","724.50","734.40","719.00","12.87K","1.68%"
"05-01-2023","721.70","708.60","723.75","706.45","12.01K","1.68%"
"04-01-2023","709.80","715.25","719.80","705.20","9.48K","-0.75%"
"03-01-2023","715.15","726.15","729.40","714.65","8.51K","-0.83%"
"02-01-2023","721.15","718.40","722.45","717.80","1.53K","-0.26%"
"30-12-2022","723.00","721.00","727.00","718.00","0.18K","0.08%"
"29-12-2022","722.40","727.70","728.30","716.75","0.20K","-0.73%"
"28-12-2022","727.70","740.00","740.60","726.00","0.27K","-1.35%"
"27-12-2022","737.65","743.85","747.50","737.00","0.40K","-0.63%"
"26-12-2022","742.35","725.00","751.50","725.00","1.78K","2.41%"
"23-12-2022","724.90","712.65","727.90","712.30","5.99K","1.77%"
"22-12-2022","712.30","718.00","720.90","711.70","6.53K","-0.41%"
"21-12-2022","715.25","712.70","717.60","711.30","6.80K","0.36%"
"20-12-2022","712.70","704.15","716.75","702.95","10.61K","1.03%"
"19-12-2022","705.45","704.30","708.70","702.65","8.34K","0.43%"
"16-12-2022","702.45","705.55","705.55","696.70","9.99K","0.03%"
"15-12-2022","702.25","708.05","710.20","701.50","12.75K","-1.46%"
"14-12-2022","712.65","708.45","713.75","706.20","9.54K","0.81%"
"13-12-2022","706.95","702.10","717.60","701.80","14.65K","0.96%"
"12-12-2022","700.20","702.70","707.35","698.45","9.26K","-0.88%"
"09-12-2022","706.40","711.65","713.50","704.50","8.39K","-0.21%"
"08-12-2022","707.90","701.65","711.85","701.65","9.19K","0.68%"
"07-12-2022","703.15","698.65","703.75","694.65","10.21K","0.58%"
"06-12-2022","699.10","699.95","704.45","695.50","8.75K","0.79%"
"05-12-2022","693.60","704.00","704.00","693.00","8.41K","-0.27%"
"02-12-2022","695.50","689.00","696.95","685.65","10.97K","0.57%"
"01-12-2022","691.55","689.00","692.95","684.60","10.33K","2.49%"
"30-11-2022","674.75","677.00","681.00","669.60","0.09K","0.19%"
"29-11-2022","673.45","675.15","675.30","671.75","0.02K","0.96%"
"28-11-2022","667.05","662.90","670.35","658.90","0.06K","-0.66%"
"25-11-2022","671.50","673.00","678.25","670.20","0.29K","0.07%"
"24-11-2022","671.00","671.50","675.00","668.00","0.97K","0.25%"
"23-11-2022","669.30","667.30","674.05","665.30","7.19K","0.09%"
"22-11-2022","668.70","666.50","674.10","662.40","10.03K","0.87%"
"21-11-2022","662.90","672.35","672.35","658.70","9.44K","-1.52%"
"18-11-2022","673.15","682.50","682.50","672.50","11.17K","-1.14%"
"17-11-2022","680.90","688.00","689.50","680.10","10.47K","-1.34%"
"16-11-2022","690.15","692.00","695.10","688.25","9.82K","-0.50%"
"15-11-2022","693.65","698.00","701.95","691.50","12.82K","-0.41%"
"14-11-2022","696.50","700.70","707.30","695.60","14.65K","-0.82%"
"11-11-2022","702.25","692.95","704.10","692.95","15.72K","2.32%"
"10-11-2022","686.35","678.60","691.60","673.80","18.17K","1.02%"
"09-11-2022","679.45","674.55","687.45","672.00","17.87K","0.34%"
"08-11-2022","677.15","671.90","679.00","670.55","7.76K","0.65%"
"07-11-2022","672.75","675.70","680.85","670.10","14.24K","-1.36%"
"04-11-2022","682.05","657.40","686.95","657.40","21.50K","4.45%"
"03-11-2022","653.00","656.30","657.65","647.10","11.20K","-0.70%"
"02-11-2022","657.60","660.60","663.75","656.15","8.63K","-0.02%"
"01-11-2022","657.75","649.95","660.90","649.95","12.74K","2.43%"
"31-10-2022","642.15","644.35","644.35","640.90","0.02K","-1.27%"
"28-10-2022","650.40","654.35","654.35","647.75","0.06K","-1.24%"
"27-10-2022","658.55","659.75","661.70","656.80","0.05K","-0.08%"
"26-10-2022","659.05","654.00","659.45","652.85","0.08K","2.24%"
"25-10-2022","644.60","648.75","649.35","639.90","1.16K","-0.82%"
"24-10-2022","649.95","650.00","651.30","648.40","0.57K","-0.41%"
"21-10-2022","652.65","647.45","653.90","639.20","11.30K","0.90%"
"20-10-2022","646.85","636.50","651.20","635.25","14.52K","1.32%"
"19-10-2022","638.40","640.60","644.25","633.70","12.67K","-0.32%"
"18-10-2022","640.45","648.50","651.35","636.85","14.30K","-1.22%"
"17-10-2022","648.35","651.10","656.80","646.70","14.55K","-0.25%"
"14-10-2022","650.00","658.60","664.00","649.10","17.09K","-1.26%"
"13-10-2022","658.30","651.40","659.45","644.00","21.84K","0.94%"
"12-10-2022","652.20","652.30","659.00","649.00","14.04K","-0.59%"
"11-10-2022","656.10","655.10","659.35","647.65","16.77K","-0.14%"
"10-10-2022","657.00","653.70","660.20","648.60","13.84K","0.89%"
"07-10-2022","651.20","653.40","657.70","648.35","13.88K","-0.77%"
"06-10-2022","656.25","672.00","674.70","655.10","15.96K","-0.91%"
"05-10-2022","662.25","655.00","663.25","653.40","8.70K","0.41%"
"04-10-2022","659.55","647.85","664.50","646.25","19.53K","1.81%"
"03-10-2022","647.85","644.00","649.45","640.70","11.37K","0.75%"
"30-09-2022","643.00","643.00","643.00","643.00","","0.00%"
"29-09-2022","643.00","635.05","645.00","629.00","0.04K","1.28%"
"28-09-2022","634.85","620.00","635.70","620.00","0.02K","1.14%"
"27-09-2022","627.70","624.20","629.75","621.40","0.13K","0.85%"
"26-09-2022","622.40","622.00","633.50","620.30","1.81K","-1.20%"
"23-09-2022","629.95","651.00","651.40","628.00","8.75K","-3.43%"
"22-09-2022","652.35","645.85","655.40","645.40","11.27K","1.27%"
"21-09-2022","644.20","647.00","650.75","643.00","9.04K","-0.34%"
"20-09-2022","646.40","650.00","654.70","645.85","9.08K","-0.32%"
"19-09-2022","648.45","650.00","651.05","643.50","8.76K","-0.44%"
"16-09-2022","651.30","645.90","652.00","635.45","12.67K","0.88%"
"15-09-2022","645.60","652.70","653.70","643.10","12.25K","-0.47%"
"14-09-2022","648.65","651.00","654.50","646.25","12.59K","-0.65%"
"13-09-2022","652.90","663.50","671.90","652.00","18.96K","-1.49%"
"12-09-2022","662.75","653.00","664.00","651.20","13.29K","1.17%"
"09-09-2022","655.10","657.00","664.80","652.75","12.41K","0.28%"
"08-09-2022","653.30","640.70","654.00","640.55","14.37K","2.49%"
"07-09-2022","637.45","635.55","643.00","633.50","11.30K","-0.56%"
"06-09-2022","641.05","641.90","649.05","638.50","12.05K","0.11%"
"05-09-2022","640.35","633.40","641.40","633.40","8.01K","1.06%"
"02-09-2022","633.65","634.00","639.60","630.15","10.67K","-0.03%"
"01-09-2022","633.85","648.05","648.05","632.70","10.12K","-2.40%"
"31-08-2022","649.45","654.25","655.70","640.50","7.06K","-1.31%"
"30-08-2022","658.10","660.30","660.30","655.00","0.01K","-0.85%"
"29-08-2022","663.75","664.45","664.50","660.00","0.05K","-1.59%"
"26-08-2022","674.50","677.70","680.60","673.55","0.04K","-0.15%"
"25-08-2022","675.50","668.00","677.50","668.00","0.12K","1.23%"
"24-08-2022","667.30","670.10","671.80","664.10","1.07K","-0.77%"
"23-08-2022","672.50","671.25","675.50","667.50","8.91K","0.27%"
"22-08-2022","670.70","676.30","676.40","665.05","8.77K","-0.46%"
"19-08-2022","673.80","670.40","675.85","665.65","10.83K","0.45%"
"18-08-2022","670.75","660.90","672.45","657.00","13.35K","1.44%"
"17-08-2022","661.20","665.20","670.70","658.50","10.66K","-0.82%"
"16-08-2022","666.70","669.90","669.95","661.40","11.29K","-1.38%"
"12-08-2022","676.05","679.90","684.30","672.60","11.34K","-0.74%"
"11-08-2022","681.10","671.00","681.65","671.00","10.98K","1.71%"
"10-08-2022","669.65","661.80","671.50","657.80","13.74K","0.90%"
"09-08-2022","663.65","664.50","668.75","662.70","6.00K","0.15%"
"08-08-2022","662.65","655.45","665.75","653.45","12.28K","1.04%"
"05-08-2022","655.85","651.45","659.70","647.40","18.37K","1.44%"
"04-08-2022","646.55","641.20","650.55","638.30","14.00K","0.69%"
"03-08-2022","642.15","643.20","649.30","640.05","11.55K","0.00%"
"02-08-2022","642.15","641.00","649.40","636.80","14.81K","-0.90%"
"01-08-2022","647.95","656.00","659.70","646.50","13.05K","0.34%"
"29-07-2022","645.75","647.65","647.80","644.45","0.04K","1.13%"
"28-07-2022","638.55","641.50","642.90","637.20","0.04K","1.16%"
"27-07-2022","631.20","629.00","635.00","629.00","0.03K","0.26%"
"26-07-2022","629.55","637.15","640.70","628.00","0.13K","0.23%"
"25-07-2022","628.10","626.15","634.00","623.75","1.78K","0.18%"
"22-07-2022","627.00","625.40","635.45","624.20","10.63K","0.67%"
"21-07-2022","622.85","622.10","626.10","614.95","13.74K","-0.76%"
"20-07-2022","627.60","629.90","637.40","626.35","16.11K","0.55%"
"19-07-2022","624.15","623.20","627.10","617.10","14.14K","-1.08%"
"18-07-2022","630.95","617.60","636.50","617.60","12.19K","2.36%"
"15-07-2022","616.40","608.40","622.20","601.00","20.07K","0.29%"
"14-07-2022","614.60","632.30","632.30","611.60","18.42K","-2.73%"
"13-07-2022","631.85","626.90","633.80","616.15","23.15K","0.89%"
"12-07-2022","626.25","646.00","647.10","622.50","19.26K","-3.49%"
"11-07-2022","648.90","659.60","659.60","643.05","17.67K","-1.80%"
"08-07-2022","660.80","660.90","665.95","650.70","15.70K","-0.61%"
"07-07-2022","664.85","646.00","668.40","646.00","19.71K","3.05%"
"06-07-2022","645.15","646.00","652.90","630.55","21.86K","-0.94%"
"05-07-2022","651.25","675.05","676.95","649.50","16.77K","-3.50%"
"04-07-2022","674.85","677.40","680.30","670.20","9.87K","-0.62%"
"01-07-2022","679.05","689.90","691.40","672.15","11.86K","-2.19%"
"30-06-2022","694.25","694.25","694.25","694.25","","0.00%"
"29-06-2022","694.25","694.25","694.25","694.25","0.00K","-1.57%"
"28-06-2022","705.30","698.30","707.15","698.30","0.02K","1.18%"
"27-06-2022","697.05","698.95","701.60","695.85","0.06K","0.75%"
"24-06-2022","691.85","697.55","704.75","684.95","1.23K","-0.59%"
"23-06-2022","695.95","720.00","725.20","695.00","8.30K","-4.72%"
"22-06-2022","730.40","740.00","740.00","725.65","10.12K","-1.61%"
"21-06-2022","742.35","742.70","747.80","734.10","9.10K","0.71%"
"20-06-2022","737.10","736.40","740.95","731.15","7.31K","-0.55%"
"17-06-2022","741.15","748.50","752.50","738.00","8.93K","-1.27%"
"16-06-2022","750.70","760.00","762.00","739.55","11.80K","-0.64%"
"15-06-2022","755.50","757.40","761.30","754.55","7.84K","0.76%"
"14-06-2022","749.80","762.50","767.00","747.50","9.05K","-1.79%"
"13-06-2022","763.50","774.70","774.70","758.50","9.05K","-1.67%"
"10-06-2022","776.50","786.00","786.60","775.50","9.21K","-1.38%"
"09-06-2022","787.40","793.50","795.30","785.25","7.34K","-1.20%"
"08-06-2022","796.95","794.30","798.80","791.05","6.32K","0.20%"
"07-06-2022","795.35","793.70","796.65","788.85","6.71K","-0.40%"
"06-06-2022","798.55","797.40","799.00","792.00","5.86K","-0.18%"
"03-06-2022","800.00","807.70","814.60","798.25","7.76K","-0.92%"
"02-06-2022","807.40","778.80","809.40","777.10","10.47K","3.56%"
"01-06-2022","779.65","774.30","780.65","770.05","7.92K","-1.05%"
"31-05-2022","787.95","783.95","790.00","783.95","0.02K","0.63%"
"30-05-2022","783.05","781.75","787.25","781.15","0.01K","1.14%"
"27-05-2022","774.20","777.85","777.95","769.30","0.08K","0.36%"
"26-05-2022","771.40","778.30","780.35","770.00","0.24K","-1.08%"
"25-05-2022","779.85","781.40","783.50","772.60","0.94K","-0.18%"
"24-05-2022","781.25","782.30","782.60","772.00","6.17K","-0.12%"
"23-05-2022","782.20","773.50","783.50","770.05","8.21K","1.37%"
"20-05-2022","771.60","767.70","778.70","766.70","7.42K","0.33%"
"19-05-2022","769.05","760.40","770.50","759.20","10.76K","1.68%"
"18-05-2022","756.35","765.30","766.00","755.50","7.42K","-1.21%"
"17-05-2022","765.60","762.00","770.80","761.85","7.23K","0.73%"
"16-05-2022","760.05","750.25","761.50","750.25","6.87K","0.94%"
"13-05-2022","752.95","748.00","754.90","738.10","11.12K","1.10%"
"12-05-2022","744.75","756.10","756.10","739.20","11.88K","-1.48%"
"11-05-2022","755.95","756.70","762.45","752.20","9.97K","0.35%"
"10-05-2022","753.35","756.80","763.60","746.30","10.98K","-0.30%"
"09-05-2022","755.65","760.45","761.45","744.10","9.16K","-0.77%"
"06-05-2022","761.50","761.50","768.30","758.75","6.66K","-0.09%"
"05-05-2022","762.15","780.00","780.00","758.25","8.55K","-0.43%"
"04-05-2022","765.45","766.00","767.85","754.70","7.59K","0.24%"
"03-05-2022","763.65","770.00","775.00","759.55","4.62K","0.30%"
"02-05-2022","761.40","775.10","775.10","753.00","6.54K","-3.18%"
"29-04-2022","786.40","787.25","790.25","784.95","0.02K","0.60%"
"28-04-2022","781.70","784.70","785.00","780.05","0.04K","-0.91%"
"27-04-2022","788.90","781.40","791.00","781.40","0.01K","0.40%"
"26-04-2022","785.75","795.00","795.00","783.00","0.17K","0.15%"
"25-04-2022","784.60","803.85","805.00","774.95","0.85K","-2.69%"
"22-04-2022","806.30","819.00","821.00","803.75","6.82K","-1.65%"
"21-04-2022","819.85","815.00","821.60","810.30","6.26K","0.47%"
"20-04-2022","816.00","825.00","825.00","811.25","5.84K","-1.14%"
"19-04-2022","825.45","836.00","839.15","820.10","6.13K","-1.39%"
"18-04-2022","837.05","827.90","841.50","820.00","6.30K","1.75%"
"14-04-2022","822.65","819.85","823.95","816.05","2.81K","0.34%"
"13-04-2022","819.85","823.60","826.55","816.50","6.20K","0.04%"
"12-04-2022","819.55","811.35","822.15","810.10","7.05K","1.43%"
"11-04-2022","808.00","815.95","820.00","807.00","7.20K","-1.44%"
"08-04-2022","819.80","819.00","823.75","817.40","4.83K","0.34%"
"07-04-2022","817.00","817.70","819.00","810.30","7.50K","-0.03%"
"06-04-2022","817.25","816.70","824.50","815.50","7.20K","-0.46%"
"05-04-2022","821.05","824.35","829.95","818.70","7.51K","0.06%"
"04-04-2022","820.55","815.05","825.60","813.20","6.25K","0.53%"
"01-04-2022","816.20","817.50","823.25","813.65","7.06K","0.23%"
"31-03-2022","814.35","811.35","816.50","811.15","0.02K","-0.18%"
"30-03-2022","815.85","820.20","820.75","814.00","0.03K","0.75%"
"29-03-2022","809.80","812.25","814.50","807.85","0.03K","-0.67%"
"28-03-2022","815.30","808.20","815.50","804.60","0.12K","0.77%"
"25-03-2022","809.05","817.90","818.00","805.10","0.76K","-0.46%"
"24-03-2022","812.75","825.95","828.80","810.30","6.05K","-1.60%"
"23-03-2022","825.95","814.75","826.85","811.80","7.23K","1.38%"
"22-03-2022","814.70","817.40","821.40","810.00","7.83K","0.04%"
"21-03-2022","814.40","810.00","816.95","807.00","6.74K","-0.20%"
"18-03-2022","816.05","813.35","819.50","811.20","2.94K","0.74%"
"17-03-2022","810.05","804.50","811.95","798.00","8.11K","1.44%"
"16-03-2022","798.55","792.00","803.00","792.00","6.74K","1.07%"
"15-03-2022","790.10","796.90","798.40","785.55","5.36K","-0.76%"
"14-03-2022","796.15","808.80","808.90","793.05","6.35K","-1.76%"
"11-03-2022","810.40","805.90","822.20","803.10","6.12K","0.37%"
"10-03-2022","807.45","809.45","816.80","796.00","7.06K","0.83%"
"09-03-2022","800.80","841.35","849.95","793.05","8.86K","-4.68%"
"08-03-2022","840.10","847.70","873.40","826.50","14.80K","-0.39%"
"07-03-2022","843.40","856.70","886.00","820.00","15.84K","0.37%"
"04-03-2022","840.30","828.50","842.95","818.50","15.94K","2.93%"
"03-03-2022","816.40","799.65","818.85","799.65","13.76K","2.43%"
"02-03-2022","797.05","784.90","804.00","781.50","12.02K","1.14%"
"01-03-2022","788.10","770.90","789.95","770.90","6.56K","2.17%"
"28-02-2022","771.35","774.00","774.00","771.30","0.08K","0.37%"
"25-02-2022","768.50","770.45","770.50","765.00","0.01K","-0.75%"
"24-02-2022","774.30","764.80","785.00","762.00","0.04K","2.12%"
"23-02-2022","758.25","761.40","765.35","757.10","0.07K","-0.20%"
"22-02-2022","759.80","757.50","763.80","756.65","1.29K","0.20%"
"21-02-2022","758.30","764.40","764.40","757.65","4.66K","-0.67%"
"18-02-2022","763.45","767.00","770.90","761.90","7.66K","-0.39%"
"17-02-2022","766.45","769.00","769.90","759.65","8.48K","-0.38%"
"16-02-2022","769.35","770.55","775.90","767.50","6.77K","-0.03%"
"15-02-2022","769.60","768.95","773.15","765.65","8.67K","-0.06%"
"14-02-2022","770.10","770.85","771.80","761.65","8.58K","0.27%"
"11-02-2022","768.00","780.75","780.75","763.05","14.37K","-2.21%"
"10-02-2022","785.35","770.50","791.50","770.50","15.13K","1.69%"
"09-02-2022","772.30","755.30","774.00","751.70","13.79K","2.21%"
"08-02-2022","755.60","754.55","756.65","747.65","9.69K","0.14%"
"07-02-2022","754.55","753.90","757.05","750.35","7.53K","-0.22%"
"04-02-2022","756.25","756.15","758.85","746.75","11.45K","0.31%"
"03-02-2022","753.95","758.50","758.95","749.15","8.82K","-0.36%"
"02-02-2022","756.70","750.95","759.00","749.45","10.50K","0.85%"
"01-02-2022","750.35","737.50","751.50","733.60","10.81K","1.83%"
"31-01-2022","736.90","732.60","737.25","732.35","0.02K","0.02%"
"28-01-2022","736.75","749.90","749.90","735.10","0.03K","-2.11%"
"27-01-2022","752.65","750.35","754.30","750.30","0.02K","0.52%"
"25-01-2022","748.75","744.80","750.00","741.30","0.12K","0.75%"
"24-01-2022","743.20","748.05","750.20","740.30","1.26K","-1.25%"
"21-01-2022","752.60","756.00","760.05","749.15","8.03K","-1.12%"
"20-01-2022","761.10","751.00","761.90","750.10","9.22K","1.57%"
"19-01-2022","749.35","743.20","751.90","742.00","8.71K","1.09%"
"18-01-2022","741.25","744.90","747.30","740.20","7.84K","-0.40%"
"17-01-2022","744.20","742.50","746.25","737.50","6.48K","0.27%"
"14-01-2022","742.20","749.90","756.30","741.20","12.06K","-1.53%"
"13-01-2022","753.75","755.00","757.35","751.05","9.10K","-0.32%"
"12-01-2022","756.15","742.60","759.30","742.60","13.88K","2.15%"
"11-01-2022","740.25","737.35","741.40","733.80","9.43K","0.89%"
"10-01-2022","733.75","741.00","743.20","732.00","9.47K","-0.93%"
"07-01-2022","740.65","738.55","741.00","734.20","8.54K","0.64%"
"06-01-2022","735.95","741.35","742.75","731.25","9.45K","-0.99%"
"05-01-2022","743.30","749.30","749.60","742.00","8.75K","-1.05%"
"04-01-2022","751.20","741.90","752.15","741.00","10.55K","0.85%"
"03-01-2022","744.85","745.10","750.90","735.20","11.95K","0.45%"
"31-12-2021","741.50","752.50","756.75","739.90","0.08K","-1.70%"
"30-12-2021","754.35","757.00","762.95","753.50","0.08K","-0.28%"
"29-12-2021","756.50","762.90","762.90","755.00","0.10K","-1.01%"
"28-12-2021","764.25","766.00","770.60","763.00","0.24K","-0.37%"
"27-12-2021","767.10","757.00","771.60","752.70","1.20K","1.23%"
"24-12-2021","757.80","751.70","761.45","747.25","3.78K","1.10%"
"23-12-2021","749.55","748.65","751.85","744.80","7.82K","-0.02%"
"22-12-2021","749.70","744.25","750.85","743.65","6.71K","0.44%"
"21-12-2021","746.40","740.00","747.50","740.00","8.63K","1.09%"
"20-12-2021","738.35","737.40","739.80","733.00","8.23K","-0.31%"
"17-12-2021","740.65","742.10","745.60","737.40","8.15K","-0.17%"
"16-12-2021","741.90","734.50","743.65","734.50","10.86K","1.57%"
"15-12-2021","730.40","731.20","732.45","720.10","16.82K","-0.01%"
"14-12-2021","730.50","731.35","735.25","729.35","11.31K","-0.17%"
"13-12-2021","731.75","734.90","736.95","730.40","7.77K","0.16%"
"10-12-2021","730.60","733.30","740.45","730.00","10.35K","-0.56%"
"09-12-2021","734.70","739.00","743.85","731.85","11.21K","-0.93%"
"08-12-2021","741.60","735.35","742.50","732.30","11.34K","0.86%"
"07-12-2021","735.30","731.50","742.70","728.20","12.85K","0.16%"
"06-12-2021","734.10","725.80","735.00","722.05","11.64K","1.54%"
"03-12-2021","723.00","725.70","732.50","720.25","11.92K","-0.34%"
"02-12-2021","725.45","722.00","727.45","717.30","11.06K","0.86%"
"01-12-2021","719.25","730.70","733.95","717.75","12.73K","-1.61%"
"30-11-2021","731.05","729.25","737.50","729.25","0.03K","-0.57%"
"29-11-2021","735.25","736.25","738.00","735.00","0.02K","1.10%"
"26-11-2021","727.25","740.05","740.05","726.00","0.06K","-2.17%"
"25-11-2021","743.35","744.45","752.60","738.80","0.11K","0.00%"
"24-11-2021","743.35","733.90","745.40","732.40","1.75K","0.96%"
"23-11-2021","736.25","737.10","741.30","731.40","7.50K","0.18%"
"22-11-2021","734.95","730.90","738.00","727.00","11.88K","0.07%"
"19-11-2021","734.45","729.50","736.00","726.40","9.77K","1.63%"
"18-11-2021","722.65","714.30","724.25","709.00","15.75K","0.56%"
"17-11-2021","718.65","733.40","733.85","718.00","14.29K","-1.98%"
"16-11-2021","733.15","743.10","744.00","729.20","12.63K","-0.79%"
"15-11-2021","739.00","742.90","746.80","737.10","11.98K","-0.80%"
"12-11-2021","744.95","736.30","746.00","734.25","11.63K","0.99%"
"11-11-2021","737.65","734.00","741.20","731.25","12.71K","1.21%"
"10-11-2021","728.80","733.60","742.00","726.30","15.96K","-0.91%"
"09-11-2021","735.50","737.90","746.00","731.05","13.42K","-0.53%"
"08-11-2021","739.40","735.10","741.60","729.50","10.86K","1.02%"
"05-11-2021","731.90","734.95","735.75","724.70","8.03K","-0.79%"
"04-11-2021","737.75","740.00","744.00","735.15","2.36K","1.26%"
"03-11-2021","728.55","742.80","751.00","727.00","14.84K","-1.72%"
"02-11-2021","741.30","742.40","747.65","737.55","12.09K","-0.64%"
"01-11-2021","746.05","746.65","749.30","737.85","10.17K","-0.01%"
"29-10-2021","746.15","743.50","750.40","741.65","0.01K","-0.24%"
"28-10-2021","747.95","745.00","748.55","745.00","0.01K","0.70%"
"27-10-2021","742.75","758.30","761.00","738.90","0.11K","-2.13%"
"26-10-2021","758.90","766.40","766.40","756.00","0.04K","-0.39%"
"25-10-2021","761.90","766.50","769.00","760.50","0.91K","0.26%"
"22-10-2021","759.90","770.00","774.75","755.45","10.81K","-0.69%"
"21-10-2021","765.20","792.85","796.85","763.05","17.20K","-3.52%"
"20-10-2021","793.15","788.00","795.00","776.50","17.36K","0.13%"
"19-10-2021","792.15","797.10","808.50","787.40","15.31K","-0.46%"
"18-10-2021","795.85","805.00","811.60","791.05","15.32K","0.06%"
"15-10-2021","795.35","784.75","802.95","784.75","11.94K","2.41%"
"14-10-2021","776.65","760.80","782.80","760.80","13.98K","2.32%"
"13-10-2021","759.05","735.65","762.00","734.55","17.60K","3.28%"
"12-10-2021","734.95","735.10","743.00","728.20","13.82K","-0.78%"
"11-10-2021","740.75","729.75","744.50","729.55","11.27K","1.63%"
"08-10-2021","728.85","727.40","731.90","721.70","12.89K","0.57%"
"07-10-2021","724.75","712.10","725.70","711.65","13.08K","2.05%"
"06-10-2021","710.20","708.30","719.45","701.10","14.60K","-0.46%"
"05-10-2021","713.45","717.70","717.70","707.65","12.42K","-0.80%"
"04-10-2021","719.20","708.65","723.90","708.45","11.01K","1.53%"
"01-10-2021","708.35","694.00","709.50","691.40","11.31K","0.00%"
"30-09-2021","708.35","710.25","710.65","705.50","0.00K","-0.46%"
"29-09-2021","711.65","713.10","713.10","709.65","0.00K","-0.59%"
"28-09-2021","715.90","717.35","717.35","708.75","0.03K","-0.33%"
"27-09-2021","718.30","717.15","720.20","714.20","0.07K","0.66%"
"24-09-2021","713.60","714.00","716.60","709.35","0.96K","0.13%"
"23-09-2021","712.65","710.05","716.30","706.00","8.99K","-0.29%"
"22-09-2021","714.70","699.60","716.60","699.60","11.53K","2.69%"
"21-09-2021","695.95","706.50","711.40","685.30","17.58K","-1.23%"
"20-09-2021","704.65","717.45","717.45","703.00","11.70K","-2.29%"
"17-09-2021","721.15","725.90","732.85","720.05","11.88K","-0.10%"
"16-09-2021","721.85","733.00","733.00","718.35","12.86K","-1.80%"
"15-09-2021","735.05","724.00","736.95","723.15","11.40K","1.75%"
"14-09-2021","722.40","728.95","729.15","718.35","11.58K","-0.91%"
"13-09-2021","729.00","739.95","746.25","724.10","14.28K","-1.64%"
"10-09-2021","741.15","719.50","743.75","719.50","10.53K","3.34%"
"09-09-2021","717.20","712.20","720.80","710.55","9.37K","0.90%"
"08-09-2021","710.80","712.00","714.40","704.50","11.80K","-0.07%"
"07-09-2021","711.30","714.85","715.20","707.00","10.29K","-0.68%"
"06-09-2021","716.20","713.60","716.85","711.75","6.16K","-0.02%"
"03-09-2021","716.35","714.05","717.70","708.70","11.58K","0.60%"
"02-09-2021","712.05","711.05","712.75","705.20","9.83K","0.54%"
"01-09-2021","708.25","720.00","720.00","705.80","12.20K","-1.67%"
"31-08-2021","720.30","721.95","724.95","718.50","0.01K","-0.50%"
"30-08-2021","723.95","722.50","727.45","719.05","0.01K","0.81%"
"27-08-2021","718.10","710.30","724.70","710.30","0.02K","1.16%"
"26-08-2021","709.90","709.65","712.00","708.10","0.03K","-0.08%"
"25-08-2021","710.50","710.80","717.30","709.05","1.28K","-0.34%"
"24-08-2021","712.95","709.45","717.45","704.70","11.87K","0.47%"
"23-08-2021","709.60","704.40","711.60","700.20","13.06K","1.38%"
"20-08-2021","699.95","692.20","702.45","686.65","16.94K","2.27%"
"19-08-2021","684.40","688.50","688.50","673.00","11.96K","-1.42%"
"18-08-2021","694.25","711.00","715.50","692.10","17.90K","-2.18%"
"17-08-2021","709.70","726.35","729.15","709.20","15.73K","-2.29%"
"16-08-2021","726.35","731.00","731.00","722.35","11.89K","-0.95%"
"13-08-2021","733.35","732.80","739.60","729.20","10.53K","0.42%"
"12-08-2021","730.25","736.05","740.75","728.05","10.99K","-0.69%"
"11-08-2021","735.30","732.30","736.00","728.75","9.99K","0.15%"
"10-08-2021","734.20","729.00","737.25","725.20","12.23K","1.16%"
"09-08-2021","725.80","730.50","731.45","717.10","13.71K","-0.91%"
"06-08-2021","732.50","732.70","741.20","730.70","15.87K","0.14%"
"05-08-2021","731.45","730.55","733.00","725.70","10.35K","0.29%"
"04-08-2021","729.35","738.05","739.65","727.05","13.04K","-0.99%"
"03-08-2021","736.65","743.30","744.80","730.30","15.63K","-0.69%"
"02-08-2021","741.75","754.70","757.70","741.00","14.25K","-2.57%"
"30-07-2021","761.35","758.00","768.80","755.00","0.04K","0.07%"
"29-07-2021","760.80","760.00","768.25","758.50","0.08K","0.63%"
"28-07-2021","756.05","771.65","771.65","755.40","0.14K","-1.53%"
"27-07-2021","767.80","776.95","778.25","765.00","0.22K","-1.09%"
"26-07-2021","776.25","762.95","781.15","762.95","1.02K","2.05%"
"23-07-2021","760.65","740.00","762.40","739.30","10.24K","3.37%"
"22-07-2021","735.85","726.35","737.15","725.65","11.48K","1.55%"
"21-07-2021","724.60","722.30","727.10","719.65","6.37K","0.39%"
"20-07-2021","721.75","720.50","723.40","714.25","11.66K","0.88%"
"19-07-2021","715.45","728.00","729.00","711.35","16.21K","-2.11%"
"16-07-2021","730.90","731.00","733.75","728.60","10.39K","0.36%"
"15-07-2021","728.25","722.40","732.90","722.40","17.08K","0.96%"
"14-07-2021","721.30","724.00","727.00","720.25","12.62K","-0.62%"
"13-07-2021","725.80","729.60","731.55","720.70","16.40K","-0.41%"
"12-07-2021","728.80","728.30","729.50","722.80","12.55K","-0.40%"
"09-07-2021","731.75","725.00","736.25","721.25","20.27K","1.55%"
"08-07-2021","720.60","729.50","729.70","717.50","16.06K","-1.48%"
"07-07-2021","731.45","724.30","735.90","723.00","18.97K","1.57%"
"06-07-2021","720.15","733.00","741.85","716.80","21.97K","-1.48%"
"05-07-2021","731.00","723.90","733.30","723.90","12.41K","1.23%"
"02-07-2021","722.15","717.35","723.70","717.35","11.99K","1.04%"
"01-07-2021","714.75","719.30","727.30","714.25","15.30K","0.24%"
"30-06-2021","713.05","714.60","719.40","711.90","0.02K","0.97%"
"29-06-2021","706.20","709.10","709.10","704.40","0.01K","-1.07%"
"28-06-2021","713.85","714.25","715.50","712.30","0.01K","-0.37%"
"25-06-2021","716.50","720.20","721.60","712.30","0.10K","-0.28%"
"24-06-2021","718.50","713.70","721.20","712.50","1.59K","-0.29%"
"23-06-2021","720.60","715.00","723.80","711.00","11.59K","1.29%"
"22-06-2021","711.40","702.00","712.75","697.35","18.07K","1.85%"
"21-06-2021","698.50","692.95","700.20","685.10","15.26K","0.78%"
"18-06-2021","693.10","702.70","703.30","691.50","14.83K","-0.61%"
"17-06-2021","697.35","719.60","719.85","695.65","22.69K","-3.43%"
"16-06-2021","722.10","719.00","725.65","712.00","17.40K","0.75%"
"15-06-2021","716.75","744.30","744.30","713.65","24.22K","-3.90%"
"14-06-2021","745.85","749.00","749.00","742.70","9.15K","-0.37%"
"11-06-2021","748.65","738.70","755.75","737.25","18.88K","1.43%"
"10-06-2021","738.10","741.90","742.30","731.85","18.35K","-0.80%"
"09-06-2021","744.05","743.95","745.40","737.60","14.02K","-0.27%"
"08-06-2021","746.10","738.90","748.40","733.05","16.82K","0.74%"
"07-06-2021","740.60","740.20","743.05","733.25","12.55K","-0.32%"
"04-06-2021","743.00","738.70","744.95","730.45","17.08K","1.21%"
"03-06-2021","734.15","760.95","762.65","730.20","22.31K","-3.29%"
"02-06-2021","759.15","768.70","771.30","757.25","14.02K","-1.03%"
"01-06-2021","767.05","770.60","776.00","766.20","16.73K","0.04%"
"31-05-2021","766.75","761.00","768.45","761.00","0.09K","0.73%"
"28-05-2021","761.20","762.10","763.20","751.85","0.05K","-0.46%"
"27-05-2021","764.75","743.10","765.05","743.10","0.05K","3.07%"
"26-05-2021","741.95","743.00","744.40","740.00","0.07K","0.52%"
"25-05-2021","738.10","749.00","752.35","735.00","1.55K","-0.99%"
"24-05-2021","745.50","739.00","746.20","733.15","12.77K","0.67%"
"21-05-2021","740.55","749.70","751.70","736.75","22.66K","-1.54%"
"20-05-2021","752.15","761.00","766.70","750.70","19.71K","-1.10%"
"19-05-2021","760.50","778.90","778.90","754.50","27.22K","-2.98%"
"18-05-2021","783.85","786.95","792.90","780.60","16.33K","0.03%"
"17-05-2021","783.65","778.65","785.35","772.85","17.64K","1.27%"
"14-05-2021","773.80","777.05","781.80","768.90","26.27K","-0.74%"
"13-05-2021","779.60","783.20","787.55","772.10","14.78K","-1.40%"
"12-05-2021","790.65","798.10","802.40","786.40","26.76K","-0.86%"
"11-05-2021","797.50","790.00","799.40","788.00","22.24K","1.30%"
"10-05-2021","787.25","787.70","812.60","781.75","31.88K","0.00%"
"07-05-2021","787.25","773.00","788.00","773.00","22.49K","2.15%"
"06-05-2021","770.65","762.25","771.35","762.25","14.33K","1.25%"
"05-05-2021","761.10","765.00","770.00","758.30","17.21K","-0.20%"
"04-05-2021","762.65","765.05","765.05","758.65","16.91K","-0.24%"
"03-05-2021","764.45","755.20","764.90","752.20","13.82K","1.27%"
"30-04-2021","754.85","753.35","755.70","750.40","0.01K","-0.40%"
"29-04-2021","757.90","762.20","762.20","753.00","0.02K","-0.02%"
"28-04-2021","758.05","749.65","759.95","746.00","0.05K","0.17%"
"27-04-2021","756.75","755.55","762.15","753.40","0.09K","1.03%"
"26-04-2021","749.00","739.70","751.30","739.00","1.08K","1.88%"
"23-04-2021","735.15","727.60","735.90","726.70","7.44K","1.50%"
"22-04-2021","724.30","725.35","727.50","722.30","9.32K","-0.62%"
"21-04-2021","728.85","727.70","729.80","724.60","8.99K","0.86%"
"20-04-2021","722.60","729.00","734.35","721.60","17.90K","0.02%"
"19-04-2021","722.45","714.15","731.20","714.15","15.48K","1.85%"
"16-04-2021","709.30","715.25","719.15","708.20","14.05K","-1.37%"
"15-04-2021","719.15","702.55","719.70","702.20","12.11K","1.81%"
"14-04-2021","706.35","696.00","707.00","696.00","6.56K","2.05%"
"13-04-2021","692.15","685.85","694.95","685.30","8.52K","0.78%"
"12-04-2021","686.80","686.00","688.65","681.75","8.68K","-0.44%"
"09-04-2021","689.85","693.50","695.35","688.45","9.75K","-0.83%"
"08-04-2021","695.60","691.00","696.90","691.00","10.30K","0.91%"
"07-04-2021","689.35","686.55","694.85","685.70","11.17K","0.09%"
"06-04-2021","688.70","693.90","693.90","682.15","10.32K","-0.20%"
"05-04-2021","690.10","670.00","693.90","670.00","13.42K","3.09%"
"01-04-2021","669.40","667.00","669.90","663.35","9.17K","0.55%"
"31-03-2021","665.75","667.20","671.00","664.00","0.02K","-0.52%"
"30-03-2021","669.20","668.50","670.00","664.25","0.07K","0.29%"
"29-03-2021","667.25","669.30","674.70","664.40","0.03K","-0.35%"
"26-03-2021","669.60","661.50","671.00","660.55","0.07K","1.91%"
"25-03-2021","657.05","660.40","663.65","652.00","0.90K","-0.91%"
"24-03-2021","663.10","665.75","671.80","661.35","9.01K","-0.38%"
"23-03-2021","665.60","669.20","674.45","665.05","13.63K","-1.78%"
"22-03-2021","677.65","674.00","678.05","668.85","11.09K","0.36%"
"19-03-2021","675.20","672.60","676.45","659.40","15.81K","0.02%"
"18-03-2021","675.05","673.00","678.50","671.60","11.98K","-0.16%"
"17-03-2021","676.10","669.85","676.60","669.00","9.58K","1.02%"
"16-03-2021","669.30","677.00","678.80","668.50","11.58K","-1.38%"
"15-03-2021","678.65","681.00","681.00","675.25","9.43K","-0.13%"
"12-03-2021","679.50","679.80","680.65","672.20","14.19K","-0.67%"
"11-03-2021","684.10","675.80","684.95","675.80","8.69K","1.94%"
"10-03-2021","671.10","676.40","678.80","667.40","18.34K","-0.61%"
"09-03-2021","675.25","696.65","697.90","671.30","22.79K","-2.99%"
"08-03-2021","696.05","684.50","697.20","678.00","21.76K","0.72%"
"05-03-2021","691.05","677.00","694.50","673.65","23.52K","2.70%"
"04-03-2021","672.85","702.00","702.00","663.30","39.28K","-4.19%"
"03-03-2021","702.30","710.85","713.25","697.40","21.64K","-2.02%"
"02-03-2021","716.75","695.00","718.80","689.30","26.31K","2.68%"
"01-03-2021","698.05","708.90","709.95","696.15","16.03K","-2.22%"
"26-02-2021","713.90","710.15","733.45","710.15","0.05K","-2.24%"
"25-02-2021","730.25","741.05","745.50","726.35","0.19K","-0.69%"
"24-02-2021","735.35","716.70","738.00","711.00","0.21K","2.40%"
"23-02-2021","718.10","719.80","725.80","705.00","0.27K","0.79%"
"22-02-2021","712.45","708.00","717.20","699.00","1.14K","2.92%"
"19-02-2021","692.25","655.50","695.90","653.20","20.44K","5.30%"
"18-02-2021","657.40","650.20","658.75","650.20","15.43K","2.03%"
"17-02-2021","644.35","646.85","647.10","640.45","13.32K","-0.38%"
"16-02-2021","646.80","647.00","648.40","641.05","14.50K","0.30%"
"15-02-2021","644.85","645.30","649.65","641.70","13.95K","0.58%"
"12-02-2021","641.15","636.00","643.35","631.40","17.84K","0.68%"
"11-02-2021","636.85","634.00","638.70","633.35","14.53K","-0.08%"
"10-02-2021","637.35","630.95","640.35","630.95","22.46K","1.24%"
"09-02-2021","629.55","621.15","630.20","621.15","19.35K","1.52%"
"08-02-2021","620.15","609.05","620.90","609.05","15.77K","1.74%"
"05-02-2021","609.55","598.90","610.20","597.60","16.22K","2.18%"
"04-02-2021","596.55","597.55","600.90","594.55","14.32K","-0.14%"
"03-02-2021","597.40","588.90","598.80","587.75","16.67K","1.11%"
"02-02-2021","590.85","594.90","596.45","588.15","15.96K","-0.51%"
"01-02-2021","593.90","598.20","601.80","585.00","13.57K","0.00%"
"29-01-2021","593.90","596.00","596.00","593.25","0.02K","0.54%"
"28-01-2021","590.70","593.00","593.80","584.90","0.31K","-0.61%"
"27-01-2021","594.35","602.50","603.15","592.00","0.03K","-1.91%"
"25-01-2021","605.95","607.75","607.75","602.50","0.15K","0.12%"
"22-01-2021","605.25","607.80","607.80","595.35","2.52K","-0.82%"
"21-01-2021","610.25","613.40","615.50","609.05","12.58K","-0.18%"
"20-01-2021","611.35","613.00","614.60","607.80","16.72K","0.18%"
"19-01-2021","610.25","608.15","613.75","605.30","17.01K","0.51%"
"18-01-2021","607.15","607.20","612.45","605.40","12.05K","0.31%"
"15-01-2021","605.30","613.90","615.00","602.70","17.63K","-1.61%"
"14-01-2021","615.20","610.65","615.85","607.35","15.20K","0.72%"
"13-01-2021","610.80","616.40","616.40","609.20","15.01K","-0.02%"
"12-01-2021","610.95","608.80","616.40","607.25","17.93K","0.93%"
"11-01-2021","605.30","617.00","617.00","603.40","18.08K","-2.76%"
"08-01-2021","622.50","629.00","631.20","615.10","23.37K","-0.89%"
"07-01-2021","628.10","619.20","629.45","617.65","20.21K","1.64%"
"06-01-2021","617.95","617.00","625.35","613.50","22.59K","0.24%"
"05-01-2021","616.50","606.55","616.95","605.80","15.03K","2.51%"
"04-01-2021","601.40","599.00","608.40","599.00","14.92K","1.04%"
"01-01-2021","595.20","595.75","596.40","593.55","1.68K","-0.95%"
"31-12-2020","600.90","605.00","605.00","595.60","0.04K","-0.75%"
"30-12-2020","605.45","604.80","608.30","603.00","0.01K","0.39%"
"29-12-2020","603.10","605.50","609.60","602.00","0.02K","-0.54%"
"28-12-2020","606.35","612.55","618.10","603.50","0.13K","-0.08%"
"24-12-2020","606.85","600.80","611.40","599.00","1.67K","0.85%"
"23-12-2020","601.75","599.85","604.00","590.25","13.07K","0.47%"
"22-12-2020","598.95","611.10","611.10","597.45","14.74K","-1.86%"
"21-12-2020","610.30","614.00","617.05","606.10","15.51K","-1.09%"
"18-12-2020","617.00","612.30","617.45","612.30","14.13K","1.00%"
"17-12-2020","610.90","605.30","612.35","605.30","12.81K","1.13%"
"16-12-2020","604.05","602.05","606.40","600.30","13.09K","0.47%"
"15-12-2020","601.25","600.00","603.50","596.80","15.02K","-0.08%"
"14-12-2020","601.75","603.70","605.65","599.25","14.78K","0.00%"
"11-12-2020","601.75","603.95","603.95","597.25","17.19K","-0.73%"
"10-12-2020","606.20","593.60","607.85","590.50","20.12K","1.94%"
"09-12-2020","594.65","593.00","596.45","592.35","13.82K","0.45%"
"08-12-2020","592.00","592.80","592.80","585.85","17.04K","-0.43%"
"07-12-2020","594.55","594.50","595.45","589.70","16.00K","-0.34%"
"04-12-2020","596.60","592.45","597.25","592.10","19.48K","1.00%"
"03-12-2020","590.70","589.65","595.25","587.15","26.25K","0.20%"
"02-12-2020","589.50","586.50","591.35","581.20","22.93K","0.43%"
"01-12-2020","587.00","586.00","591.90","581.10","21.22K","0.81%"
"30-11-2020","582.30","582.00","591.90","581.65","17.97K","1.92%"
"27-11-2020","571.35","570.95","572.05","570.95","0.00K","1.35%"
"26-11-2020","563.75","563.95","565.05","561.00","0.04K","1.45%"
"25-11-2020","555.70","558.45","560.00","554.25","0.07K","-0.29%"
"24-11-2020","557.30","553.65","559.10","552.00","0.30K","1.24%"
"23-11-2020","550.45","557.50","560.65","548.70","2.55K","-1.49%"
"20-11-2020","558.80","544.50","563.00","544.50","17.20K","2.64%"
"19-11-2020","544.45","541.00","545.35","538.80","17.76K","0.39%"
"18-11-2020","542.35","543.00","546.90","541.35","16.31K","-0.18%"
"17-11-2020","543.35","547.10","548.20","541.10","15.58K","-0.63%"
"16-11-2020","546.80","542.95","551.00","542.95","9.04K","0.98%"
"14-11-2020","541.50","540.70","542.00","540.70","0.54K","0.12%"
"13-11-2020","540.85","536.00","541.80","534.35","16.66K","0.92%"
"12-11-2020","535.90","534.35","538.95","532.30","15.37K","0.37%"
"11-11-2020","533.95","535.00","539.40","530.80","17.57K","-0.39%"
"10-11-2020","536.05","534.00","536.50","528.20","19.73K","0.23%"
"09-11-2020","534.80","534.00","540.90","531.70","19.10K","0.24%"
"06-11-2020","533.50","527.00","536.70","526.25","18.36K","1.05%"
"05-11-2020","527.95","528.20","531.30","524.70","17.89K","-0.19%"
"04-11-2020","528.95","529.10","530.85","521.40","20.68K","-0.29%"
"03-11-2020","530.50","529.95","531.75","527.55","13.90K","0.56%"
"02-11-2020","527.55","526.60","529.45","523.20","15.10K","-1.24%"
"30-10-2020","534.15","541.00","541.50","530.00","0.09K","-1.03%"
"29-10-2020","539.70","543.05","543.05","538.10","0.32K","-0.07%"
"28-10-2020","540.10","544.15","546.90","537.80","0.08K","-0.51%"
"27-10-2020","542.85","542.85","545.00","540.70","0.16K","0.20%"
"26-10-2020","541.75","543.00","546.00","540.05","1.06K","-0.61%"
"23-10-2020","545.10","529.35","549.05","526.30","19.16K","2.98%"
"22-10-2020","529.35","537.00","539.80","527.60","16.86K","-1.71%"
"21-10-2020","538.55","533.30","542.95","532.35","16.40K","1.27%"
"20-10-2020","531.80","529.90","533.80","529.10","18.53K","0.25%"
"19-10-2020","530.45","528.95","533.40","527.10","16.23K","0.54%"
"16-10-2020","527.60","529.90","530.50","526.50","15.90K","-0.58%"
"15-10-2020","530.70","524.40","531.20","521.30","19.93K","1.08%"
"14-10-2020","525.05","526.40","528.00","522.00","17.09K","0.18%"
"13-10-2020","524.10","526.90","526.90","521.95","17.63K","-0.72%"
"12-10-2020","527.90","527.10","531.85","527.05","15.91K","-0.04%"
"09-10-2020","528.10","524.80","531.05","524.35","18.17K","0.85%"
"08-10-2020","523.65","520.50","524.70","518.50","21.23K","0.31%"
"07-10-2020","522.05","511.00","525.90","508.10","29.14K","1.83%"
"06-10-2020","512.65","510.70","513.70","509.60","17.88K","0.56%"
"05-10-2020","509.80","503.65","513.40","503.65","25.44K","2.47%"
"01-10-2020","497.50","525.55","526.50","494.80","38.91K","-6.02%"
"30-09-2020","529.35","534.70","535.10","525.00","0.15K","-0.62%"
"29-09-2020","532.65","534.50","537.00","529.00","0.10K","-0.10%"
"28-09-2020","533.20","532.85","536.10","529.10","0.17K","0.39%"
"25-09-2020","531.15","531.20","532.50","528.00","0.11K","-0.15%"
"24-09-2020","531.95","527.00","533.10","524.10","1.96K","0.74%"
"23-09-2020","528.05","530.00","530.00","525.50","16.59K","-0.62%"
"22-09-2020","531.35","526.00","532.55","525.30","19.63K","1.22%"
"21-09-2020","524.95","539.80","539.80","521.10","25.83K","-2.22%"
"18-09-2020","536.85","532.30","538.70","529.65","19.69K","1.00%"
"17-09-2020","531.55","527.25","532.20","521.90","21.64K","0.43%"
"16-09-2020","529.25","530.00","530.25","526.60","16.42K","-0.02%"
"15-09-2020","529.35","530.00","532.90","527.90","19.68K","0.03%"
"14-09-2020","529.20","526.00","529.80","524.50","19.21K","0.97%"
"11-09-2020","524.10","519.60","525.85","516.90","23.95K","1.00%"
"10-09-2020","518.90","524.50","525.40","516.70","25.98K","-1.27%"
"09-09-2020","525.60","523.20","526.15","519.60","18.89K","0.36%"
"08-09-2020","523.70","528.00","528.90","519.55","22.29K","-1.10%"
"07-09-2020","529.50","526.70","530.00","524.10","16.59K","0.54%"
"04-09-2020","526.65","516.10","527.40","515.70","24.64K","2.25%"
"03-09-2020","515.05","522.70","523.45","512.60","19.54K","-1.40%"
"02-09-2020","522.35","520.50","523.70","518.50","17.43K","0.17%"
"01-09-2020","521.45","528.00","529.70","521.00","19.73K","-1.15%"
"31-08-2020","527.50","545.40","546.00","521.00","0.03K","-0.54%"
"28-08-2020","530.35","536.70","536.70","527.50","0.07K","0.27%"
"27-08-2020","528.90","530.70","534.45","527.80","0.18K","-0.57%"
"26-08-2020","531.95","527.00","534.30","527.00","0.37K","0.61%"
"25-08-2020","528.75","521.50","531.30","520.60","2.30K","1.47%"
"24-08-2020","521.10","522.50","523.40","518.20","19.52K","0.44%"
"21-08-2020","518.80","530.20","533.35","517.00","27.23K","-1.94%"
"20-08-2020","529.05","529.05","531.70","525.50","23.72K","-0.88%"
"19-08-2020","533.75","526.95","534.40","526.95","28.43K","1.61%"
"18-08-2020","525.30","515.20","525.75","514.55","26.43K","1.99%"
"17-08-2020","515.05","510.95","517.35","510.15","18.03K","1.04%"
"14-08-2020","509.75","506.00","511.45","504.60","21.05K","1.22%"
"13-08-2020","503.60","512.40","513.50","502.60","23.35K","-2.08%"
"12-08-2020","514.30","508.00","516.00","502.40","22.84K","0.61%"
"11-08-2020","511.20","511.50","513.40","505.95","20.58K","-0.01%"
"10-08-2020","511.25","503.90","512.50","502.70","19.68K","1.83%"
"07-08-2020","502.05","514.00","514.00","500.90","22.45K","-2.69%"
"06-08-2020","515.95","510.00","516.40","509.75","17.52K","0.82%"
"05-08-2020","511.75","506.95","515.90","506.75","23.22K","0.84%"
"04-08-2020","507.50","507.80","509.20","504.20","19.56K","-0.51%"
"03-08-2020","510.10","500.15","511.90","499.20","21.14K","-1.36%"
"31-07-2020","517.15","521.50","521.50","514.25","0.04K","-0.33%"
"30-07-2020","518.85","521.00","523.70","514.00","0.12K","-0.28%"
"29-07-2020","520.30","518.15","522.45","516.00","0.11K","0.41%"
"28-07-2020","518.15","516.50","520.30","512.05","0.26K","0.74%"
"27-07-2020","514.35","510.85","519.50","510.85","1.99K","1.09%"
"24-07-2020","508.80","509.00","512.00","505.75","15.43K","-0.74%"
"23-07-2020","512.60","506.50","513.50","505.50","18.99K","1.03%"
"22-07-2020","507.35","509.50","513.15","504.15","20.77K","-0.31%"
"21-07-2020","508.95","503.60","509.50","503.60","17.48K","1.28%"
"20-07-2020","502.50","499.00","505.90","498.05","20.06K","0.44%"
"17-07-2020","500.30","500.10","501.95","497.25","21.01K","0.09%"
"16-07-2020","499.85","494.05","500.50","492.70","21.18K","0.61%"
"15-07-2020","496.80","502.70","504.85","495.75","24.24K","-1.09%"
"14-07-2020","502.25","503.00","503.90","497.45","24.24K","-0.43%"
"13-07-2020","504.40","497.80","509.25","497.80","24.28K","2.07%"
"10-07-2020","494.15","483.75","495.25","481.55","26.19K","2.05%"
"09-07-2020","484.20","483.10","487.80","481.50","25.60K","0.94%"
"08-07-2020","479.70","475.30","480.00","473.50","18.87K","0.96%"
"07-07-2020","475.15","470.00","475.45","466.80","19.42K","1.15%"
"06-07-2020","469.75","461.35","470.50","460.05","17.12K","2.32%"
"03-07-2020","459.10","462.00","462.75","458.60","14.62K","-1.18%"
"02-07-2020","464.60","467.20","469.40","462.40","18.69K","-0.17%"
"01-07-2020","465.40","465.30","468.00","461.80","19.53K","1.16%"
"30-06-2020","460.05","461.30","464.30","459.00","0.02K","0.62%"
"29-06-2020","457.20","460.00","462.00","455.90","0.09K","-0.60%"
"26-06-2020","459.95","451.50","461.45","451.00","0.30K","1.93%"
"25-06-2020","451.25","445.95","451.95","445.95","0.17K","0.93%"
"24-06-2020","447.10","448.65","450.70","445.55","2.73K","-0.35%"
"23-06-2020","448.65","448.50","449.50","447.05","14.91K","-0.13%"
"22-06-2020","449.25","448.00","450.35","446.40","17.50K","0.32%"
"19-06-2020","447.80","446.05","451.40","445.50","19.57K","0.47%"
"18-06-2020","445.70","444.80","447.75","441.10","17.66K","0.10%"
"17-06-2020","445.25","441.25","445.50","438.60","15.61K","0.56%"
"16-06-2020","442.75","441.00","445.90","437.00","19.22K","0.83%"
"15-06-2020","439.10","441.10","441.10","435.50","16.02K","-0.95%"
"12-06-2020","443.30","442.55","445.90","440.50","19.33K","0.28%"
"11-06-2020","442.05","447.70","449.20","441.55","20.31K","-1.91%"
"10-06-2020","450.65","440.00","451.20","440.00","20.78K","2.49%"
"09-06-2020","439.70","436.80","440.10","435.10","17.21K","0.91%"
"08-06-2020","435.75","431.60","436.80","431.20","13.48K","0.52%"
"05-06-2020","433.50","423.25","435.50","423.00","18.80K","2.33%"
"04-06-2020","423.65","421.35","424.50","419.60","13.99K","0.11%"
"03-06-2020","423.20","421.70","424.80","420.50","13.53K","0.09%"
"02-06-2020","422.80","420.35","423.40","420.15","12.44K","0.09%"
"01-06-2020","422.40","417.00","422.85","416.25","14.70K","3.04%"
"29-05-2020","409.95","409.20","410.15","408.10","0.02K","0.56%"
"28-05-2020","407.65","407.75","409.40","406.95","0.05K","-0.06%"
"27-05-2020","407.90","411.05","411.05","406.40","0.06K","-0.84%"
"26-05-2020","411.35","411.40","412.80","409.45","0.08K","0.61%"
"25-05-2020","408.85","410.00","410.80","408.30","0.60K","0.41%"
"22-05-2020","407.20","411.50","411.50","405.50","10.56K","-1.11%"
"21-05-2020","411.75","415.00","418.25","411.20","14.08K","-1.15%"
"20-05-2020","416.55","411.00","417.20","410.40","15.39K","1.31%"
"19-05-2020","411.15","410.25","413.30","409.10","14.71K","0.09%"
"18-05-2020","410.80","404.30","412.20","404.00","14.04K","2.43%"
"15-05-2020","401.05","403.00","404.85","400.45","12.99K","-0.30%"
"14-05-2020","402.25","401.65","403.15","398.60","14.22K","0.15%"
"13-05-2020","401.65","401.65","404.70","398.30","12.20K","-0.02%"
"12-05-2020","401.75","406.65","407.15","401.20","10.73K","-1.22%"
"11-05-2020","406.70","408.80","409.65","405.50","10.59K","-0.23%"
"08-05-2020","407.65","408.00","409.70","407.05","8.68K","0.21%"
"07-05-2020","406.80","404.10","407.35","403.15","12.20K","0.62%"
"06-05-2020","404.30","403.35","404.95","402.50","12.78K","0.50%"
"05-05-2020","402.30","401.65","403.10","397.30","13.88K","1.02%"
"04-05-2020","398.25","398.55","399.50","395.30","12.05K","-0.72%"
"01-05-2020","401.15","400.55","402.45","395.20","8.66K","-1.29%"
"30-04-2020","406.40","406.90","408.90","404.90","0.01K","-0.39%"
"29-04-2020","408.00","408.95","410.80","404.85","0.11K","0.42%"
"28-04-2020","406.30","402.00","407.50","402.00","0.03K","0.47%"
"27-04-2020","404.40","409.00","409.50","400.00","0.13K","-0.14%"
"24-04-2020","404.95","398.00","409.70","395.00","1.20K","1.59%"
"23-04-2020","398.60","395.10","401.50","395.10","11.33K","0.92%"
"22-04-2020","394.95","384.00","406.00","373.70","14.22K","3.11%"
"21-04-2020","383.05","395.25","395.25","376.90","11.11K","-4.46%"
"20-04-2020","400.95","405.50","405.95","400.05","5.83K","-0.39%"
"17-04-2020","402.50","402.00","404.40","401.60","5.44K","1.14%"
"16-04-2020","397.95","394.85","398.65","394.85","4.60K","1.07%"
"15-04-2020","393.75","399.10","399.20","392.85","5.49K","-1.60%"
"13-04-2020","400.15","397.00","400.75","396.95","3.99K","2.12%"
"09-04-2020","391.85","392.75","392.80","390.10","3.99K","0.77%"
"08-04-2020","388.85","388.70","389.80","387.10","5.45K","-0.80%"
"07-04-2020","392.00","384.35","393.60","384.35","6.01K","3.13%"
"03-04-2020","380.10","380.80","381.00","376.55","5.54K","0.96%"
"01-04-2020","376.50","381.00","382.50","374.65","4.46K","1.03%"
"31-03-2020","372.65","372.65","372.65","372.65","0.00K","1.80%"
"30-03-2020","366.05","370.50","371.50","366.00","0.05K","-1.60%"
"27-03-2020","372.00","371.90","374.80","371.00","0.05K","0.59%"
"26-03-2020","369.80","368.00","382.00","365.70","0.15K","-0.32%"
"25-03-2020","371.00","363.50","375.35","363.50","0.88K","0.88%"
"24-03-2020","367.75","362.65","369.90","361.70","7.82K","2.03%"
"23-03-2020","360.45","359.30","364.00","352.05","13.29K","-3.30%"
"20-03-2020","372.75","369.00","387.00","363.25","21.45K","-0.55%"
"19-03-2020","374.80","366.50","378.55","335.95","23.74K","-1.82%"
"18-03-2020","381.75","409.00","409.40","379.70","24.00K","-6.46%"
"17-03-2020","408.10","413.60","414.05","406.20","16.79K","-1.05%"
"16-03-2020","412.45","419.15","419.15","404.40","20.70K","-2.22%"
"13-03-2020","421.80","415.65","427.70","413.65","21.35K","-0.07%"
"12-03-2020","422.10","422.50","424.40","415.65","18.75K","-0.80%"
"11-03-2020","425.50","430.00","430.00","424.05","13.16K","-0.54%"
"10-03-2020","427.80","430.50","432.50","427.00","7.33K","-0.13%"
"09-03-2020","428.35","430.00","430.00","418.30","17.15K","-1.20%"
"06-03-2020","433.55","429.15","434.00","428.30","12.74K","0.59%"
"05-03-2020","431.00","430.05","431.80","427.20","13.02K","0.57%"
"04-03-2020","428.55","427.00","429.90","426.60","12.28K","0.68%"
"03-03-2020","425.65","428.90","431.95","422.40","19.58K","-0.78%"
"02-03-2020","429.00","424.80","429.50","422.00","16.64K","2.46%"
"28-02-2020","418.70","420.00","420.00","418.00","0.01K","-0.20%"
"27-02-2020","419.55","420.00","420.35","418.25","0.09K","0.04%"
"26-02-2020","419.40","422.50","422.50","416.80","0.16K","-0.89%"
"25-02-2020","423.15","421.70","425.00","419.90","0.26K","0.15%"
"24-02-2020","422.50","427.70","428.10","421.35","3.93K","-1.80%"
"21-02-2020","430.25","429.90","431.15","427.75","6.80K","0.02%"
"20-02-2020","430.15","431.30","431.85","429.10","15.57K","-0.27%"
"19-02-2020","431.30","432.00","433.95","428.50","13.41K","-0.07%"
"18-02-2020","431.60","434.20","434.35","430.55","12.71K","-0.87%"
"17-02-2020","435.40","436.35","436.85","434.80","8.01K","0.33%"
"14-02-2020","433.95","435.00","435.60","433.30","10.52K","-0.38%"
"13-02-2020","435.60","434.60","436.00","432.20","13.39K","0.08%"
"12-02-2020","435.25","434.75","435.60","433.25","12.40K","0.35%"
"11-02-2020","433.75","431.20","434.90","431.20","15.83K","1.10%"
"10-02-2020","429.05","432.90","433.00","428.30","12.30K","-0.43%"
"07-02-2020","430.90","433.50","434.95","430.35","13.51K","-1.06%"
"06-02-2020","435.50","435.50","439.45","433.40","16.58K","0.23%"
"05-02-2020","434.50","429.50","436.40","429.50","17.65K","1.38%"
"04-02-2020","428.60","424.70","429.80","424.70","17.53K","1.62%"
"03-02-2020","421.75","427.70","430.20","420.60","14.53K","-1.08%"
"01-02-2020","426.35","428.40","428.40","426.00","1.03K","-2.31%"
"31-01-2020","436.45","435.55","437.00","430.00","0.08K","0.73%"
"30-01-2020","433.30","429.20","435.00","429.20","0.07K","0.02%"
"29-01-2020","433.20","439.50","440.15","432.60","0.17K","-1.01%"
"28-01-2020","437.60","431.50","440.55","431.50","0.94K","1.12%"
"27-01-2020","432.75","436.20","443.25","427.70","2.85K","-1.35%"
"24-01-2020","438.65","445.15","446.10","437.40","10.35K","-1.58%"
"23-01-2020","445.70","452.20","452.75","445.20","13.79K","-1.47%"
"22-01-2020","452.35","452.85","454.20","450.85","9.93K","-0.04%"
"21-01-2020","452.55","454.25","454.25","450.20","9.35K","-0.64%"
"20-01-2020","455.45","455.70","456.55","454.60","7.44K","0.19%"
"17-01-2020","454.60","452.25","455.50","452.25","10.50K","0.52%"
"16-01-2020","452.25","454.25","456.70","451.25","12.56K","-0.66%"
"15-01-2020","455.25","452.95","455.90","450.50","10.37K","0.31%"
"14-01-2020","453.85","450.80","459.40","449.80","12.14K","0.67%"
"13-01-2020","450.85","447.05","451.45","447.05","10.39K","0.77%"
"10-01-2020","447.40","450.50","451.60","446.60","12.42K","-0.57%"
"09-01-2020","449.95","451.65","453.45","449.40","9.67K","-0.42%"
"08-01-2020","451.85","449.50","452.25","449.15","10.81K","0.61%"
"07-01-2020","449.10","446.00","449.60","446.00","10.74K","0.63%"
"06-01-2020","446.30","443.50","446.95","441.20","12.76K","1.02%"
"03-01-2020","441.80","442.85","444.15","439.00","11.56K","-0.45%"
"02-01-2020","443.80","443.40","444.40","441.25","10.60K","0.68%"
"01-01-2020","440.80","441.60","441.60","438.30","2.01K","0.34%"
"31-12-2019","439.30","440.80","440.80","438.90","0.10K","-0.51%"
"30-12-2019","441.55","443.15","443.15","440.75","0.05K","-0.08%"
"27-12-2019","441.90","441.00","443.00","440.15","0.27K","0.30%"
"26-12-2019","440.60","439.60","441.20","439.20","0.28K","0.30%"
"24-12-2019","439.30","441.55","441.55","438.10","3.68K","-0.44%"
"23-12-2019","441.25","441.40","442.00","440.10","8.37K","-0.19%"
"20-12-2019","442.10","445.50","445.50","441.50","11.43K","-0.81%"
"19-12-2019","445.70","442.60","446.05","441.70","11.44K","0.45%"
"18-12-2019","443.70","443.60","444.15","441.00","11.79K","-0.01%"
"17-12-2019","443.75","442.60","444.40","442.35","9.52K","0.18%"
"16-12-2019","442.95","441.15","443.45","440.90","10.65K","0.67%"
"13-12-2019","440.00","442.80","445.40","438.75","23.11K","-0.44%"
"12-12-2019","441.95","441.80","442.95","439.00","14.55K","-0.02%"
"11-12-2019","442.05","438.95","442.75","438.55","14.47K","0.66%"
"10-12-2019","439.15","438.25","439.80","437.50","12.10K","-0.08%"
"09-12-2019","439.50","438.00","440.40","436.10","14.04K","0.32%"
"06-12-2019","438.10","430.85","438.75","430.75","15.29K","1.74%"
"05-12-2019","430.60","430.85","432.40","429.80","10.67K","-0.12%"
"04-12-2019","431.10","429.30","432.50","427.70","13.15K","0.64%"
"03-12-2019","428.35","432.40","432.60","428.20","12.73K","-0.87%"
"02-12-2019","432.10","433.50","435.00","431.45","11.93K","0.73%"
"29-11-2019","428.95","428.60","430.65","428.60","0.09K","-0.21%"
"28-11-2019","429.85","430.40","433.40","428.95","0.02K","-0.26%"
"27-11-2019","430.95","430.80","434.25","429.55","0.16K","-0.09%"
"26-11-2019","431.35","427.70","431.90","426.70","0.37K","0.78%"
"25-11-2019","428.00","431.00","432.80","427.20","3.91K","-0.49%"
"22-11-2019","430.10","431.40","431.40","429.35","13.21K","-0.21%"
"21-11-2019","431.00","435.15","435.15","430.60","12.04K","-1.02%"
"20-11-2019","435.45","437.25","437.50","435.05","11.75K","-0.53%"
"19-11-2019","437.75","437.80","438.25","435.55","14.19K","0.32%"
"18-11-2019","436.35","438.45","439.20","436.10","11.30K","-0.31%"
"15-11-2019","437.70","438.00","439.50","437.20","10.78K","0.05%"
"14-11-2019","437.50","440.80","441.40","437.00","13.15K","-0.61%"
"13-11-2019","440.20","439.25","440.70","438.30","10.42K","0.13%"
"12-11-2019","439.65","439.75","440.80","439.35","5.41K","-0.24%"
"11-11-2019","440.70","442.10","442.75","440.10","11.12K","-0.38%"
"08-11-2019","442.40","444.50","445.55","442.05","13.68K","-0.74%"
"07-11-2019","445.70","441.45","446.20","440.65","15.93K","1.09%"
"06-11-2019","440.90","443.30","445.40","440.50","14.11K","-0.75%"
"05-11-2019","444.25","441.85","444.80","440.85","15.83K","0.60%"
"04-11-2019","441.60","439.50","442.00","438.50","14.75K","0.72%"
"01-11-2019","438.45","439.50","440.00","436.80","12.24K","0.61%"
"31-10-2019","435.80","440.05","449.80","435.00","0.13K","-0.56%"
"30-10-2019","438.25","438.00","439.20","437.20","0.15K","-0.02%"
"29-10-2019","438.35","435.70","440.80","434.95","0.49K","0.50%"
"28-10-2019","436.15","437.00","437.85","435.85","0.11K","-0.22%"
"27-10-2019","437.10","436.75","437.80","434.25","0.10K","0.14%"
"25-10-2019","436.50","438.70","438.80","435.60","4.77K","-0.50%"
"24-10-2019","438.70","439.50","440.90","438.10","9.65K","-0.20%"
"23-10-2019","439.60","438.50","440.20","437.00","17.50K","0.16%"
"22-10-2019","438.90","440.85","441.00","438.55","14.45K","-0.51%"
"21-10-2019","441.15","441.20","442.80","440.65","8.21K","0.12%"
"18-10-2019","440.60","437.50","441.00","436.60","20.36K","0.67%"
"17-10-2019","437.65","437.65","439.85","436.15","15.76K","-0.05%"
"16-10-2019","437.85","442.20","442.40","437.40","17.03K","-1.06%"
"15-10-2019","442.55","444.10","444.30","442.10","13.42K","-0.42%"
"14-10-2019","444.40","442.65","444.80","440.15","17.70K","0.28%"
"11-10-2019","443.15","441.55","443.45","440.45","16.42K","0.36%"
"10-10-2019","441.55","436.40","441.95","436.40","17.38K","0.96%"
"09-10-2019","437.35","438.70","438.70","436.35","13.45K","-0.15%"
"08-10-2019","438.00","438.15","439.25","437.15","9.08K","-0.21%"
"07-10-2019","438.90","436.50","439.85","435.50","17.43K","0.71%"
"04-10-2019","435.80","435.00","436.90","431.80","19.81K","-0.06%"
"03-10-2019","436.05","440.00","441.75","432.70","23.28K","-0.63%"
"01-10-2019","438.80","437.00","439.20","431.70","20.74K","0.55%"
"30-09-2019","436.40","436.55","438.75","436.10","0.22K","0.06%"
"27-09-2019","436.15","436.15","437.90","434.35","0.44K","0.16%"
"26-09-2019","435.45","440.75","442.05","434.50","1.41K","-1.29%"
"25-09-2019","441.15","439.50","442.90","438.15","4.19K","-0.10%"
"24-09-2019","441.60","443.60","444.50","440.55","8.48K","-0.46%"
"23-09-2019","443.65","445.45","445.45","439.40","20.29K","0.06%"
"20-09-2019","443.40","448.85","448.90","442.50","18.13K","-0.93%"
"19-09-2019","447.55","447.90","448.95","445.65","16.77K","0.15%"
"18-09-2019","446.90","453.05","453.40","446.50","20.75K","-1.03%"
"17-09-2019","451.55","456.00","456.00","450.20","17.90K","-0.97%"
"16-09-2019","455.95","457.30","459.95","455.05","19.32K","-0.87%"
"13-09-2019","459.95","453.85","460.30","452.70","23.42K","1.57%"
"12-09-2019","452.85","451.90","456.95","445.20","31.66K","0.53%"
"11-09-2019","450.45","453.10","455.40","449.55","17.73K","-0.74%"
"10-09-2019","453.80","452.00","454.75","450.60","10.16K","0.11%"
"09-09-2019","453.30","452.75","453.85","450.35","14.12K","-0.01%"
"06-09-2019","453.35","454.40","455.90","451.40","18.55K","-0.46%"
"05-09-2019","455.45","449.40","456.20","447.50","25.09K","1.35%"
"04-09-2019","449.40","441.45","449.90","441.45","20.34K","2.02%"
"03-09-2019","440.50","441.00","442.80","435.65","20.40K","0.10%"
"02-09-2019","440.05","442.05","442.05","439.60","5.97K","0.65%"
"30-08-2019","437.20","439.80","441.50","435.75","0.05K","-0.86%"
"29-08-2019","441.00","442.25","446.90","439.50","0.48K","-0.44%"
"28-08-2019","442.95","440.30","444.35","438.85","0.83K","0.54%"
"27-08-2019","440.55","439.95","442.90","439.15","1.54K","-0.01%"
"26-08-2019","440.60","439.60","441.90","436.85","6.50K","0.12%"
"23-08-2019","440.05","446.30","446.40","439.50","15.84K","-1.09%"
"22-08-2019","444.90","447.60","447.60","443.65","13.15K","-0.22%"
"21-08-2019","445.90","447.85","447.85","445.25","11.68K","0.09%"
"20-08-2019","445.50","449.15","450.35","445.15","15.45K","-1.03%"
"19-08-2019","450.15","446.65","451.25","445.55","20.92K","0.93%"
"16-08-2019","446.00","448.50","448.50","445.00","11.19K","-0.51%"
"14-08-2019","448.30","449.35","450.25","446.20","13.16K","-0.46%"
"13-08-2019","450.35","444.60","451.30","443.75","20.60K","1.27%"
"12-08-2019","444.70","446.00","446.80","444.30","6.26K","-0.07%"
"09-08-2019","445.00","442.45","446.80","441.30","16.12K","0.51%"
"08-08-2019","442.75","440.00","444.80","438.25","16.20K","-0.01%"
"07-08-2019","442.80","438.10","443.40","435.65","17.96K","0.72%"
"06-08-2019","439.65","438.25","440.30","436.50","12.09K","0.43%"
"05-08-2019","437.75","432.30","438.85","432.30","16.89K","1.04%"
"02-08-2019","433.25","438.20","440.50","432.55","16.83K","-1.53%"
"01-08-2019","440.00","444.45","444.90","438.80","17.39K","0.70%"
"31-07-2019","436.95","449.45","449.75","435.40","0.07K","-2.62%"
"30-07-2019","448.70","452.40","453.40","446.50","0.19K","-0.58%"
"29-07-2019","451.30","443.90","456.00","441.80","1.21K","1.52%"
"26-07-2019","444.55","449.30","450.70","443.25","2.45K","-0.97%"
"25-07-2019","448.90","451.50","451.50","448.10","7.59K","-0.67%"
"24-07-2019","451.95","450.60","453.25","450.25","14.27K","0.17%"
"23-07-2019","451.20","455.80","455.80","450.20","16.28K","-0.85%"
"22-07-2019","455.05","456.80","458.85","454.45","15.98K","-0.32%"
"19-07-2019","456.50","448.90","461.60","448.90","27.94K","2.00%"
"18-07-2019","447.55","445.95","448.50","445.70","20.06K","0.18%"
"17-07-2019","446.75","444.30","447.20","442.45","18.46K","0.68%"
"16-07-2019","443.75","445.40","448.85","443.15","21.95K","-0.38%"
"15-07-2019","445.45","444.20","446.20","443.25","19.84K","0.52%"
"12-07-2019","443.15","441.60","444.80","440.50","21.62K","0.43%"
"11-07-2019","441.25","441.50","442.20","439.15","18.64K","-0.26%"
"10-07-2019","442.40","433.00","442.95","433.00","22.83K","2.28%"
"09-07-2019","432.55","437.30","437.45","431.20","21.16K","-1.18%"
"08-07-2019","437.70","437.00","442.00","436.00","14.33K","-0.18%"
"05-07-2019","438.50","440.40","440.40","436.40","12.73K","-0.26%"
"04-07-2019","439.65","441.00","441.00","438.80","11.80K","-0.49%"
"03-07-2019","441.80","440.00","442.50","436.25","20.63K","0.56%"
"02-07-2019","439.35","444.00","444.30","438.85","19.71K","-0.77%"
"01-07-2019","442.75","447.00","453.00","442.00","19.75K","7.73%"
"28-06-2019","411.00","413.65","413.65","410.10","26.43K","-0.76%"
"27-06-2019","414.15","416.90","417.25","411.60","38.93K","-0.48%"
"26-06-2019","416.15","421.00","421.00","413.35","45.13K","-0.34%"
"25-06-2019","417.55","414.40","420.40","413.70","41.88K","0.64%"
"24-06-2019","414.90","417.50","417.50","412.15","30.78K","-0.18%"
"21-06-2019","415.65","418.10","418.70","413.70","32.61K","-0.28%"
"20-06-2019","416.80","413.90","419.90","413.90","39.37K","1.05%"
"19-06-2019","412.45","415.70","417.25","412.20","31.95K","-0.79%"
"18-06-2019","415.75","409.60","417.10","408.50","49.96K","1.44%"
"17-06-2019","409.85","406.85","410.20","405.20","39.17K","0.84%"
"14-06-2019","406.45","409.10","409.30","406.10","34.23K","-0.65%"
"13-06-2019","409.10","406.00","409.50","404.60","48.27K","0.43%"
"12-06-2019","407.35","410.15","410.15","405.30","45.76K","-0.69%"
"11-06-2019","410.20","410.70","415.30","409.50","43.53K","-0.04%"
"10-06-2019","410.35","405.20","410.60","405.00","41.79K","1.85%"
"07-06-2019","402.90","406.55","408.85","399.55","61.96K","-0.76%"
"06-06-2019","406.00","404.05","406.50","403.10","33.18K","0.69%"
"05-06-2019","403.20","410.10","410.10","402.85","23.66K","-1.79%"
"04-06-2019","410.55","406.50","410.80","405.20","37.01K","0.91%"
"03-06-2019","406.85","406.80","407.55","403.60","43.26K","-0.02%"
"31-05-2019","406.95","410.30","411.00","406.50","48.92K","-0.72%"
"30-05-2019","409.90","412.15","412.60","408.50","41.59K","-0.80%"
"29-05-2019","413.20","415.95","416.45","411.85","35.88K","-0.86%"
"28-05-2019","416.80","418.80","419.30","415.60","32.31K","-0.37%"
"27-05-2019","418.35","416.15","418.75","416.15","19.35K","0.70%"
"24-05-2019","415.45","415.50","417.70","414.75","35.57K","0.00%"
"23-05-2019","415.45","413.00","416.25","410.60","39.14K","0.31%"
"22-05-2019","414.15","420.55","420.55","413.60","43.40K","-1.38%"
"21-05-2019","419.95","423.75","424.65","419.35","36.76K","-0.59%"
"20-05-2019","422.45","425.40","425.40","419.65","37.14K","-1.35%"
"17-05-2019","428.25","427.40","428.80","424.30","46.69K","-0.04%"
"16-05-2019","428.40","427.95","432.40","427.50","40.16K","-0.09%"
"15-05-2019","428.80","427.85","429.60","425.00","38.34K","0.57%"
"14-05-2019","426.35","428.00","428.85","424.75","33.59K","-0.12%"
"13-05-2019","426.85","429.50","430.40","425.75","40.29K","-1.23%"
"10-05-2019","432.15","432.60","433.70","429.55","45.46K","-0.01%"
"09-05-2019","432.20","429.60","432.90","426.30","47.94K","0.54%"
"08-05-2019","429.90","432.30","434.85","428.10","52.96K","-0.12%"
"07-05-2019","430.40","437.25","437.90","429.35","55.85K","-1.80%"
"06-05-2019","438.30","432.10","438.70","429.10","49.06K","0.91%"
"03-05-2019","434.35","431.90","435.55","428.15","49.94K","0.89%"
"02-05-2019","430.50","434.25","435.45","428.25","43.12K","-1.15%"
"01-05-2019","435.50","449.80","449.80","434.10","42.32K","-2.57%"
"30-04-2019","447.00","443.50","449.00","442.00","21.24K","0.45%"
"26-04-2019","445.00","446.00","447.75","443.20","40.98K","0.14%"
"25-04-2019","444.40","450.90","450.90","444.05","40.68K","-1.46%"
"24-04-2019","451.00","446.00","462.95","444.80","39.94K","1.05%"
"23-04-2019","446.30","446.05","449.20","443.75","37.99K","-0.07%"
"22-04-2019","446.60","449.10","450.95","445.25","26.89K","-0.31%"
"18-04-2019","448.00","453.60","453.70","445.85","41.91K","-1.56%"
"17-04-2019","455.10","453.00","459.00","452.95","31.19K","0.93%"
"16-04-2019","450.90","450.10","453.20","449.15","35.01K","0.09%"
"15-04-2019","450.50","449.00","451.05","447.55","29.95K","-0.12%"
"12-04-2019","451.05","443.45","452.00","443.45","42.79K","2.14%"
"11-04-2019","441.60","446.85","446.85","440.85","32.84K","-1.36%"
"10-04-2019","447.70","449.00","450.45","446.10","36.40K","-0.48%"
"09-04-2019","449.85","453.20","455.45","449.60","39.02K","-0.50%"
"08-04-2019","452.10","444.25","452.70","444.25","36.23K","2.00%"
"05-04-2019","443.25","445.60","447.80","442.35","34.39K","-0.53%"
"04-04-2019","445.60","447.60","450.50","444.20","40.62K","-0.35%"
"03-04-2019","447.15","445.70","448.65","444.10","39.30K","0.49%"
"02-04-2019","444.95","449.95","450.40","443.35","29.72K","-0.96%"
"01-04-2019","449.25","452.70","455.20","447.30","34.24K","-0.40%"
"29-03-2019","451.05","441.90","451.65","441.90","45.21K","2.19%"
"28-03-2019","441.40","438.30","443.50","437.75","34.80K","0.49%"
"27-03-2019","439.25","438.45","439.90","436.10","35.80K","0.23%"
"26-03-2019","438.25","436.10","439.15","435.20","31.79K","0.25%"
"25-03-2019","437.15","436.00","437.70","434.20","32.39K","-0.07%"
"22-03-2019","437.45","443.20","444.75","436.35","45.09K","-1.34%"
"21-03-2019","443.40","446.95","449.50","441.60","23.46K","-0.59%"
"20-03-2019","446.05","448.90","448.90","444.20","28.84K","-0.39%"
"19-03-2019","447.80","444.50","450.40","442.40","41.34K","1.00%"
"18-03-2019","443.35","447.10","447.40","442.45","33.99K","-0.49%"
"15-03-2019","445.55","446.45","449.00","443.50","46.37K","0.09%"
"14-03-2019","445.15","452.20","452.70","443.80","41.56K","-1.69%"
"13-03-2019","452.80","452.95","455.75","450.20","31.75K","0.01%"
"12-03-2019","452.75","451.50","457.10","451.50","38.06K","0.61%"
"11-03-2019","450.00","451.90","451.90","448.10","28.12K","-0.03%"
"08-03-2019","450.15","452.20","453.10","447.20","32.86K","-0.87%"
"07-03-2019","454.10","455.10","455.10","451.50","32.96K","-0.20%"
"06-03-2019","455.00","459.65","460.45","454.50","32.94K","-1.16%"
"05-03-2019","460.35","462.40","462.65","459.10","30.33K","0.34%"
"04-03-2019","458.80","462.00","462.00","456.80","19.18K","-0.83%"
"01-03-2019","462.65","465.00","468.65","461.90","38.48K","0.00%"
"28-02-2019","462.65","464.00","465.45","462.00","23.60K","-0.44%"
"27-02-2019","464.70","461.40","466.00","458.80","33.96K","0.87%"
"26-02-2019","460.70","459.00","463.35","459.00","32.14K","0.12%"
"25-02-2019","460.15","462.40","466.75","459.35","39.32K","-0.48%"
"22-02-2019","462.35","454.85","463.35","454.85","41.52K","1.54%"
"21-02-2019","455.35","456.85","457.45","453.75","31.52K","-0.58%"
"20-02-2019","458.00","453.50","458.25","451.25","37.87K","1.22%"
"19-02-2019","452.50","449.05","452.90","445.90","39.21K","1.06%"
"18-02-2019","447.75","443.00","448.90","443.00","29.70K","1.35%"
"15-02-2019","441.80","434.40","442.60","433.80","36.54K","1.55%"
"14-02-2019","435.05","434.60","440.30","433.50","35.65K","0.07%"
"13-02-2019","434.75","433.65","436.05","432.30","25.67K","0.50%"
"12-02-2019","432.60","439.00","439.60","430.65","30.71K","-1.53%"
"11-02-2019","439.30","442.10","442.10","437.45","27.34K","-0.77%"
"08-02-2019","442.70","445.15","447.00","442.15","31.74K","-0.81%"
"07-02-2019","446.30","448.90","450.30","445.65","37.21K","-0.63%"
"06-02-2019","449.15","447.30","451.35","446.55","36.48K","0.74%"
"05-02-2019","445.85","445.00","447.50","444.20","30.86K","0.41%"
"04-02-2019","444.05","438.40","444.90","437.20","33.94K","1.21%"
"01-02-2019","438.75","435.50","439.85","434.45","29.16K","0.26%"
"31-01-2019","437.60","436.25","439.90","435.50","31.83K","0.21%"
"30-01-2019","436.70","430.95","438.35","429.70","39.55K","1.38%"
"29-01-2019","430.75","424.00","431.35","423.45","34.99K","1.95%"
"28-01-2019","422.50","427.45","429.50","421.75","33.64K","-1.40%"
"25-01-2019","428.50","418.45","428.90","417.85","49.21K","2.82%"
"24-01-2019","416.75","419.40","420.70","414.10","36.08K","-0.60%"
"23-01-2019","419.25","420.60","423.15","418.65","32.12K","-0.21%"
"22-01-2019","420.15","423.20","424.40","419.50","32.24K","-0.59%"
"21-01-2019","422.65","428.45","429.60","422.10","32.67K","-1.56%"
"18-01-2019","429.35","424.50","430.80","424.50","46.07K","1.44%"
"17-01-2019","423.25","422.95","424.35","419.35","36.34K","0.43%"
"16-01-2019","421.45","417.60","423.45","417.60","35.60K","1.19%"
"15-01-2019","416.50","415.70","419.50","415.70","30.58K","0.56%"
"14-01-2019","414.20","414.00","415.10","411.60","31.71K","-0.41%"
"11-01-2019","415.90","415.05","417.80","412.85","34.51K","0.85%"
"10-01-2019","412.40","417.20","418.80","411.75","37.94K","-1.16%"
"09-01-2019","417.25","415.00","421.20","414.55","46.46K","0.93%"
"08-01-2019","413.40","409.60","414.35","408.55","41.79K","0.89%"
"07-01-2019","409.75","409.20","411.80","406.65","40.84K","0.04%"
"04-01-2019","409.60","402.55","409.90","402.00","56.11K","2.32%"
"03-01-2019","400.30","408.60","410.00","397.40","51.68K","-1.84%"
"02-01-2019","407.80","410.00","412.60","404.70","52.85K","0.02%"
"01-01-2019","407.70","409.95","409.95","406.80","5.62K","-0.01%"
"31-12-2018","407.75","418.90","420.40","407.00","40.81K","-2.29%"
"28-12-2018","417.30","419.50","424.70","416.60","40.10K","0.25%"
"27-12-2018","416.25","422.00","423.15","415.20","33.02K","-1.14%"
"26-12-2018","421.05","413.65","424.40","411.80","44.77K","1.38%"
"24-12-2018","415.30","418.45","419.50","413.60","29.54K","-0.49%"
"21-12-2018","417.35","419.90","422.70","416.85","31.51K","-0.48%"
"20-12-2018","419.35","422.20","422.45","415.90","40.32K","-1.26%"
"19-12-2018","424.70","418.35","425.55","417.75","32.05K","1.72%"
"18-12-2018","417.50","436.00","436.00","416.85","59.16K","-4.85%"
"17-12-2018","438.80","440.45","440.80","434.05","35.81K","-0.66%"
"14-12-2018","441.70","440.00","442.90","437.10","33.82K","0.09%"
"13-12-2018","441.30","444.10","447.20","441.00","35.63K","-0.35%"
"12-12-2018","442.85","445.10","445.80","442.10","30.66K","-0.75%"
"11-12-2018","446.20","442.50","447.80","437.10","43.51K","1.28%"
"10-12-2018","440.55","436.60","444.35","434.30","34.72K","0.48%"
"07-12-2018","438.45","432.45","439.40","432.25","33.88K","1.58%"
"06-12-2018","431.65","433.85","435.10","428.20","37.44K","-1.27%"
"05-12-2018","437.20","435.50","437.65","432.10","33.21K","0.62%"
"04-12-2018","434.50","441.60","443.90","433.15","43.24K","-1.61%"
"03-12-2018","441.60","434.50","447.50","434.50","45.56K","3.49%"
"30-11-2018","426.70","428.25","429.10","423.20","19.82K","0.04%"
"29-11-2018","426.55","433.00","433.00","425.60","37.74K","-1.91%"
"28-11-2018","434.85","425.90","435.65","424.95","43.98K","2.37%"
"27-11-2018","424.80","429.65","430.20","423.80","43.98K","-1.31%"
"26-11-2018","430.45","429.75","433.80","428.15","35.00K","0.14%"
"23-11-2018","429.85","435.50","435.50","428.75","19.66K","-1.58%"
"22-11-2018","436.75","437.75","439.70","434.35","30.75K","-0.41%"
"21-11-2018","438.55","435.90","440.95","435.10","35.14K","0.68%"
"20-11-2018","435.60","440.00","448.70","434.80","57.94K","-1.30%"
"19-11-2018","441.35","441.50","443.00","438.00","37.97K","-0.35%"
"16-11-2018","442.90","437.40","444.20","434.15","37.14K","1.43%"
"15-11-2018","436.65","433.50","440.00","432.70","42.47K","0.96%"
"14-11-2018","432.50","428.50","433.95","425.70","40.71K","0.57%"
"13-11-2018","430.05","432.30","441.40","428.35","61.95K","-0.35%"
"12-11-2018","431.55","433.50","435.45","431.25","30.38K","0.07%"
"09-11-2018","431.25","438.20","438.20","429.70","38.48K","-1.78%"
"08-11-2018","439.05","440.50","440.50","433.65","22.32K","-0.79%"
"07-11-2018","442.55","442.80","443.20","442.20","2.46K","0.23%"
"06-11-2018","441.55","444.10","447.85","441.05","35.12K","-0.67%"
"05-11-2018","444.55","450.00","452.00","443.35","42.67K","-1.48%"
"02-11-2018","451.25","439.50","452.70","437.30","89.04K","2.38%"
"01-11-2018","440.75","437.00","441.70","432.35","50.03K","1.16%"
"31-10-2018","435.70","436.10","439.50","434.35","41.91K","0.23%"
"30-10-2018","434.70","444.50","445.20","434.15","53.62K","-2.39%"
"29-10-2018","445.35","445.50","451.20","444.05","49.08K","0.15%"
"26-10-2018","444.70","445.50","445.50","440.65","48.86K","-0.69%"
"25-10-2018","447.80","446.80","450.25","441.55","56.31K","-0.02%"
"24-10-2018","447.90","450.20","453.95","447.00","42.59K","-0.28%"
"23-10-2018","449.15","453.70","454.30","447.55","50.86K","-1.22%"
"22-10-2018","454.70","454.50","460.50","454.10","51.28K","0.38%"
"19-10-2018","453.00","447.50","453.65","447.15","40.57K","1.16%"
"18-10-2018","447.80","449.10","450.35","445.55","25.01K","-1.08%"
"17-10-2018","452.70","452.00","457.10","449.35","57.84K","0.03%"
"16-10-2018","452.55","455.90","456.30","451.25","43.93K","-0.98%"
"15-10-2018","457.05","460.70","464.75","456.50","50.88K","-0.54%"
"12-10-2018","459.55","458.20","462.85","456.80","50.36K","0.07%"
"11-10-2018","459.25","458.00","461.50","447.50","75.54K","0.12%"
"10-10-2018","458.70","462.95","464.40","458.10","50.79K","-0.97%"
"09-10-2018","463.20","458.00","463.60","454.90","54.30K","1.56%"
"08-10-2018","456.10","454.05","458.00","451.70","43.01K","-0.10%"
"05-10-2018","456.55","455.50","459.80","452.05","52.28K","-0.14%"
"04-10-2018","457.20","465.10","469.35","455.65","52.43K","-1.61%"
"03-10-2018","464.70","458.40","465.50","455.65","42.16K","2.14%"
"01-10-2018","454.95","451.00","456.85","446.40","53.91K","0.44%"
"28-09-2018","452.95","449.90","453.95","446.65","45.73K","1.03%"
"27-09-2018","448.35","455.50","455.50","446.00","54.78K","-1.81%"
"26-09-2018","456.60","457.55","458.95","455.10","38.24K","-0.16%"
"25-09-2018","457.35","458.50","460.35","453.30","48.62K","-0.38%"
"24-09-2018","459.10","457.00","463.25","456.70","51.78K","0.21%"
"21-09-2018","458.15","439.50","461.50","439.50","86.77K","4.40%"
"20-09-2018","438.85","436.70","439.20","434.80","24.08K","0.29%"
"19-09-2018","437.60","443.40","446.30","437.10","56.88K","-1.00%"
"18-09-2018","442.00","430.50","443.95","427.40","96.86K","2.85%"
"17-09-2018","429.75","424.30","430.35","424.15","54.65K","1.37%"
"14-09-2018","423.95","430.50","432.45","423.00","58.28K","-1.12%"
"13-09-2018","428.75","431.50","434.45","428.00","39.35K","-0.23%"
"12-09-2018","429.75","424.50","431.50","422.25","81.07K","0.99%"
"11-09-2018","425.55","426.80","431.05","421.00","73.41K","-0.29%"
"10-09-2018","426.80","422.80","427.50","421.80","49.18K","0.99%"
"07-09-2018","422.60","424.00","426.50","418.90","59.09K","-0.42%"
"06-09-2018","424.40","420.50","429.40","420.40","59.75K","1.13%"
"05-09-2018","419.65","416.10","420.30","415.55","42.73K","0.94%"
"04-09-2018","415.75","423.85","424.45","414.30","52.32K","-1.91%"
"03-09-2018","423.85","422.50","425.70","421.00","35.11K","2.38%"
"31-08-2018","414.00","420.50","421.20","412.50","48.44K","-1.95%"
"30-08-2018","422.25","420.55","423.30","417.30","54.77K","0.07%"
"29-08-2018","421.95","424.15","425.15","420.60","42.23K","-0.31%"
"28-08-2018","423.25","417.50","425.00","417.25","55.39K","1.14%"
"27-08-2018","418.50","417.90","420.75","417.50","30.74K","0.54%"
"24-08-2018","416.25","412.50","418.85","412.05","50.99K","1.34%"
"23-08-2018","410.75","411.55","412.55","405.25","50.58K","-0.35%"
"22-08-2018","412.20","415.00","415.40","411.20","27.23K","-0.93%"
"21-08-2018","416.05","412.40","417.80","411.85","41.94K","0.96%"
"20-08-2018","412.10","408.95","414.80","408.45","43.37K","1.09%"
"17-08-2018","407.65","406.70","409.10","403.60","47.29K","0.56%"
"16-08-2018","405.40","415.00","415.00","402.55","58.81K","-2.56%"
"14-08-2018","416.05","422.75","422.75","415.25","47.51K","-1.78%"
"13-08-2018","423.60","419.50","426.00","418.45","49.38K","0.95%"
"10-08-2018","419.60","421.55","422.10","417.10","45.56K","-0.37%"
"09-08-2018","421.15","419.90","427.95","419.90","55.48K","0.75%"
"08-08-2018","418.00","420.40","421.60","416.25","48.49K","-0.02%"
"07-08-2018","418.10","417.00","420.70","416.50","45.87K","0.63%"
"06-08-2018","415.50","418.50","418.50","413.20","41.04K","-0.85%"
"03-08-2018","419.05","415.55","422.40","413.25","57.59K","0.53%"
"02-08-2018","416.85","415.50","418.50","412.25","57.34K","0.49%"
"01-08-2018","414.80","429.30","429.30","413.15","67.48K","-3.57%"
"31-07-2018","430.15","425.90","431.00","421.55","57.55K","1.12%"
"30-07-2018","425.40","424.55","426.70","421.05","39.69K","-0.11%"
"27-07-2018","425.85","429.65","431.60","423.90","38.40K","-0.71%"
"26-07-2018","428.90","431.50","433.00","427.35","39.30K","-0.28%"
"25-07-2018","430.10","428.70","432.40","426.75","43.10K","0.27%"
"24-07-2018","428.95","422.00","433.40","421.25","57.86K","2.12%"
"23-07-2018","420.05","419.20","424.00","418.75","39.98K","-0.07%"
"20-07-2018","420.35","415.20","421.50","414.65","55.08K","1.48%"
"19-07-2018","414.20","420.50","421.20","409.55","65.84K","-1.53%"
"18-07-2018","420.65","418.30","421.45","414.20","48.49K","0.67%"
"17-07-2018","417.85","423.50","425.30","417.10","47.82K","-0.85%"
"16-07-2018","421.45","423.50","423.95","419.00","32.12K","-0.30%"
"13-07-2018","422.70","423.00","424.10","418.80","35.44K","0.20%"
"12-07-2018","421.85","421.50","425.80","420.00","43.26K","0.40%"
"11-07-2018","420.15","430.00","430.00","416.80","48.19K","-2.99%"
"10-07-2018","433.10","437.90","438.70","431.10","39.73K","-0.82%"
"09-07-2018","436.70","434.55","439.00","434.15","41.05K","1.18%"
"06-07-2018","431.60","432.00","434.75","427.55","60.56K","-0.44%"
"05-07-2018","433.50","438.20","441.15","432.50","51.79K","-0.99%"
"04-07-2018","437.85","447.40","448.20","434.30","52.62K","-1.77%"
"03-07-2018","445.75","449.40","453.20","444.40","38.36K","-1.11%"
"02-07-2018","450.75","451.70","452.85","447.45","30.55K","1.04%"
"29-06-2018","446.10","448.95","451.00","445.45","26.28K","-0.47%"
"28-06-2018","448.20","454.00","454.35","445.50","35.64K","-1.22%"
"27-06-2018","453.75","450.45","455.50","448.60","42.99K","0.41%"
"26-06-2018","451.90","449.70","452.40","448.80","30.88K","0.72%"
"25-06-2018","448.65","456.00","456.60","448.30","31.52K","-1.22%"
"22-06-2018","454.20","454.30","456.25","452.05","32.61K","0.06%"
"21-06-2018","453.95","457.55","458.90","452.25","41.73K","-0.84%"
"20-06-2018","457.80","458.75","460.95","454.70","45.15K","-0.15%"
"19-06-2018","458.50","467.10","467.65","458.15","52.48K","-2.19%"
"18-06-2018","468.75","472.10","473.75","466.10","45.13K","-1.09%"
"15-06-2018","473.90","481.95","483.20","472.60","51.31K","-1.59%"
"14-06-2018","481.55","483.90","485.35","480.25","39.16K","-0.72%"
"13-06-2018","485.05","482.60","487.20","481.50","41.48K","0.09%"
"12-06-2018","484.60","484.80","486.70","482.10","38.50K","-0.08%"
"11-06-2018","485.00","489.90","489.95","483.80","47.68K","-1.27%"
"08-06-2018","491.25","486.90","493.25","484.80","61.13K","0.76%"
"07-06-2018","487.55","483.20","493.25","482.45","76.94K","1.31%"
"06-06-2018","481.25","474.00","482.50","473.10","57.66K","1.36%"
"05-06-2018","474.80","464.90","475.20","464.25","51.78K","2.04%"
"04-06-2018","465.30","459.70","465.65","458.70","43.14K","1.41%"
"01-06-2018","458.85","456.30","459.25","454.65","36.73K","0.39%"
"31-05-2018","457.05","459.30","461.85","454.70","45.86K","-0.39%"
"30-05-2018","458.85","460.10","460.10","450.85","54.78K","-0.40%"
"29-05-2018","460.70","461.10","467.70","460.20","58.67K","0.32%"
"28-05-2018","459.25","461.00","462.20","453.40","36.91K","-0.55%"
"25-05-2018","461.80","467.60","469.75","461.20","38.35K","-1.55%"
"24-05-2018","469.05","466.60","469.40","464.55","34.00K","0.84%"
"23-05-2018","465.15","472.20","472.20","462.80","46.84K","-1.45%"
"22-05-2018","472.00","466.50","474.50","465.45","48.61K","0.89%"
"21-05-2018","467.85","463.10","469.45","463.10","43.29K","1.23%"
"18-05-2018","462.15","464.15","466.55","461.00","40.21K","-0.36%"
"17-05-2018","463.80","462.50","465.45","461.10","41.17K","0.42%"
"16-05-2018","461.85","461.65","462.45","458.70","29.64K","-0.24%"
"15-05-2018","462.95","462.70","467.80","460.10","47.98K","-0.16%"
"14-05-2018","463.70","465.00","466.90","461.10","36.09K","-0.28%"
"11-05-2018","465.00","463.15","466.70","462.35","32.08K","0.45%"
"10-05-2018","462.90","459.10","465.00","456.35","47.36K","1.09%"
"09-05-2018","457.90","457.00","458.55","455.05","27.57K","0.35%"
"08-05-2018","456.30","460.20","460.90","449.30","48.82K","-0.62%"
"07-05-2018","459.15","458.60","463.00","457.15","27.40K","0.37%"
"04-05-2018","457.45","458.60","460.00","453.45","30.54K","-0.04%"
"03-05-2018","457.65","454.05","461.10","453.25","45.28K","0.48%"
"02-05-2018","455.45","452.20","457.25","452.20","30.04K","0.90%"
"01-05-2018","451.40","454.45","455.60","448.95","19.75K","0.49%"
"30-04-2018","449.20","449.90","451.60","447.10","18.12K","0.17%"
"27-04-2018","448.45","458.60","458.60","446.50","42.95K","-2.60%"
"26-04-2018","460.40","460.65","461.40","455.30","39.18K","-0.56%"
"25-04-2018","463.00","461.00","465.70","459.15","37.75K","0.72%"
"24-04-2018","459.70","458.35","464.45","456.60","40.66K","0.61%"
"23-04-2018","456.90","460.00","462.80","451.65","39.64K","-0.40%"
"20-04-2018","458.75","456.50","460.35","453.10","29.87K","0.39%"
"19-04-2018","456.95","459.90","464.00","453.45","43.71K","-0.47%"
"18-04-2018","459.10","447.40","461.10","446.60","42.38K","2.63%"
"17-04-2018","447.35","448.60","449.35","443.60","32.05K","0.09%"
"16-04-2018","446.95","442.75","450.70","442.00","36.26K","0.95%"
"13-04-2018","442.75","442.25","445.70","441.35","30.15K","0.11%"
"12-04-2018","442.25","446.50","448.00","439.30","46.18K","-1.42%"
"11-04-2018","448.60","449.25","453.80","447.00","41.10K","-0.48%"
"10-04-2018","450.75","443.00","451.00","443.00","39.52K","1.92%"
"09-04-2018","442.25","438.40","442.85","437.70","39.32K","0.91%"
"06-04-2018","438.25","437.80","439.35","435.10","40.64K","-0.39%"
"05-04-2018","439.95","434.40","443.50","433.80","53.80K","1.45%"
"04-04-2018","433.65","441.00","441.00","428.60","69.47K","-1.54%"
"03-04-2018","440.45","440.55","442.10","438.40","33.74K","0.30%"
"02-04-2018","439.15","439.90","442.05","438.25","32.88K","0.54%"
"29-03-2018","436.80","434.95","439.45","434.95","27.36K","0.77%"
"28-03-2018","433.45","431.10","434.70","428.65","41.27K","0.63%"
"27-03-2018","430.75","430.50","434.40","429.20","44.64K","0.48%"
"26-03-2018","428.70","431.60","431.90","425.00","57.41K","-1.08%"
"23-03-2018","433.40","438.30","438.30","432.25","52.78K","-1.26%"
"22-03-2018","438.95","444.55","446.15","435.65","49.89K","-1.04%"
"21-03-2018","443.55","441.70","444.50","437.60","52.97K","0.52%"
"20-03-2018","441.25","447.20","447.80","439.65","43.65K","-1.22%"
"19-03-2018","446.70","447.50","449.20","442.25","46.58K","-0.41%"
"16-03-2018","448.55","450.00","453.50","446.30","41.61K","-0.53%"
"15-03-2018","450.95","455.00","455.00","448.50","35.53K","-0.73%"
"14-03-2018","454.25","452.60","458.60","452.60","50.06K","0.73%"
"13-03-2018","450.95","449.85","451.80","447.65","36.50K","0.16%"
"12-03-2018","450.25","452.65","453.35","448.50","37.28K","-0.45%"
"09-03-2018","452.30","444.70","454.00","442.45","53.57K","1.57%"
"08-03-2018","445.30","452.00","452.35","444.20","42.19K","-1.49%"
"07-03-2018","452.05","454.30","455.00","449.80","34.70K","-0.62%"
"06-03-2018","454.85","452.40","457.25","451.70","35.07K","0.55%"
"05-03-2018","452.35","453.15","453.15","448.35","33.79K","-0.10%"
"02-03-2018","452.80","450.50","454.80","450.50","15.27K","0.13%"
"01-03-2018","452.20","454.80","455.25","449.20","40.40K","1.40%"
"28-02-2018","445.95","453.00","453.00","445.80","26.70K","-1.83%"
"27-02-2018","454.25","457.70","459.85","451.15","35.35K","-0.75%"
"26-02-2018","457.70","462.40","462.40","456.60","29.99K","-0.44%"
"23-02-2018","459.70","461.45","462.50","456.80","33.13K","-1.07%"
"22-02-2018","464.65","458.40","465.30","453.30","41.37K","0.91%"
"21-02-2018","460.45","455.40","461.00","453.30","30.02K","0.71%"
"20-02-2018","457.20","455.00","459.60","454.40","26.92K","-0.02%"
"19-02-2018","457.30","461.30","462.20","455.40","28.09K","-0.91%"
"16-02-2018","461.50","458.40","464.20","458.10","38.09K","0.75%"
"15-02-2018","458.05","458.05","458.80","453.65","37.09K","0.11%"
"14-02-2018","457.55","448.00","458.05","445.75","51.09K","1.82%"
"13-02-2018","449.35","441.00","450.00","441.00","28.21K","2.44%"
"12-02-2018","438.65","435.00","440.40","435.00","30.97K","1.33%"
"09-02-2018","432.90","436.35","438.50","432.30","44.14K","-1.66%"
"08-02-2018","440.20","441.50","442.50","435.50","51.29K","-0.01%"
"07-02-2018","440.25","453.90","456.45","439.45","64.07K","-2.78%"
"06-02-2018","452.85","455.80","457.10","451.20","40.02K","-0.76%"
"05-02-2018","456.30","452.70","462.20","451.45","39.03K","0.78%"
"02-02-2018","452.75","456.35","460.70","450.00","44.24K","-0.43%"
"01-02-2018","454.70","453.00","455.55","449.50","37.00K","0.84%"
"31-01-2018","450.90","451.40","455.00","450.20","32.64K","0.10%"
"30-01-2018","450.45","450.00","451.75","445.30","35.59K","-0.06%"
"29-01-2018","450.70","456.50","456.50","450.10","29.84K","-0.25%"
"25-01-2018","451.85","455.90","457.90","451.50","33.28K","-0.50%"
"24-01-2018","454.10","441.00","456.35","441.00","56.50K","3.22%"
"23-01-2018","439.95","452.05","453.40","439.40","68.04K","-2.79%"
"22-01-2018","452.60","452.30","454.85","451.10","27.39K","0.48%"
"19-01-2018","450.45","452.45","456.00","450.00","39.44K","-0.50%"
"18-01-2018","452.70","452.00","454.40","451.10","27.81K","0.43%"
"17-01-2018","450.75","455.50","455.50","449.80","34.17K","-1.26%"
"16-01-2018","456.50","459.50","460.00","451.95","39.08K","-0.50%"
"15-01-2018","458.80","457.90","462.45","457.90","27.01K","1.27%"
"12-01-2018","453.05","457.50","458.10","452.60","24.58K","-0.68%"
"11-01-2018","456.15","458.45","459.60","452.50","33.69K","-0.21%"
"10-01-2018","457.10","454.95","461.40","454.50","36.30K","0.74%"
"09-01-2018","453.75","454.20","458.65","452.95","32.26K","-0.02%"
"08-01-2018","453.85","452.75","456.25","452.00","25.22K","0.30%"
"05-01-2018","452.50","462.85","462.85","452.10","30.92K","-1.14%"
"04-01-2018","457.70","456.60","462.85","456.60","36.21K","0.03%"
"03-01-2018","457.55","458.80","459.40","455.00","29.93K","-0.60%"
"02-01-2018","460.30","462.90","465.15","458.85","34.70K","-1.01%"
"01-01-2018","465.00","467.85","467.85","464.10","4.72K","-0.21%"
"29-12-2017","466.00","468.95","469.40","461.40","35.96K","-0.63%"
"28-12-2017","468.95","466.25","471.60","466.25","41.60K","0.58%"
"27-12-2017","466.25","463.90","468.25","461.35","40.09K","0.30%"
"26-12-2017","464.85","460.00","467.50","459.70","29.46K","1.05%"
"22-12-2017","460.00","454.50","460.35","453.85","31.28K","0.71%"
"21-12-2017","456.75","454.00","457.30","451.70","34.36K","0.61%"
"20-12-2017","454.00","448.15","455.95","447.00","46.88K","1.24%"
"19-12-2017","448.45","446.35","449.20","443.80","28.80K","0.04%"
"18-12-2017","448.25","445.80","448.50","443.95","24.69K","0.55%"
"15-12-2017","445.80","439.10","446.20","437.20","38.72K","1.47%"
"14-12-2017","439.35","437.45","441.00","433.95","34.86K","0.48%"
"13-12-2017","437.25","433.60","438.20","433.00","25.75K","0.63%"
"12-12-2017","434.50","431.50","435.30","431.00","25.32K","0.65%"
"11-12-2017","431.70","426.95","432.75","424.90","29.26K","0.91%"
"08-12-2017","427.80","428.70","429.80","425.20","23.98K","0.36%"
"07-12-2017","426.25","427.25","430.60","424.30","34.84K","-0.06%"
"06-12-2017","426.50","424.65","429.60","424.65","34.39K","0.66%"
"05-12-2017","423.70","443.00","443.00","423.10","58.02K","-4.32%"
"04-12-2017","442.85","445.75","446.70","442.30","23.51K","-0.32%"
"01-12-2017","444.25","441.30","448.15","440.65","30.34K","2.98%"
"30-11-2017","431.40","432.55","435.20","430.70","20.23K","-0.17%"
"29-11-2017","432.15","438.30","438.30","431.20","38.46K","-1.00%"
"28-11-2017","436.50","443.10","443.10","436.10","38.30K","-2.10%"
"27-11-2017","445.85","451.55","451.70","444.50","34.15K","-1.38%"
"24-11-2017","452.10","449.80","452.40","449.20","29.79K","0.71%"
"23-11-2017","448.90","449.30","449.90","445.85","26.04K","0.13%"
"22-11-2017","448.30","447.00","449.65","446.60","27.39K","0.26%"
"21-11-2017","447.15","443.45","448.20","442.60","29.36K","0.63%"
"20-11-2017","444.35","439.00","444.65","438.30","32.77K","0.99%"
"17-11-2017","440.00","438.00","440.25","435.55","27.93K","0.16%"
"16-11-2017","439.30","441.70","443.90","437.55","32.81K","-0.41%"
"15-11-2017","441.10","441.50","442.50","436.75","36.68K","-0.35%"
"14-11-2017","442.65","450.05","452.30","441.70","38.64K","-1.83%"
"13-11-2017","450.90","445.00","453.40","444.05","38.33K","1.46%"
"10-11-2017","444.40","444.05","447.50","442.90","28.44K","-0.01%"
"09-11-2017","444.45","444.10","444.80","439.40","38.20K","-0.15%"
"08-11-2017","445.10","446.45","446.65","441.15","35.41K","-0.04%"
"07-11-2017","445.30","450.35","452.85","444.10","38.69K","-1.25%"
"06-11-2017","450.95","447.35","453.45","447.35","30.79K","1.16%"
"03-11-2017","445.80","447.00","450.50","444.30","32.47K","-0.48%"
"02-11-2017","447.95","449.50","452.10","445.30","34.96K","0.09%"
"01-11-2017","447.55","446.25","454.40","446.25","45.56K","0.64%"
"31-10-2017","444.70","444.80","449.10","442.80","33.66K","-0.31%"
"30-10-2017","446.10","445.00","447.15","443.40","22.64K","0.07%"
"27-10-2017","445.80","453.50","453.50","442.65","49.45K","-2.44%"
"26-10-2017","456.95","456.45","457.90","452.50","30.17K","0.13%"
"25-10-2017","456.35","460.00","460.00","453.25","35.82K","-1.02%"
"24-10-2017","461.05","459.60","465.20","458.85","38.75K","0.69%"
"23-10-2017","457.90","455.10","458.20","453.35","26.37K","0.53%"
"20-10-2017","455.50","455.00","459.70","452.15","18.32K","0.44%"
"19-10-2017","453.50","456.00","456.00","452.90","5.95K","-0.71%"
"18-10-2017","456.75","459.70","461.40","456.30","40.68K","-0.49%"
"17-10-2017","459.00","463.45","464.05","458.10","38.73K","-1.00%"
"16-10-2017","463.65","450.00","466.35","450.00","81.77K","3.50%"
"13-10-2017","447.95","446.20","450.75","446.20","33.08K","-0.34%"
"12-10-2017","449.50","446.25","451.25","445.50","33.45K","0.56%"
"11-10-2017","447.00","442.25","447.40","441.15","41.33K","0.89%"
"10-10-2017","443.05","439.50","443.45","438.10","34.27K","0.83%"
"09-10-2017","439.40","437.90","439.75","437.30","19.39K","0.11%"
"06-10-2017","438.90","439.75","442.20","438.20","32.76K","-0.16%"
"05-10-2017","439.60","428.00","439.80","427.55","48.91K","3.02%"
"04-10-2017","426.70","429.65","430.20","425.50","27.07K","-0.74%"
"03-10-2017","429.90","426.00","431.85","425.70","25.59K","0.46%"
"29-09-2017","427.95","430.95","433.35","426.75","29.57K","-0.88%"
"28-09-2017","431.75","426.30","433.40","424.20","35.16K","1.36%"
"27-09-2017","425.95","425.70","429.55","424.20","31.07K","0.57%"
"26-09-2017","423.55","425.50","429.75","421.60","28.63K","-0.38%"
"25-09-2017","425.15","423.50","425.35","422.15","22.85K","0.38%"
"22-09-2017","423.55","420.55","423.85","417.30","36.33K","0.19%"
"21-09-2017","422.75","422.90","425.70","418.20","43.18K","-0.33%"
"20-09-2017","424.15","424.55","427.40","422.20","30.56K","0.07%"
"19-09-2017","423.85","423.35","425.55","421.60","29.43K","0.27%"
"18-09-2017","422.70","421.90","425.20","420.50","34.19K","0.62%"
"15-09-2017","420.10","421.20","422.75","417.60","42.22K","-0.31%"
"14-09-2017","421.40","423.95","425.60","417.80","48.87K","-0.66%"
"13-09-2017","424.20","430.55","430.55","421.95","44.02K","-1.54%"
"12-09-2017","430.85","434.00","434.90","428.70","35.42K","-0.99%"
"11-09-2017","435.15","432.55","436.55","431.80","29.81K","0.94%"
"08-09-2017","431.10","445.85","446.60","430.15","60.11K","-3.35%"
"07-09-2017","446.05","447.20","447.30","441.50","40.55K","-0.38%"
"06-09-2017","447.75","446.25","448.75","444.50","36.40K","0.62%"
"05-09-2017","445.00","449.10","451.35","442.80","36.94K","-0.73%"
"04-09-2017","448.25","443.10","448.50","442.30","26.57K","1.43%"
"01-09-2017","441.95","440.45","442.25","438.05","29.41K","1.71%"
"31-08-2017","434.50","435.00","438.40","433.20","27.21K","0.45%"
"30-08-2017","432.55","434.30","435.80","431.55","35.48K","-0.33%"
"29-08-2017","434.00","432.45","436.25","430.85","36.30K","0.70%"
"28-08-2017","431.00","429.25","434.90","429.20","32.77K","0.81%"
"25-08-2017","427.55","427.65","430.95","425.55","25.07K","-0.23%"
"24-08-2017","428.55","422.85","430.15","422.25","42.24K","1.66%"
"23-08-2017","421.55","421.25","422.80","419.10","34.13K","-0.12%"
"22-08-2017","422.05","421.30","426.40","420.30","39.97K","0.04%"
"21-08-2017","421.90","416.70","424.60","416.70","45.87K","1.58%"
"18-08-2017","415.35","414.70","418.85","413.55","34.20K","-0.07%"
"17-08-2017","415.65","420.05","420.85","414.70","31.31K","-0.80%"
"16-08-2017","419.00","410.85","422.10","409.50","46.38K","1.93%"
"14-08-2017","411.05","412.00","412.00","409.00","23.77K","-0.29%"
"11-08-2017","412.25","409.25","413.00","407.25","33.30K","0.18%"
"10-08-2017","411.50","414.00","414.95","409.85","32.93K","-0.51%"
"09-08-2017","413.60","414.65","416.95","411.95","37.58K","-0.11%"
"08-08-2017","414.05","408.20","414.70","407.65","37.11K","0.85%"
"07-08-2017","410.55","405.75","412.40","405.05","34.34K","0.95%"
"04-08-2017","406.70","405.60","408.25","403.70","33.73K","0.27%"
"03-08-2017","405.60","406.20","407.10","402.45","32.83K","-0.01%"
"02-08-2017","405.65","407.10","407.30","404.15","27.96K","-0.55%"
"01-08-2017","407.90","411.00","411.00","406.10","34.00K","-0.67%"
"31-07-2017","410.65","409.50","413.85","408.10","35.12K","0.43%"
"28-07-2017","408.90","407.05","409.50","403.50","35.70K","0.22%"
"27-07-2017","408.00","409.15","411.20","407.00","32.13K","-0.02%"
"26-07-2017","408.10","407.00","414.25","405.45","57.82K","0.52%"
"25-07-2017","406.00","391.80","406.95","391.80","64.60K","3.94%"
"24-07-2017","390.60","389.15","390.85","387.65","24.87K","0.41%"
"21-07-2017","389.00","387.45","391.80","387.25","33.77K","0.45%"
"20-07-2017","387.25","387.35","388.40","384.95","24.05K","0.26%"
"19-07-2017","386.25","388.35","390.00","385.40","26.73K","-0.71%"
"18-07-2017","389.00","389.05","389.65","386.65","25.02K","-0.08%"
"17-07-2017","389.30","385.95","390.45","385.00","35.56K","1.47%"
"14-07-2017","383.65","381.30","384.30","380.50","26.73K","0.74%"
"13-07-2017","380.85","384.05","385.25","380.50","27.96K","-0.63%"
"12-07-2017","383.25","384.00","385.75","382.65","28.83K","0.17%"
"11-07-2017","382.60","378.80","383.20","378.40","30.46K","0.88%"
"10-07-2017","379.25","380.45","380.85","376.40","24.32K","-0.22%"
"07-07-2017","380.10","382.20","383.35","378.80","28.68K","-0.58%"
"06-07-2017","382.30","382.20","383.90","381.10","27.29K","-0.01%"
"05-07-2017","382.35","385.95","386.30","381.05","34.19K","-0.88%"
"04-07-2017","385.75","387.50","387.50","383.80","25.45K","-0.52%"
"03-07-2017","387.75","389.25","390.00","386.00","31.34K","0.65%"
"30-06-2017","385.25","381.30","385.90","381.30","25.33K","0.36%"
"29-06-2017","383.85","380.00","384.80","380.00","33.74K","1.33%"
"28-06-2017","378.80","377.65","379.20","375.90","36.41K","0.57%"
"27-06-2017","376.65","373.00","378.10","372.35","29.94K","0.90%"
"26-06-2017","373.30","375.00","375.00","371.95","12.24K","-0.13%"
"23-06-2017","373.80","370.25","377.40","369.55","45.27K","0.86%"
"22-06-2017","370.60","370.00","372.70","366.65","41.67K","0.11%"
"21-06-2017","370.20","365.00","372.10","362.80","44.14K","1.37%"
"20-06-2017","365.20","368.60","369.15","363.70","32.67K","-1.00%"
"19-06-2017","368.90","366.10","369.95","365.50","25.65K","0.94%"
"16-06-2017","365.45","367.10","368.00","364.30","24.86K","-0.44%"
"15-06-2017","367.05","364.60","367.35","364.20","28.80K","0.87%"
"14-06-2017","363.90","369.30","370.55","363.20","35.89K","-1.56%"
"13-06-2017","369.65","372.95","373.65","367.35","34.70K","-0.88%"
"12-06-2017","372.95","376.00","376.20","372.30","31.06K","-1.11%"
"09-06-2017","377.15","369.40","377.40","369.40","43.91K","1.70%"
"08-06-2017","370.85","362.50","371.05","362.50","53.76K","1.92%"
"07-06-2017","363.85","364.50","364.50","361.15","34.91K","0.17%"
"06-06-2017","363.25","364.40","365.40","358.85","49.17K","-0.44%"
"05-06-2017","364.85","365.60","366.10","361.80","27.31K","-0.60%"
"02-06-2017","367.05","367.25","367.70","360.65","50.43K","-0.46%"
"01-06-2017","368.75","367.90","369.90","365.80","31.66K","0.00%"
"31-05-2017","368.75","368.00","369.60","365.10","29.01K","0.44%"
"30-05-2017","367.15","367.50","367.85","363.85","29.12K","-0.12%"
"29-05-2017","367.60","367.00","370.80","365.00","13.82K","0.05%"
"26-05-2017","367.40","371.40","372.60","365.40","29.85K","-1.16%"
"25-05-2017","371.70","369.95","374.45","368.10","33.33K","0.05%"
"24-05-2017","371.50","371.80","372.70","367.65","35.09K","-0.56%"
"23-05-2017","373.60","371.00","373.80","369.25","26.07K","0.57%"
"22-05-2017","371.50","368.05","371.70","367.75","22.79K","0.53%"
"19-05-2017","369.55","364.70","370.20","364.45","34.93K","1.37%"
"18-05-2017","364.55","361.00","365.70","356.80","45.08K","0.39%"
"17-05-2017","363.15","363.00","364.00","360.10","26.43K","0.19%"
"16-05-2017","362.45","360.30","363.00","359.00","24.83K","0.25%"
"15-05-2017","361.55","360.45","363.80","360.45","24.55K","0.49%"
"12-05-2017","359.80","359.05","360.90","358.00","20.69K","0.26%"
"11-05-2017","358.85","358.65","365.00","358.00","34.75K","0.24%"
"10-05-2017","358.00","359.50","360.40","356.60","20.07K","-0.31%"
"09-05-2017","359.10","356.00","361.40","355.60","22.43K","0.69%"
"08-05-2017","356.65","358.10","358.90","353.85","25.59K","-1.33%"
"05-05-2017","361.45","358.20","361.90","357.75","27.63K","0.81%"
"04-05-2017","358.55","362.20","363.00","355.80","36.84K","-1.02%"
"03-05-2017","362.25","374.65","374.65","361.95","44.87K","-3.68%"
"02-05-2017","376.10","378.80","378.80","374.30","21.47K","-1.17%"
"01-05-2017","380.55","372.00","385.00","371.60","26.81K","3.57%"
"28-04-2017","367.45","366.20","368.50","365.50","30.35K","0.57%"
"27-04-2017","365.35","365.95","366.15","361.60","32.83K","-0.40%"
"26-04-2017","366.80","365.55","367.20","363.80","26.70K","0.14%"
"25-04-2017","366.30","364.75","367.30","363.75","30.27K","0.69%"
"24-04-2017","363.80","364.05","364.75","361.05","26.42K","0.22%"
"21-04-2017","363.00","363.65","366.00","360.70","34.68K","-0.32%"
"20-04-2017","364.15","359.85","364.75","357.75","44.11K","0.80%"
"19-04-2017","361.25","363.40","365.40","356.80","49.58K","0.01%"
"18-04-2017","361.20","369.80","369.80","359.30","47.26K","-2.42%"
"17-04-2017","370.15","367.45","371.95","366.45","26.53K","1.08%"
"13-04-2017","366.20","365.40","368.20","364.60","34.32K","0.67%"
"12-04-2017","363.75","371.55","372.40","363.00","52.77K","-2.55%"
"11-04-2017","373.25","373.55","374.60","369.55","39.14K","0.19%"
"10-04-2017","372.55","374.30","375.90","371.45","29.47K","-0.93%"
"07-04-2017","376.05","379.00","379.40","370.60","46.49K","-1.21%"
"06-04-2017","380.65","384.05","385.40","378.80","39.72K","-1.42%"
"05-04-2017","386.15","378.00","387.00","378.00","45.90K","2.52%"
"04-04-2017","376.65","375.00","377.25","375.00","17.05K","0.53%"
"03-04-2017","374.65","380.80","382.45","374.40","37.41K","-1.60%"
"31-03-2017","380.75","383.10","384.50","378.30","38.58K","-0.79%"
"30-03-2017","383.80","383.80","388.90","381.40","42.09K","-0.07%"
"29-03-2017","384.05","383.65","385.95","382.20","32.34K","-0.29%"
"28-03-2017","385.15","378.00","385.60","377.35","35.53K","1.64%"
"27-03-2017","378.95","378.90","380.70","370.15","40.76K","-0.47%"
"24-03-2017","380.75","382.00","383.45","379.00","25.69K","-0.81%"
"23-03-2017","383.85","382.20","384.40","379.40","30.07K","0.51%"
"22-03-2017","381.90","378.05","383.00","376.30","33.80K","0.73%"
"21-03-2017","379.15","384.95","384.95","378.05","35.56K","-1.61%"
"20-03-2017","385.35","389.55","390.60","383.95","29.74K","-1.38%"
"17-03-2017","390.75","388.10","391.05","385.90","31.16K","0.77%"
"16-03-2017","387.75","387.50","391.15","387.00","30.22K","0.25%"
"15-03-2017","386.80","384.45","388.80","383.15","29.40K","0.34%"
"14-03-2017","385.50","386.60","387.10","379.50","37.07K","0.01%"
"13-03-2017","385.45","386.00","387.25","384.80","10.31K","0.69%"
"10-03-2017","382.80","381.30","385.95","380.75","36.16K","0.29%"
"09-03-2017","381.70","385.00","385.00","378.75","36.39K","-0.95%"
"08-03-2017","385.35","387.30","389.95","384.95","34.69K","-0.37%"
"07-03-2017","386.80","392.20","392.50","385.30","37.58K","-1.29%"
"06-03-2017","391.85","397.25","397.95","390.75","33.35K","-1.67%"
"03-03-2017","398.50","397.00","399.40","396.05","27.29K","0.11%"
"02-03-2017","398.05","403.70","404.45","396.80","32.77K","-1.46%"
"01-03-2017","403.95","401.20","409.25","401.20","40.45K","1.53%"
"28-02-2017","397.85","395.40","399.10","393.00","18.31K","0.65%"
"27-02-2017","395.30","393.65","395.80","390.50","34.54K","0.33%"
"24-02-2017","394.00","390.50","395.70","389.35","19.02K","1.34%"
"23-02-2017","388.80","402.10","402.15","388.25","46.78K","-3.68%"
"22-02-2017","403.65","403.20","404.60","400.25","32.27K","-0.39%"
"21-02-2017","405.25","404.70","406.75","403.25","33.08K","0.05%"
"20-02-2017","405.05","401.75","407.45","400.70","36.26K","1.21%"
"17-02-2017","400.20","402.20","402.55","396.30","37.83K","-0.46%"
"16-02-2017","402.05","405.30","407.50","398.10","47.45K","-0.56%"
"15-02-2017","404.30","405.00","406.60","401.25","37.71K","0.00%"
"14-02-2017","404.30","411.65","414.65","400.75","54.13K","-1.73%"
"13-02-2017","411.40","409.90","414.75","409.55","39.27K","0.80%"
"10-02-2017","408.15","392.00","408.70","390.90","78.61K","4.49%"
"09-02-2017","390.60","395.00","395.20","388.60","36.18K","-0.98%"
"08-02-2017","394.45","392.00","399.25","392.00","36.37K","0.83%"
"07-02-2017","391.20","392.30","394.55","390.30","30.45K","-0.53%"
"06-02-2017","393.30","390.30","393.80","388.95","30.19K","1.43%"
"03-02-2017","387.75","396.00","396.00","387.00","38.98K","-2.51%"
"02-02-2017","397.75","404.30","405.10","395.30","36.48K","-1.36%"
"01-02-2017","403.25","406.10","408.30","402.65","27.50K","-0.70%"
"31-01-2017","406.10","400.00","407.00","398.30","40.04K","2.04%"
"30-01-2017","398.00","402.45","404.95","394.60","36.32K","-1.58%"
"27-01-2017","404.40","405.00","405.00","399.85","32.77K","-0.63%"
"25-01-2017","406.95","407.00","409.45","403.60","43.13K","-0.17%"
"24-01-2017","407.65","399.00","408.00","397.55","44.53K","2.36%"
"23-01-2017","398.25","397.70","399.75","394.75","24.61K","0.89%"
"20-01-2017","394.75","393.85","397.50","389.75","35.53K","0.48%"
"19-01-2017","392.85","395.40","396.90","389.20","33.06K","-0.28%"
"18-01-2017","393.95","393.90","395.75","392.35","27.71K","-0.06%"
"17-01-2017","394.20","398.00","398.90","391.40","37.42K","-1.46%"
"16-01-2017","400.05","401.65","405.90","399.60","24.60K","-1.28%"
"13-01-2017","405.25","401.10","405.65","398.25","36.28K","0.83%"
"12-01-2017","401.90","392.15","402.50","391.85","55.26K","2.20%"
"11-01-2017","393.25","395.70","397.15","392.35","36.83K","-0.48%"
"10-01-2017","395.15","384.50","396.70","384.40","48.90K","3.19%"
"09-01-2017","382.95","384.05","384.70","380.10","32.05K","-0.16%"
"06-01-2017","383.55","378.60","384.00","378.40","31.43K","0.81%"
"05-01-2017","380.45","384.20","388.00","379.50","36.07K","-0.94%"
"04-01-2017","384.05","377.15","385.50","376.90","35.32K","1.98%"
"03-01-2017","376.60","379.70","384.15","376.10","39.47K","-0.45%"
"02-01-2017","378.30","380.00","380.00","376.05","4.44K","0.40%"
"30-12-2016","376.80","375.50","378.60","375.20","22.65K","0.64%"
"29-12-2016","374.40","378.10","380.50","373.90","24.42K","-1.02%"
"28-12-2016","378.25","380.10","382.30","375.50","40.41K","-0.20%"
"27-12-2016","379.00","369.80","380.90","369.80","28.89K","2.46%"
"26-12-2016","369.90","370.65","370.90","365.00","8.39K","-0.80%"
"23-12-2016","372.90","375.00","377.60","372.50","28.27K","-0.97%"
"22-12-2016","376.55","375.30","377.20","370.25","35.96K","0.33%"
"21-12-2016","375.30","377.40","378.50","374.85","24.73K","-0.46%"
"20-12-2016","377.05","375.20","378.30","373.40","30.63K","0.37%"
"19-12-2016","375.65","383.00","383.30","372.45","42.84K","-2.48%"
"16-12-2016","385.20","390.70","392.10","384.00","31.30K","-1.65%"
"15-12-2016","391.65","391.50","394.60","387.10","39.09K","0.53%"
"14-12-2016","389.60","387.45","391.45","384.80","39.71K","0.18%"
"13-12-2016","388.90","390.55","393.65","384.40","41.65K","-0.61%"
"12-12-2016","391.30","392.70","394.20","390.85","20.92K","-1.26%"
"09-12-2016","396.30","395.00","398.40","393.50","37.54K","0.97%"
"08-12-2016","392.50","396.05","398.40","390.75","45.48K","-0.77%"
"07-12-2016","395.55","401.05","406.85","393.10","49.86K","-1.36%"
"06-12-2016","401.00","405.45","405.45","398.40","39.91K","-1.40%"
"05-12-2016","406.70","399.70","409.85","399.10","38.32K","2.52%"
"02-12-2016","396.70","397.90","398.30","393.40","38.66K","-0.73%"
"01-12-2016","399.60","400.25","404.40","396.50","47.55K","0.96%"
"30-11-2016","395.80","388.10","399.25","384.40","44.81K","0.84%"
"29-11-2016","392.50","397.40","397.95","389.10","60.48K","-2.03%"
"28-11-2016","400.65","405.40","414.80","399.50","71.91K","-0.77%"
"25-11-2016","403.75","401.60","404.60","398.25","54.24K","0.32%"
"24-11-2016","402.45","397.00","408.50","397.00","66.76K","1.67%"
"23-11-2016","395.85","383.60","397.70","381.50","58.54K","3.30%"
"22-11-2016","383.20","380.80","386.85","379.90","39.49K","1.26%"
"21-11-2016","378.45","372.40","380.90","372.40","39.86K","1.98%"
"18-11-2016","371.10","369.90","374.35","367.70","47.05K","-0.43%"
"17-11-2016","372.70","367.85","374.80","365.60","43.74K","0.72%"
"16-11-2016","370.05","372.40","376.80","366.80","50.46K","-1.23%"
"15-11-2016","374.65","377.45","379.05","363.20","68.43K","-0.96%"
"14-11-2016","378.30","377.40","383.30","375.65","33.97K","0.97%"
"11-11-2016","374.65","377.90","405.20","372.35","165.99K","-0.53%"
"10-11-2016","376.65","367.20","379.60","367.20","72.19K","4.41%"
"09-11-2016","360.75","345.40","361.10","343.20","81.44K","3.43%"
"08-11-2016","348.80","342.00","349.25","337.60","59.57K","2.24%"
"07-11-2016","341.15","335.00","341.40","334.95","42.92K","1.99%"
"04-11-2016","334.50","331.00","335.25","330.70","25.00K","0.78%"
"03-11-2016","331.90","328.20","332.50","327.85","31.36K","1.08%"
"02-11-2016","328.35","328.70","329.75","326.55","29.87K","-0.30%"
"01-11-2016","329.35","327.90","329.90","325.30","31.57K","1.17%"
"31-10-2016","325.55","324.80","327.00","324.15","14.54K","0.25%"
"30-10-2016","324.75","325.20","325.90","324.35","1.11K","-0.06%"
"28-10-2016","324.95","320.80","325.15","320.75","31.76K","1.21%"
"27-10-2016","321.05","317.05","321.40","316.30","34.23K","0.85%"
"26-10-2016","318.35","315.90","318.80","315.40","23.44K","0.35%"
"25-10-2016","317.25","312.00","318.40","312.00","40.78K","1.94%"
"24-10-2016","311.20","311.85","312.90","310.20","28.20K","0.08%"
"21-10-2016","310.95","312.05","312.35","310.30","23.96K","-0.14%"
"20-10-2016","311.40","312.70","313.35","310.10","23.62K","-0.21%"
"19-10-2016","312.05","312.10","313.00","309.90","31.13K","-0.14%"
"18-10-2016","312.50","313.90","315.15","312.35","25.12K","-0.27%"
"17-10-2016","313.35","313.10","315.60","312.90","22.02K","0.10%"
"14-10-2016","313.05","316.50","317.20","312.70","27.77K","-0.87%"
"13-10-2016","315.80","323.10","323.10","315.35","45.38K","-2.53%"
"12-10-2016","324.00","325.60","326.40","323.80","12.11K","-0.29%"
"11-10-2016","324.95","324.60","325.70","322.75","14.99K","-0.02%"
"10-10-2016","325.00","322.00","326.15","321.40","29.31K","1.07%"
"07-10-2016","321.55","319.55","323.50","319.55","30.05K","0.44%"
"06-10-2016","320.15","322.10","322.10","319.20","27.80K","-0.57%"
"05-10-2016","322.00","322.95","323.40","320.60","24.89K","-0.06%"
"04-10-2016","322.20","324.10","325.20","321.55","28.98K","-0.79%"
"03-10-2016","324.75","328.35","328.80","322.10","36.59K","-1.16%"
"30-09-2016","328.55","325.20","329.30","324.15","31.56K","0.78%"
"29-09-2016","326.00","325.00","328.70","325.00","30.40K","0.48%"
"28-09-2016","324.45","322.35","324.95","321.95","24.13K","0.62%"
"27-09-2016","322.45","325.75","325.80","321.20","36.25K","-1.30%"
"26-09-2016","326.70","327.00","327.50","324.85","24.52K","-0.34%"
"23-09-2016","327.80","326.25","328.40","325.60","32.43K","0.32%"
"22-09-2016","326.75","323.40","327.30","323.40","29.49K","1.26%"
"21-09-2016","322.70","324.00","324.40","322.25","23.46K","-0.51%"
"20-09-2016","324.35","322.65","325.20","322.15","27.25K","0.48%"
"19-09-2016","322.80","322.90","323.40","321.20","27.20K","-0.39%"
"16-09-2016","324.05","323.20","324.80","322.15","24.74K","0.23%"
"15-09-2016","323.30","323.00","324.55","321.65","30.92K","0.23%"
"14-09-2016","322.55","316.70","323.00","315.90","47.73K","2.01%"
"13-09-2016","316.20","315.80","316.90","314.40","21.31K","0.59%"
"12-09-2016","314.35","313.00","315.50","310.35","44.64K","0.22%"
"09-09-2016","313.65","313.90","314.60","312.05","33.86K","-0.11%"
"08-09-2016","314.00","313.00","314.15","311.05","33.25K","0.48%"
"07-09-2016","312.50","313.00","314.45","311.00","35.22K","0.47%"
"06-09-2016","311.05","311.50","313.10","309.85","36.86K","0.00%"
"05-09-2016","311.05","310.50","311.40","309.50","10.22K","0.11%"
"02-09-2016","310.70","313.10","314.00","310.60","31.99K","-0.45%"
"01-09-2016","312.10","314.20","315.40","311.70","32.87K","2.13%"
"31-08-2016","305.60","307.50","307.90","305.20","36.70K","-0.47%"
"30-08-2016","307.05","309.40","309.50","306.30","38.41K","-0.42%"
"29-08-2016","308.35","308.40","309.35","307.80","18.05K","0.13%"
"26-08-2016","307.95","308.95","310.35","306.65","39.49K","0.06%"
"25-08-2016","307.75","309.25","309.90","307.30","33.00K","-0.29%"
"24-08-2016","308.65","314.00","314.35","308.10","40.88K","-1.64%"
"23-08-2016","313.80","318.40","318.65","313.30","46.09K","-1.44%"
"22-08-2016","318.40","321.00","321.10","316.60","43.40K","-1.16%"
"19-08-2016","322.15","320.55","322.50","319.75","30.90K","0.47%"
"18-08-2016","320.65","320.00","323.50","319.85","40.01K","0.52%"
"17-08-2016","319.00","320.80","321.20","317.90","30.23K","-0.68%"
"16-08-2016","321.20","318.00","321.90","317.45","43.10K","1.29%"
"12-08-2016","317.10","323.00","323.35","316.70","46.32K","-2.04%"
"11-08-2016","323.70","322.80","324.05","321.20","32.09K","0.64%"
"10-08-2016","321.65","318.60","325.10","318.30","56.01K","1.10%"
"09-08-2016","318.15","320.00","320.40","317.60","35.85K","-0.78%"
"08-08-2016","320.65","321.80","322.85","320.35","31.96K","0.28%"
"05-08-2016","319.75","322.70","323.20","318.90","37.88K","-0.78%"
"04-08-2016","322.25","325.20","325.20","319.60","45.29K","-1.00%"
"03-08-2016","325.50","326.70","327.70","322.60","43.52K","-0.35%"
"02-08-2016","326.65","326.50","331.40","326.20","46.36K","0.29%"
"01-08-2016","325.70","329.65","332.70","325.50","39.57K","-1.21%"
"29-07-2016","329.70","328.90","331.65","326.00","39.57K","0.14%"
"28-07-2016","329.25","327.10","330.90","327.10","36.33K","0.97%"
"27-07-2016","326.10","332.30","332.70","325.85","51.34K","-2.06%"
"26-07-2016","332.95","331.85","334.00","329.30","41.12K","-0.25%"
"25-07-2016","333.80","334.30","335.50","331.30","32.52K","0.07%"
"22-07-2016","333.55","336.50","338.40","332.60","50.83K","-1.17%"
"21-07-2016","337.50","337.40","339.25","335.60","45.24K","0.33%"
"20-07-2016","336.40","337.20","337.20","332.40","48.82K","-0.47%"
"19-07-2016","338.00","333.90","338.40","332.15","47.94K","1.06%"
"18-07-2016","334.45","332.90","335.30","329.60","47.18K","0.13%"
"15-07-2016","334.00","334.05","338.35","333.20","44.14K","0.15%"
"14-07-2016","333.50","334.20","336.05","332.70","33.35K","-0.24%"
"13-07-2016","334.30","333.00","339.90","332.75","50.97K","1.21%"
"12-07-2016","330.30","322.10","333.70","321.55","57.42K","2.75%"
"11-07-2016","321.45","319.80","324.10","319.80","37.43K","1.15%"
"08-07-2016","317.80","319.50","321.40","317.25","40.82K","-0.39%"
"07-07-2016","319.05","323.90","325.20","318.60","45.25K","-1.63%"
"06-07-2016","324.35","327.40","327.40","322.10","30.97K","-1.20%"
"05-07-2016","328.30","331.10","332.25","325.80","56.79K","-1.29%"
"04-07-2016","332.60","333.85","337.10","331.75","45.29K","-0.17%"
"01-07-2016","333.15","330.70","335.35","326.05","56.53K","1.88%"
"30-06-2016","327.00","326.25","327.80","324.20","29.58K","0.49%"
"29-06-2016","325.40","324.05","325.95","322.25","33.91K","0.12%"
"28-06-2016","325.00","319.90","326.70","319.90","51.64K","2.23%"
"27-06-2016","317.90","316.60","320.35","316.30","44.57K","0.19%"
"24-06-2016","317.30","319.10","319.10","313.15","65.47K","-1.28%"
"23-06-2016","321.40","317.20","322.30","316.50","52.51K","1.21%"
"22-06-2016","317.55","317.10","319.50","315.70","43.13K","-0.03%"
"21-06-2016","317.65","311.15","317.95","309.40","68.05K","1.60%"
"20-06-2016","312.65","306.10","313.10","306.10","58.40K","2.51%"
"17-06-2016","305.00","306.05","308.30","303.85","48.51K","-0.11%"
"16-06-2016","305.35","310.00","310.00","303.50","58.37K","-1.75%"
"15-06-2016","310.80","305.00","314.50","305.00","79.61K","1.95%"
"14-06-2016","304.85","305.95","305.95","303.05","36.77K","-0.28%"
"13-06-2016","305.70","303.40","306.80","302.55","54.27K","1.44%"
"10-06-2016","301.35","302.00","302.55","299.15","40.82K","-0.12%"
"09-06-2016","301.70","305.30","307.80","298.05","70.55K","-0.81%"
"08-06-2016","304.15","304.75","307.00","303.40","54.27K","0.26%"
"07-06-2016","303.35","313.10","313.65","302.75","77.94K","-3.27%"
"06-06-2016","313.60","315.10","318.00","313.25","38.61K","0.00%"
"03-06-2016","313.60","309.85","317.45","309.35","57.74K","1.49%"
"02-06-2016","309.00","309.20","310.20","308.05","37.24K","-0.47%"
"01-06-2016","310.45","312.25","312.25","307.80","41.97K","-0.66%"
"31-05-2016","312.50","312.60","315.40","312.30","43.54K","0.00%"
"30-05-2016","312.50","313.55","314.35","312.10","15.24K","-0.57%"
"27-05-2016","314.30","314.20","316.50","313.55","35.53K","0.38%"
"26-05-2016","313.10","315.60","317.10","312.60","39.72K","-0.62%"
"25-05-2016","315.05","312.20","315.80","311.55","38.82K","1.16%"
"24-05-2016","311.45","309.45","314.40","309.15","47.15K","0.68%"
"23-05-2016","309.35","309.35","310.40","306.70","39.56K","0.31%"
"20-05-2016","308.40","310.95","313.65","308.15","42.88K","-0.74%"
"19-05-2016","310.70","310.35","311.50","307.20","43.92K","-0.13%"
"18-05-2016","311.10","310.00","311.55","306.05","47.58K","-0.06%"
"17-05-2016","311.30","312.35","314.00","308.60","43.15K","-0.11%"
"16-05-2016","311.65","310.05","313.55","309.15","36.28K","0.58%"
"13-05-2016","309.85","308.75","311.35","308.00","39.31K","0.45%"
"12-05-2016","308.45","313.25","317.50","307.10","58.17K","-1.28%"
"11-05-2016","312.45","313.00","316.85","312.10","44.43K","0.18%"
"10-05-2016","311.90","314.00","315.80","311.30","37.63K","-0.40%"
"09-05-2016","313.15","319.50","319.50","312.80","37.55K","-2.19%"
"06-05-2016","320.15","319.60","322.40","318.05","41.68K","0.39%"
"05-05-2016","318.90","324.85","325.35","318.50","48.54K","-1.98%"
"04-05-2016","325.35","328.95","330.00","324.85","44.79K","-1.20%"
"03-05-2016","329.30","334.30","334.70","328.70","48.22K","-1.98%"
"02-05-2016","335.95","338.00","340.25","334.85","28.29K","0.52%"
"29-04-2016","334.20","327.60","336.10","327.60","30.71K","2.64%"
"28-04-2016","325.60","325.45","327.20","323.30","30.49K","-0.21%"
"27-04-2016","326.30","328.00","328.35","322.80","38.16K","-0.84%"
"26-04-2016","329.05","331.00","331.00","326.55","36.87K","-0.87%"
"25-04-2016","331.95","332.85","334.35","330.75","35.97K","-0.76%"
"22-04-2016","334.50","329.10","338.20","328.50","48.16K","1.19%"
"21-04-2016","330.55","328.25","334.45","325.90","62.65K","0.96%"
"20-04-2016","327.40","324.25","327.95","321.85","41.98K","0.55%"
"19-04-2016","325.60","317.70","325.85","315.05","40.32K","2.13%"
"18-04-2016","318.80","316.40","319.75","314.10","32.88K","0.52%"
"15-04-2016","317.15","318.50","318.50","314.85","19.84K","-0.92%"
"14-04-2016","320.10","317.85","320.60","314.40","18.92K","0.20%"
"13-04-2016","319.45","316.00","320.40","316.00","44.83K","1.36%"
"12-04-2016","315.15","308.10","315.95","307.75","57.23K","2.57%"
"11-04-2016","307.25","309.00","309.70","305.70","36.61K","-0.31%"
"08-04-2016","308.20","308.10","309.00","306.10","39.87K","0.47%"
"07-04-2016","306.75","316.00","316.90","305.95","60.86K","-2.97%"
"06-04-2016","316.15","316.50","317.60","315.00","33.23K","0.35%"
"05-04-2016","315.05","315.00","317.35","314.55","31.73K","0.25%"
"04-04-2016","314.25","318.45","318.70","313.60","34.31K","-1.35%"
"01-04-2016","318.55","321.05","324.20","317.70","41.07K","-0.84%"
"31-03-2016","321.25","321.00","322.95","318.60","40.74K","-0.22%"
"30-03-2016","321.95","325.25","325.40","321.45","38.42K","-1.39%"
"29-03-2016","326.50","331.50","331.50","325.55","39.07K","-1.69%"
"28-03-2016","332.10","331.00","333.90","329.70","27.24K","0.02%"
"24-03-2016","332.05","332.00","332.60","328.60","15.27K","-0.39%"
"23-03-2016","333.35","338.50","339.40","332.05","34.97K","-1.71%"
"22-03-2016","339.15","338.00","339.60","336.95","29.29K","-0.09%"
"21-03-2016","339.45","338.00","340.15","335.85","32.96K","0.56%"
"18-03-2016","337.55","339.00","343.85","336.30","46.91K","-0.31%"
"17-03-2016","338.60","335.10","340.90","335.00","55.52K","1.20%"
"16-03-2016","334.60","335.00","337.25","333.80","32.47K","-0.43%"
"15-03-2016","336.05","334.00","336.35","331.35","35.79K","0.30%"
"14-03-2016","335.05","335.50","338.90","333.40","36.82K","0.16%"
"11-03-2016","334.50","334.00","336.80","333.50","37.77K","0.48%"
"10-03-2016","332.90","335.00","335.60","330.75","37.68K","-0.51%"
"09-03-2016","334.60","332.55","337.05","332.35","37.47K","0.22%"
"08-03-2016","333.85","338.00","342.10","331.80","48.41K","-1.92%"
"07-03-2016","340.40","339.60","341.90","338.00","26.59K","0.35%"
"04-03-2016","339.20","331.75","343.40","331.75","67.62K","2.43%"
"03-03-2016","331.15","327.90","331.55","327.30","30.64K","0.87%"
"02-03-2016","328.30","325.00","328.75","325.00","37.44K","1.25%"
"01-03-2016","324.25","322.00","325.25","320.70","37.59K","0.81%"
"29-02-2016","321.65","319.50","322.05","317.55","22.91K","-0.02%"
"26-02-2016","321.70","316.00","326.45","316.00","58.99K","2.13%"
"25-02-2016","315.00","317.00","319.80","314.00","41.00K","-0.97%"
"24-02-2016","318.10","316.10","318.90","313.20","36.66K","-0.34%"
"23-02-2016","319.20","320.40","320.40","317.00","31.34K","-0.50%"
"22-02-2016","320.80","317.70","322.50","317.70","37.50K","1.50%"
"19-02-2016","316.05","314.90","318.05","314.05","39.88K","0.40%"
"18-02-2016","314.80","312.95","315.25","311.00","34.66K","0.35%"
"17-02-2016","313.70","310.40","314.60","309.95","34.16K","0.88%"
"16-02-2016","310.95","312.50","315.00","310.00","38.29K","0.23%"
"15-02-2016","310.25","308.20","314.40","308.20","35.33K","1.22%"
"12-02-2016","306.50","305.55","308.85","304.10","28.65K","0.57%"
"11-02-2016","304.75","302.20","308.00","301.70","39.04K","0.20%"
"10-02-2016","304.15","305.45","307.15","301.00","43.79K","-0.73%"
"09-02-2016","306.40","314.95","317.40","303.35","62.50K","-2.76%"
"08-02-2016","315.10","314.30","316.75","312.05","38.11K","-0.32%"
"05-02-2016","316.10","317.65","319.10","313.75","38.28K","-0.97%"
"04-02-2016","319.20","317.40","319.90","315.70","39.69K","1.11%"
"03-02-2016","315.70","310.95","316.90","310.35","38.84K","1.86%"
"02-02-2016","309.95","309.50","314.65","308.10","41.19K","-0.06%"
"01-02-2016","310.15","309.05","310.45","305.30","37.15K","-0.47%"
"29-01-2016","311.60","309.90","311.85","308.15","29.19K","0.48%"
"28-01-2016","310.10","311.45","312.30","308.35","35.84K","-0.69%"
"27-01-2016","312.25","301.55","313.60","301.55","55.36K","3.79%"
"25-01-2016","300.85","300.40","303.65","298.85","43.36K","-0.13%"
"22-01-2016","301.25","301.00","303.95","300.35","43.52K","-0.17%"
"21-01-2016","301.75","297.60","302.25","296.45","41.35K","1.48%"
"20-01-2016","297.35","298.60","299.50","296.25","38.95K","-0.47%"
"19-01-2016","298.75","297.85","302.85","297.85","47.70K","0.72%"
"18-01-2016","296.60","296.25","297.95","295.25","33.69K","0.66%"
"15-01-2016","294.65","296.50","296.80","293.20","37.06K","-0.87%"
"14-01-2016","297.25","292.90","299.55","292.90","44.23K","1.83%"
"13-01-2016","291.90","293.90","295.30","291.50","42.37K","-0.27%"
"12-01-2016","292.70","294.25","295.55","291.85","43.77K","-0.37%"
"11-01-2016","293.80","300.60","300.60","293.50","44.39K","-2.52%"
"08-01-2016","301.40","300.50","305.30","300.25","50.24K","0.20%"
"07-01-2016","300.80","309.20","309.20","296.45","85.32K","-3.31%"
"06-01-2016","311.10","311.50","312.00","309.00","39.14K","0.03%"
"05-01-2016","311.00","308.40","313.50","308.40","44.75K","0.39%"
"04-01-2016","309.80","315.70","315.70","308.05","48.69K","-2.06%"
"01-01-2016","316.30","315.50","317.45","313.70","6.24K","0.25%"
"31-12-2015","315.50","318.10","318.10","313.10","29.52K","-0.91%"
"30-12-2015","318.40","316.25","318.85","315.20","32.38K","0.55%"
"29-12-2015","316.65","309.40","318.35","309.40","42.28K","2.73%"
"28-12-2015","308.25","313.30","313.30","307.50","27.68K","-1.61%"
"24-12-2015","313.30","312.75","313.85","312.00","14.47K","-0.22%"
"23-12-2015","314.00","313.40","315.10","312.00","33.72K","0.38%"
"22-12-2015","312.80","315.80","316.10","312.25","27.48K","-1.43%"
"21-12-2015","317.35","312.15","317.60","312.15","39.29K","1.29%"
"18-12-2015","313.30","305.95","314.30","305.45","56.90K","2.87%"
"17-12-2015","304.55","308.75","308.75","302.75","45.76K","-1.77%"
"16-12-2015","310.05","309.45","312.55","307.85","40.80K","0.37%"
"15-12-2015","308.90","316.40","316.40","307.45","49.33K","-2.75%"
"14-12-2015","317.65","319.30","319.45","314.95","40.65K","-0.35%"
"11-12-2015","318.75","310.70","321.65","310.70","68.21K","2.69%"
"10-12-2015","310.40","310.60","311.40","308.40","29.27K","-0.18%"
"09-12-2015","310.95","310.00","314.30","309.40","48.85K","0.73%"
"08-12-2015","308.70","307.55","311.30","306.05","42.09K","0.52%"
"07-12-2015","307.10","311.40","313.15","306.55","34.34K","-1.65%"
"04-12-2015","312.25","308.65","314.60","308.15","48.02K","0.81%"
"03-12-2015","309.75","306.30","310.25","303.90","48.22K","1.13%"
"02-12-2015","306.30","310.05","310.65","305.00","47.85K","-1.30%"
"01-12-2015","310.35","309.50","311.90","308.00","48.87K","3.31%"
"30-11-2015","300.40","301.95","304.80","298.80","33.10K","-0.81%"
"27-11-2015","302.85","306.00","307.50","302.15","46.69K","-1.16%"
"26-11-2015","306.40","300.45","311.05","300.45","52.52K","2.08%"
"25-11-2015","300.15","299.60","302.85","297.30","24.33K","-0.68%"
"24-11-2015","302.20","296.60","303.25","295.65","54.55K","1.89%"
"23-11-2015","296.60","299.50","299.50","293.50","46.28K","-1.18%"
"20-11-2015","300.15","304.30","307.80","299.60","60.76K","-1.14%"
"19-11-2015","303.60","304.40","305.35","301.15","50.08K","-0.36%"
"18-11-2015","304.70","306.55","308.40","302.70","49.40K","-0.99%"
"17-11-2015","307.75","307.90","310.95","302.20","58.56K","-0.36%"
"16-11-2015","308.85","316.90","317.60","308.10","49.96K","-2.79%"
"13-11-2015","317.70","317.55","318.45","315.35","32.54K","-0.17%"
"12-11-2015","318.25","322.60","323.00","316.60","31.16K","-2.02%"
"11-11-2015","324.80","323.75","325.05","323.75","5.54K","-0.29%"
"10-11-2015","325.75","328.20","329.85","324.25","45.07K","-1.05%"
"09-11-2015","329.20","331.00","331.90","328.75","32.12K","0.12%"
"06-11-2015","328.80","330.50","331.65","327.65","52.25K","-0.39%"
"05-11-2015","330.10","338.05","338.40","329.25","62.43K","-2.24%"
"04-11-2015","337.65","340.00","342.65","337.00","45.69K","-0.57%"
"03-11-2015","339.60","337.90","340.35","336.00","43.46K","0.64%"
"02-11-2015","337.45","336.00","338.00","335.70","33.47K","0.27%"
"30-10-2015","336.55","338.20","338.30","335.40","36.59K","-0.21%"
"29-10-2015","337.25","340.80","341.55","337.00","40.18K","-1.23%"
"28-10-2015","341.45","341.15","342.35","336.25","54.16K","-0.18%"
"27-10-2015","342.05","340.60","343.65","340.30","35.74K","0.59%"
"26-10-2015","340.05","340.75","343.75","339.35","40.40K","-0.07%"
"23-10-2015","340.30","343.05","348.20","338.90","59.85K","-1.00%"
"22-10-2015","343.75","343.90","347.50","343.40","26.72K","0.50%"
"21-10-2015","342.05","341.45","342.65","338.60","47.36K","-0.13%"
"20-10-2015","342.50","340.85","344.25","339.85","38.67K","0.12%"
"19-10-2015","342.10","345.55","345.90","340.30","36.40K","-1.28%"
"16-10-2015","346.55","349.00","349.80","344.10","37.98K","-0.91%"
"15-10-2015","349.75","349.50","351.20","347.10","33.66K","0.16%"
"14-10-2015","349.20","347.75","349.45","344.85","34.38K","0.65%"
"13-10-2015","346.95","347.00","349.95","345.80","36.62K","-0.39%"
"12-10-2015","348.30","348.85","351.75","347.75","37.26K","0.16%"
"09-10-2015","347.75","340.85","352.10","340.85","76.99K","2.32%"
"08-10-2015","339.85","342.85","342.85","336.85","51.06K","-0.98%"
"07-10-2015","343.20","343.60","346.95","341.80","51.79K","-0.04%"
"06-10-2015","343.35","341.80","345.90","339.70","45.10K","0.12%"
"05-10-2015","342.95","343.10","345.60","339.70","47.30K","1.48%"
"01-10-2015","337.95","344.40","347.85","337.15","53.58K","-1.39%"
"30-09-2015","342.70","333.70","345.25","333.25","67.60K","2.91%"
"29-09-2015","333.00","332.70","335.60","329.75","47.30K","-0.30%"
"28-09-2015","334.00","338.40","339.40","330.60","46.96K","-1.12%"
"25-09-2015","337.80","341.00","342.90","337.40","23.04K","-1.04%"
"24-09-2015","341.35","341.10","343.70","337.20","46.31K","0.35%"
"23-09-2015","340.15","339.25","343.20","338.50","46.67K","0.18%"
"22-09-2015","339.55","350.50","350.70","337.90","67.76K","-3.30%"
"21-09-2015","351.15","350.25","354.65","349.90","38.06K","0.17%"
"18-09-2015","350.55","362.10","362.70","350.25","61.38K","-3.55%"
"17-09-2015","363.45","362.10","364.80","361.05","16.37K","0.00%"
"16-09-2015","363.45","360.00","364.45","358.80","44.07K","0.62%"
"15-09-2015","361.20","358.00","361.70","355.50","42.18K","1.01%"
"14-09-2015","357.60","363.00","363.00","357.00","46.24K","-1.80%"
"11-09-2015","364.15","365.20","366.20","361.20","39.88K","-0.18%"
"10-09-2015","364.80","362.15","368.00","362.10","45.83K","0.41%"
"09-09-2015","363.30","363.00","367.10","361.70","51.02K","0.21%"
"08-09-2015","362.55","351.10","364.25","348.40","71.99K","3.19%"
"07-09-2015","351.35","348.00","354.60","348.00","40.91K","1.11%"
"04-09-2015","347.50","351.50","353.40","345.80","47.11K","-1.45%"
"03-09-2015","352.60","347.00","358.00","347.00","51.02K","1.92%"
"02-09-2015","345.95","343.25","348.85","342.25","42.58K","0.79%"
"01-09-2015","343.25","348.00","348.50","343.00","38.47K","0.42%"
"31-08-2015","341.80","340.90","342.70","335.10","14.35K","-0.12%"
"28-08-2015","342.20","340.60","346.00","337.20","37.24K","0.69%"
"27-08-2015","339.85","330.70","341.45","330.70","67.02K","3.27%"
"26-08-2015","329.10","336.30","336.30","327.25","56.75K","-2.30%"
"25-08-2015","336.85","334.75","338.70","330.05","58.22K","0.70%"
"24-08-2015","334.50","335.05","337.00","327.10","71.69K","-0.96%"
"21-08-2015","337.75","335.70","338.70","330.90","50.50K","0.52%"
"20-08-2015","336.00","328.20","337.90","328.20","54.73K","2.33%"
"19-08-2015","328.35","330.10","331.45","326.10","52.13K","-0.77%"
"18-08-2015","330.90","336.35","336.75","328.40","54.76K","-1.66%"
"17-08-2015","336.50","338.20","338.20","334.10","36.99K","-0.62%"
"14-08-2015","338.60","339.30","340.95","336.20","36.87K","-0.34%"
"13-08-2015","339.75","337.40","342.10","334.70","48.79K","0.43%"
"12-08-2015","338.30","331.10","338.95","328.95","55.84K","1.77%"
"11-08-2015","332.40","338.30","338.80","329.55","59.50K","-1.93%"
"10-08-2015","338.95","329.55","340.65","328.65","55.68K","2.81%"
"07-08-2015","329.70","330.00","332.65","327.30","54.29K","-0.44%"
"06-08-2015","331.15","332.40","333.60","330.20","34.27K","-0.17%"
"05-08-2015","331.70","333.00","333.90","330.65","35.17K","-0.66%"
"04-08-2015","333.90","333.15","336.65","331.85","38.84K","0.10%"
"03-08-2015","333.55","335.00","335.85","330.00","50.20K","-0.55%"
"31-07-2015","335.40","338.50","340.00","335.15","42.59K","-1.05%"
"30-07-2015","338.95","342.20","342.40","336.00","40.69K","-0.79%"
"29-07-2015","341.65","342.30","343.95","339.70","40.05K","0.07%"
"28-07-2015","341.40","337.00","342.60","335.75","40.53K","1.56%"
"27-07-2015","336.15","339.85","339.95","334.15","42.24K","-1.20%"
"24-07-2015","340.25","338.30","341.80","334.30","52.72K","0.49%"
"23-07-2015","338.60","345.30","347.15","338.25","44.14K","-1.68%"
"22-07-2015","344.40","349.20","349.20","343.40","38.83K","-1.64%"
"21-07-2015","350.15","352.55","355.85","349.80","36.34K","-0.36%"
"20-07-2015","351.40","351.05","354.40","349.00","33.31K","-0.21%"
"17-07-2015","352.15","356.70","358.00","350.20","37.76K","-1.16%"
"16-07-2015","356.30","356.25","359.45","355.25","27.98K","-0.01%"
"15-07-2015","356.35","358.50","363.40","356.00","39.45K","-0.49%"
"14-07-2015","358.10","358.85","359.15","354.50","30.06K","-0.36%"
"13-07-2015","359.40","357.10","362.45","353.05","45.61K","0.20%"
"10-07-2015","358.70","360.00","360.90","356.50","32.37K","-0.26%"
"09-07-2015","359.65","355.60","365.80","355.05","57.57K","1.80%"
"08-07-2015","353.30","347.65","357.10","338.60","90.22K","1.45%"
"07-07-2015","348.25","357.20","358.20","338.80","89.52K","-2.53%"
"06-07-2015","357.30","368.00","368.00","355.90","58.16K","-3.43%"
"03-07-2015","370.00","372.35","374.60","369.40","22.30K","-0.63%"
"02-07-2015","372.35","374.25","375.25","371.90","24.74K","-0.43%"
"01-07-2015","373.95","371.95","376.65","370.35","37.88K","1.42%"
"30-06-2015","368.70","370.70","371.80","364.65","23.52K","-0.49%"
"29-06-2015","370.50","371.80","374.75","369.00","40.52K","-0.19%"
"26-06-2015","371.20","369.30","372.40","368.00","36.36K","0.79%"
"25-06-2015","368.30","369.50","369.50","364.25","33.80K","-0.12%"
"24-06-2015","368.75","367.35","371.90","365.35","38.88K","0.44%"
"23-06-2015","367.15","361.90","369.30","361.90","35.24K","1.90%"
"22-06-2015","360.30","360.95","362.55","359.30","25.79K","-0.03%"
"19-06-2015","360.40","366.90","368.70","359.15","35.43K","-1.70%"
"18-06-2015","366.65","372.20","373.00","366.45","35.80K","-1.01%"
"17-06-2015","370.40","371.65","373.80","369.25","32.37K","-0.28%"
"16-06-2015","371.45","375.90","377.00","371.25","27.69K","-1.07%"
"15-06-2015","375.45","378.75","378.85","372.90","28.97K","-1.38%"
"12-06-2015","380.70","378.75","380.95","377.20","24.29K","0.48%"
"11-06-2015","378.90","387.15","387.85","376.80","39.27K","-2.36%"
"10-06-2015","388.05","385.35","391.25","384.20","29.72K","0.77%"
"09-06-2015","385.10","384.20","387.70","381.90","28.23K","0.40%"
"08-06-2015","383.55","383.75","384.50","381.30","19.76K","0.26%"
"05-06-2015","382.55","380.80","384.75","378.45","28.54K","0.31%"
"04-06-2015","381.35","387.45","388.40","380.30","33.92K","-1.64%"
"03-06-2015","387.70","387.70","389.30","385.80","21.42K","0.14%"
"02-06-2015","387.15","385.20","388.45","385.05","22.00K","0.73%"
"01-06-2015","384.35","386.95","387.50","383.85","22.84K","-0.59%"
"29-05-2015","386.65","393.80","393.95","386.00","25.57K","-1.48%"
"28-05-2015","392.45","393.75","394.50","391.55","22.54K","-0.36%"
"27-05-2015","393.85","395.40","397.00","392.35","24.64K","-0.14%"
"26-05-2015","394.40","399.50","400.65","394.10","26.07K","-1.35%"
"25-05-2015","399.80","396.25","400.35","394.85","17.98K","0.83%"
"22-05-2015","396.50","402.60","403.60","394.65","24.39K","-1.58%"
"21-05-2015","402.85","402.25","404.35","401.25","21.43K","0.51%"
"20-05-2015","400.80","402.70","403.15","399.70","28.60K","-0.41%"
"19-05-2015","402.45","412.05","412.70","401.55","37.47K","-2.20%"
"18-05-2015","411.50","413.20","414.95","410.15","19.96K","-0.15%"
"15-05-2015","412.10","412.20","414.25","409.35","25.75K","0.15%"
"14-05-2015","411.50","416.05","416.95","411.10","25.22K","-1.33%"
"13-05-2015","417.05","418.70","420.70","414.40","27.91K","-0.55%"
"12-05-2015","419.35","415.20","421.40","414.80","36.67K","1.30%"
"11-05-2015","413.95","413.50","415.95","412.00","24.95K","-0.07%"
"08-05-2015","414.25","416.50","418.35","411.50","29.46K","-0.53%"
"07-05-2015","416.45","414.10","420.50","413.00","34.66K","0.36%"
"06-05-2015","414.95","415.15","418.00","411.55","38.44K","0.12%"
"05-05-2015","414.45","412.90","418.15","410.85","37.39K","0.17%"
"04-05-2015","413.75","414.30","415.20","412.90","13.68K","-0.62%"
"01-05-2015","416.35","411.25","416.80","410.00","22.36K","2.89%"
"30-04-2015","404.65","391.45","406.20","389.50","24.96K","3.60%"
"29-04-2015","390.60","385.00","391.35","383.40","25.72K","0.94%"
"28-04-2015","386.95","386.20","388.15","384.15","28.63K","-0.18%"
"27-04-2015","387.65","386.95","389.60","385.40","25.96K","0.66%"
"24-04-2015","385.10","376.30","387.40","376.30","43.47K","2.16%"
"23-04-2015","376.95","370.85","378.00","370.25","34.55K","1.34%"
"22-04-2015","371.95","374.45","376.55","371.25","30.03K","-0.69%"
"21-04-2015","374.55","381.25","381.60","373.85","40.58K","-1.67%"
"20-04-2015","380.90","386.10","387.00","379.20","35.07K","-0.81%"
"17-04-2015","384.00","382.50","386.80","381.55","38.13K","0.26%"
"16-04-2015","383.00","376.90","383.75","376.10","42.01K","2.00%"
"15-04-2015","375.50","372.45","375.90","368.80","33.59K","0.81%"
"14-04-2015","372.50","375.00","375.00","369.15","22.95K","-0.83%"
"13-04-2015","375.60","378.20","381.25","375.35","31.53K","-0.37%"
"10-04-2015","377.00","377.90","382.55","376.60","35.86K","0.19%"
"09-04-2015","376.30","376.05","380.30","374.85","29.67K","-0.23%"
"08-04-2015","377.15","380.00","382.40","375.90","35.59K","-0.91%"
"07-04-2015","380.60","375.50","383.15","375.50","40.65K","1.71%"
"06-04-2015","374.20","377.50","389.80","371.45","70.06K","-0.35%"
"02-04-2015","375.50","377.50","377.95","375.05","16.45K","-0.84%"
"01-04-2015","378.70","380.00","382.80","374.45","44.44K","0.07%"
"31-03-2015","378.45","384.10","385.05","378.00","40.50K","-1.66%"
"30-03-2015","384.85","384.45","387.00","383.25","33.11K","0.00%"
"27-03-2015","384.85","391.20","391.20","382.75","40.63K","-1.94%"
"26-03-2015","392.45","387.80","398.80","387.80","54.70K","1.37%"
"25-03-2015","387.15","386.00","387.70","383.95","38.11K","-0.15%"
"24-03-2015","387.75","385.05","389.85","384.60","49.24K","0.40%"
"23-03-2015","386.20","384.20","387.30","381.80","46.23K","1.03%"
"20-03-2015","382.25","370.00","384.80","367.80","70.86K","3.12%"
"19-03-2015","370.70","360.20","371.15","360.20","61.05K","3.46%"
"18-03-2015","358.30","367.15","367.25","357.30","56.02K","-2.89%"
"17-03-2015","368.95","372.00","372.00","365.20","41.19K","-1.17%"
"16-03-2015","373.30","375.75","375.75","372.10","31.61K","-0.48%"
"14-03-2015","375.10","375.10","375.10","375.10","","-0.01%"
"13-03-2015","375.15","372.65","375.50","371.20","43.30K","1.06%"
"12-03-2015","371.20","364.35","373.35","364.25","54.64K","1.68%"
"11-03-2015","365.05","369.30","370.80","364.40","36.60K","-0.72%"
"10-03-2015","367.70","372.80","372.80","365.60","41.51K","-1.70%"
"09-03-2015","374.05","365.10","374.40","364.30","37.18K","2.20%"
"06-03-2015","366.00","368.50","369.20","365.40","17.69K","-0.88%"
"05-03-2015","369.25","370.85","372.35","368.60","32.40K","-0.27%"
"04-03-2015","370.25","367.50","371.60","365.40","35.91K","0.98%"
"03-03-2015","366.65","371.50","371.50","363.75","35.21K","-1.66%"
"02-03-2015","372.85","372.45","375.30","370.80","34.92K","0.28%"
"28-02-2015","371.80","369.00","372.35","369.00","5.73K","0.66%"
"27-02-2015","369.35","367.00","370.95","366.10","19.05K","0.14%"
"26-02-2015","368.85","364.90","371.70","364.55","42.51K","1.49%"
"25-02-2015","363.45","361.50","364.25","359.75","31.29K","0.29%"
"24-02-2015","362.40","354.45","366.85","354.00","56.12K","1.83%"
"23-02-2015","355.90","357.90","359.30","352.75","33.33K","-0.38%"
"21-02-2015","357.25","357.25","357.25","357.25","","0.13%"
"20-02-2015","356.80","359.45","360.15","354.50","45.32K","-0.74%"
"19-02-2015","359.45","358.00","360.55","355.20","38.93K","-0.01%"
"18-02-2015","359.50","353.45","362.85","353.00","52.61K","1.47%"
"17-02-2015","354.30","359.25","359.25","350.85","30.29K","-1.61%"
"16-02-2015","360.10","356.70","360.80","356.10","30.64K","0.78%"
"13-02-2015","357.30","359.00","362.50","355.65","43.84K","-0.14%"
"12-02-2015","357.80","351.00","359.60","350.95","47.58K","1.85%"
"11-02-2015","351.30","351.15","355.95","350.50","41.77K","-0.11%"
"10-02-2015","351.70","354.10","354.70","348.05","46.52K","-1.03%"
"09-02-2015","355.35","353.40","356.70","352.50","33.89K","0.21%"
"06-02-2015","354.60","355.60","357.50","352.00","41.48K","-0.25%"
"05-02-2015","355.50","353.90","356.65","346.90","54.88K","0.15%"
"04-02-2015","354.95","353.30","356.70","350.25","52.59K","0.52%"
"03-02-2015","353.10","343.00","354.45","343.00","55.56K","3.58%"
"02-02-2015","340.90","343.05","345.50","340.15","43.94K","-0.57%"
"30-01-2015","342.85","336.00","343.80","334.00","51.44K","1.66%"
"29-01-2015","337.25","337.35","338.50","332.80","59.42K","-0.15%"
"28-01-2015","337.75","337.00","340.40","334.55","48.87K","0.52%"
"27-01-2015","336.00","343.00","345.60","334.15","51.17K","-1.38%"
"25-01-2015","340.70","340.70","340.70","340.70","","-0.19%"
"23-01-2015","341.35","349.50","349.50","340.25","46.24K","-2.74%"
"22-01-2015","350.95","355.75","357.60","349.60","41.40K","-1.72%"
"21-01-2015","357.10","354.05","359.95","347.15","57.66K","0.35%"
"20-01-2015","355.85","354.50","358.70","351.55","46.24K","0.86%"
"19-01-2015","352.80","358.00","360.85","350.85","44.98K","-1.75%"
"17-01-2015","359.10","359.10","359.10","359.10","","0.04%"
"16-01-2015","358.95","353.50","359.40","350.60","39.72K","1.92%"
"15-01-2015","352.20","347.00","356.75","347.00","61.73K","1.89%"
"14-01-2015","345.65","364.05","364.05","340.90","97.89K","-5.29%"
"13-01-2015","364.95","375.60","375.60","364.20","50.89K","-3.22%"
"12-01-2015","377.10","381.05","382.45","374.50","36.58K","-1.32%"
"09-01-2015","382.15","385.05","385.80","381.20","33.84K","-0.87%"
"08-01-2015","385.50","389.40","389.85","384.15","34.54K","-1.00%"
"07-01-2015","389.40","391.70","392.15","388.50","31.95K","-0.57%"
"06-01-2015","391.65","393.05","393.70","390.55","27.24K","0.01%"
"05-01-2015","391.60","398.00","398.25","389.20","37.07K","-1.62%"
"02-01-2015","398.05","400.00","401.80","395.80","30.33K","-0.38%"
"01-01-2015","399.55","399.75","400.50","397.55","5.45K","0.11%"
"31-12-2014","399.10","403.75","404.15","398.35","26.27K","-1.04%"
"30-12-2014","403.30","402.40","404.85","399.90","33.05K","0.54%"
"29-12-2014","401.15","401.45","403.95","399.35","30.19K","0.17%"
"26-12-2014","400.45","404.60","406.35","399.25","21.65K","-0.93%"
"24-12-2014","404.20","405.95","407.35","403.70","14.15K","-0.52%"
"23-12-2014","406.30","406.10","407.90","404.20","19.61K","-0.12%"
"22-12-2014","406.80","409.45","410.70","405.85","23.68K","-0.56%"
"19-12-2014","409.10","402.50","410.40","402.35","32.09K","1.78%"
"18-12-2014","401.95","406.25","407.40","401.25","35.68K","-1.28%"
"17-12-2014","407.15","408.15","409.90","403.05","34.70K","-0.39%"
"16-12-2014","408.75","408.90","412.30","405.70","41.64K","-0.29%"
"15-12-2014","409.95","410.50","414.90","409.30","28.82K","-0.16%"
"12-12-2014","410.60","409.15","411.50","406.70","24.56K","0.48%"
"11-12-2014","408.65","404.05","409.80","403.65","28.81K","1.33%"
"10-12-2014","403.30","405.00","405.70","402.30","22.75K","-0.76%"
"09-12-2014","406.40","399.25","408.85","397.85","42.31K","1.66%"
"08-12-2014","399.75","403.55","405.20","399.55","26.53K","-0.90%"
"05-12-2014","403.40","403.30","407.00","402.40","23.64K","-0.12%"
"04-12-2014","403.90","399.50","405.90","399.50","33.10K","1.32%"
"03-12-2014","398.65","399.90","400.80","397.30","25.70K","-0.52%"
"02-12-2014","400.75","400.85","402.35","396.10","30.72K","-0.69%"
"01-12-2014","403.55","396.10","404.00","390.40","43.89K","3.28%"
"28-11-2014","390.75","402.50","402.50","389.80","19.53K","-3.20%"
"27-11-2014","403.65","406.30","407.25","402.80","21.82K","-0.46%"
"26-11-2014","405.50","404.60","406.80","401.60","23.68K","0.38%"
"25-11-2014","403.95","411.00","413.30","403.40","35.94K","-1.52%"
"24-11-2014","410.20","413.40","415.25","409.65","21.44K","-0.64%"
"21-11-2014","412.85","413.20","418.20","410.85","37.34K","0.07%"
"20-11-2014","412.55","416.00","416.55","410.60","27.42K","-1.03%"
"19-11-2014","416.85","411.00","417.60","408.85","35.90K","1.86%"
"18-11-2014","409.25","414.65","415.30","408.80","27.98K","-1.40%"
"17-11-2014","415.05","415.90","416.80","412.95","21.15K","-0.12%"
"16-11-2014","415.55","415.55","415.55","415.55","","-0.01%"
"14-11-2014","415.60","407.70","415.95","407.00","31.08K","2.09%"
"13-11-2014","407.10","411.20","415.20","406.25","29.39K","-0.96%"
"12-11-2014","411.05","412.85","413.95","410.30","20.69K","-0.41%"
"11-11-2014","412.75","411.25","413.10","407.60","25.27K","0.28%"
"10-11-2014","411.60","413.60","415.25","411.15","17.44K","-0.35%"
"07-11-2014","413.05","411.10","415.80","410.05","28.01K","0.56%"
"06-11-2014","410.75","407.50","411.40","407.00","11.62K","0.44%"
"05-11-2014","408.95","408.85","410.55","403.10","29.44K","-0.23%"
"04-11-2014","409.90","415.50","415.50","408.40","19.67K","-1.67%"
"03-11-2014","416.85","415.00","417.25","413.00","21.05K","0.52%"
"31-10-2014","414.70","416.70","420.70","413.90","25.74K","-0.53%"
"30-10-2014","416.90","420.70","420.70","413.50","24.38K","-1.11%"
"29-10-2014","421.60","419.15","422.55","418.50","21.10K","0.44%"
"28-10-2014","419.75","417.95","420.20","416.90","20.58K","0.72%"
"27-10-2014","416.75","411.60","417.85","411.00","25.58K","1.08%"
"24-10-2014","412.30","413.35","415.15","412.05","9.38K","-0.15%"
"23-10-2014","412.90","412.65","413.45","411.80","4.95K","0.66%"
"22-10-2014","410.20","410.35","413.80","409.60","23.75K","-0.17%"
"21-10-2014","410.90","407.05","412.00","405.10","26.44K","0.98%"
"20-10-2014","406.90","408.05","409.30","404.60","25.22K","-0.57%"
"17-10-2014","409.25","407.15","411.10","404.50","34.55K","0.06%"
"16-10-2014","409.00","420.45","420.45","406.80","45.20K","-2.98%"
"14-10-2014","421.55","413.20","423.35","413.00","37.16K","2.00%"
"13-10-2014","413.30","413.10","414.50","411.50","18.95K","-0.27%"
"10-10-2014","414.40","412.10","414.90","408.70","28.65K","0.35%"
"09-10-2014","412.95","412.50","415.50","411.50","21.83K","0.24%"
"08-10-2014","411.95","414.35","416.15","410.85","22.85K","-0.79%"
"07-10-2014","415.25","416.30","416.70","413.05","18.11K","-0.24%"
"06-10-2014","416.25","414.95","417.05","414.20","7.84K","0.68%"
"05-10-2014","413.45","413.45","413.45","413.45","","0.00%"
"03-10-2014","413.45","417.50","417.50","411.75","13.98K","-1.08%"
"01-10-2014","417.95","415.10","419.20","413.70","26.76K","0.47%"
"30-09-2014","416.00","419.80","420.50","415.50","18.91K","-0.93%"
"29-09-2014","419.90","416.50","422.00","414.25","21.31K","0.89%"
"27-09-2014","416.20","416.20","416.20","416.20","","-0.02%"
"26-09-2014","416.30","417.80","419.60","415.20","19.13K","-0.24%"
"25-09-2014","417.30","414.85","417.60","413.80","21.49K","0.37%"
"24-09-2014","415.75","414.65","417.90","412.20","26.38K","0.39%"
"23-09-2014","414.15","415.90","417.00","413.35","20.09K","-0.20%"
"22-09-2014","415.00","419.10","419.10","412.75","21.76K","-1.34%"
"19-09-2014","420.65","420.80","422.30","417.90","28.08K","0.02%"
"18-09-2014","420.55","427.05","427.95","420.30","26.50K","-1.75%"
"17-09-2014","428.05","429.60","429.85","426.70","18.07K","-0.62%"
"16-09-2014","430.70","422.75","434.90","421.35","35.12K","1.99%"
"15-09-2014","422.30","422.50","422.95","418.70","20.81K","-0.38%"
"13-09-2014","423.90","423.90","423.90","423.90","","-0.04%"
"12-09-2014","424.05","422.05","424.25","419.25","21.91K","0.65%"
"11-09-2014","421.30","423.70","424.10","417.70","30.48K","-0.74%"
"10-09-2014","424.45","423.00","425.70","421.80","21.35K","0.41%"
"09-09-2014","422.70","429.35","429.35","421.25","25.72K","-1.59%"
"08-09-2014","429.55","426.95","432.70","426.70","23.64K","0.51%"
"05-09-2014","427.35","427.45","428.70","424.40","17.41K","0.05%"
"04-09-2014","427.15","425.45","427.75","424.10","16.15K","0.61%"
"03-09-2014","424.55","428.90","429.80","423.35","23.49K","-0.96%"
"02-09-2014","428.65","428.25","431.65","428.10","20.96K","0.29%"
"01-09-2014","427.40","429.65","429.75","426.05","12.69K","-0.51%"
"30-08-2014","429.60","429.60","429.60","429.60","","2.80%"
"29-08-2014","417.90","419.05","420.40","417.70","7.36K","0.22%"
"28-08-2014","417.00","422.90","423.95","416.15","18.30K","-1.38%"
"27-08-2014","422.85","425.00","425.20","421.75","18.47K","-0.73%"
"26-08-2014","425.95","429.00","429.20","424.40","19.09K","-0.95%"
"25-08-2014","430.05","429.00","431.30","426.60","16.55K","0.60%"
"22-08-2014","427.50","425.95","428.40","425.95","19.40K","0.64%"
"21-08-2014","424.80","423.80","425.70","422.45","20.99K","-0.06%"
"20-08-2014","425.05","415.90","425.75","415.45","35.02K","2.45%"
"19-08-2014","414.90","417.60","419.25","414.45","17.91K","-0.71%"
"18-08-2014","417.85","417.00","420.30","416.30","20.22K","0.49%"
"14-08-2014","415.80","420.45","420.90","415.50","23.22K","-1.11%"
"13-08-2014","420.45","427.00","427.00","420.30","25.68K","-1.74%"
"12-08-2014","427.90","429.40","431.50","427.40","28.09K","-0.43%"
"11-08-2014","429.75","431.00","432.80","429.10","20.62K","-0.01%"
"10-08-2014","429.80","429.80","429.80","429.80","","-0.02%"
"08-08-2014","429.90","432.40","432.80","429.10","20.89K","-0.42%"
"07-08-2014","431.70","430.95","433.20","429.25","27.95K","0.42%"
"06-08-2014","429.90","433.25","435.10","429.60","29.39K","-0.73%"
"05-08-2014","433.05","438.10","438.10","432.45","24.75K","-1.33%"
"04-08-2014","438.90","434.70","439.40","433.60","27.81K","0.84%"
"01-08-2014","435.25","436.50","439.40","434.30","28.97K","-0.19%"
"31-07-2014","436.10","433.90","437.70","431.60","25.58K","0.31%"
"30-07-2014","434.75","429.55","435.15","427.70","22.37K","1.18%"
"29-07-2014","429.70","431.95","431.95","429.30","11.27K","-0.58%"
"28-07-2014","432.20","431.35","433.40","430.75","17.70K","0.05%"
"27-07-2014","432.00","432.00","432.00","432.00","","0.01%"
"25-07-2014","431.95","435.35","436.85","431.45","25.26K","-0.80%"
"24-07-2014","435.45","427.60","435.75","427.60","31.41K","1.94%"
"23-07-2014","427.15","428.10","429.45","426.00","20.56K","-0.42%"
"22-07-2014","428.95","429.20","432.60","428.00","22.61K","0.09%"
"21-07-2014","428.55","427.00","429.30","424.85","24.75K","0.59%"
"20-07-2014","426.05","426.05","426.05","426.05","","-0.02%"
"18-07-2014","426.15","432.00","432.00","424.75","23.39K","-1.31%"
"17-07-2014","431.80","429.35","432.10","427.85","27.33K","0.49%"
"16-07-2014","429.70","435.25","435.50","428.70","24.14K","-1.21%"
"15-07-2014","434.95","433.00","435.50","432.30","22.36K","0.23%"
"14-07-2014","433.95","436.00","437.05","433.50","19.52K","-0.58%"
"13-07-2014","436.50","436.50","436.50","436.50","","0.00%"
"12-07-2014","436.50","436.50","436.50","436.50","","-0.01%"
"11-07-2014","436.55","437.15","437.55","433.70","22.52K","-0.23%"
"10-07-2014","437.55","431.65","437.80","430.50","28.70K","1.43%"
"09-07-2014","431.40","434.00","435.80","431.10","25.32K","-0.70%"
"08-07-2014","434.45","434.10","438.15","432.75","25.43K","-0.13%"
"07-07-2014","435.00","433.60","435.60","431.35","24.21K","-0.02%"
"04-07-2014","435.10","434.55","435.90","433.50","14.95K","0.12%"
"03-07-2014","434.60","432.10","435.30","431.50","26.77K","0.43%"
"02-07-2014","432.75","427.25","433.30","425.30","33.77K","1.18%"
"01-07-2014","427.70","429.85","430.50","427.30","18.93K","1.27%"
"30-06-2014","422.35","418.35","423.15","417.10","13.56K","1.08%"
"27-06-2014","417.85","420.30","421.85","417.60","22.79K","-0.59%"
"26-06-2014","420.35","420.50","422.15","418.65","26.88K","0.04%"
"25-06-2014","420.20","418.25","420.80","415.30","32.05K","0.39%"
"24-06-2014","418.55","417.00","419.50","416.05","19.96K","0.10%"
"23-06-2014","418.15","417.00","420.30","417.00","25.73K","0.65%"
"20-06-2014","415.45","409.90","416.40","409.90","33.67K","1.59%"
"19-06-2014","408.95","406.15","409.80","404.20","27.48K","0.38%"
"18-06-2014","407.40","407.95","410.40","405.85","29.61K","-0.33%"
"17-06-2014","408.75","407.60","409.25","404.80","31.63K","0.70%"
"16-06-2014","405.90","402.00","407.20","402.00","26.84K","1.26%"
"13-06-2014","400.85","396.50","402.20","396.50","26.75K","1.28%"
"12-06-2014","395.80","401.00","401.05","394.60","29.03K","-0.96%"
"11-06-2014","399.65","401.25","403.30","398.45","28.17K","-0.30%"
"10-06-2014","400.85","399.60","401.15","397.10","28.76K","0.40%"
"09-06-2014","399.25","396.55","399.85","394.55","32.93K","0.11%"
"06-06-2014","398.80","404.00","404.55","396.30","45.04K","-1.43%"
"05-06-2014","404.60","406.30","408.20","403.25","32.95K","-0.46%"
"04-06-2014","406.45","411.60","411.60","405.65","37.08K","-1.53%"
"03-06-2014","412.75","415.00","415.50","411.70","24.79K","-0.77%"
"02-06-2014","415.95","411.70","416.85","411.70","23.47K","1.25%"
"30-05-2014","410.80","410.10","413.80","409.70","26.39K","-0.04%"
"29-05-2014","410.95","414.90","414.90","410.15","25.33K","-0.96%"
"28-05-2014","414.95","416.00","417.60","414.55","21.63K","-0.05%"
"27-05-2014","415.15","416.60","416.75","413.50","26.20K","-0.63%"
"26-05-2014","417.80","411.60","418.80","411.60","23.52K","1.69%"
"23-05-2014","410.85","408.50","412.00","408.30","26.55K","0.83%"
"22-05-2014","407.45","408.80","409.90","405.45","34.91K","-0.09%"
"21-05-2014","407.80","410.40","411.50","405.00","32.83K","-0.56%"
"20-05-2014","410.10","412.00","414.45","407.65","29.11K","-0.47%"
"19-05-2014","412.05","412.00","413.80","410.60","18.45K","0.45%"
"16-05-2014","410.20","414.05","414.65","409.30","28.60K","-1.33%"
"15-05-2014","415.75","417.10","418.90","415.20","26.04K","-0.55%"
"14-05-2014","418.05","415.50","420.05","415.50","17.75K","0.82%"
"13-05-2014","414.65","417.50","420.15","414.30","26.97K","-0.75%"
"12-05-2014","417.80","411.90","420.10","411.90","31.85K","1.48%"
"09-05-2014","411.70","409.65","412.45","408.20","26.09K","0.56%"
"08-05-2014","409.40","406.40","410.00","405.15","26.13K","1.00%"
"07-05-2014","405.35","410.00","410.15","404.40","28.40K","-0.86%"
"06-05-2014","408.85","410.50","411.30","408.60","19.38K","-0.24%"
"05-05-2014","409.85","410.70","412.65","409.60","17.87K","-0.41%"
"02-05-2014","411.55","406.00","413.65","405.55","29.05K","1.13%"
"01-05-2014","406.95","407.90","408.50","405.60","13.09K","0.98%"
"30-04-2014","403.00","410.40","410.70","402.35","27.88K","-1.59%"
"29-04-2014","409.50","416.60","416.60","409.20","26.02K","-1.54%"
"28-04-2014","415.90","419.75","420.95","415.50","23.52K","-0.56%"
"27-04-2014","418.25","418.25","418.25","418.25","","0.00%"
"25-04-2014","418.25","414.30","422.75","414.30","33.61K","1.12%"
"23-04-2014","413.60","410.00","413.95","409.05","36.09K","0.63%"
"22-04-2014","411.00","407.00","411.30","405.90","29.01K","0.71%"
"21-04-2014","408.10","407.45","408.65","405.60","17.77K","0.17%"
"17-04-2014","407.40","405.50","407.80","403.75","23.14K","0.67%"
"16-04-2014","404.70","399.75","408.80","397.85","43.61K","1.19%"
"15-04-2014","399.95","406.20","406.20","396.20","41.86K","-1.68%"
"14-04-2014","406.80","407.60","409.60","406.40","10.45K","-0.05%"
"11-04-2014","407.00","406.20","411.70","405.10","45.00K","0.14%"
"10-04-2014","406.45","403.70","406.90","403.00","28.88K","0.56%"
"09-04-2014","404.20","406.40","406.95","401.30","32.76K","-0.63%"
"08-04-2014","406.75","407.40","407.40","403.90","15.00K","-0.21%"
"07-04-2014","407.60","400.10","408.15","399.25","37.46K","1.67%"
"05-04-2014","400.90","400.90","400.90","400.90","","-0.05%"
"04-04-2014","401.10","406.95","408.85","400.65","37.08K","-1.18%"
"03-04-2014","405.90","404.20","406.70","402.50","29.10K","0.30%"
"02-04-2014","404.70","404.20","408.85","403.80","36.01K","0.24%"
"01-04-2014","403.75","403.50","404.65","402.30","22.03K","-0.10%"
"31-03-2014","404.15","404.70","405.45","402.95","29.72K","-0.11%"
"28-03-2014","404.60","401.50","405.15","401.10","29.73K","0.83%"
"27-03-2014","401.25","397.90","402.75","397.00","36.08K","1.05%"
"26-03-2014","397.10","403.00","404.20","395.50","44.13K","-1.45%"
"25-03-2014","402.95","399.00","405.20","399.00","43.21K","1.14%"
"24-03-2014","398.40","399.20","401.60","396.00","42.32K","-0.47%"
"21-03-2014","400.30","399.05","405.45","398.10","48.87K","0.02%"
"20-03-2014","400.20","405.90","405.90","397.35","56.31K","-1.55%"
"19-03-2014","406.50","401.95","407.70","391.80","89.14K","1.11%"
"18-03-2014","402.05","403.00","405.65","400.85","37.06K","0.06%"
"17-03-2014","401.80","404.10","406.60","401.40","15.54K","-0.42%"
"14-03-2014","403.50","400.50","404.95","399.80","38.72K","0.98%"
"13-03-2014","399.60","402.10","404.40","399.15","49.15K","-0.77%"
"12-03-2014","402.70","401.90","406.35","397.35","66.81K","0.00%"
"11-03-2014","402.70","413.00","414.90","400.30","57.03K","-2.72%"
"10-03-2014","413.95","421.40","421.40","410.25","45.81K","-1.77%"
"07-03-2014","421.40","436.05","437.15","421.05","53.87K","-3.48%"
"06-03-2014","436.60","438.20","438.90","435.60","22.29K","-0.52%"
"05-03-2014","438.90","444.00","446.00","438.50","23.17K","-1.07%"
"04-03-2014","443.65","439.50","444.45","438.15","24.15K","0.89%"
"03-03-2014","439.75","439.10","440.25","436.80","18.60K","-0.72%"
"28-02-2014","442.95","444.00","445.15","440.90","16.53K","-0.03%"
"27-02-2014","443.10","445.00","446.45","442.55","7.45K","-0.34%"
"26-02-2014","444.60","444.70","448.50","444.00","24.90K","0.01%"
"25-02-2014","444.55","446.10","447.55","442.15","18.39K","-0.41%"
"24-02-2014","446.40","449.10","449.10","442.40","23.63K","-0.82%"
"21-02-2014","450.10","449.25","450.65","448.00","13.89K","0.08%"
"20-02-2014","449.75","451.00","451.00","447.80","19.11K","-0.37%"
"19-02-2014","451.40","451.40","453.20","450.05","19.32K","0.04%"
"18-02-2014","451.20","448.55","451.50","446.80","20.37K","0.80%"
"17-02-2014","447.60","447.00","450.65","447.00","18.77K","0.40%"
"14-02-2014","445.80","446.95","447.50","444.75","17.34K","-0.11%"
"13-02-2014","446.30","445.50","447.45","443.60","19.27K","0.10%"
"12-02-2014","445.85","442.50","446.25","442.50","22.83K","0.89%"
"11-02-2014","441.90","443.75","444.25","441.25","21.18K","-0.58%"
"10-02-2014","444.50","445.95","447.85","443.75","16.85K","-0.04%"
"07-02-2014","444.70","445.75","448.00","444.35","17.36K","0.10%"
"06-02-2014","444.25","442.65","446.90","442.05","25.33K","0.65%"
"05-02-2014","441.40","442.65","444.95","441.20","23.13K","0.06%"
"04-02-2014","441.15","443.35","444.85","440.70","21.97K","-0.56%"
"03-02-2014","443.65","444.40","446.00","442.80","19.20K","-0.29%"
"31-01-2014","444.95","446.15","448.50","444.20","23.02K","-0.47%"
"30-01-2014","447.05","451.25","453.85","446.35","30.85K","-1.28%"
"29-01-2014","452.85","452.15","454.20","449.45","26.17K","-0.03%"
"28-01-2014","453.00","459.00","459.00","452.50","26.16K","-1.43%"
"27-01-2014","459.55","455.70","460.75","454.65","25.46K","0.89%"
"24-01-2014","455.50","454.50","458.15","452.70","27.35K","0.37%"
"23-01-2014","453.80","457.20","458.40","451.90","32.08K","-0.91%"
"22-01-2014","457.95","460.55","461.55","456.70","21.65K","-0.72%"
"21-01-2014","461.25","456.05","462.00","454.55","26.59K","1.05%"
"20-01-2014","456.45","458.60","459.20","456.00","15.79K","-0.48%"
"17-01-2014","458.65","455.80","459.75","454.15","24.76K","0.46%"
"16-01-2014","456.55","459.95","460.75","454.65","28.23K","-0.72%"
"15-01-2014","459.85","454.90","460.25","452.30","26.79K","0.94%"
"14-01-2014","455.55","456.95","458.35","454.00","13.86K","-0.40%"
"13-01-2014","457.40","458.25","458.80","453.30","23.70K","-0.01%"
"10-01-2014","457.45","455.00","459.00","453.60","27.19K","0.40%"
"09-01-2014","455.65","463.70","464.05","454.50","30.48K","-1.60%"
"08-01-2014","463.05","466.00","467.40","462.60","23.21K","-0.49%"
"07-01-2014","465.35","467.15","467.90","464.20","20.57K","-0.36%"
"06-01-2014","467.05","467.60","467.60","462.90","21.91K","0.32%"
"04-01-2014","465.55","465.55","465.55","465.55","","0.00%"
"03-01-2014","465.55","469.00","469.00","464.70","23.95K","-0.88%"
"02-01-2014","469.70","470.45","474.40","468.65","29.16K","0.23%"
"01-01-2014","468.60","469.25","471.60","468.30","4.71K","0.01%"