"Date","Price","Open","High","Low","Vol.","Change %"
"30-08-2024","71,864","71,900","71,909","71,856","0.45K","-0.45%"
"29-08-2024","72,188","71,880","72,249","71,700","7.88K","0.62%"
"28-08-2024","71,743","71,980","72,075","71,514","6.19K","-0.53%"
"27-08-2024","72,122","71,898","72,160","71,740","5.06K","0.12%"
"26-08-2024","72,039","71,852","72,251","71,755","5.34K","0.37%"
"23-08-2024","71,777","71,474","71,940","71,302","7.32K","0.82%"
"22-08-2024","71,194","71,670","71,884","70,894","8.50K","-0.89%"
"21-08-2024","71,830","71,857","72,099","71,470","5.84K","0.07%"
"20-08-2024","71,777","71,530","72,272","71,403","8.32K","0.27%"
"19-08-2024","71,584","71,458","71,720","71,181","6.07K","0.29%"
"16-08-2024","71,375","70,303","71,475","70,279","9.58K","1.77%"
"14-08-2024","70,136","70,579","71,020","70,035","7.52K","-0.80%"
"13-08-2024","70,699","70,630","70,920","70,538","5.09K","-0.06%"
"12-08-2024","70,738","69,719","70,779","69,714","6.44K","1.21%"
"09-08-2024","69,895","69,470","69,995","69,470","4.93K","0.27%"
"08-08-2024","69,704","68,896","69,750","68,810","5.62K","1.07%"
"07-08-2024","68,965","69,440","69,440","68,740","4.65K","0.00%"
"06-08-2024","68,965","69,437","69,470","68,703","7.68K","-1.80%"
"05-08-2024","70,230","70,082","71,499","69,565","0.01K","-0.04%"
"02-08-2024","70,255","70,200","70,420","69,445","0.03K","0.86%"
"01-08-2024","69,654","69,624","69,940","69,282","0.15K","0.93%"
"31-07-2024","69,012","69,117","69,460","68,950","0.23K","0.59%"
"30-07-2024","68,610","68,273","68,699","67,945","2.33K","0.50%"
"29-07-2024","68,268","68,426","68,670","68,040","6.04K","0.12%"
"26-07-2024","68,186","67,990","68,340","67,666","6.22K","1.07%"
"25-07-2024","67,462","68,015","68,105","67,400","10.42K","-2.16%"
"24-07-2024","68,952","68,790","69,299","68,652","7.62K","0.65%"
"23-07-2024","68,510","72,838","72,850","68,456","27.81K","-5.79%"
"22-07-2024","72,718","73,161","73,185","72,501","7.00K","-0.37%"
"19-07-2024","72,990","73,810","73,866","72,930","8.51K","-1.57%"
"18-07-2024","74,155","74,364","74,538","74,050","4.56K","0.02%"
"17-07-2024","74,137","74,259","74,731","74,068","4.11K","-0.18%"
"16-07-2024","74,273","73,657","74,309","73,531","7.43K","1.09%"
"15-07-2024","73,471","73,105","73,737","73,035","4.56K","0.28%"
"12-07-2024","73,269","73,204","73,292","72,919","4.86K","-0.06%"
"11-07-2024","73,311","72,815","73,333","72,730","7.49K","0.88%"
"10-07-2024","72,668","72,530","72,972","72,500","4.80K","0.37%"
"09-07-2024","72,398","72,578","72,634","72,111","4.75K","0.09%"
"08-07-2024","72,333","73,038","73,068","72,130","5.34K","-0.98%"
"05-07-2024","73,051","72,412","73,149","72,205","6.45K","0.95%"
"04-07-2024","72,367","72,412","72,485","72,237","3.10K","-0.05%"
"03-07-2024","72,403","71,713","72,573","71,685","7.32K","1.19%"
"02-07-2024","71,554","71,684","71,840","71,432","5.30K","-0.14%"
"01-07-2024","71,654","71,606","71,875","71,375","5.20K","0.10%"
"28-06-2024","71,582","71,422","71,850","71,402","4.84K","0.01%"
"27-06-2024","71,572","70,992","71,695","70,870","5.69K","0.68%"
"26-06-2024","71,089","71,518","71,522","70,882","6.28K","-0.53%"
"25-06-2024","71,467","71,712","71,917","71,366","5.52K","-0.45%"
"24-06-2024","71,791","71,716","71,860","71,531","3.48K","0.29%"
"21-06-2024","71,584","72,677","72,867","71,540","9.10K","-1.38%"
"20-06-2024","72,586","71,880","72,850","71,806","7.63K","1.19%"
"19-06-2024","71,732","71,740","71,886","71,610","2.60K","-0.01%"
"18-06-2024","71,739","71,575","71,773","71,175","6.29K","0.40%"
"17-06-2024","71,450","71,672","71,783","71,325","3.09K","-0.72%"
"14-06-2024","71,965","71,263","72,035","71,158","6.70K","1.16%"
"13-06-2024","71,138","71,475","71,750","70,976","8.14K","-1.16%"
"12-06-2024","71,970","71,523","72,172","71,421","6.52K","0.67%"
"11-06-2024","71,490","71,251","71,709","71,004","4.26K","0.07%"
"10-06-2024","71,438","71,149","71,490","70,751","5.73K","0.12%"
"07-06-2024","71,353","73,237","73,516","71,172","13.00K","-2.43%"
"06-06-2024","73,131","72,879","73,308","72,638","4.98K","1.45%"
"05-06-2024","72,088","72,139","72,522","71,500","0.02K","0.42%"
"04-06-2024","71,788","72,144","72,372","71,617","0.02K","0.08%"
"03-06-2024","71,730","71,501","72,099","71,178","0.06K","-0.22%"
"31-05-2024","71,886","71,848","72,449","71,761","0.16K","-0.01%"
"30-05-2024","71,896","72,132","72,184","71,634","1.53K","-0.41%"
"29-05-2024","72,193","72,155","72,438","71,931","4.33K","0.02%"
"28-05-2024","72,180","71,993","72,375","71,762","3.58K","0.24%"
"27-05-2024","72,009","71,595","72,126","71,456","5.46K","1.06%"
"24-05-2024","71,256","71,468","71,685","71,211","5.07K","-0.45%"
"23-05-2024","71,577","72,681","72,681","71,500","8.07K","-2.01%"
"22-05-2024","73,046","74,026","74,026","72,976","6.85K","-1.32%"
"21-05-2024","74,021","73,790","74,325","73,701","7.10K","-0.47%"
"20-05-2024","74,367","73,900","74,442","73,607","4.59K","0.89%"
"17-05-2024","73,711","72,907","73,782","72,833","7.06K","1.00%"
"16-05-2024","72,980","73,128","73,268","72,734","4.62K","-0.17%"
"15-05-2024","73,102","72,336","73,145","72,234","10.05K","1.11%"
"14-05-2024","72,297","71,936","72,336","71,832","5.70K","0.62%"
"13-05-2024","71,855","72,363","72,414","71,750","7.31K","-1.20%"
"10-05-2024","72,727","71,730","72,888","71,730","8.55K","1.52%"
"09-05-2024","71,639","71,050","71,708","70,877","9.50K","0.72%"
"08-05-2024","71,127","71,163","71,315","70,901","6.42K","-0.03%"
"07-05-2024","71,148","71,280","71,398","70,927","5.64K","-0.31%"
"06-05-2024","71,369","70,849","71,520","70,849","7.08K","0.99%"
"03-05-2024","70,668","70,678","71,129","70,082","9.79K","-0.10%"
"02-05-2024","70,736","71,278","71,278","70,301","8.87K","0.02%"
"01-05-2024","70,725","70,452","70,921","70,384","5.39K","0.44%"
"30-04-2024","70,415","71,300","71,347","70,380","8.69K","-1.66%"
"29-04-2024","71,602","71,230","71,698","71,147","5.94K","0.14%"
"26-04-2024","71,500","71,212","71,750","71,212","6.83K","0.40%"
"25-04-2024","71,214","70,778","71,580","70,631","7.56K","0.23%"
"24-04-2024","71,050","70,987","71,369","70,730","5.69K","0.03%"
"23-04-2024","71,029","71,125","71,210","70,202","10.52K","-0.24%"
"22-04-2024","71,197","72,127","72,295","71,160","9.74K","-2.21%"
"19-04-2024","72,806","72,718","72,955","72,309","9.24K","0.17%"
"18-04-2024","72,683","72,498","72,880","72,353","7.84K","0.22%"
"17-04-2024","72,523","73,299","73,299","72,380","6.15K","-0.69%"
"16-04-2024","73,029","72,829","73,315","72,290","9.18K","1.04%"
"15-04-2024","72,277","72,030","72,366","71,200","10.53K","0.60%"
"12-04-2024","71,843","71,999","73,958","71,704","14.10K","0.28%"
"11-04-2024","71,644","71,273","71,682","71,081","2.85K","0.54%"
"10-04-2024","71,258","71,438","71,709","70,819","9.85K","-0.11%"
"09-04-2024","71,340","71,026","71,739","70,988","6.75K","0.60%"
"08-04-2024","70,912","70,999","71,080","70,443","5.94K","1.03%"
"05-04-2024","70,189","69,840","70,899","69,649","0.02K","0.22%"
"04-04-2024","70,037","70,100","70,275","69,750","0.10K","0.37%"
"03-04-2024","69,778","69,475","69,999","69,182","0.14K","1.15%"
"02-04-2024","68,983","68,700","69,180","68,545","0.08K","1.02%"
"01-04-2024","68,289","68,699","69,487","68,021","0.69K","0.90%"
"28-03-2024","67,677","66,497","67,850","66,428","6.59K","1.97%"
"27-03-2024","66,367","66,198","66,499","66,018","4.70K","0.38%"
"26-03-2024","66,114","65,949","66,439","65,880","5.98K","0.14%"
"25-03-2024","66,022","65,858","66,242","65,858","2.27K","0.25%"
"22-03-2024","65,858","66,057","66,301","65,810","6.61K","-0.50%"
"21-03-2024","66,189","66,100","66,943","65,852","8.74K","0.67%"
"20-03-2024","65,750","65,599","65,856","65,540","4.79K","0.25%"
"19-03-2024","65,583","65,609","65,719","65,375","4.34K","-0.04%"
"18-03-2024","65,608","65,348","65,700","65,180","4.00K","0.10%"
"15-03-2024","65,542","65,659","65,897","65,510","5.14K","-0.08%"
"14-03-2024","65,595","65,800","65,843","65,434","3.78K","-0.46%"
"13-03-2024","65,897","65,520","66,030","65,450","4.04K","0.64%"
"12-03-2024","65,481","65,932","66,044","65,382","7.25K","-0.84%"
"11-03-2024","66,035","66,023","66,182","65,900","3.77K","0.02%"
"08-03-2024","66,023","65,599","66,356","65,416","6.29K","0.94%"
"07-03-2024","65,406","65,205","65,587","65,180","5.99K","0.35%"
"06-03-2024","65,178","64,702","65,250","64,679","5.46K","0.51%"
"05-03-2024","64,845","64,331","65,140","64,331","7.94K","0.59%"
"04-03-2024","64,462","63,401","64,575","63,401","7.55K","1.41%"
"01-03-2024","63,563","62,567","63,611","62,403","9.44K","1.59%"
"29-02-2024","62,567","62,270","62,688","62,118","4.86K","0.51%"
"28-02-2024","62,249","62,215","62,360","62,077","3.09K","-0.08%"
"27-02-2024","62,301","62,200","62,385","62,180","3.23K","0.24%"
"26-02-2024","62,149","62,327","62,340","62,050","2.87K","-0.31%"
"23-02-2024","62,345","62,108","62,388","61,877","4.83K","0.59%"
"22-02-2024","61,977","62,155","62,308","61,951","3.22K","-0.21%"
"21-02-2024","62,108","62,211","62,279","62,052","2.00K","-0.09%"
"20-02-2024","62,167","62,007","62,258","61,931","3.25K","0.26%"
"19-02-2024","62,004","61,970","62,107","61,903","2.12K","0.20%"
"16-02-2024","61,878","61,651","61,904","61,451","3.97K","0.42%"
"15-02-2024","61,622","61,407","61,745","61,284","3.88K","0.29%"
"14-02-2024","61,443","61,393","61,478","61,190","3.33K","-0.10%"
"13-02-2024","61,504","62,173","62,399","61,400","6.87K","-0.92%"
"12-02-2024","62,078","62,240","62,328","61,926","3.68K","-0.35%"
"09-02-2024","62,294","62,464","62,544","62,170","3.27K","-0.24%"
"08-02-2024","62,443","62,436","62,557","62,182","4.72K","-0.13%"
"07-02-2024","62,524","62,515","62,730","62,401","3.52K","-0.08%"
"06-02-2024","62,574","62,261","62,625","62,220","3.42K","-1.21%"
"05-02-2024","63,338","62,836","65,040","62,501","0.07K","0.30%"
"02-02-2024","63,150","63,624","63,624","62,800","0.07K","-0.81%"
"01-02-2024","63,665","62,880","63,979","62,660","0.11K","1.12%"
"31-01-2024","62,958","62,573","63,039","62,560","0.26K","0.52%"
"30-01-2024","62,632","62,174","62,835","62,174","1.56K","0.72%"
"29-01-2024","62,186","62,080","62,299","62,041","4.56K","0.36%"
"25-01-2024","61,964","61,932","62,143","61,840","4.04K","-0.03%"
"24-01-2024","61,985","61,994","62,259","61,850","5.22K","0.03%"
"23-01-2024","61,968","61,904","62,224","61,811","4.63K","0.16%"
"22-01-2024","61,868","61,880","62,049","61,752","1.80K","-0.22%"
"19-01-2024","62,004","61,876","62,254","61,840","4.48K","0.38%"
"18-01-2024","61,769","61,539","61,800","61,482","4.43K","0.43%"
"17-01-2024","61,505","62,054","62,090","61,454","7.36K","-0.82%"
"16-01-2024","62,015","62,461","62,521","61,977","6.15K","-0.87%"
"15-01-2024","62,559","62,502","62,646","62,451","3.28K","0.32%"
"12-01-2024","62,362","61,925","62,690","61,925","7.92K","0.93%"
"11-01-2024","61,788","62,146","62,477","61,731","6.55K","-0.34%"
"10-01-2024","61,996","62,230","62,399","61,966","4.23K","-0.29%"
"09-01-2024","62,179","62,149","62,490","62,114","5.08K","0.14%"
"08-01-2024","62,095","62,511","62,511","61,925","6.64K","-0.74%"
"05-01-2024","62,557","62,631","63,079","62,160","8.02K","-0.13%"
"04-01-2024","62,640","62,724","62,820","62,476","4.32K","0.21%"
"03-01-2024","62,507","63,258","63,345","62,418","8.52K","-1.19%"
"02-01-2024","63,257","63,329","63,653","63,106","5.14K","-0.10%"
"01-01-2024","63,320","63,225","63,379","63,181","0.66K","0.19%"
"29-12-2023","63,203","63,246","63,385","63,051","4.28K","-0.29%"
"28-12-2023","63,389","63,728","63,821","63,333","4.00K","-0.45%"
"27-12-2023","63,678","63,198","63,710","63,179","5.30K","1.04%"
"26-12-2023","63,025","63,149","63,198","62,903","3.02K","0.11%"
"22-12-2023","62,954","62,784","63,277","62,687","7.00K","0.72%"
"21-12-2023","62,503","62,412","62,680","62,369","3.85K","0.14%"
"20-12-2023","62,415","62,533","62,610","62,309","4.29K","-0.10%"
"19-12-2023","62,476","62,100","62,670","62,069","4.32K","0.30%"
"18-12-2023","62,291","62,193","62,368","61,950","4.01K","0.16%"
"15-12-2023","62,192","62,550","62,597","62,055","5.13K","-0.42%"
"14-12-2023","62,454","61,391","62,880","61,391","9.27K","2.05%"
"13-12-2023","61,199","61,196","61,340","61,001","4.19K","0.03%"
"12-12-2023","61,181","61,236","61,583","61,108","5.22K","0.10%"
"11-12-2023","61,117","61,800","61,860","61,099","5.74K","-0.98%"
"08-12-2023","61,719","62,525","62,579","61,625","7.37K","-1.20%"
"07-12-2023","62,466","62,414","62,736","62,222","4.50K","0.04%"
"06-12-2023","62,440","62,250","62,567","62,201","4.51K","-0.26%"
"05-12-2023","62,600","62,900","64,460","62,375","0.02K","0.00%"
"04-12-2023","62,599","63,550","63,881","62,171","0.04K","-0.81%"
"01-12-2023","63,112","62,512","63,356","62,464","0.04K","0.88%"
"30-11-2023","62,559","62,594","62,649","62,420","0.09K","-0.07%"
"29-11-2023","62,605","62,602","62,675","62,300","1.41K","0.35%"
"28-11-2023","62,385","61,619","62,423","61,485","4.61K","1.37%"
"27-11-2023","61,540","61,597","61,691","61,451","2.69K","0.29%"
"24-11-2023","61,364","61,072","61,390","61,056","3.57K","0.48%"
"23-11-2023","61,072","61,074","61,184","61,009","3.11K","0.08%"
"22-11-2023","61,024","61,159","61,366","60,939","4.50K","-0.33%"
"21-11-2023","61,225","60,805","61,360","60,805","6.29K","0.94%"
"20-11-2023","60,657","60,719","60,774","60,356","4.46K","-0.09%"
"17-11-2023","60,713","60,686","61,000","60,633","4.10K","-0.01%"
"16-11-2023","60,722","60,148","61,914","60,110","7.35K","1.02%"
"15-11-2023","60,111","60,166","60,444","60,015","4.95K","0.08%"
"14-11-2023","60,065","59,795","60,329","59,736","3.50K","0.37%"
"13-11-2023","59,842","59,699","59,920","59,490","4.22K","0.11%"
"12-11-2023","59,775","59,551","59,779","59,551","0.58K","0.19%"
"10-11-2023","59,659","60,233","60,269","59,638","6.18K","-1.03%"
"09-11-2023","60,282","59,903","60,351","59,760","6.30K","0.45%"
"08-11-2023","60,009","60,396","60,448","59,950","4.15K","-0.56%"
"07-11-2023","60,347","60,596","60,603","60,151","6.50K","-0.70%"
"06-11-2023","60,770","60,847","60,975","60,732","3.60K","-0.41%"
"03-11-2023","61,020","60,911","61,330","60,889","6.61K","0.18%"
"02-11-2023","60,911","60,890","61,042","60,750","3.23K","0.21%"
"01-11-2023","60,785","60,820","61,164","60,661","5.38K","-0.25%"
"31-10-2023","60,940","61,117","61,539","60,905","7.11K","-0.55%"
"30-10-2023","61,280","61,396","61,396","61,110","6.40K","0.20%"
"27-10-2023","61,156","60,915","61,268","60,693","6.35K","0.33%"
"26-10-2023","60,952","60,824","61,070","60,585","6.51K","0.21%"
"25-10-2023","60,826","60,478","60,911","60,277","7.20K","0.48%"
"24-10-2023","60,537","60,184","60,574","60,125","3.46K","-0.10%"
"23-10-2023","60,599","60,400","60,801","60,400","4.93K","-0.23%"
"20-10-2023","60,736","60,401","61,124","60,313","9.86K","0.69%"
"19-10-2023","60,318","59,720","60,375","59,720","7.26K","0.41%"
"18-10-2023","60,073","59,500","60,259","59,480","9.22K","1.44%"
"17-10-2023","59,218","59,166","59,478","59,000","5.97K","-0.32%"
"16-10-2023","59,408","59,209","59,280","58,880","4.80K","0.00%"
"13-10-2023","59,408","57,970","59,439","57,931","11.42K","2.57%"
"12-10-2023","57,918","58,045","58,235","57,881","5.26K","-0.04%"
"11-10-2023","57,940","57,619","58,073","57,600","5.16K","0.54%"
"10-10-2023","57,629","57,689","57,744","57,501","5.09K","0.10%"
"09-10-2023","57,572","57,000","57,606","57,000","5.34K","1.23%"
"06-10-2023","56,871","56,735","56,910","56,421","6.04K","1.27%"
"05-10-2023","56,158","56,200","56,213","56,075","0.01K","-0.33%"
"04-10-2023","56,343","56,237","56,631","56,225","0.02K","0.11%"
"03-10-2023","56,279","56,209","56,539","56,150","0.02K","-1.45%"
"29-09-2023","57,105","57,382","57,607","57,096","0.59K","-0.04%"
"28-09-2023","57,128","57,631","57,647","57,026","2.21K","-0.94%"
"27-09-2023","57,672","58,450","58,450","57,622","7.06K","-1.30%"
"26-09-2023","58,432","58,616","58,749","58,404","5.34K","-0.46%"
"25-09-2023","58,701","58,884","58,996","58,676","5.16K","-0.42%"
"22-09-2023","58,946","58,730","58,986","58,729","3.45K","0.21%"
"21-09-2023","58,822","59,315","59,315","58,685","6.11K","-0.98%"
"20-09-2023","59,405","59,222","59,443","59,109","4.72K","0.21%"
"19-09-2023","59,282","59,240","59,388","59,240","1.28K","0.04%"
"18-09-2023","59,259","58,913","59,275","58,913","3.44K","0.45%"
"15-09-2023","58,993","58,674","59,148","58,673","5.47K","0.69%"
"14-09-2023","58,588","58,550","58,620","58,354","3.90K","-0.01%"
"13-09-2023","58,593","58,550","58,695","58,523","3.29K","-0.06%"
"12-09-2023","58,626","58,995","58,995","58,520","4.28K","-0.52%"
"11-09-2023","58,930","58,930","59,100","58,888","3.33K","0.05%"
"08-09-2023","58,898","59,146","59,205","58,864","3.55K","-0.17%"
"07-09-2023","58,998","59,043","59,128","58,970","2.70K","-0.15%"
"06-09-2023","59,088","59,165","59,300","59,010","3.00K","-0.26%"
"05-09-2023","59,243","59,347","59,460","59,207","2.74K","-0.25%"
"04-09-2023","59,393","59,570","59,574","59,330","3.13K","0.00%"
"01-09-2023","59,395","59,296","59,665","59,271","5.46K","0.04%"
"31-08-2023","59,374","59,490","59,563","59,351","3.31K","-0.17%"
"30-08-2023","59,478","59,282","59,550","59,282","3.33K","0.36%"
"29-08-2023","59,266","58,949","59,289","58,843","4.64K","0.64%"
"28-08-2023","58,887","58,685","59,000","58,671","3.32K","0.42%"
"25-08-2023","58,640","58,743","58,875","58,492","4.38K","-0.29%"
"24-08-2023","58,811","58,800","58,895","58,662","2.96K","-0.01%"
"23-08-2023","58,819","58,600","58,848","58,506","4.19K","0.42%"
"22-08-2023","58,574","58,526","58,674","58,361","4.11K","0.14%"
"21-08-2023","58,490","58,420","58,640","58,281","4.86K","0.20%"
"18-08-2023","58,375","58,370","58,580","58,340","2.99K","0.15%"
"17-08-2023","58,290","58,453","58,689","58,275","5.19K","-0.67%"
"16-08-2023","58,681","58,831","58,903","58,665","3.56K","-0.50%"
"14-08-2023","58,974","58,904","59,019","58,810","2.97K","0.12%"
"11-08-2023","58,906","58,800","59,030","58,740","3.06K","0.09%"
"10-08-2023","58,853","59,130","59,146","58,725","4.23K","-0.20%"
"09-08-2023","58,973","59,321","59,361","58,952","4.40K","-0.46%"
"08-08-2023","59,248","59,390","59,474","59,178","5.02K","-0.29%"
"07-08-2023","59,420","59,550","59,567","59,313","4.89K","0.38%"
"04-08-2023","59,197","59,100","59,399","58,951","0.01K","0.09%"
"03-08-2023","59,146","59,843","59,855","58,851","0.04K","0.03%"
"02-08-2023","59,127","59,182","59,499","59,100","0.05K","0.32%"
"01-08-2023","58,939","59,426","59,524","58,855","0.08K","-1.06%"
"31-07-2023","59,568","59,390","59,650","59,176","0.91K","0.24%"
"28-07-2023","59,427","59,091","59,455","58,987","3.60K","0.81%"
"27-07-2023","58,950","59,610","59,680","58,740","5.65K","-0.86%"
"26-07-2023","59,461","59,214","59,575","59,190","4.43K","0.46%"
"25-07-2023","59,189","59,041","59,265","58,950","4.78K","0.19%"
"24-07-2023","59,076","59,241","59,320","59,055","5.20K","-0.39%"
"21-07-2023","59,309","59,543","59,587","59,176","4.66K","-0.41%"
"20-07-2023","59,552","59,945","59,984","59,459","5.94K","-0.40%"
"19-07-2023","59,790","59,765","59,878","59,587","4.55K","0.05%"
"18-07-2023","59,763","59,215","59,910","59,215","7.13K","1.06%"
"17-07-2023","59,135","59,147","59,269","58,939","4.61K","-0.31%"
"14-07-2023","59,316","59,264","59,379","59,141","4.51K","0.13%"
"13-07-2023","59,239","59,230","59,375","59,122","4.60K","0.09%"
"12-07-2023","59,188","58,900","59,248","58,720","6.73K","0.71%"
"11-07-2023","58,773","58,661","58,909","58,600","5.07K","0.14%"
"10-07-2023","58,689","58,739","58,739","58,403","4.10K","-0.16%"
"07-07-2023","58,782","58,374","58,949","58,331","6.15K","0.65%"
"06-07-2023","58,401","58,638","58,650","58,120","7.09K","-0.12%"
"05-07-2023","58,473","58,410","58,779","58,366","5.05K","0.11%"
"04-07-2023","58,409","58,275","58,545","58,265","3.84K","0.23%"
"03-07-2023","58,277","58,154","58,480","57,971","5.91K","0.11%"
"30-06-2023","58,211","57,980","58,305","57,792","5.78K","0.34%"
"29-06-2023","58,014","58,000","58,140","57,651","4.16K","-0.11%"
"28-06-2023","58,078","58,176","58,198","57,880","4.73K","-0.05%"
"27-06-2023","58,107","58,493","58,549","58,069","5.63K","-0.52%"
"26-06-2023","58,412","58,429","58,670","58,352","4.35K","0.18%"
"23-06-2023","58,307","58,136","58,740","58,096","6.15K","0.19%"
"22-06-2023","58,196","58,613","58,663","58,150","5.56K","-0.88%"
"21-06-2023","58,714","58,824","58,865","58,375","4.93K","-0.16%"
"20-06-2023","58,809","59,222","59,392","58,663","6.17K","-0.59%"
"19-06-2023","59,157","59,272","59,370","59,115","2.83K","-0.33%"
"16-06-2023","59,354","59,340","59,555","59,234","4.93K","0.00%"
"15-06-2023","59,355","59,210","59,385","58,661","9.14K","0.10%"
"14-06-2023","59,298","59,301","59,465","59,148","4.74K","0.14%"
"13-06-2023","59,218","59,755","59,885","59,184","6.99K","-0.71%"
"12-06-2023","59,641","59,713","59,920","59,505","4.69K","-0.30%"
"09-06-2023","59,821","59,934","60,116","59,727","4.05K","-0.12%"
"08-06-2023","59,891","59,528","60,048","59,425","6.93K","0.65%"
"07-06-2023","59,503","59,977","60,098","59,401","8.48K","-0.80%"
"06-06-2023","59,985","59,869","60,074","59,766","4.45K","0.83%"
"05-06-2023","59,493","59,500","59,549","59,419","0.01K","-0.47%"
"02-06-2023","59,773","60,275","60,350","59,650","0.05K","-0.24%"
"01-06-2023","59,919","60,057","60,271","59,700","0.02K","-0.41%"
"31-05-2023","60,163","59,946","60,350","59,840","0.15K","0.36%"
"30-05-2023","59,946","59,401","60,064","59,225","1.19K","0.89%"
"29-05-2023","59,419","59,406","59,631","59,260","4.78K","0.11%"
"26-05-2023","59,353","59,542","59,660","59,225","5.02K","-0.18%"
"25-05-2023","59,460","59,700","59,955","59,363","8.44K","-0.67%"
"24-05-2023","59,860","60,196","60,389","59,725","7.56K","-0.56%"
"23-05-2023","60,197","60,000","60,245","59,739","8.76K","-0.07%"
"22-05-2023","60,241","60,245","60,430","60,111","5.59K","-0.23%"
"19-05-2023","60,379","59,766","60,490","59,721","8.23K","1.10%"
"18-05-2023","59,723","60,100","60,153","59,540","8.39K","-0.70%"
"17-05-2023","60,145","60,333","60,445","59,960","5.63K","-0.16%"
"16-05-2023","60,244","61,498","61,498","60,190","7.99K","-1.28%"
"15-05-2023","61,027","60,910","61,138","60,820","4.38K","0.23%"
"12-05-2023","60,887","60,795","61,080","60,525","6.36K","-0.01%"
"11-05-2023","60,892","61,279","61,515","60,825","8.45K","-0.62%"
"10-05-2023","61,270","61,270","61,651","60,976","7.21K","-0.24%"
"09-05-2023","61,419","60,910","61,460","60,905","5.49K","0.81%"
"08-05-2023","60,927","60,783","61,090","60,771","4.04K","0.49%"
"05-05-2023","60,628","61,566","61,629","60,250","8.69K","-1.41%"
"04-05-2023","61,493","61,200","61,845","61,053","7.72K","0.87%"
"03-05-2023","60,965","60,740","61,022","60,535","4.44K","0.56%"
"02-05-2023","60,628","59,755","60,771","59,700","7.95K","1.45%"
"01-05-2023","59,764","59,867","60,328","59,711","4.02K","-0.26%"
"28-04-2023","59,919","59,853","60,050","59,625","5.35K","0.03%"
"27-04-2023","59,901","60,150","60,299","59,547","8.39K","0.01%"
"26-04-2023","59,893","60,210","60,428","59,825","7.08K","-0.61%"
"25-04-2023","60,261","60,033","60,320","59,709","6.87K","0.43%"
"24-04-2023","60,001","59,865","60,033","59,587","5.55K","0.26%"
"21-04-2023","59,845","60,381","60,476","59,622","9.21K","-1.09%"
"20-04-2023","60,503","60,245","60,689","60,157","5.64K","0.36%"
"19-04-2023","60,288","60,448","60,509","59,653","9.61K","-0.33%"
"18-04-2023","60,488","60,229","60,650","60,111","5.67K","0.51%"
"17-04-2023","60,180","60,351","60,625","59,871","5.82K","-0.25%"
"14-04-2023","60,329","61,038","61,170","60,088","6.89K","-1.48%"
"13-04-2023","61,238","60,731","61,371","60,693","5.93K","1.01%"
"12-04-2023","60,628","60,779","61,070","60,360","6.57K","0.20%"
"11-04-2023","60,505","60,170","60,599","60,170","3.99K","0.74%"
"10-04-2023","60,063","60,402","60,417","59,912","4.68K","-0.74%"
"06-04-2023","60,511","60,679","60,836","60,330","5.74K","-0.41%"
"05-04-2023","60,761","60,779","60,822","60,569","0.02K","0.23%"
"04-04-2023","60,620","61,399","61,399","59,610","0.05K","1.51%"
"03-04-2023","59,716","59,200","59,900","59,040","0.13K","0.53%"
"31-03-2023","59,402","59,425","59,650","59,310","0.44K","0.14%"
"30-03-2023","59,316","59,000","59,400","58,850","1.10K","0.64%"
"29-03-2023","58,941","58,918","59,074","58,747","5.06K","-0.17%"
"28-03-2023","59,042","58,718","59,232","58,500","5.06K","0.88%"
"27-03-2023","58,526","59,300","59,310","58,405","7.51K","-1.26%"
"24-03-2023","59,273","59,490","59,975","59,190","7.93K","-0.49%"
"23-03-2023","59,565","59,231","59,618","58,930","8.24K","1.38%"
"22-03-2023","58,756","58,563","58,810","58,462","5.17K","0.30%"
"21-03-2023","58,579","59,594","59,705","58,534","8.27K","-1.56%"
"20-03-2023","59,506","59,418","60,455","59,232","9.99K","0.21%"
"17-03-2023","59,383","58,269","59,461","58,143","7.74K","2.37%"
"16-03-2023","58,006","57,955","58,525","57,845","7.27K","-0.57%"
"15-03-2023","58,336","57,380","58,661","57,068","10.02K","1.48%"
"14-03-2023","57,483","57,483","57,738","57,231","6.12K","-0.28%"
"13-03-2023","57,642","56,667","57,680","56,353","10.61K","2.66%"
"10-03-2023","56,150","55,325","56,190","55,270","7.08K","1.54%"
"09-03-2023","55,301","54,855","55,401","54,771","5.79K","0.71%"
"08-03-2023","54,911","54,935","55,112","54,850","4.24K","-0.20%"
"07-03-2023","55,022","55,700","55,700","55,000","4.56K","-1.34%"
"06-03-2023","55,769","55,878","55,982","55,751","4.47K","0.09%"
"03-03-2023","55,721","55,899","55,899","55,580","4.59K","-0.03%"
"02-03-2023","55,739","55,777","55,925","55,705","4.55K","-0.16%"
"01-03-2023","55,830","55,760","56,020","55,627","4.58K","0.13%"
"28-02-2023","55,756","55,402","55,798","55,132","5.46K","0.50%"
"27-02-2023","55,476","55,397","55,497","55,290","4.26K","0.08%"
"24-02-2023","55,432","55,707","55,790","55,380","5.41K","-0.28%"
"23-02-2023","55,587","55,954","56,010","55,511","6.62K","-0.88%"
"22-02-2023","56,083","56,169","56,395","56,027","4.42K","-0.15%"
"21-02-2023","56,168","56,191","56,310","56,003","5.38K","-0.08%"
"20-02-2023","56,213","56,209","56,345","56,188","3.30K","-0.08%"
"17-02-2023","56,257","55,975","56,287","55,691","7.49K","0.05%"
"16-02-2023","56,228","56,225","56,279","55,910","6.84K","0.18%"
"15-02-2023","56,126","56,666","56,674","56,078","8.24K","-1.10%"
"14-02-2023","56,750","56,611","56,999","56,478","9.68K","0.45%"
"13-02-2023","56,497","56,762","56,920","56,470","4.94K","-0.43%"
"10-02-2023","56,741","56,760","56,865","56,496","8.49K","-0.20%"
"09-02-2023","56,852","57,238","57,419","56,750","6.62K","-0.63%"
"08-02-2023","57,215","57,220","57,384","56,986","6.03K","-0.07%"
"07-02-2023","57,257","57,000","57,380","56,950","7.13K","0.53%"
"06-02-2023","56,955","56,638","57,195","56,638","5.47K","-1.02%"
"03-02-2023","57,543","57,865","58,000","56,801","0.04K","-0.98%"
"02-02-2023","58,114","58,826","58,826","57,700","0.05K","0.28%"
"01-02-2023","57,952","57,150","58,099","57,100","0.08K","1.24%"
"31-01-2023","57,242","56,860","57,270","56,620","0.21K","0.81%"
"30-01-2023","56,782","56,900","57,149","56,720","2.10K","-0.13%"
"27-01-2023","56,857","56,760","56,985","56,640","6.95K","-0.18%"
"25-01-2023","56,962","56,940","57,021","56,702","5.17K","-0.01%"
"24-01-2023","56,969","56,986","57,125","56,775","6.28K","0.27%"
"23-01-2023","56,815","56,751","56,920","56,514","5.51K","0.28%"
"20-01-2023","56,658","56,641","56,850","56,560","4.92K","0.20%"
"19-01-2023","56,546","56,305","56,588","56,245","4.72K","0.46%"
"18-01-2023","56,286","56,303","56,550","56,122","5.92K","-0.12%"
"17-01-2023","56,352","56,479","56,521","56,305","4.93K","-0.23%"
"16-01-2023","56,482","56,467","56,562","56,330","3.95K","0.28%"
"13-01-2023","56,324","55,915","56,370","55,900","5.89K","0.80%"
"12-01-2023","55,875","55,792","55,990","55,610","5.52K","0.33%"
"11-01-2023","55,693","55,819","55,930","55,522","5.19K","-0.03%"
"10-01-2023","55,712","55,920","55,950","55,640","3.76K","-0.27%"
"09-01-2023","55,864","55,800","56,175","55,800","4.57K","0.22%"
"06-01-2023","55,743","55,382","55,790","55,291","5.06K","0.82%"
"05-01-2023","55,290","55,794","55,920","55,051","6.42K","-0.86%"
"04-01-2023","55,767","55,620","56,010","55,620","6.97K","0.43%"
"03-01-2023","55,530","55,280","55,800","55,280","5.42K","0.64%"
"02-01-2023","55,178","55,052","55,200","55,040","1.61K","0.29%"
"30-12-2022","55,017","54,975","55,125","54,860","4.36K","0.08%"
"29-12-2022","54,971","54,720","55,018","54,672","3.86K","0.38%"
"28-12-2022","54,761","54,923","54,950","54,530","4.12K","-0.43%"
"27-12-2022","54,997","54,764","55,365","54,692","5.26K","0.59%"
"26-12-2022","54,677","54,525","54,748","54,520","2.13K","0.19%"
"23-12-2022","54,574","54,517","54,745","54,441","3.38K","0.10%"
"22-12-2022","54,521","55,069","55,117","54,445","5.74K","-1.00%"
"21-12-2022","55,071","54,900","55,220","54,863","4.25K","0.32%"
"20-12-2022","54,898","54,429","54,995","54,350","8.12K","1.18%"
"19-12-2022","54,260","54,354","54,490","54,182","4.05K","-0.07%"
"16-12-2022","54,300","54,157","54,414","54,005","4.99K","0.36%"
"15-12-2022","54,107","54,481","54,481","53,882","6.78K","-1.04%"
"14-12-2022","54,674","54,770","54,890","54,580","3.85K","-0.13%"
"13-12-2022","54,743","54,132","55,047","54,132","6.17K","1.13%"
"12-12-2022","54,132","54,109","54,294","54,061","4.27K","-0.30%"
"09-12-2022","54,295","54,262","54,400","54,030","4.34K","0.45%"
"08-12-2022","54,051","53,999","54,201","53,937","3.48K","0.12%"
"07-12-2022","53,987","53,810","54,033","53,701","4.27K","0.42%"
"06-12-2022","53,760","53,561","53,935","53,513","4.66K","0.36%"
"05-12-2022","53,566","54,348","54,348","53,217","0.01K","0.57%"
"02-12-2022","53,265","53,337","53,458","53,184","0.02K","0.05%"
"01-12-2022","53,238","52,838","53,462","52,819","0.05K","1.44%"
"30-11-2022","52,480","52,509","52,710","52,380","0.16K","0.33%"
"29-11-2022","52,308","52,247","52,595","52,247","1.17K","0.26%"
"28-11-2022","52,173","52,421","52,696","52,141","5.12K","-0.71%"
"25-11-2022","52,544","52,665","52,750","52,405","4.17K","-0.24%"
"24-11-2022","52,671","52,500","52,748","52,500","3.25K","0.42%"
"23-11-2022","52,451","52,349","52,475","52,068","5.00K","0.31%"
"22-11-2022","52,289","52,475","52,495","52,237","4.46K","-0.01%"
"21-11-2022","52,292","52,508","52,590","52,136","5.40K","-0.56%"
"18-11-2022","52,588","52,843","52,990","52,547","4.83K","-0.48%"
"17-11-2022","52,843","52,950","52,993","52,777","5.38K","-0.41%"
"16-11-2022","53,062","52,992","53,200","52,942","5.88K","0.60%"
"15-11-2022","52,745","52,743","53,051","52,675","6.59K","0.05%"
"14-11-2022","52,718","52,318","52,786","52,300","5.64K","0.73%"
"11-11-2022","52,334","52,050","52,534","52,050","6.16K","0.43%"
"10-11-2022","52,109","51,541","52,210","51,481","7.83K","1.17%"
"09-11-2022","51,506","51,450","51,725","51,315","6.33K","-0.24%"
"08-11-2022","51,630","50,710","51,685","50,606","7.16K","1.38%"
"07-11-2022","50,927","50,862","51,060","50,831","4.57K","0.12%"
"04-11-2022","50,866","50,350","50,900","50,310","9.95K","1.36%"
"03-11-2022","50,184","50,500","50,500","50,000","10.45K","-0.83%"
"02-11-2022","50,606","50,560","50,833","50,535","5.83K","0.21%"
"01-11-2022","50,502","50,351","50,698","50,277","7.22K","0.36%"
"31-10-2022","50,322","50,266","50,447","50,161","4.80K","0.18%"
"28-10-2022","50,230","50,765","50,795","50,165","7.89K","-1.00%"
"27-10-2022","50,737","50,715","50,875","50,576","6.28K","0.10%"
"26-10-2022","50,687","50,867","50,867","50,610","2.24K","0.11%"
"25-10-2022","50,633","50,530","50,816","50,336","4.96K","0.10%"
"24-10-2022","50,580","50,700","50,700","50,517","1.04K","-0.09%"
"21-10-2022","50,626","50,069","50,649","49,808","12.24K","0.96%"
"20-10-2022","50,143","50,100","50,410","50,065","7.14K","-0.11%"
"19-10-2022","50,199","50,397","50,480","50,069","7.78K","-0.43%"
"18-10-2022","50,414","50,364","50,545","50,310","6.46K","-0.12%"
"17-10-2022","50,473","50,382","50,747","50,334","6.90K","0.42%"
"14-10-2022","50,260","50,794","50,974","50,174","10.51K","-1.23%"
"13-10-2022","50,884","50,891","51,160","50,400","11.08K","-0.04%"
"12-10-2022","50,905","50,814","51,049","50,762","6.02K","-0.37%"
"11-10-2022","51,096","50,915","51,218","50,710","7.87K","0.14%"
"10-10-2022","51,023","51,685","51,685","50,901","10.82K","-1.80%"
"07-10-2022","51,960","51,904","52,120","51,637","7.68K","-0.02%"
"06-10-2022","51,972","51,836","52,093","51,790","7.45K","0.54%"
"05-10-2022","51,692","51,692","51,692","51,692","","1.22%"
"04-10-2022","51,070","51,000","51,480","50,800","0.01K","1.80%"
"03-10-2022","50,165","50,250","50,250","50,130","0.01K","0.14%"
"30-09-2022","50,094","49,971","50,689","49,935","0.12K","0.20%"
"29-09-2022","49,994","49,650","50,130","49,650","0.62K","0.49%"
"28-09-2022","49,750","49,160","49,890","48,980","4.72K","0.87%"
"27-09-2022","49,319","49,190","49,499","49,082","7.05K","0.34%"
"26-09-2022","49,150","49,350","49,688","49,105","7.10K","-0.51%"
"23-09-2022","49,401","50,005","50,057","49,250","8.07K","-1.20%"
"22-09-2022","50,000","49,314","50,175","49,314","8.73K","1.13%"
"21-09-2022","49,443","49,189","49,569","49,114","5.55K","0.54%"
"20-09-2022","49,175","49,400","49,457","49,100","4.40K","-0.26%"
"19-09-2022","49,302","49,257","49,410","49,044","5.38K","-0.16%"
"16-09-2022","49,380","49,220","49,504","48,951","7.55K","0.14%"
"15-09-2022","49,312","49,942","49,942","49,170","8.70K","-1.41%"
"14-09-2022","50,018","50,069","50,148","50,000","5.42K","-0.24%"
"13-09-2022","50,138","50,525","50,573","49,972","9.98K","-0.97%"
"12-09-2022","50,631","50,505","50,780","50,378","7.04K","0.20%"
"09-09-2022","50,529","50,386","50,739","50,350","5.42K","0.34%"
"08-09-2022","50,356","50,470","50,743","50,201","5.42K","-0.30%"
"07-09-2022","50,506","50,207","50,535","50,007","5.63K","0.45%"
"06-09-2022","50,281","50,555","50,693","50,230","4.58K","-0.30%"
"05-09-2022","50,433","50,410","50,522","50,404","2.94K","0.13%"
"02-09-2022","50,368","50,050","50,587","50,050","4.33K","0.60%"
"01-09-2022","50,070","50,202","50,293","49,876","7.26K","-0.68%"
"31-08-2022","50,414","50,500","50,661","50,333","3.02K","-0.64%"
"30-08-2022","50,737","51,151","51,164","50,701","5.67K","-1.00%"
"29-08-2022","51,250","51,100","51,369","50,830","5.73K","0.02%"
"26-08-2022","51,238","51,636","51,685","51,120","6.79K","-0.90%"
"25-08-2022","51,702","51,497","51,846","51,497","5.44K","0.51%"
"24-08-2022","51,439","51,350","51,569","51,290","3.79K","0.04%"
"23-08-2022","51,417","51,211","51,520","51,051","5.18K","0.50%"
"22-08-2022","51,163","51,409","51,409","50,971","5.09K","-0.61%"
"19-08-2022","51,479","51,524","51,671","51,435","3.95K","-0.24%"
"18-08-2022","51,603","51,644","51,870","51,565","4.43K","0.12%"
"17-08-2022","51,543","51,843","51,965","51,470","5.88K","-0.57%"
"16-08-2022","51,837","52,265","52,265","51,770","6.95K","-1.42%"
"12-08-2022","52,585","52,382","52,610","52,263","4.57K","0.48%"
"11-08-2022","52,336","52,144","52,520","52,014","4.92K","0.18%"
"10-08-2022","52,241","52,450","52,620","52,207","5.87K","-0.47%"
"09-08-2022","52,489","52,350","52,600","52,279","2.65K","0.38%"
"08-08-2022","52,288","51,793","52,333","51,793","5.68K","-0.02%"
"05-08-2022","52,301","52,201","52,401","52,201","0.00K","0.56%"
"04-08-2022","52,009","51,651","53,113","51,550","0.01K","0.61%"
"03-08-2022","51,694","51,300","52,450","51,171","0.01K","0.75%"
"02-08-2022","51,310","51,563","51,584","51,135","0.02K","0.09%"
"01-08-2022","51,263","51,250","51,489","51,115","0.23K","-0.32%"
"29-07-2022","51,426","51,490","51,501","51,159","2.09K","0.24%"
"28-07-2022","51,304","50,760","51,391","50,760","3.70K","1.15%"
"27-07-2022","50,720","50,568","50,753","50,505","4.91K","0.27%"
"26-07-2022","50,584","50,598","50,705","50,465","4.81K","0.09%"
"25-07-2022","50,536","50,673","50,793","50,446","4.71K","-0.21%"
"22-07-2022","50,644","50,385","50,870","50,315","5.03K","0.53%"
"21-07-2022","50,375","50,000","50,480","49,703","7.87K","0.30%"
"20-07-2022","50,225","50,275","50,465","50,191","4.97K","-0.19%"
"19-07-2022","50,320","50,300","50,489","50,211","4.61K","-0.08%"
"18-07-2022","50,361","50,150","50,620","50,150","5.35K","0.51%"
"15-07-2022","50,107","50,262","50,280","49,957","6.19K","-0.24%"
"14-07-2022","50,228","50,725","50,729","50,067","7.11K","-1.13%"
"13-07-2022","50,802","50,431","50,946","50,160","7.58K","0.68%"
"12-07-2022","50,457","50,680","50,794","50,438","5.63K","-0.37%"
"11-07-2022","50,644","50,709","50,869","50,616","3.27K","-0.27%"
"08-07-2022","50,779","50,670","50,973","50,366","5.56K","0.31%"
"07-07-2022","50,621","50,661","50,830","50,562","4.89K","0.24%"
"06-07-2022","50,500","51,382","51,520","50,450","8.88K","-1.56%"
"05-07-2022","51,302","52,199","52,279","51,250","7.77K","-1.57%"
"04-07-2022","52,122","52,050","52,300","52,000","4.39K","0.39%"
"01-07-2022","51,917","51,000","52,032","50,727","13.27K","2.77%"
"30-06-2022","50,517","50,740","50,991","50,433","8.36K","-0.42%"
"29-06-2022","50,729","50,779","51,146","50,640","7.29K","-0.18%"
"28-06-2022","50,822","50,604","50,960","50,604","5.10K","0.34%"
"27-06-2022","50,649","50,730","50,980","50,575","6.28K","0.05%"
"24-06-2022","50,623","50,549","50,741","50,410","4.98K","0.06%"
"23-06-2022","50,594","50,800","51,060","50,560","7.22K","-0.61%"
"22-06-2022","50,904","50,691","51,146","50,522","6.31K","0.28%"
"21-06-2022","50,760","50,827","50,950","50,650","4.65K","0.05%"
"20-06-2022","50,735","50,985","50,985","50,713","2.75K","-0.19%"
"17-06-2022","50,834","50,977","51,179","50,815","5.17K","-0.30%"
"16-06-2022","50,986","50,650","51,092","50,295","7.78K","1.09%"
"15-06-2022","50,438","50,261","50,861","50,211","7.08K","0.48%"
"14-06-2022","50,195","50,537","50,667","50,151","6.59K","-0.93%"
"13-06-2022","50,664","51,530","51,660","50,551","9.02K","-2.01%"
"10-06-2022","51,701","50,900","51,797","50,420","11.97K","1.36%"
"09-06-2022","51,005","51,046","51,135","50,805","4.58K","-0.09%"
"08-06-2022","51,051","50,900","51,155","50,851","4.55K","0.16%"
"07-06-2022","50,968","50,787","51,070","50,681","4.86K","0.19%"
"06-06-2022","50,870","51,126","51,133","50,815","5.77K","-0.85%"
"03-06-2022","51,306","51,306","51,306","51,306","0.00K","0.10%"
"02-06-2022","51,255","50,928","51,359","50,928","0.02K","0.92%"
"01-06-2022","50,788","50,654","50,903","50,462","0.05K","-0.13%"
"31-05-2022","50,855","50,959","51,180","50,800","0.52K","-0.12%"
"30-05-2022","50,915","50,974","51,112","50,901","1.23K","0.00%"
"27-05-2022","50,913","50,952","51,066","50,850","4.38K","0.08%"
"26-05-2022","50,871","50,840","50,920","50,580","5.01K","0.10%"
"25-05-2022","50,819","51,109","51,132","50,705","6.20K","-0.66%"
"24-05-2022","51,157","50,940","51,246","50,880","5.02K","0.49%"
"23-05-2022","50,907","50,897","51,156","50,808","4.25K","0.15%"
"20-05-2022","50,829","50,471","50,860","50,471","6.15K","0.56%"
"19-05-2022","50,544","50,280","50,760","50,058","6.35K","0.65%"
"18-05-2022","50,218","50,120","50,366","49,863","6.97K","0.09%"
"17-05-2022","50,173","50,399","50,580","50,130","5.25K","-0.15%"
"16-05-2022","50,248","49,930","50,297","49,572","5.43K","0.75%"
"13-05-2022","49,873","50,067","50,249","49,670","7.46K","-0.60%"
"12-05-2022","50,174","50,939","50,946","50,140","7.24K","-1.28%"
"11-05-2022","50,822","50,449","50,888","50,322","6.73K","0.47%"
"10-05-2022","50,586","50,971","51,118","50,511","6.39K","-0.73%"
"09-05-2022","50,959","51,259","51,386","50,901","5.77K","-0.75%"
"06-05-2022","51,343","50,936","51,538","50,905","5.86K","0.87%"
"05-05-2022","50,899","50,921","51,557","50,853","9.29K","0.57%"
"04-05-2022","50,610","50,675","50,830","50,502","6.19K","-0.39%"
"03-05-2022","50,808","50,555","50,992","50,515","2.61K","0.29%"
"02-05-2022","50,659","51,270","51,322","50,481","10.57K","-2.12%"
"29-04-2022","51,754","51,499","51,879","51,499","6.04K","0.96%"
"28-04-2022","51,262","51,089","51,335","50,828","5.95K","0.12%"
"27-04-2022","51,199","51,545","51,636","51,082","7.57K","-0.75%"
"26-04-2022","51,584","51,460","51,769","51,410","5.11K","0.37%"
"25-04-2022","51,393","52,033","52,115","51,300","8.93K","-1.66%"
"22-04-2022","52,261","52,529","52,662","52,104","6.73K","-0.29%"
"21-04-2022","52,413","52,628","52,649","52,144","5.28K","-0.41%"
"20-04-2022","52,628","52,562","52,650","52,310","5.28K","-0.23%"
"19-04-2022","52,749","53,248","53,416","52,660","6.28K","-0.98%"
"18-04-2022","53,272","53,470","53,663","53,218","5.24K","0.53%"
"14-04-2022","52,992","53,010","53,110","52,700","2.93K","-0.17%"
"13-04-2022","53,081","52,850","53,150","52,807","3.76K","0.38%"
"12-04-2022","52,878","52,375","53,000","52,375","6.48K","1.34%"
"11-04-2022","52,179","52,126","52,740","52,021","5.69K","0.21%"
"08-04-2022","52,071","51,734","52,197","51,681","5.29K","0.34%"
"07-04-2022","51,897","51,611","51,982","51,550","4.35K","0.58%"
"06-04-2022","51,596","51,398","51,837","51,320","5.75K","0.36%"
"05-04-2022","51,413","51,304","51,670","51,160","0.03K","0.29%"
"04-04-2022","51,266","51,224","51,350","51,200","0.02K","-0.15%"
"01-04-2022","51,344","51,480","51,551","51,275","0.13K","-0.47%"
"31-03-2022","51,585","50,906","51,718","50,906","0.13K","1.24%"
"30-03-2022","50,953","50,979","51,263","50,811","3.67K","0.28%"
"29-03-2022","50,813","51,342","51,383","50,354","8.07K","-1.47%"
"28-03-2022","51,571","51,721","51,784","51,370","4.65K","-0.59%"
"25-03-2022","51,876","52,075","52,100","51,762","3.68K","-0.39%"
"24-03-2022","52,078","51,702","52,155","51,648","5.74K","0.60%"
"23-03-2022","51,767","51,365","51,800","51,224","4.53K","0.76%"
"22-03-2022","51,379","51,770","51,949","51,150","6.55K","-0.53%"
"21-03-2022","51,655","51,430","51,890","51,350","5.05K","0.40%"
"18-03-2022","51,447","51,650","51,713","51,360","1.71K","-0.39%"
"17-03-2022","51,647","51,678","51,837","51,366","5.86K","0.98%"
"16-03-2022","51,147","51,346","51,519","51,028","5.13K","-0.81%"
"15-03-2022","51,564","52,001","52,080","51,220","8.30K","-1.41%"
"14-03-2022","52,304","52,623","52,786","52,125","6.95K","-1.09%"
"11-03-2022","52,878","53,089","53,203","52,240","8.33K","-0.68%"
"10-03-2022","53,239","52,601","53,488","52,437","8.00K","0.94%"
"09-03-2022","52,745","54,917","55,190","52,626","10.90K","-2.73%"
"08-03-2022","54,224","53,639","55,558","53,356","13.38K","1.32%"
"07-03-2022","53,517","53,266","54,010","52,813","10.51K","1.82%"
"04-03-2022","52,559","51,902","52,601","51,800","9.22K","1.52%"
"03-03-2022","51,770","51,562","51,951","51,391","7.65K","0.93%"
"02-03-2022","51,294","51,700","52,070","51,192","9.59K","-1.01%"
"01-03-2022","51,816","51,200","51,876","51,159","5.40K","2.08%"
"28-02-2022","50,760","50,880","51,211","50,505","10.64K","1.07%"
"25-02-2022","50,221","51,180","51,180","50,040","9.45K","-2.56%"
"24-02-2022","51,543","50,800","52,797","50,800","15.81K","2.31%"
"23-02-2022","50,379","50,389","50,414","49,951","5.72K","0.10%"
"22-02-2022","50,328","50,447","50,687","50,057","7.80K","0.50%"
"21-02-2022","50,078","50,071","50,139","49,764","4.24K","-0.07%"
"18-02-2022","50,112","50,177","50,274","49,829","5.70K","-0.56%"
"17-02-2022","50,392","49,577","50,438","49,557","7.36K","1.56%"
"16-02-2022","49,618","49,394","49,660","49,249","4.03K","0.47%"
"15-02-2022","49,385","50,151","50,325","49,230","7.51K","-1.06%"
"14-02-2022","49,916","49,450","50,011","49,443","6.46K","1.63%"
"11-02-2022","49,114","48,750","49,134","48,643","5.31K","0.32%"
"10-02-2022","48,955","48,694","48,990","48,551","5.28K","0.61%"
"09-02-2022","48,660","48,420","48,715","48,403","4.48K","0.48%"
"08-02-2022","48,429","48,270","48,474","48,174","4.20K","0.42%"
"07-02-2022","48,228","48,011","48,247","47,995","3.55K","0.68%"
"04-02-2022","47,904","47,000","48,025","47,000","0.01K","0.11%"
"03-02-2022","47,849","48,099","48,099","47,517","0.02K","-0.15%"
"02-02-2022","47,922","47,850","48,046","47,692","0.04K","-0.09%"
"01-02-2022","47,965","47,736","48,099","47,581","0.13K","0.59%"
"31-01-2022","47,686","47,590","47,802","47,499","0.72K","0.16%"
"28-01-2022","47,611","47,950","48,000","47,479","3.50K","-0.62%"
"27-01-2022","47,910","48,550","48,550","47,853","5.96K","-1.93%"
"25-01-2022","48,851","48,608","48,912","48,540","4.58K","0.59%"
"24-01-2022","48,564","48,323","48,600","48,300","5.21K","0.65%"
"21-01-2022","48,249","48,390","48,523","48,153","4.04K","-0.27%"
"20-01-2022","48,380","48,379","48,557","48,310","3.67K","0.01%"
"19-01-2022","48,377","47,949","48,416","47,911","5.69K","0.94%"
"18-01-2022","47,926","47,950","48,047","47,780","5.08K","0.02%"
"17-01-2022","47,917","47,835","47,965","47,803","2.41K","0.29%"
"14-01-2022","47,778","47,841","47,993","47,756","4.28K","0.09%"
"13-01-2022","47,736","47,804","47,917","47,650","3.75K","-0.15%"
"12-01-2022","47,808","47,682","47,843","47,628","3.84K","0.25%"
"11-01-2022","47,689","47,589","47,700","47,460","4.49K","0.49%"
"10-01-2022","47,455","47,394","47,499","47,301","4.39K","0.01%"
"07-01-2022","47,452","47,370","47,586","47,300","4.51K","0.00%"
"06-01-2022","47,451","47,768","47,865","47,400","7.90K","-1.19%"
"05-01-2022","48,021","47,982","48,169","47,851","4.66K","0.15%"
"04-01-2022","47,949","47,810","47,997","47,740","4.71K","0.49%"
"03-01-2022","47,716","48,050","48,130","47,691","6.65K","-0.80%"
"31-12-2021","48,099","47,946","48,134","47,795","4.28K","0.45%"
"30-12-2021","47,885","47,800","47,899","47,579","4.38K","0.10%"
"29-12-2021","47,839","48,002","48,012","47,577","6.37K","-0.42%"
"28-12-2021","48,042","48,300","48,328","48,002","4.18K","-0.05%"
"27-12-2021","48,066","48,119","48,248","48,050","3.24K","-0.11%"
"24-12-2021","48,119","48,185","48,263","48,066","1.85K","-0.07%"
"23-12-2021","48,152","48,268","48,340","48,035","3.53K","-0.10%"
"22-12-2021","48,199","48,115","48,220","47,975","3.33K","0.27%"
"21-12-2021","48,067","48,151","48,298","47,991","4.38K","-0.36%"
"20-12-2021","48,240","48,594","48,643","48,211","4.34K","-0.73%"
"17-12-2021","48,594","48,700","48,785","48,510","4.72K","-0.11%"
"16-12-2021","48,646","48,296","48,677","48,276","5.90K","1.16%"
"15-12-2021","48,087","48,039","48,240","47,950","4.50K","0.03%"
"14-12-2021","48,072","48,264","48,361","47,925","5.80K","-0.48%"
"13-12-2021","48,303","48,213","48,348","48,131","4.83K","0.29%"
"10-12-2021","48,164","47,981","48,260","47,862","6.15K","0.47%"
"09-12-2021","47,939","48,035","48,160","47,869","4.99K","-0.24%"
"08-12-2021","48,055","48,150","48,300","47,956","4.90K","-0.01%"
"07-12-2021","48,060","47,907","48,168","47,790","6.05K","0.30%"
"06-12-2021","47,914","47,953","48,039","47,830","5.32K","1.61%"
"03-12-2021","47,153","47,192","47,271","46,388","0.02K","-0.13%"
"02-12-2021","47,214","47,214","47,214","47,214","0.00K","-0.77%"
"01-12-2021","47,578","47,550","47,783","47,470","0.01K","-0.06%"
"30-11-2021","47,606","47,570","48,128","47,436","0.08K","0.04%"
"29-11-2021","47,587","47,700","47,980","47,530","1.65K","0.00%"
"26-11-2021","47,585","47,615","48,223","47,535","5.99K","0.35%"
"25-11-2021","47,421","47,545","47,592","47,310","3.89K","-0.04%"
"24-11-2021","47,438","47,569","47,674","47,253","5.04K","0.01%"
"23-11-2021","47,434","47,946","48,031","47,361","7.49K","-1.02%"
"22-11-2021","47,923","48,794","48,875","47,882","9.42K","-1.85%"
"19-11-2021","48,828","49,116","49,308","48,710","5.29K","-0.47%"
"18-11-2021","49,059","49,199","49,273","48,986","5.66K","-0.47%"
"17-11-2021","49,292","49,068","49,333","48,985","5.68K","0.52%"
"16-11-2021","49,038","49,340","49,610","49,010","8.38K","-0.53%"
"15-11-2021","49,298","49,170","49,475","49,092","5.09K","-0.03%"
"12-11-2021","49,314","49,104","49,346","48,875","6.22K","0.20%"
"11-11-2021","49,216","48,941","49,380","48,911","5.42K","0.74%"
"10-11-2021","48,854","48,248","49,280","48,168","11.21K","1.17%"
"09-11-2021","48,287","48,015","48,311","47,976","6.59K","0.56%"
"08-11-2021","48,018","48,000","48,174","47,815","6.83K","0.10%"
"05-11-2021","47,972","47,519","48,014","47,294","5.32K","0.88%"
"04-11-2021","47,553","47,300","47,590","47,300","2.60K","1.18%"
"03-11-2021","47,000","47,584","47,584","46,872","8.00K","-1.31%"
"02-11-2021","47,622","47,835","47,885","47,594","5.32K","-0.59%"
"01-11-2021","47,903","47,615","47,951","47,590","6.03K","0.56%"
"29-10-2021","47,635","47,836","47,944","47,382","10.35K","-0.68%"
"28-10-2021","47,961","48,013","48,229","47,746","7.00K","0.00%"
"27-10-2021","47,962","47,761","48,019","47,620","6.39K","0.31%"
"26-10-2021","47,813","48,147","48,280","47,584","9.00K","-0.80%"
"25-10-2021","48,200","47,900","48,299","47,855","4.97K","0.84%"
"22-10-2021","47,797","47,555","48,242","47,482","11.59K","0.83%"
"21-10-2021","47,404","47,529","47,596","47,340","5.21K","-0.20%"
"20-10-2021","47,499","47,355","47,576","47,261","7.25K","0.46%"
"19-10-2021","47,280","47,410","47,645","47,231","6.75K","-0.02%"
"18-10-2021","47,291","47,220","47,437","47,169","5.43K","0.17%"
"15-10-2021","47,213","47,602","47,677","47,120","7.18K","-1.40%"
"14-10-2021","47,882","47,808","48,100","47,783","4.96K","-0.07%"
"13-10-2021","47,916","47,215","47,999","47,131","11.07K","1.52%"
"12-10-2021","47,198","47,099","47,420","47,036","6.67K","0.31%"
"11-10-2021","47,051","46,950","47,188","46,864","5.24K","0.03%"
"08-10-2021","47,037","46,861","47,370","46,854","8.31K","0.45%"
"07-10-2021","46,827","46,851","46,990","46,687","4.96K","-0.17%"
"06-10-2021","46,907","46,674","46,990","46,512","6.22K","0.98%"
"05-10-2021","46,450","46,535","46,535","46,354","0.01K","0.35%"
"04-10-2021","46,286","46,533","46,963","46,341","5.93K","0.00%"
"01-10-2021","46,286","46,295","46,332","46,155","0.05K","-0.08%"
"30-09-2021","46,323","45,650","46,436","45,479","0.11K","1.62%"
"29-09-2021","45,585","45,963","45,980","45,511","3.22K","-0.58%"
"28-09-2021","45,853","46,071","46,071","45,688","8.25K","-0.47%"
"27-09-2021","46,069","46,036","46,220","45,902","6.39K","0.16%"
"24-09-2021","45,995","46,075","46,132","45,787","6.50K","-0.13%"
"23-09-2021","46,056","46,439","46,534","45,940","7.56K","-1.32%"
"22-09-2021","46,672","46,651","46,762","46,556","4.15K","0.07%"
"21-09-2021","46,638","46,210","46,799","46,130","7.09K","0.78%"
"20-09-2021","46,278","45,930","46,375","45,880","6.70K","0.63%"
"17-09-2021","45,986","46,100","46,239","45,853","6.35K","-0.20%"
"16-09-2021","46,076","46,880","46,917","45,812","10.01K","-1.75%"
"15-09-2021","46,896","47,185","47,264","46,868","6.33K","-0.77%"
"14-09-2021","47,260","46,868","47,320","46,620","10.05K","0.75%"
"13-09-2021","46,908","46,927","47,043","46,766","5.38K","0.22%"
"10-09-2021","46,806","46,900","46,986","46,751","2.45K","-0.40%"
"09-09-2021","46,994","46,938","47,082","46,713","7.17K","-0.09%"
"08-09-2021","47,038","46,961","47,140","46,750","5.82K","0.21%"
"07-09-2021","46,939","47,402","47,435","46,864","7.18K","-1.02%"
"06-09-2021","47,425","47,433","47,497","47,365","3.20K","-0.21%"
"03-09-2021","47,524","47,095","47,598","47,035","8.42K","1.13%"
"02-09-2021","46,991","47,049","47,208","46,900","4.27K","-0.16%"
"01-09-2021","47,068","47,129","47,276","46,980","5.34K","-0.11%"
"31-08-2021","47,120","47,299","47,332","46,776","6.85K","-0.09%"
"30-08-2021","47,164","47,438","47,494","47,145","4.72K","-0.79%"
"27-08-2021","47,538","47,300","47,582","46,820","10.58K","0.64%"
"26-08-2021","47,237","47,181","47,380","46,934","6.29K","0.12%"
"25-08-2021","47,179","47,435","47,482","47,080","7.14K","-0.91%"
"24-08-2021","47,612","47,515","47,731","47,472","5.07K","0.06%"
"23-08-2021","47,584","47,215","47,625","47,149","5.78K","0.90%"
"20-08-2021","47,158","47,250","47,377","47,065","5.26K","-0.02%"
"19-08-2021","47,169","47,211","47,850","47,073","4.00K","0.08%"
"18-08-2021","47,132","47,374","47,437","47,026","6.34K","-0.31%"
"17-08-2021","47,280","47,235","47,549","47,183","7.00K","0.12%"
"16-08-2021","47,225","46,950","47,280","46,816","5.38K","0.61%"
"13-08-2021","46,940","46,452","46,996","46,416","6.47K","1.24%"
"12-08-2021","46,363","46,300","46,581","46,151","6.43K","-0.05%"
"11-08-2021","46,388","46,011","46,446","45,925","7.07K","0.93%"
"10-08-2021","45,962","46,000","46,112","45,662","6.32K","0.17%"
"09-08-2021","45,886","46,311","46,386","45,815","9.65K","-1.62%"
"06-08-2021","46,640","47,500","47,574","46,556","10.80K","-3.74%"
"05-08-2021","48,450","48,450","48,450","48,450","0.00K","0.70%"
"04-08-2021","48,111","47,770","48,299","47,770","0.02K","0.61%"
"03-08-2021","47,817","47,900","48,049","47,760","0.02K","-0.47%"
"02-08-2021","48,045","47,780","48,130","47,725","0.02K","0.42%"
"30-07-2021","47,846","48,281","48,304","47,751","1.55K","-0.90%"
"29-07-2021","48,281","47,720","48,310","47,690","5.82K","1.48%"
"28-07-2021","47,577","47,610","47,689","47,470","4.49K","0.01%"
"27-07-2021","47,573","47,446","47,642","47,367","7.10K","0.24%"
"26-07-2021","47,461","47,647","47,784","47,420","6.82K","-0.15%"
"23-07-2021","47,534","47,575","47,720","47,300","6.48K","-0.21%"
"22-07-2021","47,634","47,500","47,690","47,301","7.00K","0.13%"
"21-07-2021","47,573","47,750","47,750","47,500","3.75K","-0.63%"
"20-07-2021","47,876","48,240","48,295","47,771","7.87K","-0.45%"
"19-07-2021","48,094","48,083","48,236","47,780","8.75K","0.09%"
"16-07-2021","48,053","48,378","48,389","47,975","7.59K","-0.72%"
"15-07-2021","48,400","48,270","48,501","48,160","6.86K","0.21%"
"14-07-2021","48,299","47,982","48,369","47,930","8.40K","0.86%"
"13-07-2021","47,889","47,875","48,071","47,715","8.41K","0.24%"
"12-07-2021","47,774","47,807","47,870","47,477","8.36K","-0.31%"
"09-07-2021","47,923","47,844","47,948","47,621","6.56K","0.42%"
"08-07-2021","47,721","47,759","48,290","47,601","11.00K","-0.39%"
"07-07-2021","47,910","47,761","47,999","47,655","6.20K","0.47%"
"06-07-2021","47,684","47,350","48,000","47,350","9.36K","0.81%"
"05-07-2021","47,299","47,349","47,425","47,250","3.43K","0.03%"
"02-07-2021","47,285","47,139","47,515","47,139","7.29K","0.52%"
"01-07-2021","47,039","46,930","47,210","46,903","6.30K","0.43%"
"30-06-2021","46,839","46,594","46,933","46,461","6.35K","0.61%"
"29-06-2021","46,555","46,880","46,970","46,330","9.76K","-0.96%"
"28-06-2021","47,008","46,965","47,118","46,865","5.49K","0.18%"
"25-06-2021","46,925","46,948","47,213","46,835","6.80K","0.12%"
"24-06-2021","46,870","46,950","47,159","46,811","6.14K","-0.43%"
"23-06-2021","47,072","47,093","47,318","46,962","6.66K","0.13%"
"22-06-2021","47,011","47,178","47,247","46,869","6.37K","-0.13%"
"21-06-2021","47,074","46,900","47,155","46,633","6.01K","0.74%"
"18-06-2021","46,728","47,147","47,387","46,668","7.70K","-0.49%"
"17-06-2021","46,958","48,250","48,250","46,744","12.51K","-3.19%"
"16-06-2021","48,506","48,458","48,565","48,367","4.64K","0.17%"
"15-06-2021","48,424","48,509","48,732","48,348","6.08K","-0.20%"
"14-06-2021","48,523","48,750","48,750","48,105","9.04K","-0.78%"
"11-06-2021","48,903","49,283","49,399","48,865","6.85K","-0.60%"
"10-06-2021","49,198","49,018","49,263","48,675","8.79K","0.15%"
"09-06-2021","49,124","49,150","49,269","49,024","5.04K","-0.01%"
"08-06-2021","49,127","49,146","49,350","48,932","6.27K","-0.03%"
"07-06-2021","49,143","48,947","49,175","48,782","4.08K","1.12%"
"04-06-2021","48,600","48,600","48,600","48,600","0.00K","-0.80%"
"03-06-2021","48,990","49,163","49,670","48,570","0.01K","-0.33%"
"02-06-2021","49,154","49,100","49,220","49,075","0.01K","0.32%"
"01-06-2021","48,995","49,049","49,225","48,710","0.07K","0.36%"
"31-05-2021","48,821","48,690","48,967","48,540","1.03K","0.57%"
"28-05-2021","48,542","48,432","48,603","48,250","5.62K","-0.08%"
"27-05-2021","48,581","48,751","48,870","48,451","7.69K","-0.42%"
"26-05-2021","48,784","49,067","49,220","48,666","7.21K","-0.17%"
"25-05-2021","48,867","48,425","48,894","48,333","8.13K","0.65%"
"24-05-2021","48,553","48,450","48,640","48,368","4.35K","0.31%"
"21-05-2021","48,404","48,336","48,670","48,230","6.90K","-0.29%"
"20-05-2021","48,544","48,598","48,665","48,269","6.11K","-0.27%"
"19-05-2021","48,674","48,261","48,875","47,950","10.51K","0.76%"
"18-05-2021","48,307","48,419","48,490","48,215","5.74K","-0.34%"
"17-05-2021","48,474","47,989","48,499","47,910","8.42K","1.67%"
"14-05-2021","47,676","47,368","47,711","47,337","5.88K","0.50%"
"13-05-2021","47,438","47,356","47,530","47,211","3.60K","-0.09%"
"12-05-2021","47,482","47,497","47,862","47,374","7.50K","-0.32%"
"11-05-2021","47,633","47,952","48,013","47,325","9.71K","-0.66%"
"10-05-2021","47,951","47,820","48,144","47,755","6.99K","0.42%"
"07-05-2021","47,751","47,654","48,050","47,520","10.60K","0.33%"
"06-05-2021","47,595","47,072","47,643","47,000","9.94K","1.27%"
"05-05-2021","47,000","46,979","47,046","46,650","6.59K","0.28%"
"04-05-2021","46,871","47,226","47,451","46,717","9.93K","-0.95%"
"03-05-2021","47,319","46,921","47,450","46,921","8.62K","1.25%"
"30-04-2021","46,737","46,743","46,819","46,605","6.33K","0.02%"
"29-04-2021","46,726","47,245","47,299","46,462","9.58K","-0.78%"
"28-04-2021","47,093","47,150","47,273","46,800","6.87K","-0.44%"
"27-04-2021","47,303","47,465","47,515","47,273","5.45K","-0.34%"
"26-04-2021","47,462","47,604","47,650","47,253","5.78K","-0.15%"
"23-04-2021","47,532","47,885","48,026","47,384","8.16K","-0.50%"
"22-04-2021","47,772","48,252","48,260","47,660","7.81K","-0.95%"
"21-04-2021","48,228","47,939","48,429","47,936","4.55K","0.78%"
"20-04-2021","47,857","47,424","47,901","47,128","10.15K","0.98%"
"19-04-2021","47,393","47,353","47,850","47,280","8.97K","0.08%"
"16-04-2021","47,353","47,099","47,432","46,820","8.24K","0.38%"
"15-04-2021","47,175","46,680","47,279","46,680","8.94K","1.22%"
"14-04-2021","46,608","46,851","46,930","46,556","3.86K","-0.78%"
"13-04-2021","46,975","46,450","47,033","46,367","7.68K","1.20%"
"12-04-2021","46,419","46,545","46,777","46,400","7.99K","-0.37%"
"09-04-2021","46,593","46,766","46,887","46,314","8.59K","-0.52%"
"08-04-2021","46,838","46,299","46,900","46,240","9.52K","1.03%"
"07-04-2021","46,362","45,766","46,420","45,742","8.12K","0.96%"
"06-04-2021","45,919","45,420","45,974","45,420","6.75K","2.09%"
"05-04-2021","44,981","44,900","45,050","44,886","0.01K","0.48%"
"01-04-2021","44,767","44,650","44,865","44,650","0.03K","0.29%"
"31-03-2021","44,637","43,870","44,672","43,711","0.06K","1.74%"
"30-03-2021","43,873","43,669","44,300","43,669","0.41K","0.75%"
"29-03-2021","43,545","44,520","44,550","43,320","3.70K","-2.46%"
"26-03-2021","44,642","44,635","44,788","44,441","8.12K","-0.12%"
"25-03-2021","44,695","44,892","45,028","44,601","9.09K","-0.37%"
"24-03-2021","44,860","44,800","44,895","44,673","7.25K","0.48%"
"23-03-2021","44,646","44,786","44,995","44,590","7.96K","-0.58%"
"22-03-2021","44,905","44,974","45,040","44,630","7.03K","-0.26%"
"19-03-2021","45,021","44,928","45,137","44,801","7.52K","0.16%"
"18-03-2021","44,951","44,892","45,299","44,626","9.76K","0.25%"
"17-03-2021","44,840","44,890","45,037","44,756","6.44K","0.06%"
"16-03-2021","44,813","44,950","45,086","44,766","7.82K","-0.19%"
"15-03-2021","44,900","44,790","45,047","44,730","8.09K","0.34%"
"12-03-2021","44,750","44,741","44,785","44,271","9.79K","-0.29%"
"11-03-2021","44,879","44,950","45,167","44,774","5.58K","0.19%"
"10-03-2021","44,792","44,730","44,944","44,630","8.86K","-0.14%"
"09-03-2021","44,857","44,349","44,963","44,263","11.35K","1.45%"
"08-03-2021","44,218","44,756","44,780","44,150","10.35K","-1.04%"
"05-03-2021","44,683","44,444","44,720","44,217","11.92K","0.32%"
"04-03-2021","44,541","44,735","44,962","44,471","12.20K","-0.91%"
"03-03-2021","44,948","45,524","45,544","44,561","12.64K","-1.32%"
"02-03-2021","45,548","45,066","45,650","44,975","12.35K","0.53%"
"01-03-2021","45,308","46,000","46,139","45,215","11.65K","-0.94%"
"26-02-2021","45,736","46,340","46,689","45,611","17.95K","-1.09%"
"25-02-2021","46,241","46,443","46,655","46,060","13.83K","-0.60%"
"24-02-2021","46,522","46,808","46,857","46,268","11.49K","-0.60%"
"23-02-2021","46,802","46,973","46,985","46,589","8.95K","-0.21%"
"22-02-2021","46,901","46,335","46,966","46,238","12.75K","1.52%"
"19-02-2021","46,197","45,986","46,490","45,861","11.11K","0.15%"
"18-02-2021","46,126","46,409","46,498","46,011","10.06K","-0.24%"
"17-02-2021","46,237","46,800","46,800","46,162","12.29K","-1.41%"
"16-02-2021","46,899","47,409","47,480","46,682","13.85K","-0.72%"
"15-02-2021","47,241","47,436","47,455","47,202","6.16K","-0.16%"
"12-02-2021","47,318","47,411","47,586","47,111","9.55K","-0.40%"
"11-02-2021","47,508","47,837","48,100","47,456","8.90K","-1.05%"
"10-02-2021","48,013","48,000","48,374","47,822","10.33K","0.14%"
"09-02-2021","47,948","48,000","48,235","47,779","9.55K","0.23%"
"08-02-2021","47,839","47,152","47,957","47,152","10.41K","1.62%"
"05-02-2021","47,078","47,075","47,080","47,075","0.00K","0.24%"
"04-02-2021","46,965","47,400","47,400","46,600","0.01K","-1.64%"
"03-02-2021","47,750","47,925","47,955","47,725","0.04K","0.00%"
"02-02-2021","47,751","48,265","48,265","47,606","0.07K","-1.33%"
"01-02-2021","48,394","49,370","49,400","47,200","0.99K","-1.43%"
"29-01-2021","49,096","48,624","49,485","48,624","8.26K","0.97%"
"28-01-2021","48,624","48,700","49,290","48,521","10.26K","-0.49%"
"27-01-2021","48,865","48,903","48,980","48,511","9.42K","-0.57%"
"25-01-2021","49,143","49,155","49,346","48,925","8.73K","0.01%"
"22-01-2021","49,140","49,355","49,399","48,685","11.64K","-0.62%"
"21-01-2021","49,448","49,699","49,765","49,323","8.75K","-0.17%"
"20-01-2021","49,534","49,077","49,640","48,801","13.56K","1.12%"
"19-01-2021","48,983","48,965","49,070","48,750","8.03K","0.18%"
"18-01-2021","48,894","48,669","48,995","48,608","6.33K","0.39%"
"15-01-2021","48,702","49,088","49,327","48,537","11.33K","-1.05%"
"14-01-2021","49,221","49,000","49,268","48,751","10.47K","-0.17%"
"13-01-2021","49,305","49,130","49,447","49,130","7.23K","0.53%"
"12-01-2021","49,045","49,320","49,570","48,933","9.18K","-0.60%"
"11-01-2021","49,341","48,786","49,390","48,635","11.77K","0.76%"
"08-01-2021","48,967","50,755","50,799","48,818","19.74K","-3.81%"
"07-01-2021","50,904","50,740","51,046","50,660","10.82K","0.78%"
"06-01-2021","50,509","51,555","51,875","50,401","19.22K","-2.34%"
"05-01-2021","51,720","51,397","51,780","51,333","10.60K","0.58%"
"04-01-2021","51,424","50,300","51,490","50,300","12.99K","2.35%"
"01-01-2021","50,244","50,180","50,280","50,128","1.23K","0.19%"
"31-12-2020","50,151","50,059","50,290","50,002","7.02K","0.03%"
"30-12-2020","50,135","50,179","50,179","49,857","7.42K","0.19%"
"29-12-2020","50,039","50,051","50,195","49,860","9.45K","0.05%"
"28-12-2020","50,013","50,200","50,580","49,915","11.88K","-0.12%"
"24-12-2020","50,073","50,151","50,186","49,878","7.96K","-0.15%"
"23-12-2020","50,149","50,042","50,280","49,680","11.40K","0.14%"
"22-12-2020","50,081","50,527","50,540","49,923","9.65K","-0.66%"
"21-12-2020","50,416","50,515","51,009","49,712","15.05K","0.22%"
"18-12-2020","50,304","50,319","50,469","50,105","7.91K","-0.17%"
"17-12-2020","50,390","49,720","50,642","49,720","12.91K","1.60%"
"16-12-2020","49,597","49,510","49,850","49,452","11.58K","0.31%"
"15-12-2020","49,443","49,035","49,589","49,007","9.97K","1.03%"
"14-12-2020","48,939","49,101","49,133","48,602","9.95K","-0.78%"
"11-12-2020","49,324","49,150","49,438","48,875","9.68K","0.50%"
"10-12-2020","49,077","49,165","49,500","48,935","9.56K","-0.37%"
"09-12-2020","49,260","49,850","49,886","49,140","12.54K","-1.69%"
"08-12-2020","50,109","50,065","50,175","49,711","8.38K","0.33%"
"07-12-2020","49,946","49,231","50,060","48,874","10.41K","1.12%"
"04-12-2020","49,393","49,350","50,001","49,100","0.01K","-0.05%"
"03-12-2020","49,419","49,874","49,936","49,093","0.01K","1.60%"
"02-12-2020","48,643","48,499","48,849","48,400","0.01K","0.76%"
"01-12-2020","48,275","48,194","48,559","47,705","0.04K","1.01%"
"30-11-2020","47,792","47,680","47,966","47,550","0.46K","-0.69%"
"27-11-2020","48,125","48,508","48,647","47,800","10.10K","-0.81%"
"26-11-2020","48,517","48,524","48,800","48,425","7.89K","0.01%"
"25-11-2020","48,513","48,497","48,885","48,390","12.33K","-0.15%"
"24-11-2020","48,585","49,262","49,262","48,514","16.73K","-1.81%"
"23-11-2020","49,480","50,234","50,350","49,291","15.17K","-1.46%"
"20-11-2020","50,212","50,041","50,435","49,857","10.73K","0.44%"
"19-11-2020","49,992","50,200","50,200","49,720","12.67K","-0.66%"
"18-11-2020","50,325","50,600","50,646","50,053","12.96K","-0.87%"
"17-11-2020","50,766","50,800","51,029","50,703","10.09K","-0.13%"
"16-11-2020","50,830","50,931","51,015","50,150","7.83K","-0.18%"
"14-11-2020","50,922","51,015","51,080","50,870","1.00K","0.00%"
"13-11-2020","50,922","50,665","51,139","50,609","9.40K","0.64%"
"12-11-2020","50,600","50,315","50,790","50,217","11.19K","0.86%"
"11-11-2020","50,169","50,444","50,525","49,944","12.49K","-0.66%"
"10-11-2020","50,501","49,931","50,664","49,931","14.41K","1.51%"
"09-11-2020","49,748","52,270","52,520","49,500","26.54K","-4.64%"
"06-11-2020","52,167","51,912","52,450","51,711","14.87K","0.22%"
"05-11-2020","52,055","51,231","52,176","51,161","13.98K","2.43%"
"04-11-2020","50,820","51,320","51,465","50,773","14.82K","-1.51%"
"03-11-2020","51,598","50,950","51,630","50,789","10.88K","1.04%"
"02-11-2020","51,067","50,777","51,099","50,612","9.51K","0.73%"
"30-10-2020","50,699","50,465","50,870","50,353","10.54K","0.83%"
"29-10-2020","50,282","50,446","50,617","50,070","13.33K","-0.42%"
"28-10-2020","50,495","51,065","51,065","50,230","14.73K","-0.91%"
"27-10-2020","50,961","51,065","51,114","50,704","11.06K","0.06%"
"26-10-2020","50,930","50,690","51,125","50,552","11.40K","0.18%"
"23-10-2020","50,839","50,865","51,040","50,643","10.62K","0.14%"
"22-10-2020","50,766","51,199","51,199","50,535","11.85K","-1.10%"
"21-10-2020","51,333","50,950","51,454","50,915","13.37K","0.83%"
"20-10-2020","50,910","50,600","50,940","50,491","11.14K","0.44%"
"19-10-2020","50,687","50,552","50,940","50,437","9.82K","0.28%"
"16-10-2020","50,547","50,586","50,813","50,452","8.89K","-0.33%"
"15-10-2020","50,712","50,314","50,749","50,280","12.14K","0.34%"
"14-10-2020","50,542","50,369","50,740","50,270","10.79K","0.59%"
"13-10-2020","50,245","50,870","51,078","50,110","14.10K","-1.69%"
"12-10-2020","51,107","50,940","51,184","50,830","8.54K","0.57%"
"09-10-2020","50,817","50,300","50,970","50,300","11.95K","1.28%"
"08-10-2020","50,175","49,972","50,399","49,924","10.97K","0.25%"
"07-10-2020","50,048","50,270","50,361","49,880","12.47K","-0.95%"
"06-10-2020","50,526","50,468","50,982","50,445","11.18K","0.74%"
"05-10-2020","50,157","50,600","50,600","50,100","0.02K","-0.62%"
"01-10-2020","50,470","50,400","50,940","50,300","0.01K","0.13%"
"30-09-2020","50,404","50,559","50,860","50,150","0.11K","-0.55%"
"29-09-2020","50,681","50,194","50,739","50,059","0.68K","1.09%"
"28-09-2020","50,133","49,474","50,197","49,315","5.68K","0.95%"
"25-09-2020","49,659","49,826","49,900","49,380","10.62K","-0.49%"
"24-09-2020","49,904","49,400","50,050","49,248","15.56K","0.80%"
"23-09-2020","49,508","50,380","50,380","49,444","17.93K","-1.73%"
"22-09-2020","50,381","50,560","50,686","50,129","12.78K","-0.18%"
"21-09-2020","50,471","51,650","51,650","49,815","19.07K","-2.41%"
"18-09-2020","51,715","51,559","51,849","51,453","10.02K","0.51%"
"17-09-2020","51,453","51,710","51,710","51,181","12.78K","-0.72%"
"16-09-2020","51,824","51,839","52,127","51,750","11.40K","0.11%"
"15-09-2020","51,769","51,850","52,182","51,561","12.38K","0.16%"
"14-09-2020","51,687","51,599","51,847","51,334","10.65K","0.72%"
"11-09-2020","51,319","51,431","51,684","51,224","9.56K","-0.88%"
"10-09-2020","51,774","51,430","51,851","51,242","10.82K","0.72%"
"09-09-2020","51,402","51,165","51,480","50,872","12.11K","0.10%"
"08-09-2020","51,353","50,800","51,406","50,629","14.83K","0.56%"
"07-09-2020","51,065","50,801","51,200","50,680","6.72K","0.76%"
"04-09-2020","50,678","50,865","51,082","50,362","13.11K","-0.13%"
"03-09-2020","50,742","50,964","51,068","50,500","14.34K","-0.16%"
"02-09-2020","50,821","51,449","51,555","50,696","14.49K","-1.32%"
"01-09-2020","51,502","52,000","52,100","51,303","11.76K","-0.38%"
"31-08-2020","51,701","51,540","51,875","51,460","13.26K","0.49%"
"28-08-2020","51,448","50,890","51,750","50,890","16.28K","1.07%"
"27-08-2020","50,902","51,601","52,160","50,533","21.22K","-1.69%"
"26-08-2020","51,779","51,165","51,876","50,551","16.33K","1.68%"
"25-08-2020","50,924","51,350","51,533","50,820","12.49K","-0.67%"
"24-08-2020","51,269","51,860","52,232","51,160","13.93K","-1.44%"
"21-08-2020","52,016","52,160","52,409","51,239","16.22K","-0.26%"
"20-08-2020","52,151","52,550","52,550","51,721","15.61K","-0.90%"
"19-08-2020","52,622","53,450","53,493","52,302","14.80K","-1.77%"
"18-08-2020","53,571","53,415","53,999","51,800","19.28K","0.56%"
"17-08-2020","53,275","52,151","53,443","52,113","12.90K","2.01%"
"14-08-2020","52,227","52,675","52,797","51,840","14.51K","-1.33%"
"13-08-2020","52,930","52,365","53,038","51,802","14.84K","1.29%"
"12-08-2020","52,254","51,650","52,598","49,955","27.25K","0.63%"
"11-08-2020","51,929","54,750","54,750","51,712","27.98K","-5.49%"
"10-08-2020","54,946","55,049","55,449","54,861","10.97K","0.29%"
"07-08-2020","54,789","55,965","56,191","54,690","18.31K","-1.89%"
"06-08-2020","55,845","55,265","56,079","55,241","16.22K","1.16%"
"05-08-2020","55,207","54,900","55,450","54,900","0.01K","2.11%"
"04-08-2020","54,064","54,223","54,560","53,708","0.02K","0.12%"
"03-08-2020","53,997","54,194","54,199","53,564","0.08K","0.31%"
"31-07-2020","53,828","53,526","53,920","53,450","0.54K","1.30%"
"30-07-2020","53,138","53,390","53,429","52,700","3.12K","-0.09%"
"29-07-2020","53,187","52,550","53,399","52,364","13.37K","1.13%"
"28-07-2020","52,591","52,186","52,698","51,277","19.55K","0.94%"
"27-07-2020","52,101","51,749","52,220","51,657","13.40K","2.09%"
"24-07-2020","51,035","50,809","51,184","50,570","12.22K","0.66%"
"23-07-2020","50,700","50,191","50,936","50,125","16.87K","1.24%"
"22-07-2020","50,078","49,931","50,199","49,630","18.01K","1.11%"
"21-07-2020","49,527","49,078","49,579","49,036","12.61K","1.02%"
"20-07-2020","49,027","48,910","49,175","48,858","9.86K","0.12%"
"17-07-2020","48,967","48,796","49,025","48,713","10.25K","0.40%"
"16-07-2020","48,773","49,104","49,245","48,727","10.92K","-0.79%"
"15-07-2020","49,159","49,228","49,270","48,914","12.50K","-0.20%"
"14-07-2020","49,259","49,050","49,291","48,770","13.40K","0.23%"
"13-07-2020","49,148","49,046","49,265","48,915","11.66K","0.58%"
"10-07-2020","48,863","48,919","49,230","48,710","13.60K","-0.03%"
"09-07-2020","48,878","49,139","49,312","48,756","15.86K","-0.57%"
"08-07-2020","49,159","48,704","49,348","48,642","14.92K","0.74%"
"07-07-2020","48,800","48,210","48,825","48,101","15.36K","1.19%"
"06-07-2020","48,225","47,970","48,285","47,775","14.51K","0.37%"
"03-07-2020","48,046","48,053","48,190","47,950","8.76K","-0.23%"
"02-07-2020","48,158","48,174","48,273","47,606","16.48K","-0.23%"
"01-07-2020","48,267","48,814","48,982","48,051","17.22K","-1.02%"
"30-06-2020","48,762","48,270","48,825","48,180","14.23K","1.07%"
"29-06-2020","48,244","48,365","48,462","48,150","10.05K","-0.13%"
"26-06-2020","48,305","47,902","48,348","47,700","16.17K","0.76%"
"25-06-2020","47,941","48,114","48,173","47,823","12.37K","-0.40%"
"24-06-2020","48,134","48,333","48,589","48,035","17.25K","-0.20%"
"23-06-2020","48,232","47,864","48,272","47,731","13.90K","0.60%"
"22-06-2020","47,944","48,000","48,289","47,792","12.35K","0.01%"
"19-06-2020","47,937","47,399","47,980","47,328","11.46K","1.23%"
"18-06-2020","47,355","47,301","47,619","47,110","12.94K","0.04%"
"17-06-2020","47,338","47,450","47,483","46,967","11.89K","-0.48%"
"16-06-2020","47,567","47,180","47,650","46,960","14.47K","1.15%"
"15-06-2020","47,026","47,199","47,246","46,546","12.92K","-0.65%"
"12-06-2020","47,334","47,150","47,550","47,065","11.83K","-0.17%"
"11-06-2020","47,414","46,750","47,680","46,750","16.91K","1.69%"
"10-06-2020","46,626","46,602","46,949","46,554","9.88K","0.07%"
"09-06-2020","46,594","46,075","46,737","45,950","13.28K","1.07%"
"08-06-2020","46,101","45,793","46,160","45,748","10.22K","-0.91%"
"05-06-2020","46,526","46,750","46,750","46,301","0.00K","-0.43%"
"04-06-2020","46,727","46,599","46,904","46,599","0.01K","1.36%"
"03-06-2020","46,099","46,700","46,700","45,900","0.04K","-1.49%"
"02-06-2020","46,796","47,170","47,200","46,600","0.06K","-0.61%"
"01-06-2020","47,083","46,571","47,300","46,520","0.41K","0.92%"
"29-05-2020","46,654","46,523","46,868","46,394","7.90K","0.54%"
"28-05-2020","46,405","46,444","46,860","46,288","10.59K","-0.27%"
"27-05-2020","46,531","46,307","46,570","45,775","13.87K","0.45%"
"26-05-2020","46,322","47,049","47,150","46,257","13.66K","-1.39%"
"25-05-2020","46,973","46,808","47,050","46,650","4.16K","-0.18%"
"22-05-2020","47,056","46,466","47,130","46,464","11.30K","1.44%"
"21-05-2020","46,388","47,050","47,050","46,241","10.90K","-1.58%"
"20-05-2020","47,131","47,181","47,354","46,800","10.94K","0.17%"
"19-05-2020","47,050","46,802","47,181","46,481","12.21K","0.85%"
"18-05-2020","46,655","47,659","47,980","46,559","16.31K","-1.53%"
"15-05-2020","47,381","46,711","47,462","46,641","12.37K","1.56%"
"14-05-2020","46,654","46,062","46,795","46,062","13.05K","1.46%"
"13-05-2020","45,981","45,613","46,090","45,501","11.10K","0.78%"
"12-05-2020","45,625","45,878","45,970","45,544","10.99K","-0.34%"
"11-05-2020","45,781","45,801","45,960","45,590","9.79K","-0.07%"
"08-05-2020","45,812","46,377","46,377","45,755","11.23K","-0.76%"
"07-05-2020","46,161","45,430","46,209","45,340","9.32K","1.74%"
"06-05-2020","45,371","45,641","45,848","45,320","9.54K","-0.83%"
"05-05-2020","45,751","45,527","45,784","45,311","8.78K","-0.12%"
"04-05-2020","45,807","45,565","45,978","45,461","8.80K","0.62%"
"01-05-2020","45,527","45,008","45,600","44,750","7.40K","1.38%"
"30-04-2020","44,906","45,801","45,940","44,740","11.96K","-1.41%"
"29-04-2020","45,546","45,925","46,177","45,460","10.50K","-1.13%"
"28-04-2020","46,066","46,000","46,133","45,576","10.14K","-0.27%"
"27-04-2020","46,191","46,511","46,650","46,125","9.20K","-0.72%"
"24-04-2020","46,527","46,322","46,900","46,110","10.86K","0.22%"
"23-04-2020","46,427","46,280","46,733","46,166","9.88K","0.56%"
"22-04-2020","46,167","45,768","46,245","45,560","7.77K","1.86%"
"21-04-2020","45,325","45,825","46,289","45,050","8.99K","-0.85%"
"20-04-2020","45,714","45,465","45,795","45,310","6.65K","-0.05%"
"17-04-2020","45,735","46,700","46,700","45,614","8.04K","-3.22%"
"16-04-2020","47,258","46,600","47,327","46,526","4.89K","1.17%"
"15-04-2020","46,710","46,445","46,785","46,060","6.98K","0.92%"
"13-04-2020","46,286","45,800","46,385","45,622","4.86K","2.19%"
"09-04-2020","45,294","44,838","45,327","44,838","3.27K","0.79%"
"08-04-2020","44,941","44,777","45,036","44,686","3.16K","-0.31%"
"07-04-2020","45,081","44,000","45,724","44,000","5.49K","2.57%"
"03-04-2020","43,953","44,657","45,800","43,650","0.06K","1.37%"
"01-04-2020","43,357","43,261","43,550","43,080","0.01K","0.24%"
"31-03-2020","43,255","43,799","43,840","43,130","0.07K","-1.34%"
"30-03-2020","43,842","43,450","44,190","43,212","0.40K","0.62%"
"27-03-2020","43,571","42,800","43,760","42,800","4.80K","0.07%"
"26-03-2020","43,542","42,001","44,535","41,430","7.07K","3.14%"
"25-03-2020","42,217","41,379","42,785","40,811","7.59K","2.03%"
"24-03-2020","41,379","42,184","42,184","39,929","12.74K","0.52%"
"23-03-2020","41,163","40,721","41,310","39,765","13.22K","1.99%"
"20-03-2020","40,358","39,900","40,948","39,838","15.28K","1.32%"
"19-03-2020","39,831","39,307","40,099","39,052","14.77K","0.27%"
"18-03-2020","39,723","40,127","40,447","39,318","22.19K","-1.29%"
"17-03-2020","40,244","39,489","40,934","38,650","24.02K","1.84%"
"16-03-2020","39,518","40,982","41,199","38,400","37.15K","-2.06%"
"13-03-2020","40,348","41,750","42,070","40,055","25.32K","-4.40%"
"12-03-2020","42,206","43,302","43,637","41,567","28.70K","-2.65%"
"11-03-2020","43,355","43,744","43,875","43,275","14.84K","-0.88%"
"10-03-2020","43,740","43,836","43,941","43,530","9.60K","-1.38%"
"09-03-2020","44,353","44,575","44,772","43,851","21.98K","0.44%"
"06-03-2020","44,158","44,574","44,961","43,432","35.39K","-0.67%"
"05-03-2020","44,458","43,504","44,503","43,243","22.50K","2.04%"
"04-03-2020","43,569","43,357","43,778","43,293","20.04K","0.22%"
"03-03-2020","43,474","41,927","43,517","41,873","26.80K","3.62%"
"02-03-2020","41,956","41,738","42,343","41,646","22.69K","1.35%"
"28-02-2020","41,397","42,670","42,747","41,275","34.99K","-2.33%"
"27-02-2020","42,385","42,640","42,976","42,322","20.94K","-0.28%"
"26-02-2020","42,504","42,536","42,854","42,100","19.75K","-0.66%"
"25-02-2020","42,788","43,176","43,176","42,371","26.43K","-1.82%"
"24-02-2020","43,580","42,932","43,788","42,932","25.49K","2.14%"
"21-02-2020","42,666","42,210","42,790","42,210","13.35K","1.49%"
"20-02-2020","42,039","41,651","42,158","41,500","19.36K","1.09%"
"19-02-2020","41,586","41,408","41,619","41,350","13.65K","0.40%"
"18-02-2020","41,420","40,900","41,480","40,900","14.83K","1.63%"
"17-02-2020","40,756","40,889","40,925","40,720","6.98K","-0.54%"
"14-02-2020","40,979","40,601","41,010","40,573","10.12K","0.79%"
"13-02-2020","40,656","40,551","40,700","40,513","9.87K","0.42%"
"12-02-2020","40,484","40,431","40,549","40,306","9.98K","0.18%"
"11-02-2020","40,410","40,566","40,577","40,300","11.52K","-0.66%"
"10-02-2020","40,679","40,566","40,715","40,514","8.34K","0.09%"
"07-02-2020","40,644","40,393","40,724","40,302","13.03K","0.73%"
"06-02-2020","40,351","40,081","40,421","40,030","11.32K","0.44%"
"05-02-2020","40,175","40,201","40,280","40,000","0.01K","-0.32%"
"04-02-2020","40,302","40,408","40,500","40,112","0.02K","-0.88%"
"03-02-2020","40,661","41,011","41,050","40,371","0.09K","-1.32%"
"01-02-2020","41,206","41,035","41,297","40,820","3.49K","0.50%"
"31-01-2020","41,000","41,014","41,145","40,571","0.98K","0.06%"
"30-01-2020","40,975","40,486","41,068","40,472","5.91K","1.55%"
"29-01-2020","40,350","40,111","40,458","40,066","12.11K","0.27%"
"28-01-2020","40,242","40,562","40,608","40,156","13.19K","-0.85%"
"27-01-2020","40,585","40,500","40,810","40,480","13.93K","0.58%"
"24-01-2020","40,352","40,214","40,440","39,951","14.74K","0.17%"
"23-01-2020","40,283","39,904","40,311","39,836","12.42K","0.93%"
"22-01-2020","39,913","39,817","39,974","39,752","9.30K","0.01%"
"21-01-2020","39,911","40,090","40,176","39,675","14.86K","-0.09%"
"20-01-2020","39,947","39,900","40,000","39,880","7.12K","0.00%"
"17-01-2020","39,946","39,730","39,983","39,702","10.63K","0.66%"
"16-01-2020","39,686","39,655","39,775","39,588","9.42K","0.19%"
"15-01-2020","39,611","39,646","39,708","39,477","10.79K","0.42%"
"14-01-2020","39,447","39,500","39,530","39,262","12.16K","-0.25%"
"13-01-2020","39,546","39,722","39,801","39,523","13.48K","-0.82%"
"10-01-2020","39,871","39,718","39,913","39,568","15.61K","0.10%"
"09-01-2020","39,830","40,036","40,144","39,610","18.79K","-0.70%"
"08-01-2020","40,110","40,946","41,293","39,922","29.94K","-1.36%"
"07-01-2020","40,663","40,350","40,693","40,203","16.49K","0.47%"
"06-01-2020","40,472","40,250","41,096","40,250","21.49K","0.90%"
"03-01-2020","40,112","39,500","40,143","39,500","20.36K","2.13%"
"02-01-2020","39,277","39,051","39,400","39,041","14.13K","0.54%"
"01-01-2020","39,067","39,108","39,113","38,957","2.81K","-0.10%"
"31-12-2019","39,108","39,053","39,270","39,011","11.48K","0.35%"
"30-12-2019","38,971","39,067","39,090","38,904","10.61K","-0.28%"
"27-12-2019","39,080","38,930","39,095","38,787","11.85K","0.51%"
"26-12-2019","38,882","38,635","38,948","38,635","14.26K","0.63%"
"24-12-2019","38,639","38,330","38,667","38,292","10.75K","1.00%"
"23-12-2019","38,257","38,040","38,287","38,040","9.44K","0.70%"
"20-12-2019","37,991","38,040","38,120","37,951","9.20K","-0.31%"
"19-12-2019","38,109","37,959","38,130","37,860","10.52K","0.52%"
"18-12-2019","37,912","37,959","37,995","37,802","10.14K","-0.07%"
"17-12-2019","37,940","37,869","37,980","37,845","10.38K","0.18%"
"16-12-2019","37,871","37,725","37,967","37,725","11.17K","0.26%"
"13-12-2019","37,773","37,466","37,840","37,466","16.52K","0.61%"
"12-12-2019","37,544","37,770","38,068","37,470","19.75K","-0.41%"
"11-12-2019","37,699","37,580","37,738","37,520","9.23K","0.34%"
"10-12-2019","37,571","37,677","37,700","37,534","10.37K","-0.03%"
"09-12-2019","37,583","37,679","37,698","37,563","7.35K","-0.31%"
"06-12-2019","37,699","38,011","38,119","37,655","12.24K","-1.41%"
"05-12-2019","38,237","38,850","38,850","38,192","0.01K","0.16%"
"04-12-2019","38,176","38,331","38,450","38,140","0.07K","-0.19%"
"03-12-2019","38,250","37,930","38,768","37,880","0.05K","0.79%"
"02-12-2019","37,952","37,717","38,028","37,100","0.48K","-0.21%"
"29-11-2019","38,031","37,782","38,114","37,693","5.66K","0.82%"
"28-11-2019","37,723","37,573","37,748","37,540","8.53K","0.53%"
"27-11-2019","37,525","37,690","37,690","37,482","11.04K","-0.51%"
"26-11-2019","37,718","37,696","37,777","37,520","12.28K","-0.01%"
"25-11-2019","37,723","37,935","37,935","37,705","11.46K","-0.45%"
"22-11-2019","37,895","37,929","38,135","37,871","12.41K","-0.15%"
"21-11-2019","37,953","38,155","38,193","37,920","11.85K","-0.53%"
"20-11-2019","38,155","38,220","38,330","38,001","14.62K","-0.13%"
"19-11-2019","38,205","38,230","38,230","37,920","13.86K","-0.06%"
"18-11-2019","38,229","37,918","38,247","37,791","14.48K","0.62%"
"15-11-2019","37,994","38,236","38,236","37,921","10.43K","-0.71%"
"14-11-2019","38,266","38,060","38,318","38,059","13.32K","0.44%"
"13-11-2019","38,097","37,787","38,148","37,781","14.24K","1.00%"
"12-11-2019","37,720","37,680","37,793","37,522","7.61K","0.11%"
"11-11-2019","37,680","37,687","37,848","37,510","11.49K","-0.02%"
"08-11-2019","37,687","37,747","37,869","37,477","15.03K","0.30%"
"07-11-2019","37,575","38,245","38,245","37,520","18.90K","-1.76%"
"06-11-2019","38,247","37,906","38,286","37,906","12.14K","0.97%"
"05-11-2019","37,881","38,369","38,396","37,851","16.01K","-1.54%"
"04-11-2019","38,472","38,391","38,510","38,331","8.95K","0.42%"
"01-11-2019","38,310","38,500","38,546","38,265","11.75K","-0.69%"
"31-10-2019","38,578","38,105","38,603","38,037","15.13K","1.29%"
"30-10-2019","38,088","37,920","38,129","37,894","10.37K","0.45%"
"29-10-2019","37,916","37,939","38,045","37,801","10.85K","-0.02%"
"28-10-2019","37,922","38,283","38,283","37,895","6.37K","-0.92%"
"27-10-2019","38,275","38,319","38,340","38,260","0.97K","0.02%"
"25-10-2019","38,269","38,332","38,618","38,215","15.00K","-0.22%"
"24-10-2019","38,352","38,036","38,372","37,990","12.86K","0.92%"
"23-10-2019","38,003","37,944","38,099","37,944","10.71K","0.32%"
"22-10-2019","37,881","37,883","37,950","37,822","11.33K","-0.02%"
"21-10-2019","37,890","38,010","38,090","37,867","7.97K","-0.52%"
"18-10-2019","38,089","38,142","38,194","37,965","12.56K","-0.28%"
"17-10-2019","38,196","38,181","38,233","37,972","14.51K","-0.06%"
"16-10-2019","38,219","38,137","38,240","37,937","17.58K","0.48%"
"15-10-2019","38,036","38,235","38,425","37,972","16.35K","-0.50%"
"14-10-2019","38,226","37,894","38,280","37,771","14.54K","1.01%"
"11-10-2019","37,845","38,002","38,350","37,691","17.31K","-0.82%"
"10-10-2019","38,159","38,526","38,545","38,077","14.45K","-0.88%"
"09-10-2019","38,497","38,451","38,574","38,272","12.08K","0.30%"
"08-10-2019","38,383","38,320","38,599","38,225","6.95K","0.68%"
"07-10-2019","38,123","38,410","38,470","38,037","11.49K","0.18%"
"04-10-2019","38,055","37,925","38,350","37,837","0.05K","0.17%"
"03-10-2019","37,990","37,825","38,099","37,735","0.13K","1.82%"
"01-10-2019","37,311","37,003","37,513","36,771","1.47K","1.08%"
"30-09-2019","36,913","37,550","37,640","36,832","8.65K","-2.22%"
"27-09-2019","37,750","37,753","37,836","37,310","15.49K","-0.12%"
"26-09-2019","37,794","37,688","37,849","37,452","15.44K","0.51%"
"25-09-2019","37,602","38,072","38,194","37,485","15.54K","-1.33%"
"24-09-2019","38,108","37,825","38,190","37,770","14.29K","0.49%"
"23-09-2019","37,924","37,800","37,974","37,731","12.09K","0.60%"
"20-09-2019","37,697","37,714","37,750","37,438","12.82K","0.03%"
"19-09-2019","37,686","37,756","37,787","37,532","13.39K","-0.43%"
"18-09-2019","37,849","37,946","37,965","37,734","13.06K","-0.44%"
"17-09-2019","38,016","38,050","38,179","37,861","14.94K","-0.43%"
"16-09-2019","38,180","37,774","38,215","37,774","14.95K","1.75%"
"13-09-2019","37,524","37,728","37,892","37,449","15.76K","-0.60%"
"12-09-2019","37,750","37,898","38,228","37,662","22.44K","-0.59%"
"11-09-2019","37,974","38,207","38,259","37,930","19.75K","-0.73%"
"10-09-2019","38,253","38,355","38,495","38,205","10.77K","-0.57%"
"09-09-2019","38,472","38,553","38,697","38,272","17.76K","-0.21%"
"06-09-2019","38,553","38,800","38,978","38,376","22.37K","-0.88%"
"05-09-2019","38,894","39,582","39,628","38,514","22.37K","-2.33%"
"04-09-2019","39,823","39,651","39,885","39,358","18.67K","0.36%"
"03-09-2019","39,680","38,915","39,740","38,898","20.76K","1.52%"
"02-09-2019","39,087","38,859","39,119","38,846","5.78K","1.11%"
"30-08-2019","38,656","38,650","38,948","38,611","15.84K","-0.38%"
"29-08-2019","38,803","39,180","39,425","38,675","19.97K","-0.92%"
"28-08-2019","39,165","38,947","39,290","38,861","15.77K","0.31%"
"27-08-2019","39,044","38,797","39,084","38,713","16.11K","0.56%"
"26-08-2019","38,828","39,134","39,340","38,800","19.72K","0.16%"
"23-08-2019","38,765","38,052","38,821","37,960","19.26K","1.57%"
"22-08-2019","38,165","37,950","38,220","37,916","14.09K","0.45%"
"21-08-2019","37,993","37,903","38,041","37,814","12.26K","-0.03%"
"20-08-2019","38,004","37,750","38,077","37,678","15.15K","0.48%"
"19-08-2019","37,823","37,737","37,888","37,605","15.66K","-0.30%"
"16-08-2019","37,938","38,143","38,220","37,705","14.76K","-0.59%"
"14-08-2019","38,163","37,788","38,340","37,693","18.59K","1.03%"
"13-08-2019","37,775","38,449","38,666","37,344","23.67K","-1.22%"
"12-08-2019","38,241","38,257","38,349","38,152","5.25K","0.66%"
"09-08-2019","37,992","37,976","38,148","37,815","13.01K","0.62%"
"08-08-2019","37,757","37,994","38,090","37,624","15.11K","-1.21%"
"07-08-2019","38,218","37,830","38,488","37,613","25.09K","1.92%"
"06-08-2019","37,497","37,327","37,530","36,921","17.11K","2.70%"
"05-08-2019","36,511","36,192","36,540","36,020","0.57K","2.63%"
"02-08-2019","35,577","34,997","35,644","34,947","0.48K","1.89%"
"01-08-2019","34,916","34,297","35,141","34,265","2.28K","1.16%"
"31-07-2019","34,517","34,543","34,666","34,415","8.94K","-0.03%"
"30-07-2019","34,529","34,704","34,773","34,291","15.64K","-0.52%"
"29-07-2019","34,709","34,750","34,830","34,670","9.33K","-0.18%"
"26-07-2019","34,773","34,819","34,976","34,723","10.05K","-0.13%"
"25-07-2019","34,817","35,000","35,117","34,780","13.43K","-0.60%"
"24-07-2019","35,027","35,049","35,094","34,925","10.48K","0.02%"
"23-07-2019","35,021","35,000","35,150","34,886","12.59K","-0.32%"
"22-07-2019","35,132","35,109","35,206","35,050","8.96K","0.27%"
"19-07-2019","35,036","35,321","35,409","35,000","17.76K","-0.34%"
"18-07-2019","35,156","35,050","35,191","34,880","17.46K","0.19%"
"17-07-2019","35,090","34,787","35,139","34,682","17.50K","0.80%"
"16-07-2019","34,812","34,883","34,946","34,710","20.54K","-0.20%"
"15-07-2019","34,882","34,897","34,969","34,768","13.91K","-0.07%"
"12-07-2019","34,905","34,742","34,950","34,708","16.23K","0.59%"
"11-07-2019","34,701","34,939","35,145","34,675","20.84K","-0.40%"
"10-07-2019","34,839","34,532","34,885","34,370","20.29K","0.74%"
"09-07-2019","34,582","34,525","34,626","34,340","17.01K","0.01%"
"08-07-2019","34,579","34,550","34,828","34,510","15.27K","-0.01%"
"05-07-2019","34,583","34,250","35,100","34,205","42.52K","1.07%"
"04-07-2019","34,217","34,300","34,315","34,125","12.11K","-0.08%"
"03-07-2019","34,246","34,280","34,499","34,188","18.30K","0.60%"
"02-07-2019","34,042","33,691","34,070","33,691","13.97K","1.19%"
"01-07-2019","33,643","34,138","34,138","33,620","18.75K","-1.65%"
"28-06-2019","34,206","34,484","34,484","34,152","15.20K","0.09%"
"27-06-2019","34,175","34,333","34,333","34,030","12.76K","-0.62%"
"26-06-2019","34,387","34,465","34,465","34,176","18.94K","-0.49%"
"25-06-2019","34,556","34,490","34,893","34,396","26.63K","0.33%"
"24-06-2019","34,441","34,290","34,475","34,254","14.78K","0.80%"
"21-06-2019","34,167","34,070","34,468","33,900","22.92K","0.41%"
"20-06-2019","34,026","33,340","34,068","33,340","22.73K","2.86%"
"19-06-2019","33,079","32,985","33,115","32,971","11.19K","0.17%"
"18-06-2019","33,024","33,045","33,258","32,915","18.14K","0.01%"
"17-06-2019","33,021","33,059","33,140","32,886","12.25K","-0.07%"
"14-06-2019","33,045","32,980","33,344","32,980","16.80K","0.26%"
"13-06-2019","32,959","32,758","32,980","32,726","11.16K","0.65%"
"12-06-2019","32,745","32,674","32,848","32,674","10.41K","0.35%"
"11-06-2019","32,632","32,692","32,705","32,486","9.40K","-0.09%"
"10-06-2019","32,660","32,850","32,850","32,630","7.92K","-0.84%"
"07-06-2019","32,936","32,721","33,040","32,672","13.81K","0.41%"
"06-06-2019","32,800","32,688","32,834","32,688","8.06K","0.31%"
"05-06-2019","32,700","32,700","32,700","32,700","","0.67%"
"04-06-2019","32,482","32,374","32,596","32,299","0.03K","0.24%"
"03-06-2019","32,404","32,207","32,450","32,162","0.40K","0.95%"
"31-05-2019","32,098","31,821","32,124","31,821","5.50K","0.91%"
"30-05-2019","31,809","31,560","31,884","31,534","9.55K","0.24%"
"29-05-2019","31,733","31,634","31,845","31,622","10.13K","0.61%"
"28-05-2019","31,540","31,621","31,693","31,485","9.24K","-0.23%"
"27-05-2019","31,613","31,555","31,695","31,555","7.07K","0.26%"
"24-05-2019","31,530","31,646","31,680","31,483","7.19K","-0.43%"
"23-05-2019","31,667","31,347","31,735","31,232","10.28K","0.78%"
"22-05-2019","31,422","31,440","31,538","31,391","7.56K","0.02%"
"21-05-2019","31,416","31,480","31,524","31,376","9.62K","-0.38%"
"20-05-2019","31,537","31,679","31,679","31,376","11.14K","-0.80%"
"17-05-2019","31,791","31,981","32,021","31,755","12.11K","-0.58%"
"16-05-2019","31,976","32,162","32,309","31,911","12.03K","-0.88%"
"15-05-2019","32,259","32,320","32,419","32,150","11.67K","0.06%"
"14-05-2019","32,241","32,450","32,454","32,231","11.40K","-0.79%"
"13-05-2019","32,498","31,987","32,538","31,862","16.39K","1.86%"
"10-05-2019","31,904","31,906","32,003","31,782","10.52K","-0.04%"
"09-05-2019","31,916","31,713","32,050","31,708","13.55K","0.73%"
"08-05-2019","31,685","31,750","31,925","31,660","11.16K","-0.14%"
"07-05-2019","31,729","31,585","31,745","31,517","9.36K","0.53%"
"06-05-2019","31,563","31,500","31,650","31,471","10.05K","0.37%"
"03-05-2019","31,447","31,331","31,475","31,240","10.87K","0.33%"
"02-05-2019","31,345","31,681","31,681","31,250","12.94K","-1.24%"
"01-05-2019","31,740","31,713","31,764","31,655","5.40K","-0.05%"
"30-04-2019","31,756","31,909","31,909","31,706","11.06K","-0.57%"
"26-04-2019","31,939","31,980","31,996","31,758","10.41K","0.09%"
"25-04-2019","31,911","31,786","32,025","31,704","10.58K","0.29%"
"24-04-2019","31,818","31,500","31,838","31,499","9.21K","0.81%"
"23-04-2019","31,562","31,606","31,640","31,450","10.93K","-0.11%"
"22-04-2019","31,596","31,550","31,780","31,550","8.65K","0.42%"
"18-04-2019","31,463","31,450","31,616","31,403","10.01K","-0.05%"
"17-04-2019","31,480","31,648","31,648","31,453","4.87K","-0.22%"
"16-04-2019","31,548","31,800","31,865","31,523","12.40K","-0.97%"
"15-04-2019","31,856","31,800","31,874","31,680","8.11K","-0.02%"
"12-04-2019","31,862","31,838","31,980","31,805","9.29K","0.35%"
"11-04-2019","31,750","32,232","32,232","31,734","13.29K","-1.64%"
"10-04-2019","32,281","32,161","32,293","32,086","10.14K","0.25%"
"09-04-2019","32,201","32,225","32,274","32,121","9.91K","0.05%"
"08-04-2019","32,186","31,900","32,287","31,900","9.52K","1.44%"
"05-04-2019","31,729","31,600","31,865","31,600","0.01K","0.75%"
"04-04-2019","31,492","31,471","31,501","31,471","0.01K","0.01%"
"03-04-2019","31,489","31,462","31,539","31,402","0.03K","0.00%"
"02-04-2019","31,490","31,547","32,430","31,450","0.07K","-0.11%"
"01-04-2019","31,526","31,695","31,710","31,510","1.13K","-0.66%"
"29-03-2019","31,734","31,588","31,819","31,500","8.68K","0.40%"
"28-03-2019","31,607","32,000","32,038","31,576","13.21K","-1.28%"
"27-03-2019","32,016","32,150","32,180","31,986","13.05K","-0.27%"
"26-03-2019","32,104","32,180","32,204","32,015","10.44K","-0.37%"
"25-03-2019","32,224","32,150","32,246","32,072","9.84K","0.26%"
"22-03-2019","32,140","31,852","32,165","31,620","14.79K","1.01%"
"21-03-2019","31,819","31,911","32,038","31,767","6.07K","0.38%"
"20-03-2019","31,697","31,907","31,939","31,665","12.30K","-0.82%"
"19-03-2019","31,960","31,725","32,006","31,657","11.51K","0.97%"
"18-03-2019","31,652","31,750","31,750","31,553","10.41K","-0.55%"
"15-03-2019","31,826","31,886","31,940","31,742","10.69K","0.06%"
"14-03-2019","31,808","32,153","32,192","31,781","13.35K","-1.24%"
"13-03-2019","32,207","32,050","32,319","32,050","12.52K","0.65%"
"12-03-2019","32,000","31,984","32,043","31,870","10.24K","0.33%"
"11-03-2019","31,896","32,124","32,154","31,875","11.06K","-0.84%"
"08-03-2019","32,167","31,970","32,227","31,940","12.38K","0.73%"
"07-03-2019","31,934","31,931","31,965","31,777","14.28K","-0.04%"
"06-03-2019","31,948","32,170","32,298","31,871","15.84K","-0.42%"
"05-03-2019","32,083","32,409","32,428","32,070","12.63K","-0.89%"
"04-03-2019","32,370","32,550","32,550","32,255","7.21K","-0.83%"
"01-03-2019","32,640","32,950","33,007","32,600","14.86K","-1.03%"
"28-02-2019","32,981","33,320","33,385","32,966","13.87K","-0.92%"
"27-02-2019","33,286","33,461","33,617","33,242","11.42K","-0.24%"
"26-02-2019","33,367","33,450","33,598","33,334","10.15K","0.20%"
"25-02-2019","33,300","33,511","33,539","33,277","8.86K","-0.65%"
"22-02-2019","33,517","33,448","33,560","33,330","11.52K","0.20%"
"21-02-2019","33,449","33,780","33,799","33,417","18.19K","-1.24%"
"20-02-2019","33,870","33,943","34,031","33,833","10.32K","-0.09%"
"19-02-2019","33,899","33,650","33,918","33,581","10.73K","0.87%"
"18-02-2019","33,608","33,450","33,625","33,450","6.50K","0.67%"
"15-02-2019","33,384","33,140","33,410","33,140","8.92K","0.92%"
"14-02-2019","33,079","32,950","33,107","32,874","9.13K","0.21%"
"13-02-2019","33,011","32,854","33,145","32,805","8.41K","0.49%"
"12-02-2019","32,851","32,995","33,075","32,813","8.53K","-0.59%"
"11-02-2019","33,046","33,200","33,200","32,908","8.75K","-0.59%"
"08-02-2019","33,242","33,199","33,258","33,011","8.69K","0.22%"
"07-02-2019","33,169","33,285","33,285","33,035","9.99K","-0.47%"
"06-02-2019","33,327","33,360","33,445","33,292","7.08K","0.25%"
"05-02-2019","33,245","33,400","33,449","33,081","0.02K","-0.28%"
"04-02-2019","33,339","33,750","33,750","33,180","0.11K","-0.20%"
"01-02-2019","33,405","33,057","33,464","32,953","1.74K","1.06%"
"31-01-2019","33,056","32,988","33,272","32,925","8.25K","0.48%"
"30-01-2019","32,899","32,918","32,989","32,827","8.64K","0.00%"
"29-01-2019","32,900","32,545","32,939","32,545","10.57K","1.08%"
"28-01-2019","32,547","32,340","32,589","32,340","7.37K","0.63%"
"25-01-2019","32,343","32,032","32,382","32,009","9.49K","1.03%"
"24-01-2019","32,013","32,138","32,151","31,981","7.95K","-0.40%"
"23-01-2019","32,140","32,159","32,217","32,057","7.91K","-0.06%"
"22-01-2019","32,160","31,998","32,194","31,957","8.66K","0.37%"
"21-01-2019","32,043","32,044","32,195","31,985","7.05K","-0.15%"
"18-01-2019","32,091","32,276","32,319","32,055","9.50K","-0.55%"
"17-01-2019","32,268","32,290","32,390","32,205","9.32K","-0.06%"
"16-01-2019","32,286","32,198","32,307","32,110","9.48K","0.33%"
"15-01-2019","32,180","32,130","32,277","32,110","10.51K","0.12%"
"14-01-2019","32,141","31,989","32,220","31,975","9.97K","0.67%"
"11-01-2019","31,928","31,953","32,076","31,895","9.14K","0.15%"
"10-01-2019","31,880","32,048","32,135","31,853","10.61K","-0.38%"
"09-01-2019","32,001","31,633","32,023","31,633","11.63K","0.82%"
"08-01-2019","31,741","31,618","31,760","31,565","10.08K","0.29%"
"07-01-2019","31,648","31,529","31,758","31,448","11.13K","0.61%"
"04-01-2019","31,456","31,879","31,879","31,441","12.11K","-1.05%"
"03-01-2019","31,789","31,700","31,938","31,681","11.91K","0.57%"
"02-01-2019","31,610","31,421","31,704","31,369","10.09K","0.60%"
"01-01-2019","31,422","31,409","31,461","31,357","2.07K","0.10%"
"31-12-2018","31,391","31,571","31,595","31,300","9.80K","-0.66%"
"28-12-2018","31,598","31,665","31,734","31,585","10.04K","-0.36%"
"27-12-2018","31,713","31,500","31,768","31,500","8.76K","0.49%"
"26-12-2018","31,559","31,470","31,740","31,470","10.27K","0.31%"
"24-12-2018","31,460","31,300","31,470","31,270","8.88K","0.86%"
"21-12-2018","31,193","31,244","31,387","31,148","9.68K","-0.38%"
"20-12-2018","31,311","31,159","31,343","31,002","13.63K","0.27%"
"19-12-2018","31,227","31,100","31,344","31,064","9.95K","0.21%"
"18-12-2018","31,163","31,530","31,563","31,134","12.48K","-1.48%"
"17-12-2018","31,630","31,496","31,659","31,411","6.65K","0.24%"
"14-12-2018","31,553","31,568","31,641","31,503","7.61K","0.08%"
"13-12-2018","31,527","31,636","31,698","31,486","8.06K","-0.65%"
"12-12-2018","31,732","31,817","31,838","31,692","8.14K","-0.64%"
"11-12-2018","31,935","31,949","31,988","31,740","9.65K","-0.29%"
"10-12-2018","32,028","31,647","32,118","31,530","12.29K","1.37%"
"07-12-2018","31,595","31,071","32,021","31,024","12.37K","1.63%"
"06-12-2018","31,089","31,150","31,296","31,062","10.33K","0.78%"
"05-12-2018","30,847","30,901","30,901","30,810","0.01K","-0.34%"
"04-12-2018","30,952","30,786","31,019","30,751","0.04K","0.66%"
"03-12-2018","30,748","30,392","30,853","30,392","0.43K","1.68%"
"30-11-2018","30,240","30,195","30,358","30,107","8.95K","0.12%"
"29-11-2018","30,204","30,338","30,339","30,155","8.12K","-0.76%"
"28-11-2018","30,434","30,365","30,578","30,250","9.02K","0.11%"
"27-11-2018","30,402","30,563","30,630","30,365","8.13K","-0.47%"
"26-11-2018","30,547","30,471","30,661","30,445","7.62K","0.17%"
"23-11-2018","30,495","30,540","30,548","30,412","3.37K","-0.37%"
"22-11-2018","30,609","30,855","30,880","30,568","7.46K","-0.70%"
"21-11-2018","30,825","30,775","30,895","30,725","7.09K","0.04%"
"20-11-2018","30,814","30,787","30,990","30,758","7.04K","-0.21%"
"19-11-2018","30,879","31,010","31,040","30,765","8.24K","-0.41%"
"16-11-2018","31,007","30,845","31,147","30,810","8.58K","0.60%"
"15-11-2018","30,821","30,924","30,937","30,720","7.28K","0.00%"
"14-11-2018","30,822","30,704","30,846","30,605","8.00K","0.17%"
"13-11-2018","30,769","30,909","30,919","30,751","7.16K","-0.75%"
"12-11-2018","31,001","31,100","31,169","30,969","6.43K","-0.05%"
"09-11-2018","31,016","31,310","31,372","30,942","7.95K","-1.24%"
"08-11-2018","31,406","31,501","31,501","31,212","4.91K","-0.58%"
"07-11-2018","31,589","31,687","31,687","31,551","1.71K","-0.18%"
"06-11-2018","31,646","31,718","31,876","31,632","7.65K","-0.18%"
"05-11-2018","31,702","31,736","31,835","31,681","7.12K","-0.15%"
"02-11-2018","31,750","31,821","31,835","31,600","12.46K","-0.45%"
"01-11-2018","31,892","31,787","31,938","31,745","9.54K","0.45%"
"31-10-2018","31,748","31,851","31,899","31,711","9.79K","-0.28%"
"30-10-2018","31,837","31,919","31,939","31,760","8.86K","-0.16%"
"29-10-2018","31,888","31,903","32,020","31,846","7.51K","-0.15%"
"26-10-2018","31,937","31,964","32,213","31,901","15.77K","0.24%"
"25-10-2018","31,861","32,114","32,114","31,841","11.68K","-0.16%"
"24-10-2018","31,913","31,970","32,029","31,785","10.65K","-0.47%"
"23-10-2018","32,064","31,965","32,280","31,958","13.04K","0.53%"
"22-10-2018","31,894","31,880","31,916","31,800","6.47K","-0.03%"
"19-10-2018","31,902","32,047","32,047","31,863","6.92K","-0.53%"
"18-10-2018","32,072","31,937","32,097","31,826","4.79K","0.66%"
"17-10-2018","31,861","31,834","32,020","31,783","8.24K","-0.02%"
"16-10-2018","31,868","32,072","32,160","31,851","9.90K","-0.62%"
"15-10-2018","32,066","31,900","32,311","31,831","12.86K","0.69%"
"12-10-2018","31,846","31,898","31,898","31,730","8.34K","-0.45%"
"11-10-2018","31,991","31,447","32,014","31,431","14.88K","1.94%"
"10-10-2018","31,381","31,366","31,395","31,267","6.28K","0.31%"
"09-10-2018","31,283","31,305","31,400","31,231","7.15K","0.20%"
"08-10-2018","31,220","31,531","31,531","31,202","9.59K","0.21%"
"05-10-2018","31,154","30,950","31,429","30,925","0.01K","0.08%"
"04-10-2018","31,130","31,053","31,180","31,000","0.03K","0.39%"
"03-10-2018","31,009","31,350","31,350","30,840","0.10K","1.36%"
"01-10-2018","30,592","30,501","30,694","30,370","0.86K","0.36%"
"28-09-2018","30,481","30,328","30,520","30,220","7.80K","0.52%"
"27-09-2018","30,324","30,635","30,665","30,300","10.22K","-0.88%"
"26-09-2018","30,593","30,800","30,810","30,567","10.01K","-0.73%"
"25-09-2018","30,819","30,797","30,847","30,730","8.81K","-0.07%"
"24-09-2018","30,842","30,613","30,892","30,595","9.00K","0.85%"
"21-09-2018","30,582","30,700","30,904","30,485","13.38K","-0.06%"
"20-09-2018","30,599","30,600","30,670","30,562","3.93K","-0.09%"
"19-09-2018","30,627","30,716","30,928","30,613","11.31K","-0.54%"
"18-09-2018","30,793","30,707","30,928","30,644","9.41K","0.06%"
"17-09-2018","30,776","30,558","30,800","30,558","11.69K","1.12%"
"14-09-2018","30,436","30,533","30,637","30,370","10.63K","-0.05%"
"13-09-2018","30,450","30,604","30,679","30,424","5.37K","-0.66%"
"12-09-2018","30,651","30,721","30,765","30,410","13.76K","-0.21%"
"11-09-2018","30,717","30,630","30,738","30,535","9.95K","0.01%"
"10-09-2018","30,715","30,569","30,729","30,495","8.72K","0.72%"
"07-09-2018","30,494","30,544","30,544","30,385","8.84K","-0.17%"
"06-09-2018","30,547","30,400","30,700","30,400","12.75K","0.77%"
"05-09-2018","30,315","30,219","30,437","30,219","8.71K","0.45%"
"04-09-2018","30,178","30,265","30,298","30,137","9.61K","-0.49%"
"03-09-2018","30,327","30,100","30,347","30,070","6.78K","0.66%"
"31-08-2018","30,129","30,294","30,359","30,110","10.13K","-0.14%"
"30-08-2018","30,170","30,151","30,316","30,110","9.35K","-0.06%"
"29-08-2018","30,188","30,004","30,200","30,003","7.96K","0.55%"
"28-08-2018","30,024","30,055","30,210","30,001","9.00K","0.07%"
"27-08-2018","30,002","29,910","30,081","29,883","6.68K","0.33%"
"24-08-2018","29,903","29,600","29,967","29,570","9.85K","1.00%"
"23-08-2018","29,608","29,628","29,680","29,540","7.26K","-0.24%"
"22-08-2018","29,678","29,700","29,795","29,636","4.74K","0.25%"
"21-08-2018","29,605","29,548","29,627","29,501","6.88K","0.37%"
"20-08-2018","29,497","29,465","29,525","29,423","5.91K","0.50%"
"17-08-2018","29,349","29,330","29,451","29,268","6.59K","0.06%"
"16-08-2018","29,330","29,600","29,600","29,283","10.98K","-1.36%"
"14-08-2018","29,735","29,700","29,817","29,640","6.15K","0.03%"
"13-08-2018","29,725","29,826","29,893","29,705","8.96K","-0.19%"
"10-08-2018","29,783","29,696","29,815","29,602","7.34K","0.39%"
"09-08-2018","29,668","29,640","29,734","29,585","5.71K","0.20%"
"08-08-2018","29,610","29,626","29,694","29,546","6.90K","0.04%"
"07-08-2018","29,597","29,668","29,734","29,585","5.90K","-0.11%"
"06-08-2018","29,629","29,690","29,697","29,610","4.24K","0.48%"
"03-08-2018","29,486","29,411","29,900","29,400","0.01K","0.00%"
"02-08-2018","29,487","29,480","29,565","29,451","0.13K","0.22%"
"01-08-2018","29,422","29,615","29,670","29,369","0.62K","-0.78%"
"31-07-2018","29,653","29,705","29,726","29,565","5.42K","-0.31%"
"30-07-2018","29,745","29,705","29,792","29,687","4.54K","-0.12%"
"27-07-2018","29,780","29,750","29,825","29,652","7.37K","-0.03%"
"26-07-2018","29,788","29,841","29,904","29,771","6.16K","-0.42%"
"25-07-2018","29,915","29,811","29,988","29,791","7.27K","0.17%"
"24-07-2018","29,863","29,845","29,932","29,731","6.92K","-0.03%"
"23-07-2018","29,872","29,921","29,984","29,825","6.58K","-0.16%"
"20-07-2018","29,920","29,800","29,960","29,733","5.60K","0.12%"
"19-07-2018","29,885","29,800","29,945","29,658","7.32K","0.40%"
"18-07-2018","29,766","29,751","29,780","29,638","7.03K","0.12%"
"17-07-2018","29,729","30,019","30,087","29,701","8.38K","-1.17%"
"16-07-2018","30,080","30,177","30,225","30,060","4.81K","-0.08%"
"13-07-2018","30,105","30,146","30,183","30,014","6.46K","-0.14%"
"12-07-2018","30,147","30,240","30,290","30,137","6.41K","-0.54%"
"11-07-2018","30,310","30,479","30,515","30,291","5.49K","-0.71%"
"10-07-2018","30,528","30,650","30,655","30,404","7.19K","-0.29%"
"09-07-2018","30,617","30,611","30,778","30,600","6.68K","0.19%"
"06-07-2018","30,560","30,737","30,737","30,546","4.71K","-0.29%"
"05-07-2018","30,650","30,617","30,718","30,545","6.09K","0.12%"
"04-07-2018","30,614","30,561","30,650","30,531","4.97K","0.40%"
"03-07-2018","30,493","30,321","30,573","30,244","8.76K","0.67%"
"02-07-2018","30,289","30,399","30,518","30,270","7.10K","-0.47%"
"29-06-2018","30,432","30,460","30,505","30,356","7.64K","-0.25%"
"28-06-2018","30,508","30,669","30,689","30,475","6.58K","-0.61%"
"27-06-2018","30,695","30,530","30,720","30,516","7.86K","0.46%"
"26-06-2018","30,554","30,628","30,641","30,452","7.40K","-0.34%"
"25-06-2018","30,657","30,655","30,738","30,621","5.02K","0.15%"
"22-06-2018","30,610","30,567","30,656","30,551","5.74K","-0.02%"
"21-06-2018","30,616","30,750","30,750","30,515","8.10K","-0.54%"
"20-06-2018","30,781","30,870","30,885","30,757","5.68K","-0.36%"
"19-06-2018","30,891","31,035","31,098","30,875","8.65K","-0.27%"
"18-06-2018","30,974","30,975","31,026","30,929","5.98K","-0.12%"
"15-06-2018","31,010","31,393","31,424","30,958","11.93K","-1.17%"
"14-06-2018","31,377","31,192","31,418","31,192","8.68K","0.75%"
"13-06-2018","31,143","31,141","31,187","31,107","4.00K","-0.04%"
"12-06-2018","31,156","31,173","31,208","31,075","6.34K","-0.19%"
"11-06-2018","31,216","31,186","31,260","31,075","6.22K","0.00%"
"08-06-2018","31,215","31,153","31,334","31,060","6.71K","0.07%"
"07-06-2018","31,193","30,950","31,216","30,943","8.32K","1.08%"
"06-06-2018","30,861","30,981","31,024","30,840","6.27K","0.73%"
"05-06-2018","30,637","30,670","30,680","30,600","0.02K","-0.16%"
"04-06-2018","30,685","30,700","30,704","30,540","0.05K","0.46%"
"01-06-2018","30,546","30,704","30,777","30,500","1.05K","-0.92%"
"31-05-2018","30,831","31,066","31,113","30,785","6.31K","-0.66%"
"30-05-2018","31,035","31,150","31,150","30,926","8.56K","-0.49%"
"29-05-2018","31,188","31,050","31,325","31,025","11.20K","0.73%"
"28-05-2018","30,963","31,150","31,150","30,888","7.13K","-0.72%"
"25-05-2018","31,189","31,370","31,428","31,165","8.56K","-0.91%"
"24-05-2018","31,474","31,258","31,510","31,238","8.91K","0.93%"
"23-05-2018","31,183","31,125","31,389","31,095","10.47K","0.24%"
"22-05-2018","31,108","31,100","31,160","30,990","6.71K","-0.01%"
"21-05-2018","31,112","31,040","31,127","30,912","6.77K","0.07%"
"18-05-2018","31,091","30,944","31,110","30,944","6.10K","0.36%"
"17-05-2018","30,978","30,976","30,995","30,851","7.91K","-0.06%"
"16-05-2018","30,997","31,160","31,160","30,925","8.68K","-0.57%"
"15-05-2018","31,175","31,450","31,516","31,161","11.82K","-1.04%"
"14-05-2018","31,504","31,450","31,579","31,384","6.24K","-0.04%"
"11-05-2018","31,518","31,380","31,570","31,363","6.91K","0.49%"
"10-05-2018","31,365","31,353","31,487","31,241","9.92K","0.18%"
"09-05-2018","31,309","31,250","31,375","31,163","9.17K","0.32%"
"08-05-2018","31,210","31,228","31,252","31,078","8.20K","-0.15%"
"07-05-2018","31,258","31,150","31,310","31,150","6.74K","0.46%"
"04-05-2018","31,114","31,020","31,139","30,990","6.80K","0.22%"
"03-05-2018","31,046","30,941","31,122","30,878","8.82K","0.39%"
"02-05-2018","30,925","31,014","31,014","30,901","7.05K","-0.01%"
"01-05-2018","30,929","30,950","30,971","30,865","5.12K","-0.34%"
"30-04-2018","31,036","31,170","31,170","30,925","9.30K","-0.56%"
"27-04-2018","31,211","31,166","31,277","31,126","5.43K","-0.13%"
"26-04-2018","31,252","31,332","31,372","31,183","7.40K","-0.49%"
"25-04-2018","31,406","31,417","31,430","31,329","6.60K","0.11%"
"24-04-2018","31,372","31,257","31,395","31,203","7.11K","0.30%"
"23-04-2018","31,277","31,370","31,385","31,211","7.65K","-0.49%"
"20-04-2018","31,432","31,522","31,564","31,396","6.40K","-0.53%"
"19-04-2018","31,598","31,567","31,620","31,430","7.68K","0.20%"
"18-04-2018","31,534","31,350","31,591","31,291","8.62K","0.48%"
"17-04-2018","31,383","31,272","31,396","31,190","9.24K","0.27%"
"16-04-2018","31,298","31,200","31,355","31,155","8.14K","0.58%"
"13-04-2018","31,118","31,031","31,185","30,870","8.39K","0.37%"
"12-04-2018","31,002","31,306","31,335","30,965","10.88K","-1.13%"
"11-04-2018","31,355","30,950","31,562","30,931","13.41K","1.47%"
"10-04-2018","30,900","30,701","30,936","30,675","7.42K","0.46%"
"09-04-2018","30,759","30,659","30,779","30,642","6.70K","0.21%"
"06-04-2018","30,694","30,640","30,749","30,500","11.83K","0.72%"
"05-04-2018","30,476","30,650","30,700","30,350","0.02K","-0.80%"
"04-04-2018","30,722","30,765","30,970","30,550","0.06K","0.29%"
"03-04-2018","30,634","30,681","30,899","30,582","0.30K","-0.96%"
"02-04-2018","30,931","30,545","30,995","30,521","1.75K","1.72%"
"29-03-2018","30,408","30,546","30,550","30,378","2.57K","-0.37%"
"28-03-2018","30,521","30,775","30,775","30,500","7.55K","-0.58%"
"27-03-2018","30,699","30,864","30,904","30,664","10.55K","-0.66%"
"26-03-2018","30,902","30,855","30,929","30,760","7.56K","-0.02%"
"23-03-2018","30,907","30,625","30,950","30,625","10.93K","1.36%"
"22-03-2018","30,493","30,530","30,615","30,465","9.25K","0.14%"
"21-03-2018","30,449","30,270","30,525","30,251","9.82K","0.61%"
"20-03-2018","30,263","30,351","30,356","30,185","9.26K","-0.51%"
"19-03-2018","30,418","30,180","30,439","30,095","9.87K","0.64%"
"16-03-2018","30,224","30,255","30,349","30,145","9.01K","-0.25%"
"15-03-2018","30,299","30,433","30,473","30,264","7.75K","-0.35%"
"14-03-2018","30,405","30,420","30,546","30,356","8.37K","0.09%"
"13-03-2018","30,377","30,322","30,409","30,237","9.86K","0.15%"
"12-03-2018","30,332","30,403","30,427","30,267","6.41K","-0.23%"
"09-03-2018","30,401","30,384","30,470","30,280","9.75K","-0.09%"
"08-03-2018","30,429","30,477","30,546","30,396","7.26K","-0.15%"
"07-03-2018","30,474","30,650","30,650","30,394","8.20K","-0.32%"
"06-03-2018","30,573","30,397","30,687","30,362","9.73K","0.73%"
"05-03-2018","30,352","30,460","30,548","30,341","6.15K","-0.32%"
"02-03-2018","30,448","30,250","30,528","30,250","4.87K","0.94%"
"01-03-2018","30,165","30,320","30,320","30,119","7.91K","-0.70%"
"28-02-2018","30,379","30,310","30,446","30,287","7.48K","0.28%"
"27-02-2018","30,295","30,540","30,610","30,272","9.75K","-0.77%"
"26-02-2018","30,531","30,526","30,644","30,501","6.99K","0.07%"
"23-02-2018","30,509","30,501","30,525","30,427","5.68K","-0.21%"
"22-02-2018","30,573","30,459","30,590","30,400","7.36K","0.32%"
"21-02-2018","30,476","30,451","30,539","30,387","7.87K","-0.18%"
"20-02-2018","30,532","30,629","30,774","30,511","9.45K","-0.68%"
"19-02-2018","30,742","30,763","30,792","30,725","4.28K","-0.24%"
"16-02-2018","30,816","30,650","30,839","30,650","9.08K","0.78%"
"15-02-2018","30,579","30,641","30,681","30,531","8.33K","-0.15%"
"14-02-2018","30,624","30,250","30,687","30,043","11.44K","1.34%"
"13-02-2018","30,218","30,200","30,250","30,102","3.23K","0.22%"
"12-02-2018","30,152","30,118","30,178","30,030","5.84K","0.48%"
"09-02-2018","30,009","30,055","30,102","29,891","9.13K","-0.33%"
"08-02-2018","30,107","29,950","30,173","29,805","9.85K","0.37%"
"07-02-2018","29,995","30,223","30,250","29,972","8.27K","-0.64%"
"06-02-2018","30,187","30,350","30,714","30,165","11.15K","-0.25%"
"05-02-2018","30,262","30,420","30,420","30,222","0.29K","-0.35%"
"02-02-2018","30,367","30,660","30,720","30,244","0.77K","-0.45%"
"01-02-2018","30,505","30,189","30,570","30,041","1.54K","1.29%"
"31-01-2018","30,117","30,069","30,167","30,052","5.95K","0.22%"
"30-01-2018","30,052","29,978","30,170","29,954","8.58K","-0.03%"
"29-01-2018","30,060","30,150","30,150","29,980","6.91K","-0.99%"
"25-01-2018","30,361","30,300","30,464","30,170","7.04K","0.37%"
"24-01-2018","30,249","29,935","30,291","29,916","9.18K","1.13%"
"23-01-2018","29,911","29,873","29,932","29,781","6.74K","0.26%"
"22-01-2018","29,834","29,699","29,863","29,699","7.06K","0.27%"
"19-01-2018","29,755","29,601","29,780","29,595","5.57K","0.37%"
"18-01-2018","29,645","29,650","29,700","29,550","6.35K","-0.38%"
"17-01-2018","29,757","29,801","29,829","29,680","6.27K","-0.22%"
"16-01-2018","29,822","29,799","29,850","29,740","7.66K","0.24%"
"15-01-2018","29,752","29,600","29,779","29,600","5.50K","0.69%"
"12-01-2018","29,547","29,450","29,580","29,420","8.19K","0.53%"
"11-01-2018","29,390","29,309","29,406","29,293","6.58K","0.23%"
"10-01-2018","29,324","29,135","29,430","29,121","10.08K","0.58%"
"09-01-2018","29,156","29,258","29,267","29,140","6.24K","-0.36%"
"08-01-2018","29,261","29,193","29,299","29,165","5.64K","0.15%"
"05-01-2018","29,217","29,250","29,284","29,155","5.81K","-0.04%"
"04-01-2018","29,230","29,187","29,245","29,061","7.36K","0.02%"
"03-01-2018","29,225","29,193","29,270","29,165","5.89K","0.22%"
"02-01-2018","29,162","29,150","29,225","29,111","5.17K","0.13%"
"01-01-2018","29,123","29,160","29,184","29,101","1.47K","-0.11%"
"29-12-2017","29,156","29,030","29,175","28,955","6.90K","0.50%"
"28-12-2017","29,012","28,970","29,078","28,910","6.11K","0.24%"
"27-12-2017","28,942","28,805","28,959","28,805","5.53K","0.39%"
"26-12-2017","28,829","28,676","28,839","28,676","3.60K","0.61%"
"22-12-2017","28,653","28,484","28,666","28,465","5.38K","0.53%"
"21-12-2017","28,501","28,502","28,550","28,433","5.25K","0.03%"
"20-12-2017","28,493","28,452","28,524","28,438","5.02K","0.31%"
"19-12-2017","28,405","28,462","28,494","28,374","4.82K","-0.23%"
"18-12-2017","28,470","28,358","28,490","28,291","4.96K","0.76%"
"15-12-2017","28,254","28,273","28,399","28,205","5.29K","-0.22%"
"14-12-2017","28,317","28,365","28,429","28,221","6.59K","0.43%"
"13-12-2017","28,195","28,200","28,254","28,102","5.28K","0.19%"
"12-12-2017","28,142","28,365","28,368","28,055","7.64K","-0.72%"
"11-12-2017","28,347","28,535","28,535","28,334","6.26K","-0.65%"
"08-12-2017","28,533","28,650","28,650","28,471","7.47K","-0.47%"
"07-12-2017","28,667","28,916","28,924","28,653","7.41K","-1.04%"
"06-12-2017","28,967","28,960","29,046","28,931","5.83K","0.12%"
"05-12-2017","28,932","29,068","29,109","28,800","0.01K","-0.33%"
"04-12-2017","29,027","29,029","29,187","29,000","0.05K","-0.62%"
"01-12-2017","29,209","29,099","29,269","29,040","0.89K","0.68%"
"30-11-2017","29,012","29,205","29,276","28,950","5.67K","-0.72%"
"29-11-2017","29,223","29,438","29,457","29,200","6.74K","-0.58%"
"28-11-2017","29,393","29,480","29,489","29,368","6.05K","-0.35%"
"27-11-2017","29,497","29,430","29,533","29,410","6.58K","0.40%"
"24-11-2017","29,380","29,507","29,527","29,367","4.96K","-0.20%"
"23-11-2017","29,439","29,515","29,533","29,410","4.72K","-0.31%"
"22-11-2017","29,530","29,324","29,549","29,285","6.69K","0.62%"
"21-11-2017","29,347","29,408","29,440","29,276","7.20K","-0.08%"
"20-11-2017","29,370","29,646","29,725","29,344","8.00K","-1.08%"
"17-11-2017","29,690","29,420","29,725","29,351","7.75K","0.63%"
"16-11-2017","29,503","29,501","29,536","29,445","5.56K","-0.07%"
"15-11-2017","29,525","29,600","29,745","29,500","7.98K","-0.33%"
"14-11-2017","29,622","29,502","29,662","29,427","8.74K","0.04%"
"13-11-2017","29,611","29,482","29,624","29,463","5.65K","0.41%"
"10-11-2017","29,491","29,625","29,696","29,466","7.66K","-0.57%"
"09-11-2017","29,661","29,467","29,687","29,454","8.45K","0.43%"
"08-11-2017","29,535","29,474","29,583","29,420","6.89K","0.33%"
"07-11-2017","29,437","29,318","29,470","29,316","7.34K","0.32%"
"06-11-2017","29,344","29,200","29,372","29,109","6.47K","0.88%"
"03-11-2017","29,088","29,253","29,280","29,069","7.07K","-0.53%"
"02-11-2017","29,244","29,214","29,370","29,200","7.47K","0.08%"
"01-11-2017","29,221","29,150","29,342","29,090","8.77K","0.23%"
"31-10-2017","29,153","29,330","29,368","29,136","8.31K","-0.79%"
"30-10-2017","29,384","29,295","29,410","29,229","6.01K","0.23%"
"27-10-2017","29,318","29,250","29,340","29,209","7.35K","0.16%"
"26-10-2017","29,270","29,393","29,470","29,242","8.30K","-0.42%"
"25-10-2017","29,394","29,463","29,472","29,306","8.92K","-0.50%"
"24-10-2017","29,541","29,571","29,574","29,467","6.51K","0.01%"
"23-10-2017","29,537","29,500","29,591","29,384","6.62K","-0.06%"
"20-10-2017","29,554","29,572","29,637","29,535","2.64K","-0.42%"
"19-10-2017","29,679","29,631","29,697","29,612","1.52K","0.38%"
"18-10-2017","29,568","29,647","29,677","29,522","4.73K","-0.10%"
"17-10-2017","29,598","29,810","29,810","29,570","7.48K","-0.86%"
"16-10-2017","29,854","29,839","29,955","29,813","6.20K","0.01%"
"13-10-2017","29,851","29,805","29,868","29,720","8.19K","0.12%"
"12-10-2017","29,814","29,775","29,900","29,710","6.81K","0.36%"
"11-10-2017","29,707","29,780","29,822","29,690","6.10K","-0.40%"
"10-10-2017","29,825","29,780","29,859","29,751","7.04K","0.31%"
"09-10-2017","29,732","29,698","29,772","29,664","5.83K","0.54%"
"06-10-2017","29,573","29,361","29,598","29,312","10.41K","0.80%"
"05-10-2017","29,337","29,367","29,430","29,310","0.08K","0.16%"
"04-10-2017","29,290","29,413","29,455","29,260","0.31K","-0.22%"
"03-10-2017","29,355","29,500","29,500","29,300","1.05K","-0.68%"
"29-09-2017","29,557","29,604","29,671","29,526","7.79K","-0.17%"
"28-09-2017","29,608","29,663","29,686","29,522","8.43K","-0.17%"
"27-09-2017","29,658","29,840","29,928","29,626","9.28K","-0.72%"
"26-09-2017","29,872","30,100","30,169","29,780","11.18K","-0.56%"
"25-09-2017","30,039","29,510","30,129","29,510","10.18K","1.53%"
"22-09-2017","29,585","29,650","29,746","29,556","8.58K","0.07%"
"21-09-2017","29,564","29,555","29,623","29,443","11.62K","-0.71%"
"20-09-2017","29,774","29,693","29,799","29,680","7.92K","0.52%"
"19-09-2017","29,621","29,566","29,682","29,546","8.62K","0.25%"
"18-09-2017","29,547","29,820","29,820","29,538","9.04K","-1.03%"
"15-09-2017","29,856","30,022","30,040","29,825","9.54K","-0.51%"
"14-09-2017","30,010","29,807","30,050","29,765","11.10K","0.41%"
"13-09-2017","29,886","29,999","30,058","29,820","9.71K","-0.19%"
"12-09-2017","29,943","29,911","29,971","29,820","8.28K","0.03%"
"11-09-2017","29,933","30,200","30,200","29,917","7.59K","-1.11%"
"08-09-2017","30,268","30,382","30,474","30,210","10.51K","-0.05%"
"07-09-2017","30,282","30,076","30,368","30,055","10.83K","0.69%"
"06-09-2017","30,075","30,245","30,286","30,035","9.03K","-0.49%"
"05-09-2017","30,223","30,178","30,243","29,955","12.05K","0.39%"
"04-09-2017","30,105","30,011","30,267","30,011","8.89K","0.95%"
"01-09-2017","29,823","29,735","29,880","29,688","9.75K","0.26%"
"31-08-2017","29,745","29,500","29,767","29,412","10.31K","0.64%"
"30-08-2017","29,555","29,641","29,641","29,466","10.39K","-0.36%"
"29-08-2017","29,662","29,550","29,937","29,550","13.13K","0.54%"
"28-08-2017","29,503","29,195","29,518","29,173","10.80K","1.15%"
"25-08-2017","29,167","29,096","29,224","28,777","7.63K","0.23%"
"24-08-2017","29,099","29,142","29,182","29,046","7.54K","-0.22%"
"23-08-2017","29,164","29,106","29,214","29,074","8.27K","0.20%"
"22-08-2017","29,105","29,238","29,238","29,036","10.05K","-0.61%"
"21-08-2017","29,283","29,125","29,314","29,079","9.85K","0.41%"
"18-08-2017","29,163","29,170","29,443","29,075","13.29K","0.04%"
"17-08-2017","29,151","29,050","29,229","29,050","9.18K","0.69%"
"16-08-2017","28,952","28,950","28,970","28,800","9.71K","-0.44%"
"14-08-2017","29,080","29,114","29,163","29,023","7.63K","-0.42%"
"11-08-2017","29,203","29,199","29,295","29,071","10.91K","0.09%"
"10-08-2017","29,176","28,900","29,223","28,900","11.25K","1.15%"
"09-08-2017","28,844","28,520","28,865","28,520","10.51K","1.64%"
"08-08-2017","28,379","28,462","28,529","28,300","8.52K","-0.27%"
"07-08-2017","28,457","28,389","28,488","28,372","5.20K","-0.41%"
"04-08-2017","28,573","28,487","28,666","28,435","0.09K","0.30%"
"03-08-2017","28,487","28,383","28,499","28,300","0.07K","0.18%"
"02-08-2017","28,437","28,420","28,509","28,400","0.41K","0.12%"
"01-08-2017","28,404","28,521","28,569","28,350","1.03K","-0.54%"
"31-07-2017","28,557","28,473","28,620","28,467","5.80K","-0.08%"
"28-07-2017","28,580","28,477","28,595","28,395","7.42K","0.37%"
"27-07-2017","28,476","28,600","28,607","28,367","9.93K","0.32%"
"26-07-2017","28,384","28,400","28,403","28,304","7.81K","-0.33%"
"25-07-2017","28,478","28,538","28,579","28,392","9.36K","-0.13%"
"24-07-2017","28,516","28,563","28,610","28,500","7.13K","-0.09%"
"21-07-2017","28,541","28,327","28,559","28,283","7.65K","0.74%"
"20-07-2017","28,331","28,217","28,380","28,131","10.72K","0.29%"
"19-07-2017","28,250","28,255","28,260","28,121","8.18K","-0.01%"
"18-07-2017","28,253","28,138","28,285","28,125","8.88K","0.47%"
"17-07-2017","28,120","28,050","28,143","28,025","8.85K","0.44%"
"14-07-2017","27,996","27,823","28,073","27,771","10.35K","0.57%"
"13-07-2017","27,837","27,950","27,957","27,812","7.67K","-0.05%"
"12-07-2017","27,851","27,915","27,977","27,802","9.29K","0.06%"
"11-07-2017","27,834","27,742","27,870","27,678","8.99K","0.14%"
"10-07-2017","27,794","27,732","27,820","27,603","11.05K","0.04%"
"07-07-2017","27,784","28,050","28,118","27,724","13.70K","-1.18%"
"06-07-2017","28,116","28,170","28,188","28,092","8.58K","0.03%"
"05-07-2017","28,107","28,170","28,191","28,005","11.93K","-0.03%"
"04-07-2017","28,115","28,073","28,213","28,073","7.97K","0.10%"
"03-07-2017","28,086","28,421","28,421","28,067","13.17K","-1.24%"
"30-06-2017","28,439","28,609","28,609","28,405","9.16K","-0.59%"
"29-06-2017","28,608","28,623","28,629","28,431","10.70K","0.14%"
"28-06-2017","28,567","28,610","28,725","28,508","9.94K","0.05%"
"27-06-2017","28,553","28,480","28,648","28,473","9.56K","0.15%"
"26-06-2017","28,510","28,450","28,527","28,350","5.24K","-0.78%"
"23-06-2017","28,734","28,683","28,820","28,680","7.13K","0.37%"
"22-06-2017","28,629","28,645","28,749","28,620","7.35K","0.18%"
"21-06-2017","28,577","28,590","28,634","28,448","8.44K","0.18%"
"20-06-2017","28,526","28,533","28,599","28,487","8.39K","-0.06%"
"19-06-2017","28,542","28,650","28,650","28,526","7.62K","-0.52%"
"16-06-2017","28,690","28,770","28,799","28,675","6.66K","-0.27%"
"15-06-2017","28,768","28,950","28,950","28,705","10.43K","-0.90%"
"14-06-2017","29,030","29,050","29,087","28,880","9.73K","0.30%"
"13-06-2017","28,944","28,987","28,991","28,810","8.36K","-0.17%"
"12-06-2017","28,993","28,951","29,049","28,930","8.85K","-0.09%"
"09-06-2017","29,019","29,101","29,101","28,905","9.19K","-0.38%"
"08-06-2017","29,131","29,350","29,405","29,020","11.50K","-1.05%"
"07-06-2017","29,440","29,524","29,544","29,388","9.48K","-0.43%"
"06-06-2017","29,567","29,280","29,585","29,280","10.75K","1.87%"
"05-06-2017","29,024","29,074","29,080","28,953","0.04K","0.53%"
"02-06-2017","28,871","28,629","28,905","28,600","0.11K","0.76%"
"01-06-2017","28,652","28,770","28,777","28,550","0.81K","-0.66%"
"31-05-2017","28,843","28,705","28,880","28,643","5.62K","0.35%"
"30-05-2017","28,741","28,949","28,986","28,712","8.65K","-0.55%"
"29-05-2017","28,900","28,870","28,941","28,832","4.76K","0.04%"
"26-05-2017","28,888","28,715","28,904","28,705","8.63K","0.79%"
"25-05-2017","28,661","28,750","28,765","28,630","7.82K","-0.18%"
"24-05-2017","28,713","28,750","28,760","28,645","8.03K","-0.34%"
"23-05-2017","28,811","28,850","28,935","28,755","10.16K","0.09%"
"22-05-2017","28,785","28,593","28,800","28,564","8.15K","0.52%"
"19-05-2017","28,635","28,647","28,785","28,530","9.63K","-0.24%"
"18-05-2017","28,705","28,650","29,004","28,567","17.26K","0.30%"
"17-05-2017","28,619","28,150","28,645","28,150","12.48K","1.87%"
"16-05-2017","28,094","28,020","28,135","28,020","7.84K","0.36%"
"15-05-2017","27,992","28,024","28,142","27,982","9.57K","-0.05%"
"12-05-2017","28,005","28,008","28,129","27,972","7.93K","0.00%"
"11-05-2017","28,004","27,984","28,093","27,932","8.90K","0.03%"
"10-05-2017","27,996","28,086","28,145","27,970","7.40K","0.09%"
"09-05-2017","27,971","28,141","28,174","27,951","10.88K","-0.43%"
"08-05-2017","28,091","28,118","28,237","28,071","7.87K","0.07%"
"05-05-2017","28,072","28,140","28,250","28,055","9.84K","0.00%"
"04-05-2017","28,072","28,371","28,371","28,020","11.10K","-1.40%"
"03-05-2017","28,472","28,572","28,597","28,405","8.52K","-0.38%"
"02-05-2017","28,582","28,620","28,646","28,554","7.28K","-0.25%"
"01-05-2017","28,653","28,777","28,894","28,636","5.32K","-0.76%"
"28-04-2017","28,873","28,813","28,897","28,790","6.49K","0.36%"
"27-04-2017","28,769","28,789","28,817","28,703","7.70K","0.17%"
"26-04-2017","28,719","28,753","28,821","28,660","9.21K","-0.33%"
"25-04-2017","28,814","29,070","29,070","28,765","10.43K","-1.09%"
"24-04-2017","29,131","29,250","29,250","28,960","11.02K","-0.98%"
"21-04-2017","29,418","29,273","29,447","29,223","8.15K","0.42%"
"20-04-2017","29,295","29,254","29,342","29,203","8.58K","-0.03%"
"19-04-2017","29,305","29,414","29,414","29,201","9.08K","-0.71%"
"18-04-2017","29,514","29,401","29,539","29,252","11.90K","0.29%"
"17-04-2017","29,430","29,450","29,483","29,370","9.12K","0.07%"
"13-04-2017","29,409","29,300","29,433","29,281","9.28K","0.62%"
"12-04-2017","29,229","29,216","29,297","29,167","9.08K","0.12%"
"11-04-2017","29,193","28,840","29,229","28,765","12.36K","1.58%"
"10-04-2017","28,739","28,682","28,800","28,621","8.04K","0.19%"
"07-04-2017","28,684","28,884","29,000","28,661","12.23K","-0.13%"
"06-04-2017","28,721","28,935","28,950","28,701","8.22K","0.15%"
"05-04-2017","28,677","28,860","28,890","28,635","0.30K","-0.64%"
"04-04-2017","28,862","28,820","28,963","28,816","0.27K","0.56%"
"03-04-2017","28,702","28,420","28,734","28,404","0.86K","0.84%"
"31-03-2017","28,463","28,460","28,527","28,420","4.87K","-0.28%"
"30-03-2017","28,542","28,695","28,720","28,501","6.60K","-0.56%"
"29-03-2017","28,703","28,751","28,751","28,626","7.50K","-0.50%"
"28-03-2017","28,848","28,799","28,892","28,760","7.43K","0.14%"
"27-03-2017","28,807","28,870","28,938","28,762","6.51K","0.05%"
"24-03-2017","28,793","28,763","28,828","28,703","6.50K","-0.02%"
"23-03-2017","28,800","28,819","28,948","28,750","9.69K","-0.29%"
"22-03-2017","28,885","28,811","28,929","28,803","9.95K","0.12%"
"21-03-2017","28,851","28,450","28,881","28,392","11.76K","1.21%"
"20-03-2017","28,505","28,550","28,599","28,490","6.77K","-0.01%"
"17-03-2017","28,509","28,390","28,530","28,390","6.42K","0.34%"
"16-03-2017","28,411","28,325","28,540","28,325","11.38K","1.52%"
"15-03-2017","27,985","28,054","28,054","27,907","8.24K","-0.32%"
"14-03-2017","28,076","28,250","28,279","28,055","8.09K","-0.62%"
"13-03-2017","28,251","28,420","28,420","28,210","3.19K","-0.41%"
"10-03-2017","28,366","28,350","28,464","28,251","9.45K","-0.28%"
"09-03-2017","28,446","28,550","28,597","28,402","10.13K","-0.64%"
"08-03-2017","28,629","28,774","28,775","28,581","9.22K","-0.42%"
"07-03-2017","28,751","28,941","28,949","28,721","9.60K","-0.67%"
"06-03-2017","28,945","29,100","29,189","28,923","8.14K","-0.26%"
"03-03-2017","29,020","29,168","29,200","28,952","10.01K","-0.51%"
"02-03-2017","29,170","29,419","29,422","29,143","10.54K","-0.88%"
"01-03-2017","29,428","29,451","29,453","29,266","9.95K","-0.47%"
"28-02-2017","29,566","29,650","29,650","29,500","8.86K","-0.48%"
"27-02-2017","29,710","29,587","29,785","29,541","8.17K","0.29%"
"24-02-2017","29,623","29,550","29,649","29,511","5.16K","0.58%"
"23-02-2017","29,451","29,252","29,468","29,215","10.19K","0.83%"
"22-02-2017","29,208","29,240","29,345","29,174","8.99K","-0.32%"
"21-02-2017","29,301","29,202","29,330","29,075","11.43K","-0.01%"
"20-02-2017","29,303","29,251","29,325","29,195","5.92K","-0.19%"
"17-02-2017","29,360","29,347","29,449","29,302","9.01K","-0.19%"
"16-02-2017","29,416","29,195","29,485","29,182","10.90K","0.94%"
"15-02-2017","29,143","29,063","29,170","28,872","10.92K","0.49%"
"14-02-2017","29,001","29,050","29,173","28,953","10.30K","-0.07%"
"13-02-2017","29,021","29,120","29,166","28,941","7.19K","-0.52%"
"10-02-2017","29,173","29,016","29,204","28,925","9.47K","0.29%"
"09-02-2017","29,089","29,338","29,388","29,057","13.00K","-0.82%"
"08-02-2017","29,330","29,311","29,414","29,241","9.70K","-0.01%"
"07-02-2017","29,332","29,250","29,348","29,180","10.04K","0.48%"
"06-02-2017","29,193","28,950","29,220","28,950","9.83K","0.79%"
"03-02-2017","28,964","29,025","29,099","28,860","0.08K","-0.06%"
"02-02-2017","28,981","29,065","29,257","28,875","0.29K","0.38%"
"01-02-2017","28,870","28,873","29,105","28,800","1.89K","-0.25%"
"31-01-2017","28,942","28,570","28,990","28,570","6.73K","1.47%"
"30-01-2017","28,524","28,384","28,560","28,336","7.72K","0.60%"
"27-01-2017","28,353","28,250","28,383","28,085","8.51K","-0.11%"
"25-01-2017","28,385","28,650","28,650","28,357","8.41K","-1.18%"
"24-01-2017","28,725","28,801","28,801","28,700","6.17K","-0.27%"
"23-01-2017","28,803","28,650","28,857","28,650","8.91K","0.62%"
"20-01-2017","28,625","28,649","28,696","28,533","7.95K","0.34%"
"19-01-2017","28,528","28,646","28,646","28,460","8.97K","-0.91%"
"18-01-2017","28,791","28,738","28,825","28,675","7.07K","0.18%"
"17-01-2017","28,738","28,580","28,776","28,571","9.58K","0.73%"
"16-01-2017","28,529","28,450","28,607","28,450","5.16K","0.53%"
"13-01-2017","28,380","28,360","28,440","28,240","7.98K","-0.05%"
"12-01-2017","28,393","28,350","28,520","28,337","9.73K","0.33%"
"11-01-2017","28,300","28,158","28,345","28,082","10.24K","0.55%"
"10-01-2017","28,144","28,020","28,260","28,009","8.34K","0.33%"
"09-01-2017","28,051","27,915","28,080","27,841","6.61K","0.59%"
"06-01-2017","27,887","27,892","27,983","27,825","7.96K","-0.22%"
"05-01-2017","27,948","27,800","27,978","27,785","9.43K","0.96%"
"04-01-2017","27,682","27,685","27,815","27,657","7.11K","-0.35%"
"03-01-2017","27,778","27,568","27,823","27,450","10.70K","0.75%"
"02-01-2017","27,570","27,401","27,600","27,401","2.51K","0.46%"
"30-12-2016","27,445","27,591","27,634","27,421","6.15K","-0.42%"
"29-12-2016","27,562","27,350","27,589","27,320","6.92K","0.96%"
"28-12-2016","27,300","27,238","27,347","27,200","5.06K","0.48%"
"27-12-2016","27,170","27,120","27,419","27,061","7.29K","0.49%"
"26-12-2016","27,037","27,004","27,068","26,916","1.60K","0.16%"
"23-12-2016","26,994","26,995","27,042","26,910","4.07K","0.10%"
"22-12-2016","26,968","26,980","27,080","26,862","6.94K","-0.08%"
"21-12-2016","26,990","27,143","27,207","26,972","7.30K","-0.52%"
"20-12-2016","27,130","27,180","27,194","27,015","7.32K","-0.48%"
"19-12-2016","27,260","27,190","27,280","27,168","4.84K","0.35%"
"16-12-2016","27,164","27,043","27,266","26,972","8.49K","0.54%"
"15-12-2016","27,019","27,401","27,401","26,901","10.61K","-2.06%"
"14-12-2016","27,587","27,594","27,685","27,562","5.09K","0.19%"
"13-12-2016","27,535","27,635","27,648","27,475","5.38K","-0.47%"
"12-12-2016","27,666","27,500","27,682","27,415","4.57K","0.33%"
"09-12-2016","27,576","27,750","27,796","27,531","7.01K","-0.72%"
"08-12-2016","27,777","27,911","27,923","27,750","6.02K","-0.48%"
"07-12-2016","27,911","27,856","28,025","27,810","6.89K","0.30%"
"06-12-2016","27,827","28,002","28,055","27,810","5.88K","-1.55%"
"05-12-2016","28,266","28,300","28,525","28,116","0.17K","-0.57%"
"02-12-2016","28,427","28,200","28,490","28,180","0.24K","1.82%"
"01-12-2016","27,920","28,400","28,400","27,881","0.89K","-1.64%"
"30-11-2016","28,385","28,740","28,740","28,338","6.64K","-1.31%"
"29-11-2016","28,762","28,754","28,800","28,582","6.32K","0.09%"
"28-11-2016","28,736","28,702","28,872","28,625","6.55K","0.48%"
"25-11-2016","28,598","28,553","28,693","28,374","10.06K","-0.51%"
"24-11-2016","28,746","28,743","28,790","28,630","6.06K","-0.29%"
"23-11-2016","28,829","29,179","29,225","28,716","11.00K","-1.06%"
"22-11-2016","29,139","29,178","29,224","29,060","5.62K","0.01%"
"21-11-2016","29,135","29,024","29,200","28,946","6.08K","0.68%"
"18-11-2016","28,937","29,000","29,000","28,800","9.50K","-0.67%"
"17-11-2016","29,131","29,347","29,390","29,091","7.92K","-0.86%"
"16-11-2016","29,383","29,371","29,441","29,315","7.60K","0.21%"
"15-11-2016","29,320","29,558","29,558","29,223","11.08K","-0.97%"
"14-11-2016","29,607","29,328","29,698","29,281","9.25K","0.72%"
"11-11-2016","29,396","29,830","29,957","29,250","16.85K","-1.69%"
"10-11-2016","29,900","30,053","30,195","29,771","14.79K","0.08%"
"09-11-2016","29,877","30,400","31,376","29,805","28.85K","-0.01%"
"08-11-2016","29,880","30,100","30,368","29,731","18.67K","-0.66%"
"07-11-2016","30,078","30,510","30,510","30,005","12.61K","-1.57%"
"04-11-2016","30,557","30,430","30,624","30,372","12.35K","0.23%"
"03-11-2016","30,487","30,649","30,649","30,206","16.24K","-0.58%"
"02-11-2016","30,666","30,350","30,686","30,350","12.29K","1.26%"
"01-11-2016","30,285","30,000","30,314","30,000","8.73K","1.12%"
"31-10-2016","29,950","30,010","30,030","29,916","3.05K","-0.38%"
"30-10-2016","30,064","30,070","30,070","30,032","1.32K","-0.06%"
"28-10-2016","30,082","29,989","30,157","29,720","11.52K","0.52%"
"27-10-2016","29,927","29,846","29,962","29,831","8.36K","0.31%"
"26-10-2016","29,834","29,980","30,000","29,802","10.70K","-0.36%"
"25-10-2016","29,942","29,842","29,982","29,739","11.64K","0.60%"
"24-10-2016","29,763","29,905","29,905","29,730","16.56K","-0.61%"
"21-10-2016","29,946","29,850","29,975","29,810","11.75K","0.12%"
"20-10-2016","29,910","29,990","30,063","29,881","12.81K","0.03%"
"19-10-2016","29,901","29,779","29,995","29,757","11.39K","0.39%"
"18-10-2016","29,786","29,750","29,840","29,680","13.19K","0.27%"
"17-10-2016","29,705","29,673","29,734","29,600","11.12K","0.17%"
"14-10-2016","29,656","29,675","29,725","29,460","14.30K","-0.18%"
"13-10-2016","29,709","29,800","29,885","29,692","12.70K","0.20%"
"12-10-2016","29,651","29,692","29,779","29,590","4.90K","-0.23%"
"11-10-2016","29,719","29,565","29,785","29,565","4.23K","0.21%"
"10-10-2016","29,658","29,650","29,798","29,630","8.99K","0.27%"
"07-10-2016","29,578","29,600","29,860","29,300","19.36K","0.01%"
"06-10-2016","29,575","29,835","29,949","29,550","13.03K","-0.99%"
"05-10-2016","29,870","30,036","30,036","29,786","0.07K","-0.40%"
"04-10-2016","29,991","30,645","30,714","29,885","0.34K","-1.92%"
"03-10-2016","30,579","30,732","30,828","30,552","1.04K","-0.53%"
"30-09-2016","30,742","31,100","31,240","30,670","10.25K","-1.36%"
"29-09-2016","31,165","30,990","31,194","30,975","12.25K","0.68%"
"28-09-2016","30,955","30,980","31,039","30,866","10.46K","-0.07%"
"27-09-2016","30,978","31,271","31,271","30,962","14.03K","-1.12%"
"26-09-2016","31,328","31,236","31,350","31,211","8.32K","0.15%"
"23-09-2016","31,281","31,242","31,350","31,205","9.68K","-0.16%"
"22-09-2016","31,332","31,250","31,380","31,157","14.21K","0.41%"
"21-09-2016","31,205","30,975","31,238","30,841","13.20K","0.91%"
"20-09-2016","30,924","30,950","31,050","30,876","10.48K","0.07%"
"19-09-2016","30,903","30,932","30,980","30,880","9.72K","0.29%"
"16-09-2016","30,813","30,875","30,934","30,800","9.84K","-0.31%"
"15-09-2016","30,910","31,058","31,178","30,792","13.91K","-0.41%"
"14-09-2016","31,038","31,030","31,116","31,003","10.05K","-0.14%"
"13-09-2016","31,081","31,041","31,179","31,017","7.68K","0.20%"
"12-09-2016","31,019","31,150","31,206","30,951","12.82K","-0.63%"
"09-09-2016","31,217","31,245","31,296","31,130","9.97K","0.04%"
"08-09-2016","31,203","31,350","31,380","31,153","10.84K","-0.33%"
"07-09-2016","31,305","31,440","31,466","31,250","11.17K","-0.23%"
"06-09-2016","31,378","30,995","31,410","30,927","13.33K","1.27%"
"05-09-2016","30,985","30,930","31,019","30,922","1.96K","0.21%"
"02-09-2016","30,920","30,919","31,065","30,560","18.98K","0.48%"
"01-09-2016","30,772","30,750","30,869","30,610","13.28K","0.16%"
"31-08-2016","30,724","30,840","30,884","30,670","12.82K","-0.31%"
"30-08-2016","30,821","31,045","31,049","30,805","15.47K","-0.82%"
"29-08-2016","31,075","30,940","31,093","30,879","9.58K","0.27%"
"26-08-2016","30,990","30,910","31,320","30,891","17.86K","0.20%"
"25-08-2016","30,928","31,029","31,054","30,851","11.48K","-0.38%"
"24-08-2016","31,046","31,290","31,357","31,027","15.87K","-1.03%"
"23-08-2016","31,370","31,300","31,415","31,263","13.29K","-0.03%"
"22-08-2016","31,379","31,325","31,395","31,204","12.48K","-0.08%"
"19-08-2016","31,404","31,411","31,492","31,300","15.36K","-0.24%"
"18-08-2016","31,478","31,399","31,518","31,355","11.44K","0.35%"
"17-08-2016","31,368","31,360","31,415","31,300","10.60K","-0.31%"
"16-08-2016","31,467","31,250","31,568","31,250","16.88K","0.79%"
"12-08-2016","31,219","31,250","31,577","31,131","19.28K","-0.34%"
"11-08-2016","31,327","31,350","31,492","31,262","14.37K","-0.21%"
"10-08-2016","31,393","31,324","31,565","31,280","14.35K","0.38%"
"09-08-2016","31,273","31,174","31,297","31,062","15.15K","0.31%"
"08-08-2016","31,176","31,202","31,215","31,020","11.02K","0.41%"
"05-08-2016","31,050","31,600","31,670","30,674","0.19K","-1.80%"
"04-08-2016","31,620","31,506","31,675","31,472","0.11K","0.04%"
"03-08-2016","31,608","31,809","31,939","31,592","0.16K","-0.53%"
"02-08-2016","31,775","31,496","31,839","31,448","0.36K","0.76%"
"01-08-2016","31,534","31,358","31,550","31,358","1.70K","-0.05%"
"29-07-2016","31,549","31,150","31,598","31,025","16.74K","1.67%"
"28-07-2016","31,031","31,149","31,285","30,955","16.24K","0.15%"
"27-07-2016","30,986","30,823","31,019","30,786","13.84K","0.24%"
"26-07-2016","30,912","30,873","30,950","30,784","15.45K","0.02%"
"25-07-2016","30,907","30,782","30,930","30,682","13.39K","0.12%"
"22-07-2016","30,871","30,952","30,980","30,780","12.72K","-0.43%"
"21-07-2016","31,005","30,680","31,045","30,669","18.27K","0.87%"
"20-07-2016","30,737","31,065","31,093","30,705","17.84K","-1.15%"
"19-07-2016","31,094","31,050","31,114","30,941","13.90K","0.25%"
"18-07-2016","31,015","30,901","31,140","30,881","15.80K","0.12%"
"15-07-2016","30,977","30,900","31,100","30,836","19.53K","0.09%"
"14-07-2016","30,950","31,150","31,183","30,726","23.09K","-1.04%"
"13-07-2016","31,274","31,100","31,320","31,100","13.54K","0.76%"
"12-07-2016","31,039","31,608","31,608","30,992","18.51K","-1.71%"
"11-07-2016","31,578","31,750","31,888","31,541","11.85K","-0.44%"
"08-07-2016","31,719","31,875","31,895","31,331","22.62K","-0.51%"
"07-07-2016","31,881","32,140","32,175","31,724","19.86K","-0.73%"
"06-07-2016","32,116","32,388","32,455","32,068","11.61K","0.51%"
"05-07-2016","31,953","31,704","31,974","31,610","20.95K","0.53%"
"04-07-2016","31,783","31,600","31,850","31,600","16.41K","1.02%"
"01-07-2016","31,463","31,250","31,585","31,250","17.55K","0.85%"
"30-06-2016","31,199","31,220","31,290","31,131","17.85K","-0.37%"
"29-06-2016","31,315","31,350","31,459","31,253","19.31K","0.00%"
"28-06-2016","31,315","31,450","31,450","31,161","22.13K","-0.74%"
"27-06-2016","31,548","31,450","31,740","31,434","21.50K","0.47%"
"24-06-2016","31,401","30,020","31,925","30,020","43.34K","4.97%"
"23-06-2016","29,914","30,077","30,190","29,852","23.65K","-0.69%"
"22-06-2016","30,122","30,251","30,272","30,055","16.85K","-0.57%"
"21-06-2016","30,296","30,600","30,610","30,231","21.11K","-1.30%"
"20-06-2016","30,695","30,550","30,728","30,340","18.70K","0.30%"
"17-06-2016","30,602","30,401","30,657","30,302","19.48K","-0.02%"
"16-06-2016","30,607","30,500","31,245","30,476","30.20K","0.54%"
"15-06-2016","30,444","30,450","30,520","30,305","15.62K","-0.37%"
"14-06-2016","30,558","30,350","30,584","30,270","19.64K","0.52%"
"13-06-2016","30,399","30,094","30,474","30,094","17.08K","1.05%"
"10-06-2016","30,084","29,901","30,141","29,816","17.34K","0.49%"
"09-06-2016","29,937","29,710","29,970","29,612","17.25K","1.04%"
"08-06-2016","29,629","29,400","29,725","29,400","16.18K","0.90%"
"07-06-2016","29,366","29,402","29,447","29,176","13.91K","-0.29%"
"06-06-2016","29,450","29,370","29,499","29,342","12.38K","1.51%"
"03-06-2016","29,011","28,600","29,083","28,560","0.03K","1.47%"
"02-06-2016","28,591","28,665","28,700","28,562","0.10K","-0.19%"
"01-06-2016","28,646","28,611","28,798","28,480","0.78K","0.07%"
"31-05-2016","28,627","28,668","28,719","28,555","6.76K","0.08%"
"30-05-2016","28,603","28,523","28,700","28,410","10.29K","0.00%"
"27-05-2016","28,603","28,691","28,837","28,536","13.92K","-0.47%"
"26-05-2016","28,738","29,100","29,160","28,705","17.59K","-0.75%"
"25-05-2016","28,955","29,200","29,214","28,861","16.82K","-1.18%"
"24-05-2016","29,300","29,687","29,687","29,275","18.05K","-1.29%"
"23-05-2016","29,684","29,677","29,727","29,570","10.91K","-0.02%"
"20-05-2016","29,691","29,718","29,870","29,653","12.85K","-0.36%"
"19-05-2016","29,797","29,917","29,917","29,623","16.29K","-0.86%"
"18-05-2016","30,055","30,041","30,083","29,911","13.82K","0.02%"
"17-05-2016","30,049","29,999","30,140","29,855","16.05K","0.24%"
"16-05-2016","29,977","30,064","30,269","29,912","15.07K","-0.19%"
"13-05-2016","30,034","29,943","30,068","29,750","16.14K","0.44%"
"12-05-2016","29,901","29,886","30,095","29,757","16.82K","-0.11%"
"11-05-2016","29,935","29,901","30,075","29,835","15.84K","0.51%"
"10-05-2016","29,783","29,797","29,864","29,607","14.62K","-0.07%"
"09-05-2016","29,805","30,215","30,215","29,765","17.87K","-1.89%"
"06-05-2016","30,378","30,120","30,420","30,000","24.45K","1.61%"
"05-05-2016","29,897","30,120","30,180","29,860","18.83K","-0.31%"
"04-05-2016","29,991","30,150","30,314","29,966","21.52K","-0.77%"
"03-05-2016","30,224","30,285","30,448","30,126","22.04K","-0.23%"
"02-05-2016","30,294","30,300","30,538","30,240","16.78K","0.09%"
"29-04-2016","30,266","29,749","30,375","29,749","22.99K","1.95%"
"28-04-2016","29,686","29,350","29,727","29,275","17.68K","1.03%"
"27-04-2016","29,383","29,246","29,435","29,246","15.74K","0.62%"
"26-04-2016","29,202","29,287","29,287","29,013","15.44K","-0.21%"
"25-04-2016","29,262","29,092","29,300","29,060","14.07K","0.83%"
"22-04-2016","29,021","29,373","29,420","28,986","15.81K","-1.14%"
"21-04-2016","29,357","29,255","29,756","29,210","24.23K","0.14%"
"20-04-2016","29,317","29,324","29,418","29,170","14.00K","-0.03%"
"19-04-2016","29,326","29,050","29,375","29,050","9.93K","1.18%"
"18-04-2016","28,983","29,010","29,170","28,934","13.67K","0.08%"
"15-04-2016","28,959","28,825","28,993","28,806","6.82K","0.69%"
"14-04-2016","28,760","29,050","29,090","28,715","10.57K","-1.51%"
"13-04-2016","29,202","29,286","29,286","29,058","14.93K","-0.46%"
"12-04-2016","29,336","29,284","29,495","29,240","15.68K","0.02%"
"11-04-2016","29,330","29,181","29,400","29,135","16.35K","0.68%"
"08-04-2016","29,131","29,145","29,152","28,851","15.78K","0.24%"
"07-04-2016","29,060","28,690","29,140","28,690","21.35K","1.45%"
"06-04-2016","28,646","28,785","28,847","28,579","13.21K","0.56%"
"05-04-2016","28,486","28,400","28,680","28,325","0.03K","1.13%"
"04-04-2016","28,168","28,080","28,200","28,056","0.38K","0.46%"
"01-04-2016","28,040","28,561","28,640","27,970","1.92K","-1.78%"
"31-03-2016","28,549","28,441","28,682","28,426","10.65K","0.50%"
"30-03-2016","28,407","28,655","28,830","28,361","16.04K","-1.17%"
"29-03-2016","28,743","28,389","28,782","28,341","17.01K","1.00%"
"28-03-2016","28,458","28,525","28,525","28,270","9.58K","-0.49%"
"24-03-2016","28,599","28,500","28,665","28,450","3.94K","-0.02%"
"23-03-2016","28,604","29,000","29,000","28,512","18.21K","-1.53%"
"22-03-2016","29,049","28,961","29,340","28,891","19.57K","0.37%"
"21-03-2016","28,941","29,100","29,114","28,820","17.02K","-0.65%"
"18-03-2016","29,131","29,399","29,450","29,003","15.73K","-0.77%"
"17-03-2016","29,356","29,185","29,600","29,185","21.42K","1.35%"
"16-03-2016","28,966","29,051","29,145","28,923","13.79K","-0.24%"
"15-03-2016","29,037","29,125","29,200","28,872","19.80K","-0.51%"
"14-03-2016","29,187","29,398","29,577","29,126","18.14K","-1.06%"
"11-03-2016","29,500","29,850","29,923","29,462","19.73K","-1.44%"
"10-03-2016","29,931","29,550","29,961","29,065","33.09K","1.13%"
"09-03-2016","29,598","29,666","29,718","29,301","22.48K","-0.71%"
"08-03-2016","29,809","29,650","30,161","29,650","23.95K","0.73%"
"07-03-2016","29,592","29,850","29,965","29,544","8.92K","-0.58%"
"04-03-2016","29,766","29,700","30,040","29,413","32.74K","0.51%"
"03-03-2016","29,616","29,275","29,681","29,245","17.47K","0.94%"
"02-03-2016","29,339","29,199","29,391","29,079","21.70K","0.39%"
"01-03-2016","29,226","29,650","29,838","29,186","23.87K","-0.97%"
"29-02-2016","29,513","29,409","29,750","29,381","24.78K","0.60%"
"26-02-2016","29,337","29,650","29,729","29,152","24.67K","-1.47%"
"25-02-2016","29,774","29,475","29,820","29,394","23.05K","0.74%"
"24-02-2016","29,554","29,403","29,936","29,241","26.12K","0.86%"
"23-02-2016","29,302","29,000","29,397","29,000","20.50K","1.16%"
"22-02-2016","28,966","29,101","29,165","28,801","20.52K","-1.86%"
"19-02-2016","29,515","29,386","29,638","29,290","19.08K","0.70%"
"18-02-2016","29,309","28,888","29,369","28,707","17.67K","1.46%"
"17-02-2016","28,888","28,953","29,050","28,731","16.23K","-0.04%"
"16-02-2016","28,899","28,610","29,075","28,425","22.63K","0.73%"
"15-02-2016","28,690","29,302","29,302","28,613","16.02K","-2.37%"
"12-02-2016","29,386","29,600","29,805","29,340","19.60K","-1.36%"
"11-02-2016","29,791","28,350","30,095","28,350","34.82K","5.21%"
"10-02-2016","28,317","28,350","28,350","28,025","20.87K","-0.42%"
"09-02-2016","28,437","28,421","28,507","28,190","21.62K","-0.07%"
"08-02-2016","28,458","27,578","28,527","27,578","23.12K","2.67%"
"05-02-2016","27,717","27,420","27,834","27,400","0.18K","1.31%"
"04-02-2016","27,358","27,200","27,434","27,182","0.06K","0.59%"
"03-02-2016","27,198","27,035","27,240","26,911","0.10K","1.14%"
"02-02-2016","26,891","26,848","26,998","26,750","0.39K","0.41%"
"01-02-2016","26,782","26,700","26,883","26,617","2.20K","0.54%"
"29-01-2016","26,638","26,665","26,695","26,485","12.37K","-0.27%"
"28-01-2016","26,710","26,844","26,867","26,600","14.52K","-0.15%"
"27-01-2016","26,749","26,450","26,809","26,450","12.13K","1.37%"
"25-01-2016","26,387","26,247","26,442","26,206","13.55K","0.87%"
"22-01-2016","26,160","26,281","26,282","26,100","15.20K","-0.11%"
"21-01-2016","26,190","26,361","26,507","26,151","22.62K","-1.39%"
"20-01-2016","26,559","26,199","26,658","26,164","24.22K","1.93%"
"19-01-2016","26,057","26,023","26,080","25,860","14.44K","-0.03%"
"18-01-2016","26,065","26,053","26,100","25,966","9.73K","-0.18%"
"15-01-2016","26,112","25,658","26,215","25,658","20.66K","1.85%"
"14-01-2016","25,637","25,824","26,015","25,591","18.09K","-0.38%"
"13-01-2016","25,735","25,620","25,790","25,516","15.48K","0.24%"
"12-01-2016","25,674","25,883","25,966","25,614","17.69K","-0.76%"
"11-01-2016","25,870","26,098","26,118","25,834","16.99K","-0.43%"
"08-01-2016","25,982","26,022","26,088","25,770","22.33K","-0.45%"
"07-01-2016","26,100","25,800","26,123","25,769","23.02K","1.39%"
"06-01-2016","25,741","25,469","25,784","25,439","22.28K","1.39%"
"05-01-2016","25,388","25,336","25,490","25,318","14.22K","-0.04%"
"04-01-2016","25,397","25,040","25,521","25,034","19.48K","1.74%"
"01-01-2016","24,962","24,913","25,039","24,913","1.95K","0.12%"
"31-12-2015","24,931","25,009","25,013","24,850","8.26K","-0.20%"
"30-12-2015","24,982","25,200","25,217","24,970","12.45K","-0.59%"
"29-12-2015","25,130","25,207","25,279","25,111","10.95K","0.02%"
"28-12-2015","25,125","25,193","25,205","25,111","7.85K","-0.35%"
"24-12-2015","25,212","25,123","25,227","25,092","5.25K","0.58%"
"23-12-2015","25,067","25,222","25,240","25,055","11.94K","-0.73%"
"22-12-2015","25,251","25,339","25,397","25,230","12.00K","-0.53%"
"21-12-2015","25,385","25,173","25,413","25,130","15.33K","1.21%"
"18-12-2015","25,082","24,871","25,228","24,846","16.88K","0.97%"
"17-12-2015","24,841","25,370","25,370","24,740","21.52K","-2.46%"
"16-12-2015","25,468","25,307","25,498","25,203","13.79K","0.80%"
"15-12-2015","25,266","25,333","25,419","25,190","13.69K","-0.32%"
"14-12-2015","25,347","25,606","25,623","25,335","13.58K","-1.29%"
"11-12-2015","25,679","25,357","25,714","25,270","18.31K","1.03%"
"10-12-2015","25,418","25,515","25,544","25,391","10.36K","-0.72%"
"09-12-2015","25,602","25,530","25,747","25,430","15.68K","0.30%"
"08-12-2015","25,526","25,500","25,614","25,387","14.58K","-0.10%"
"07-12-2015","25,552","25,710","25,715","25,512","9.11K","1.13%"
"04-12-2015","25,267","25,095","25,685","25,040","0.02K","1.32%"
"03-12-2015","24,937","24,804","25,060","24,757","0.21K","0.39%"
"02-12-2015","24,840","25,065","25,127","24,814","0.24K","-0.62%"
"01-12-2015","24,994","25,183","25,218","24,973","2.17K","-0.30%"
"30-11-2015","25,069","24,994","25,115","24,935","9.18K","0.04%"
"27-11-2015","25,059","25,244","25,278","24,965","14.45K","-0.88%"
"26-11-2015","25,281","25,255","25,337","25,250","7.84K","0.23%"
"25-11-2015","25,222","25,243","25,275","25,141","6.98K","-0.26%"
"24-11-2015","25,289","25,193","25,379","25,171","12.90K","0.49%"
"23-11-2015","25,165","25,183","25,280","25,081","14.03K","-0.31%"
"20-11-2015","25,243","25,361","25,491","25,200","15.03K","-0.19%"
"19-11-2015","25,291","25,186","25,443","25,100","16.55K","0.79%"
"18-11-2015","25,094","24,997","25,174","24,997","12.16K","0.26%"
"17-11-2015","25,028","25,290","25,368","24,960","17.99K","-1.26%"
"16-11-2015","25,347","25,585","25,725","25,327","17.09K","-0.10%"
"13-11-2015","25,372","25,390","25,499","25,336","10.52K","0.17%"
"12-11-2015","25,329","25,455","25,540","25,202","10.63K","-0.56%"
"11-11-2015","25,471","25,495","25,529","25,461","2.35K","-0.43%"
"10-11-2015","25,582","25,695","25,725","25,491","10.52K","-0.40%"
"09-11-2015","25,686","25,722","25,763","25,625","11.94K","0.64%"
"06-11-2015","25,523","25,815","25,899","25,464","18.41K","-1.23%"
"05-11-2015","25,841","25,819","25,922","25,743","16.11K","0.27%"
"04-11-2015","25,771","25,940","26,073","25,732","15.46K","-0.58%"
"03-11-2015","25,922","26,393","26,432","25,884","21.07K","-1.84%"
"02-11-2015","26,409","26,480","26,540","26,381","9.92K","-0.34%"
"30-10-2015","26,499","26,588","26,625","26,461","14.05K","-0.46%"
"29-10-2015","26,621","27,040","27,040","26,605","19.48K","-1.67%"
"28-10-2015","27,073","26,945","27,189","26,932","14.50K","0.55%"
"27-10-2015","26,925","26,806","26,940","26,780","10.22K","0.38%"
"26-10-2015","26,823","26,834","26,927","26,770","11.53K","0.05%"
"23-10-2015","26,809","26,874","27,095","26,726","18.50K","-0.21%"
"22-10-2015","26,865","26,963","27,008","26,843","7.53K","-0.33%"
"21-10-2015","26,955","27,120","27,197","26,925","12.48K","-0.58%"
"20-10-2015","27,112","26,927","27,190","26,913","15.88K","0.39%"
"19-10-2015","27,006","27,111","27,111","26,922","10.48K","-0.53%"
"16-10-2015","27,150","27,225","27,225","27,063","11.70K","-0.39%"
"15-10-2015","27,257","27,211","27,368","27,061","21.02K","0.19%"
"14-10-2015","27,206","27,108","27,290","26,900","20.78K","0.84%"
"13-10-2015","26,979","26,725","27,026","26,631","17.66K","0.71%"
"12-10-2015","26,788","26,675","26,938","26,664","14.76K","0.62%"
"09-10-2015","26,622","26,424","26,696","26,402","15.14K","0.67%"
"08-10-2015","26,446","26,501","26,534","26,337","14.52K","-0.41%"
"07-10-2015","26,555","26,700","26,788","26,416","17.49K","-0.25%"
"06-10-2015","26,621","26,424","26,728","26,385","15.99K","2.12%"
"05-10-2015","26,068","26,173","26,201","26,013","0.30K","1.14%"
"01-10-2015","25,773","25,827","25,875","25,711","1.48K","-0.32%"
"30-09-2015","25,856","26,212","26,212","25,760","16.24K","-1.47%"
"29-09-2015","26,243","26,536","26,568","26,211","17.45K","-0.98%"
"28-09-2015","26,504","26,692","26,725","26,341","15.36K","-0.86%"
"25-09-2015","26,734","26,825","26,825","26,628","10.04K","-0.81%"
"24-09-2015","26,952","26,520","27,100","26,465","20.08K","1.83%"
"23-09-2015","26,467","26,229","26,490","26,209","13.90K","0.87%"
"22-09-2015","26,238","26,319","26,450","26,181","18.39K","-0.41%"
"21-09-2015","26,345","26,487","26,547","26,290","12.20K","-0.47%"
"18-09-2015","26,469","26,350","26,590","26,313","17.24K","1.15%"
"17-09-2015","26,168","26,208","26,248","26,136","5.92K","-0.47%"
"16-09-2015","26,291","25,993","26,350","25,965","19.63K","1.20%"
"15-09-2015","25,980","26,068","26,088","25,940","12.27K","-0.35%"
"14-09-2015","26,070","26,123","26,125","25,963","10.08K","0.40%"
"11-09-2015","25,967","26,179","26,200","25,900","13.42K","-0.75%"
"10-09-2015","26,163","26,143","26,289","26,042","15.26K","0.41%"
"09-09-2015","26,057","26,449","26,472","25,984","12.33K","-1.39%"
"08-09-2015","26,424","26,499","26,518","26,386","9.45K","-0.29%"
"07-09-2015","26,500","26,580","26,607","26,462","6.44K","-0.12%"
"04-09-2015","26,532","26,422","26,683","26,402","17.66K","0.52%"
"03-09-2015","26,394","26,622","26,636","26,326","15.24K","-0.88%"
"02-09-2015","26,629","26,800","26,843","26,609","17.69K","-0.76%"
"01-09-2015","26,833","26,770","27,017","26,753","17.35K","0.57%"
"31-08-2015","26,682","26,673","26,750","26,523","11.10K","0.22%"
"28-08-2015","26,623","26,490","26,750","26,381","15.63K","1.31%"
"27-08-2015","26,278","26,400","26,449","26,169","15.14K","-0.73%"
"26-08-2015","26,471","26,712","26,825","26,225","27.73K","-1.01%"
"25-08-2015","26,740","27,300","27,345","26,662","23.95K","-2.58%"
"24-08-2015","27,448","27,300","27,833","27,213","25.87K","0.77%"
"21-08-2015","27,239","27,145","27,330","26,851","27.82K","1.45%"
"20-08-2015","26,849","26,200","26,874","26,200","22.96K","2.49%"
"19-08-2015","26,196","25,977","26,239","25,919","19.27K","0.72%"
"18-08-2015","26,008","26,059","26,075","25,855","17.87K","-0.09%"
"17-08-2015","26,032","25,880","26,087","25,880","11.13K","1.02%"
"14-08-2015","25,768","25,825","25,938","25,740","14.19K","-0.49%"
"13-08-2015","25,895","25,882","25,995","25,835","14.19K","-0.46%"
"12-08-2015","26,014","25,600","26,034","25,580","21.33K","2.31%"
"11-08-2015","25,426","25,150","25,529","25,105","19.98K","1.21%"
"10-08-2015","25,122","24,885","25,199","24,876","16.85K","0.91%"
"07-08-2015","24,895","24,767","24,985","24,710","20.13K","0.43%"
"06-08-2015","24,788","24,675","24,849","24,656","11.57K","0.78%"
"05-08-2015","24,597","24,535","24,706","24,500","0.09K","-0.32%"
"04-08-2015","24,675","24,610","24,701","24,570","0.13K","-0.35%"
"03-08-2015","24,761","24,818","24,820","24,710","1.20K","-0.21%"
"31-07-2015","24,813","24,668","24,892","24,535","14.77K","0.38%"
"30-07-2015","24,718","24,737","24,835","24,565","16.48K","-0.01%"
"29-07-2015","24,720","24,778","24,835","24,691","15.37K","-0.13%"
"28-07-2015","24,752","24,799","24,869","24,701","16.61K","-0.59%"
"27-07-2015","24,899","24,830","25,018","24,756","22.82K","0.68%"
"24-07-2015","24,731","24,559","24,821","24,451","22.51K","-0.01%"
"23-07-2015","24,734","24,780","24,910","24,702","18.90K","0.23%"
"22-07-2015","24,677","24,811","24,811","24,572","19.77K","-0.88%"
"21-07-2015","24,897","24,961","25,030","24,865","15.99K","-0.55%"
"20-07-2015","25,034","25,475","25,475","24,904","19.82K","-1.82%"
"17-07-2015","25,498","25,733","25,756","25,461","13.16K","-1.06%"
"16-07-2015","25,771","25,810","25,810","25,710","10.64K","-0.29%"
"15-07-2015","25,847","25,953","25,970","25,764","11.65K","-0.31%"
"14-07-2015","25,927","26,025","26,034","25,908","10.57K","-0.37%"
"13-07-2015","26,024","26,115","26,115","25,937","10.87K","-0.13%"
"10-07-2015","26,058","26,088","26,158","26,017","9.23K","-0.02%"
"09-07-2015","26,064","26,202","26,242","26,040","12.52K","-0.57%"
"08-07-2015","26,213","26,008","26,248","25,871","16.25K","0.70%"
"07-07-2015","26,032","26,276","26,285","25,883","16.87K","-1.12%"
"06-07-2015","26,328","26,369","26,375","26,187","9.86K","-0.09%"
"03-07-2015","26,352","26,244","26,387","26,217","8.06K","0.60%"
"02-07-2015","26,195","26,380","26,380","26,130","13.72K","-0.82%"
"01-07-2015","26,411","26,531","26,531","26,391","9.97K","-0.23%"
"30-06-2015","26,471","26,625","26,635","26,390","15.50K","-0.75%"
"29-06-2015","26,671","26,590","26,868","26,590","13.74K","0.55%"
"26-06-2015","26,524","26,538","26,589","26,412","12.08K","0.15%"
"25-06-2015","26,485","26,570","26,614","26,460","9.46K","-0.18%"
"24-06-2015","26,533","26,619","26,670","26,480","11.54K","-0.24%"
"23-06-2015","26,597","26,770","26,800","26,583","12.62K","-0.39%"
"22-06-2015","26,702","27,039","27,039","26,681","11.82K","-1.40%"
"19-06-2015","27,081","27,138","27,187","27,025","8.33K","-0.28%"
"18-06-2015","27,156","26,939","27,245","26,909","14.30K","1.03%"
"17-06-2015","26,880","26,919","26,920","26,803","8.59K","-0.28%"
"16-06-2015","26,956","27,011","27,069","26,869","9.84K","-0.27%"
"15-06-2015","27,029","26,935","27,092","26,738","12.98K","0.50%"
"12-06-2015","26,894","26,904","26,975","26,840","8.58K","0.01%"
"11-06-2015","26,892","26,958","26,970","26,790","11.00K","-0.29%"
"10-06-2015","26,971","26,865","27,072","26,837","10.67K","0.38%"
"09-06-2015","26,868","26,822","26,926","26,770","11.77K","0.27%"
"08-06-2015","26,795","26,780","26,840","26,725","8.72K","0.90%"
"05-06-2015","26,555","26,610","26,798","26,350","0.01K","-0.23%"
"04-06-2015","26,617","26,850","26,850","26,517","0.09K","-0.71%"
"03-06-2015","26,808","26,893","26,900","26,550","0.09K","-0.16%"
"02-06-2015","26,850","26,641","26,900","26,641","0.29K","0.59%"
"01-06-2015","26,692","26,831","26,984","26,666","2.96K","-0.63%"
"29-05-2015","26,860","26,875","26,925","26,780","9.72K","0.00%"
"28-05-2015","26,861","26,860","26,916","26,712","11.51K","-0.06%"
"27-05-2015","26,877","26,957","26,975","26,835","11.15K","-0.06%"
"26-05-2015","26,892","27,140","27,195","26,862","13.72K","-0.99%"
"25-05-2015","27,161","27,096","27,175","27,082","5.37K","0.29%"
"22-05-2015","27,082","27,159","27,297","27,053","11.58K","-0.10%"
"21-05-2015","27,108","27,278","27,318","27,089","12.27K","-0.65%"
"20-05-2015","27,284","27,260","27,364","27,186","11.65K","-0.04%"
"19-05-2015","27,296","27,580","27,580","27,258","17.27K","-1.16%"
"18-05-2015","27,617","27,519","27,685","27,505","11.08K","0.56%"
"15-05-2015","27,463","27,400","27,480","27,246","13.66K","0.11%"
"14-05-2015","27,434","27,450","27,595","27,370","15.26K","-0.34%"
"13-05-2015","27,528","27,110","27,568","27,051","21.03K","1.33%"
"12-05-2015","27,167","26,860","27,241","26,860","19.68K","1.22%"
"11-05-2015","26,839","26,913","26,952","26,778","13.52K","-0.19%"
"08-05-2015","26,889","26,912","27,014","26,821","13.43K","-0.17%"
"07-05-2015","26,934","26,912","27,040","26,845","14.55K","0.09%"
"06-05-2015","26,911","26,950","27,054","26,813","12.85K","0.12%"
"05-05-2015","26,880","26,836","27,020","26,776","13.69K","0.04%"
"04-05-2015","26,868","26,697","26,959","26,697","7.66K","0.87%"
"01-05-2015","26,636","26,660","26,689","26,490","7.66K","-0.30%"
"30-04-2015","26,716","27,160","27,279","26,655","19.25K","-1.92%"
"29-04-2015","27,238","27,123","27,274","27,064","13.10K","0.18%"
"28-04-2015","27,190","27,070","27,212","26,970","13.42K","0.40%"
"27-04-2015","27,083","26,771","27,135","26,707","16.10K","1.43%"
"24-04-2015","26,701","26,867","26,959","26,630","14.87K","-0.74%"
"23-04-2015","26,900","26,640","26,917","26,635","12.02K","1.04%"
"22-04-2015","26,624","26,853","26,960","26,606","13.96K","-1.16%"
"21-04-2015","26,936","26,880","26,950","26,753","10.00K","0.37%"
"20-04-2015","26,837","26,845","26,967","26,768","12.12K","0.09%"
"17-04-2015","26,812","26,617","26,840","26,617","11.17K","0.63%"
"16-04-2015","26,645","26,710","26,845","26,568","13.28K","-0.34%"
"15-04-2015","26,737","26,532","26,765","26,476","13.36K","0.73%"
"14-04-2015","26,544","26,622","26,622","26,387","9.23K","-0.58%"
"13-04-2015","26,699","26,760","26,815","26,629","10.96K","-0.31%"
"10-04-2015","26,781","26,577","26,840","26,534","13.63K","0.98%"
"09-04-2015","26,521","26,700","26,700","26,462","13.02K","-0.89%"
"08-04-2015","26,760","26,880","26,929","26,671","10.91K","-0.43%"
"07-04-2015","26,875","26,980","26,980","26,852","9.69K","-0.45%"
"06-04-2015","26,997","26,645","27,095","26,645","13.04K","1.50%"
"03-04-2015","26,597","26,597","26,597","26,597","","0.49%"
"01-04-2015","26,466","26,295","26,520","26,145","1.12K","1.00%"
"31-03-2015","26,204","26,208","26,344","26,156","8.01K","-0.25%"
"30-03-2015","26,270","26,430","26,459","26,235","11.57K","-1.13%"
"27-03-2015","26,569","26,675","26,758","26,387","15.66K","-0.87%"
"26-03-2015","26,801","26,590","26,988","26,562","15.97K","1.20%"
"25-03-2015","26,483","26,280","26,498","26,212","14.26K","0.50%"
"24-03-2015","26,351","26,169","26,389","26,135","13.44K","0.58%"
"23-03-2015","26,198","26,162","26,220","26,080","11.02K","0.06%"
"20-03-2015","26,182","25,980","26,236","25,900","16.84K","0.85%"
"19-03-2015","25,962","25,740","25,997","25,740","18.86K","1.27%"
"18-03-2015","25,637","25,631","25,697","25,500","16.02K","0.08%"
"17-03-2015","25,617","25,721","25,830","25,521","20.19K","-0.64%"
"16-03-2015","25,783","25,875","25,941","25,706","13.11K","-0.50%"
"14-03-2015","25,912","25,912","25,912","25,912","","0.08%"
"13-03-2015","25,890","25,720","25,918","25,720","18.01K","0.92%"
"12-03-2015","25,655","25,660","25,860","25,562","21.43K","-0.12%"
"11-03-2015","25,685","25,950","25,950","25,653","18.94K","-0.90%"
"10-03-2015","25,919","25,962","26,079","25,780","21.99K","-0.40%"
"09-03-2015","26,024","26,073","26,129","26,001","11.85K","0.05%"
"06-03-2015","26,012","26,460","26,484","25,982","13.35K","-1.78%"
"05-03-2015","26,484","26,565","26,627","26,435","11.97K","-0.24%"
"04-03-2015","26,547","26,411","26,579","26,409","14.02K","0.45%"
"03-03-2015","26,427","26,500","26,590","26,380","13.71K","-0.31%"
"02-03-2015","26,510","26,600","26,769","26,500","14.40K","0.12%"
"28-02-2015","26,477","26,166","26,515","26,069","12.23K","0.95%"
"27-02-2015","26,227","26,240","26,335","26,105","12.92K","0.04%"
"26-02-2015","26,216","26,245","26,370","26,175","13.50K","0.36%"
"25-02-2015","26,123","26,079","26,319","26,079","16.30K","0.25%"
"24-02-2015","26,059","26,228","26,259","25,976","17.99K","-0.36%"
"23-02-2015","26,153","26,228","26,321","25,955","18.32K","-0.48%"
"21-02-2015","26,279","26,279","26,279","26,279","","0.01%"
"20-02-2015","26,277","26,260","26,399","26,151","15.42K","0.04%"
"19-02-2015","26,266","26,245","26,510","26,234","15.73K","0.49%"
"18-02-2015","26,137","26,244","26,346","26,070","15.25K","-0.31%"
"17-02-2015","26,219","26,650","26,650","26,182","12.78K","-1.82%"
"16-02-2015","26,704","26,720","26,870","26,680","6.88K","0.05%"
"13-02-2015","26,691","26,606","26,787","26,598","12.58K","0.65%"
"12-02-2015","26,519","26,609","26,800","26,508","15.75K","-0.55%"
"11-02-2015","26,665","26,874","26,910","26,621","13.15K","-0.71%"
"10-02-2015","26,856","26,963","26,985","26,811","11.17K","-0.33%"
"09-02-2015","26,944","26,927","26,990","26,832","10.08K","0.53%"
"06-02-2015","26,802","27,345","27,440","26,681","19.94K","-5.21%"
"05-02-2015","28,276","27,875","28,500","27,605","0.16K","1.97%"
"04-02-2015","27,729","27,560","27,815","27,500","0.10K","0.84%"
"03-02-2015","27,498","27,721","28,019","27,450","0.38K","-1.23%"
"02-02-2015","27,840","27,946","28,020","27,723","1.11K","-0.20%"
"30-01-2015","27,895","27,452","28,178","27,424","15.34K","1.74%"
"29-01-2015","27,419","27,729","27,819","27,382","20.03K","-1.22%"
"28-01-2015","27,759","27,865","27,935","27,735","13.47K","-0.51%"
"27-01-2015","27,902","27,765","27,988","27,569","19.14K","0.03%"
"25-01-2015","27,895","27,895","27,895","27,895","","0.11%"
"23-01-2015","27,864","28,010","28,090","27,791","13.48K","-0.61%"
"22-01-2015","28,036","27,941","28,236","27,751","22.66K","0.21%"
"21-01-2015","27,977","28,049","28,271","27,811","21.30K","-0.38%"
"20-01-2015","28,085","27,730","28,140","27,730","21.41K","1.39%"
"19-01-2015","27,700","27,650","27,770","27,623","9.91K","0.36%"
"17-01-2015","27,600","27,600","27,600","27,600","","-0.20%"
"16-01-2015","27,654","27,525","27,790","27,386","20.02K","0.59%"
"15-01-2015","27,492","27,066","27,546","26,706","33.04K","1.07%"
"14-01-2015","27,201","27,020","27,260","26,901","18.18K","0.54%"
"13-01-2015","27,055","27,145","27,262","27,005","17.56K","0.09%"
"12-01-2015","27,030","26,875","27,114","26,825","16.06K","0.86%"
"09-01-2015","26,800","26,778","26,887","26,668","14.04K","0.00%"
"08-01-2015","26,801","27,125","27,125","26,760","16.46K","-1.33%"
"07-01-2015","27,161","27,348","27,360","27,120","15.81K","-0.85%"
"06-01-2015","27,394","27,100","27,449","27,083","20.75K","1.32%"
"05-01-2015","27,038","26,815","27,079","26,736","16.20K","1.15%"
"02-01-2015","26,730","26,740","26,855","26,351","18.92K","0.12%"
"01-01-2015","26,699","26,691","26,755","26,670","1.86K","-0.01%"
"31-12-2014","26,703","27,030","27,055","26,617","10.92K","-1.28%"
"30-12-2014","27,049","26,845","27,220","26,660","15.71K","1.06%"
"29-12-2014","26,764","27,031","27,070","26,725","9.29K","-1.14%"
"26-12-2014","27,073","26,733","27,109","26,733","12.60K","1.84%"
"24-12-2014","26,584","26,587","26,670","26,555","7.13K","-0.15%"
"23-12-2014","26,625","26,592","26,749","26,500","11.64K","0.06%"
"22-12-2014","26,608","26,965","27,050","26,538","12.45K","-1.44%"
"19-12-2014","26,998","26,849","27,046","26,825","11.89K","0.68%"
"18-12-2014","26,815","26,999","27,263","26,732","18.76K","-0.52%"
"17-12-2014","26,955","27,150","27,247","26,915","16.51K","-0.88%"
"16-12-2014","27,194","27,225","27,796","26,986","30.15K","-0.46%"
"15-12-2014","27,320","27,155","27,500","27,036","15.29K","0.41%"
"12-12-2014","27,209","27,265","27,288","27,026","14.45K","-0.18%"
"11-12-2014","27,258","27,161","27,359","27,006","16.52K","0.25%"
"10-12-2014","27,191","27,161","27,340","27,061","16.74K","0.12%"
"09-12-2014","27,159","26,400","27,280","26,400","23.48K","3.03%"
"08-12-2014","26,361","26,400","26,459","26,280","10.83K","0.88%"
"05-12-2014","26,132","26,253","26,404","26,050","0.13K","-0.82%"
"04-12-2014","26,349","26,472","26,472","26,260","0.06K","-0.48%"
"03-12-2014","26,477","26,237","26,500","26,221","0.14K","1.10%"
"02-12-2014","26,188","26,314","26,437","26,057","0.68K","-1.21%"
"01-12-2014","26,509","25,401","26,566","25,224","3.01K","2.77%"
"28-11-2014","25,794","26,155","26,230","25,741","15.84K","-1.73%"
"27-11-2014","26,247","26,308","26,334","26,131","12.06K","-0.44%"
"26-11-2014","26,362","26,363","26,417","26,293","10.47K","0.14%"
"25-11-2014","26,326","26,492","26,533","26,280","17.02K","-0.58%"
"24-11-2014","26,480","26,402","26,540","26,402","11.50K","0.30%"
"23-11-2014","26,401","26,401","26,401","26,401","","0.04%"
"21-11-2014","26,391","26,483","26,629","26,348","18.78K","-0.27%"
"20-11-2014","26,463","26,550","26,617","26,366","17.27K","-0.93%"
"19-11-2014","26,711","26,575","26,833","26,057","25.38K","0.43%"
"18-11-2014","26,596","26,426","26,774","26,392","19.85K","1.01%"
"17-11-2014","26,330","26,417","26,520","26,300","16.78K","-0.45%"
"16-11-2014","26,448","26,448","26,448","26,448","","-0.07%"
"14-11-2014","26,466","25,826","26,531","25,585","26.64K","2.49%"
"13-11-2014","25,822","25,842","25,930","25,682","19.48K","0.13%"
"12-11-2014","25,788","25,818","25,956","25,730","16.52K","-0.03%"
"11-11-2014","25,796","25,653","25,878","25,433","18.92K","0.24%"
"10-11-2014","25,733","25,958","26,036","25,660","15.49K","-0.77%"
"07-11-2014","25,932","25,425","25,963","25,164","29.04K","1.85%"
"06-11-2014","25,461","25,485","25,567","25,401","9.03K","-0.13%"
"05-11-2014","25,493","25,850","25,850","25,337","25.13K","-1.81%"
"04-11-2014","25,963","26,069","26,187","25,910","10.55K","-0.44%"
"03-11-2014","26,077","26,000","26,263","25,940","14.64K","-0.22%"
"31-10-2014","26,135","26,563","26,590","25,881","25.80K","-1.76%"
"30-10-2014","26,603","26,990","26,990","26,562","16.54K","-1.76%"
"29-10-2014","27,079","27,187","27,195","27,013","11.16K","-0.21%"
"28-10-2014","27,135","27,185","27,270","27,113","12.72K","-0.29%"
"27-10-2014","27,214","27,168","27,238","27,130","8.90K","0.14%"
"24-10-2014","27,176","27,200","27,245","27,141","3.27K","0.21%"
"23-10-2014","27,120","27,270","27,304","27,090","4.69K","-1.31%"
"22-10-2014","27,481","27,525","27,542","27,411","8.97K","-0.26%"
"21-10-2014","27,554","27,473","27,640","27,462","13.04K","0.51%"
"20-10-2014","27,415","27,219","27,490","27,204","11.13K","0.58%"
"17-10-2014","27,256","27,425","27,488","27,166","14.70K","-0.70%"
"16-10-2014","27,449","27,270","27,610","27,270","18.19K","0.72%"
"14-10-2014","27,252","27,070","27,297","27,055","17.45K","1.04%"
"13-10-2014","26,972","27,022","27,246","26,940","14.53K","0.03%"
"10-10-2014","26,964","26,934","27,048","26,845","12.77K","0.02%"
"09-10-2014","26,958","26,845","27,048","26,845","16.05K","0.83%"
"08-10-2014","26,737","26,830","26,995","26,705","14.29K","-0.27%"
"07-10-2014","26,810","26,657","26,837","26,641","12.64K","0.33%"
"06-10-2014","26,721","26,504","26,748","26,472","6.66K","0.80%"
"05-10-2014","26,510","26,510","26,510","26,510","","0.00%"
"03-10-2014","26,510","26,510","26,510","26,510","","-1.41%"
"01-10-2014","26,888","27,018","27,192","26,800","4.64K","-0.89%"
"30-09-2014","27,129","26,901","27,172","26,792","8.88K","0.80%"
"29-09-2014","26,913","26,855","27,000","26,802","9.49K","0.43%"
"27-09-2014","26,798","26,798","26,798","26,798","","0.02%"
"26-09-2014","26,793","26,920","27,135","26,753","17.68K","-0.53%"
"25-09-2014","26,935","26,505","26,962","26,380","20.00K","1.45%"
"24-09-2014","26,549","26,672","26,740","26,528","15.47K","-0.45%"
"23-09-2014","26,669","26,580","26,944","26,471","18.41K","0.30%"
"22-09-2014","26,588","26,464","26,650","26,313","16.39K","0.35%"
"19-09-2014","26,496","26,634","26,665","26,461","17.49K","-0.61%"
"18-09-2014","26,659","26,845","26,845","26,560","16.37K","-0.90%"
"17-09-2014","26,901","27,001","27,001","26,865","11.25K","-0.20%"
"16-09-2014","26,954","27,025","27,114","26,920","17.84K","-0.17%"
"15-09-2014","26,999","26,937","27,117","26,911","16.31K","0.37%"
"13-09-2014","26,899","26,899","26,899","26,899","","0.00%"
"12-09-2014","26,898","26,945","26,984","26,790","16.20K","-0.33%"
"11-09-2014","26,986","27,200","27,245","26,953","20.64K","-0.71%"
"10-09-2014","27,179","27,334","27,429","27,142","15.45K","-0.30%"
"09-09-2014","27,261","27,213","27,380","27,156","16.07K","0.21%"
"08-09-2014","27,204","27,431","27,480","27,105","11.87K","-0.64%"
"05-09-2014","27,378","27,406","27,537","27,332","13.93K","-0.30%"
"04-09-2014","27,461","27,596","27,632","27,388","16.36K","-0.40%"
"03-09-2014","27,570","27,569","27,620","27,368","16.74K","0.06%"
"02-09-2014","27,554","27,883","27,898","27,534","18.25K","-1.36%"
"01-09-2014","27,934","27,958","27,967","27,907","4.64K","-0.22%"
"29-08-2014","27,996","28,020","28,037","27,884","5.42K","-0.28%"
"28-08-2014","28,075","27,824","28,178","27,824","16.16K","1.06%"
"27-08-2014","27,780","27,863","27,925","27,765","9.90K","-0.41%"
"26-08-2014","27,895","27,813","28,040","27,804","14.07K","0.45%"
"25-08-2014","27,771","27,774","27,848","27,715","9.50K","-0.15%"
"22-08-2014","27,813","27,791","27,880","27,714","12.91K","0.24%"
"21-08-2014","27,747","28,161","28,161","27,704","18.71K","-1.65%"
"20-08-2014","28,212","28,258","28,282","28,150","11.13K","-0.14%"
"19-08-2014","28,252","28,321","28,360","28,204","11.11K","-0.15%"
"18-08-2014","28,295","28,505","28,505","28,256","9.91K","-1.11%"
"14-08-2014","28,614","28,682","28,775","28,501","15.01K","-0.26%"
"13-08-2014","28,688","28,640","28,750","28,587","13.94K","-0.15%"
"12-08-2014","28,730","28,561","28,891","28,550","13.18K","0.34%"
"11-08-2014","28,633","28,569","28,693","28,528","8.63K","0.12%"
"10-08-2014","28,598","28,598","28,598","28,598","","-0.02%"
"08-08-2014","28,604","28,845","29,085","28,566","17.30K","-0.58%"
"07-08-2014","28,770","28,595","28,836","28,531","14.87K","0.48%"
"06-08-2014","28,633","28,175","28,717","28,175","18.79K","2.83%"
"05-08-2014","27,844","27,997","28,035","27,819","0.11K","-0.25%"
"04-08-2014","27,915","28,035","28,099","27,866","0.74K","-0.50%"
"01-08-2014","28,054","27,845","28,123","27,798","1.51K","0.85%"
"31-07-2014","27,818","27,805","27,956","27,752","10.46K","-0.42%"
"30-07-2014","27,934","27,853","27,979","27,723","12.49K","0.24%"
"29-07-2014","27,866","28,000","28,090","27,825","8.12K","-0.21%"
"28-07-2014","27,926","28,000","28,035","27,880","9.72K","-0.01%"
"27-07-2014","27,928","27,928","27,928","27,928","","-0.04%"
"25-07-2014","27,938","27,661","27,965","27,651","11.20K","1.13%"
"24-07-2014","27,626","27,850","27,850","27,602","14.83K","-0.92%"
"23-07-2014","27,882","27,924","27,995","27,852","12.87K","-0.05%"
"22-07-2014","27,895","28,070","28,087","27,812","19.30K","-0.68%"
"21-07-2014","28,087","28,015","28,217","27,983","10.77K","0.32%"
"20-07-2014","27,997","27,997","27,997","27,997","","0.01%"
"18-07-2014","27,993","28,158","28,179","27,917","12.64K","-0.73%"
"17-07-2014","28,199","27,745","28,398","27,743","24.02K","1.89%"
"16-07-2014","27,676","27,667","27,735","27,583","15.69K","0.10%"
"15-07-2014","27,648","27,857","27,948","27,587","18.72K","-0.41%"
"14-07-2014","27,762","28,221","28,304","27,726","19.03K","-1.97%"
"13-07-2014","28,320","28,320","28,320","28,320","","0.00%"
"12-07-2014","28,320","28,320","28,320","28,320","","-0.13%"
"11-07-2014","28,356","28,528","28,528","28,231","15.13K","-0.49%"
"10-07-2014","28,496","27,655","28,589","27,500","31.45K","3.20%"
"09-07-2014","27,613","27,545","27,698","27,544","12.58K","0.34%"
"08-07-2014","27,519","27,507","27,629","27,381","14.51K","0.11%"
"07-07-2014","27,490","27,482","27,522","27,382","9.74K","-0.24%"
"04-07-2014","27,557","27,487","27,595","27,451","9.49K","0.34%"
"03-07-2014","27,464","27,564","27,634","27,363","15.29K","-0.72%"
"02-07-2014","27,663","27,799","27,800","27,532","13.62K","-0.30%"
"01-07-2014","27,746","27,867","27,940","27,730","11.91K","-0.11%"
"30-06-2014","27,776","27,632","27,850","27,561","11.77K","0.38%"
"27-06-2014","27,672","27,705","27,799","27,605","10.95K","0.02%"
"26-06-2014","27,667","27,703","27,748","27,490","16.61K","-0.30%"
"25-06-2014","27,751","27,700","27,820","27,587","15.56K","0.07%"
"24-06-2014","27,731","27,641","27,870","27,585","15.40K","0.19%"
"23-06-2014","27,678","27,616","27,746","27,572","12.66K","0.04%"
"20-06-2014","27,668","27,636","27,820","27,468","18.35K","0.21%"
"19-06-2014","27,611","26,827","27,653","26,800","22.76K","2.93%"
"18-06-2014","26,826","26,787","26,964","26,690","16.09K","-0.05%"
"17-06-2014","26,839","26,775","26,904","26,550","17.66K","0.03%"
"16-06-2014","26,831","26,650","27,035","26,650","15.25K","0.77%"
"13-06-2014","26,627","26,362","26,660","26,321","12.97K","1.13%"
"12-06-2014","26,330","26,077","26,360","25,980","14.80K","0.99%"
"11-06-2014","26,073","26,189","26,199","25,956","13.03K","-0.25%"
"10-06-2014","26,139","25,984","26,164","25,951","12.11K","0.60%"
"09-06-2014","25,982","25,825","26,010","25,811","8.52K","0.46%"
"06-06-2014","25,863","25,936","25,988","25,755","11.75K","-3.83%"
"05-06-2014","26,894","26,615","26,970","26,511","0.15K","0.96%"
"04-06-2014","26,639","26,769","26,799","26,631","0.23K","-0.36%"
"03-06-2014","26,735","26,690","26,875","26,635","0.43K","0.13%"
"02-06-2014","26,701","26,830","26,939","26,655","2.12K","-0.60%"
"30-05-2014","26,863","26,816","26,910","26,709","10.40K","0.12%"
"29-05-2014","26,830","26,807","26,945","26,560","16.63K","-0.01%"
"28-05-2014","26,834","26,937","26,970","26,735","15.03K","-0.46%"
"27-05-2014","26,958","27,525","27,525","26,875","18.14K","-1.91%"
"26-05-2014","27,483","27,325","27,500","27,292","7.55K","0.49%"
"23-05-2014","27,349","27,295","27,395","27,155","10.26K","0.40%"
"22-05-2014","27,241","27,300","27,520","27,100","19.99K","-0.48%"
"21-05-2014","27,373","28,245","28,277","27,341","24.05K","-2.88%"
"20-05-2014","28,186","28,120","28,245","28,062","11.38K","0.15%"
"19-05-2014","28,144","28,050","28,299","28,030","10.63K","0.20%"
"16-05-2014","28,089","28,351","28,351","28,014","11.33K","-1.12%"
"15-05-2014","28,408","28,680","28,686","28,375","13.25K","-1.03%"
"14-05-2014","28,704","28,599","28,749","28,599","7.20K","0.85%"
"13-05-2014","28,462","28,590","28,650","28,432","10.63K","-0.58%"
"12-05-2014","28,628","28,474","28,798","28,350","12.06K","0.36%"
"09-05-2014","28,525","28,589","28,648","28,487","9.27K","0.01%"
"08-05-2014","28,523","28,555","28,624","28,452","10.91K","0.01%"
"07-05-2014","28,520","28,943","29,036","28,505","15.59K","-1.27%"
"06-05-2014","28,887","28,913","28,959","28,834","10.60K","-0.17%"
"05-05-2014","28,935","28,920","29,039","28,875","10.10K","0.22%"
"02-05-2014","28,871","28,597","28,889","28,420","16.14K","1.02%"
"01-05-2014","28,580","28,825","28,825","28,510","9.00K","-1.06%"
"30-04-2014","28,887","28,725","28,972","28,583","17.10K","0.48%"
"29-04-2014","28,750","28,902","28,902","28,691","15.62K","-0.76%"
"28-04-2014","28,970","28,980","29,020","28,875","10.38K","0.25%"
"27-04-2014","28,898","28,898","28,898","28,898","","-0.02%"
"25-04-2014","28,905","28,845","28,965","28,757","15.68K","0.40%"
"23-04-2014","28,790","28,645","28,815","28,645","12.38K","0.67%"
"22-04-2014","28,599","28,536","28,678","28,482","15.45K","0.25%"
"21-04-2014","28,527","28,425","28,580","28,282","11.78K","-0.02%"
"19-04-2014","28,532","28,532","28,532","28,532","","0.09%"
"17-04-2014","28,505","28,550","28,617","28,460","10.93K","-0.29%"
"16-04-2014","28,589","28,520","28,657","28,315","15.34K","0.06%"
"15-04-2014","28,573","28,850","28,850","28,200","18.55K","-1.33%"
"14-04-2014","28,959","28,845","28,986","28,843","5.17K","0.71%"
"11-04-2014","28,756","28,799","28,844","28,670","11.38K","-0.09%"
"10-04-2014","28,781","28,450","28,814","28,450","14.69K","1.28%"
"09-04-2014","28,417","28,475","28,559","28,353","14.20K","-0.21%"
"08-04-2014","28,477","28,398","28,586","28,397","7.15K","0.53%"
"07-04-2014","28,326","28,230","28,360","28,221","9.70K","0.28%"
"05-04-2014","28,246","28,246","28,246","28,246","","-0.77%"
"04-04-2014","28,464","28,435","28,623","28,361","0.12K","0.10%"
"03-04-2014","28,435","28,440","28,550","28,380","0.14K","0.89%"
"02-04-2014","28,184","27,923","28,399","27,861","0.55K","0.37%"
"01-04-2014","28,080","28,610","28,615","28,001","2.26K","-1.60%"
"31-03-2014","28,536","28,448","28,790","28,363","9.12K","0.55%"
"28-03-2014","28,380","28,360","28,490","28,119","16.23K","-0.24%"
"27-03-2014","28,449","28,557","28,700","28,290","18.63K","-0.43%"
"26-03-2014","28,571","29,050","29,050","28,380","16.19K","-1.13%"
"25-03-2014","28,898","29,110","29,260","28,863","17.22K","-0.90%"
"24-03-2014","29,159","29,700","29,700","29,121","14.02K","-1.96%"
"21-03-2014","29,742","29,757","29,917","29,696","12.20K","-0.03%"
"20-03-2014","29,751","29,930","29,973","29,721","14.60K","-0.77%"
"19-03-2014","29,981","30,211","30,222","29,926","15.22K","-0.74%"
"18-03-2014","30,205","30,350","30,350","30,112","13.23K","-0.56%"
"17-03-2014","30,375","30,560","30,566","30,352","4.29K","-0.72%"
"14-03-2014","30,595","30,585","30,737","30,452","16.11K","0.15%"
"13-03-2014","30,549","30,537","30,575","30,322","13.64K","0.25%"
"12-03-2014","30,472","30,280","30,546","30,280","15.88K","0.74%"
"11-03-2014","30,247","30,025","30,335","29,963","18.87K","0.41%"
"10-03-2014","30,123","30,063","30,148","29,956","10.74K","-0.02%"
"07-03-2014","30,130","30,202","30,340","29,930","16.10K","-0.26%"
"06-03-2014","30,209","30,082","30,235","29,900","18.87K","0.17%"
"05-03-2014","30,158","30,191","30,318","30,080","18.01K","-0.01%"
"04-03-2014","30,160","30,650","30,650","30,051","23.64K","-1.54%"
"03-03-2014","30,631","30,192","30,660","30,192","15.98K","1.80%"
"28-02-2014","30,090","30,026","30,400","30,026","14.47K","0.00%"
"27-02-2014","30,089","30,090","30,185","30,010","7.61K","0.16%"
"26-02-2014","30,042","30,240","30,240","29,883","18.14K","-0.65%"
"25-02-2014","30,240","30,035","30,267","30,035","12.94K","0.40%"
"24-02-2014","30,120","29,881","30,174","29,881","11.70K","0.77%"
"21-02-2014","29,889","29,865","29,970","29,772","9.91K","0.02%"
"20-02-2014","29,882","29,960","29,980","29,790","12.59K","-0.50%"
"19-02-2014","30,031","30,132","30,150","29,752","19.40K","-0.64%"
"18-02-2014","30,224","30,035","30,260","29,974","19.00K","0.22%"
"17-02-2014","30,157","29,445","30,218","29,384","21.93K","2.66%"
"14-02-2014","29,375","29,230","29,425","29,230","12.78K","0.65%"
"13-02-2014","29,184","29,120","29,218","29,062","12.35K","0.18%"
"12-02-2014","29,132","29,070","29,160","29,006","12.82K","0.10%"
"11-02-2014","29,104","28,980","29,174","28,980","16.59K","0.58%"
"10-02-2014","28,935","28,850","29,009","28,825","13.02K","0.63%"
"07-02-2014","28,754","28,730","28,900","28,683","16.02K","0.36%"
"06-02-2014","28,650","28,680","28,940","28,625","15.79K","-8.67%"
"05-02-2014","31,370","29,796","31,468","29,748","0.27K","5.67%"
"04-02-2014","29,688","29,701","29,834","29,600","0.34K","-0.53%"
"03-02-2014","29,845","29,500","29,885","29,399","0.65K","1.30%"
"31-01-2014","29,462","29,363","29,584","29,255","9.71K","0.29%"
"30-01-2014","29,378","29,789","29,820","29,353","14.40K","-1.21%"
"29-01-2014","29,738","29,450","29,840","29,346","17.34K","0.74%"
"28-01-2014","29,521","29,718","29,718","29,470","13.38K","-0.93%"
"27-01-2014","29,798","29,550","29,849","29,550","12.88K","0.95%"
"24-01-2014","29,519","29,270","29,675","29,252","16.34K","0.56%"
"23-01-2014","29,355","29,102","29,389","28,965","26.69K","0.70%"
"22-01-2014","29,150","29,208","29,278","29,121","12.56K","-0.31%"
"21-01-2014","29,241","29,238","29,298","29,130","18.60K","-0.16%"
"20-01-2014","29,288","29,288","29,390","29,261","8.70K","0.08%"
"17-01-2014","29,265","29,031","29,310","28,911","15.06K","0.80%"
"16-01-2014","29,034","29,049","29,141","28,953","12.56K","0.05%"
"15-01-2014","29,019","29,023","29,074","28,865","13.72K","-0.26%"
"14-01-2014","29,096","29,171","29,314","29,031","10.37K","-0.40%"
"13-01-2014","29,212","29,045","29,232","29,012","12.75K","0.62%"
"10-01-2014","29,033","28,878","29,070","28,811","15.42K","0.59%"
"09-01-2014","28,862","28,875","28,912","28,712","15.04K","0.23%"
"08-01-2014","28,796","28,766","28,878","28,671","15.84K","-0.13%"
"07-01-2014","28,834","29,001","29,060","28,802","16.95K","-0.48%"
"06-01-2014","28,974","29,213","29,276","28,890","19.95K","-0.63%"
"04-01-2014","29,159","29,159","29,159","29,159","","0.00%"
"03-01-2014","29,159","29,000","29,242","28,833","18.99K","0.66%"
"02-01-2014","28,968","28,490","28,995","28,490","16.49K","1.94%"
"01-01-2014","28,418","28,400","28,490","28,390","2.79K","-0.01%"