"Date","Price","Open","High","Low","Vol.","Change %"
"29-08-2024","184.70","185.10","187.20","181.90","0.03K","-0.35%"
"28-08-2024","185.35","186.25","186.35","183.80","0.05K","-0.40%"
"27-08-2024","186.10","185.70","187.00","184.50","0.07K","0.76%"
"26-08-2024","184.70","189.95","190.30","183.40","0.15K","-2.53%"
"23-08-2024","189.50","189.70","190.45","189.15","0.46K","0.05%"
"22-08-2024","189.40","189.45","190.50","189.20","0.56K","0.00%"
"21-08-2024","189.40","188.85","189.75","188.85","0.40K","0.24%"
"20-08-2024","188.95","187.70","189.80","187.45","0.76K","0.67%"
"19-08-2024","187.70","188.20","188.30","187.30","0.28K","-0.05%"
"16-08-2024","187.80","187.20","188.00","187.05","0.56K","0.51%"
"14-08-2024","186.85","186.65","187.35","184.95","0.81K","0.65%"
"13-08-2024","185.65","186.90","187.05","185.40","0.55K","-0.80%"
"12-08-2024","187.15","187.20","188.40","186.90","0.72K","0.16%"
"09-08-2024","186.85","184.55","187.15","184.55","1.14K","1.52%"
"08-08-2024","184.05","183.30","184.50","182.10","0.55K","0.55%"
"07-08-2024","183.05","182.55","183.55","181.80","0.59K","0.03%"
"06-08-2024","183.00","181.15","184.00","178.15","1.24K","0.85%"
"05-08-2024","181.45","185.80","186.10","181.05","0.97K","-2.37%"
"02-08-2024","185.85","186.65","186.70","185.55","0.48K","-0.40%"
"01-08-2024","186.60","188.45","188.75","186.50","1.06K","-9.90%"
"31-07-2024","207.10","206.00","208.20","206.00","0.00K","0.05%"
"30-07-2024","207.00","207.00","207.00","207.00","0.00K","3.94%"
"29-07-2024","199.15","194.00","203.80","193.50","0.04K","2.65%"
"26-07-2024","194.00","194.05","194.40","193.55","0.01K","0.10%"
"25-07-2024","193.80","190.15","193.95","190.00","0.10K","1.79%"
"24-07-2024","190.40","186.80","191.00","186.60","0.81K","1.68%"
"23-07-2024","187.25","187.30","187.50","186.80","0.17K","0.13%"
"22-07-2024","187.00","187.05","187.25","186.00","0.37K","-0.05%"
"19-07-2024","187.10","187.75","188.05","186.95","0.41K","-0.40%"
"18-07-2024","187.85","189.50","190.45","187.60","0.65K","-0.77%"
"17-07-2024","189.30","191.30","192.00","189.15","0.55K","-0.03%"
"16-07-2024","189.35","189.70","189.85","188.50","0.51K","-0.05%"
"15-07-2024","189.45","189.80","190.30","189.20","0.54K","-0.34%"
"12-07-2024","190.10","189.40","190.35","188.90","0.45K","0.40%"
"11-07-2024","189.35","189.15","189.80","188.80","0.56K","0.37%"
"10-07-2024","188.65","188.80","189.15","188.05","0.59K","0.03%"
"09-07-2024","188.60","190.00","190.45","188.00","0.82K","-0.82%"
"08-07-2024","190.15","190.00","190.90","189.50","0.53K","0.03%"
"05-07-2024","190.10","189.45","190.65","189.30","0.36K","0.26%"
"04-07-2024","189.60","189.50","189.90","188.95","0.48K","0.13%"
"03-07-2024","189.35","188.45","189.75","188.45","0.52K","0.48%"
"02-07-2024","188.45","189.50","190.15","188.25","0.62K","-0.55%"
"01-07-2024","189.50","190.80","190.80","189.20","0.44K","-3.76%"
"28-06-2024","196.90","196.00","197.00","196.00","0.01K","0.31%"
"27-06-2024","196.30","196.15","197.15","195.80","0.01K","0.85%"
"26-06-2024","194.65","198.00","198.00","193.45","0.00K","-0.08%"
"25-06-2024","194.80","191.70","197.85","191.60","0.02K","2.39%"
"24-06-2024","190.25","188.50","192.55","188.05","0.15K","0.93%"
"21-06-2024","188.50","189.00","189.00","187.65","0.44K","-0.16%"
"20-06-2024","188.80","188.10","189.30","187.65","0.47K","0.16%"
"19-06-2024","188.50","189.35","190.90","188.10","0.67K","0.11%"
"18-06-2024","188.30","188.20","188.80","187.60","0.35K","0.19%"
"17-06-2024","187.95","186.35","190.00","186.15","0.34K","0.40%"
"14-06-2024","187.20","187.60","187.85","186.60","0.53K","-0.21%"
"13-06-2024","187.60","187.60","188.50","186.90","0.53K","-0.13%"
"12-06-2024","187.85","187.55","188.30","186.70","0.69K","0.35%"
"11-06-2024","187.20","189.25","189.90","186.80","0.81K","-0.95%"
"10-06-2024","189.00","187.80","189.55","187.10","0.67K","0.53%"
"07-06-2024","188.00","189.70","190.10","187.50","0.53K","-1.03%"
"06-06-2024","189.95","190.00","190.80","189.10","0.61K","0.08%"
"05-06-2024","189.80","190.15","190.95","188.05","1.04K","-0.34%"
"04-06-2024","190.45","192.00","193.30","190.05","0.69K","-0.76%"
"03-06-2024","191.90","192.70","192.90","191.10","0.36K","0.13%"
"31-05-2024","191.65","191.65","191.65","191.65","","0.00%"
"30-05-2024","191.65","191.65","191.65","191.65","0.00K","-0.16%"
"29-05-2024","191.95","191.95","191.95","191.95","","0.00%"
"28-05-2024","191.95","191.80","192.10","191.70","0.01K","1.99%"
"27-05-2024","188.20","190.00","190.90","186.30","0.10K","-0.37%"
"24-05-2024","188.90","190.50","191.30","188.65","0.42K","-1.20%"
"23-05-2024","191.20","193.00","193.00","189.95","0.70K","-1.16%"
"22-05-2024","193.45","195.40","195.65","193.30","0.73K","-0.97%"
"21-05-2024","195.35","195.15","196.00","194.50","0.66K","0.05%"
"20-05-2024","195.25","195.00","196.10","194.30","0.69K","0.62%"
"17-05-2024","194.05","193.90","195.50","193.55","0.62K","0.03%"
"16-05-2024","194.00","194.50","195.00","193.80","0.51K","-0.18%"
"15-05-2024","194.35","195.50","195.95","192.85","0.75K","-0.33%"
"14-05-2024","195.00","194.85","195.45","194.25","0.49K","0.05%"
"13-05-2024","194.90","194.15","195.45","193.95","0.46K","0.39%"
"10-05-2024","194.15","194.40","195.00","193.95","0.39K","0.10%"
"09-05-2024","193.95","193.65","194.00","192.70","0.39K","0.23%"
"08-05-2024","193.50","194.20","194.65","193.05","0.51K","-0.33%"
"07-05-2024","194.15","192.50","194.35","192.45","0.67K","0.99%"
"06-05-2024","192.25","191.55","192.95","191.50","0.44K","0.39%"
"03-05-2024","191.50","190.65","191.85","190.05","0.42K","0.42%"
"02-05-2024","190.70","191.00","191.50","189.85","0.67K","0.03%"
"01-05-2024","190.65","191.10","191.30","190.10","0.34K","0.34%"
"30-04-2024","190.00","192.10","192.10","190.00","0.03K","-0.68%"
"29-04-2024","191.30","190.80","191.80","190.80","0.00K","0.31%"
"26-04-2024","190.70","190.65","191.40","190.45","0.01K","1.54%"
"25-04-2024","187.80","189.40","189.90","187.60","0.03K","0.13%"
"24-04-2024","187.55","193.30","194.80","187.00","0.25K","-2.01%"
"23-04-2024","191.40","187.55","191.85","187.10","0.49K","1.43%"
"22-04-2024","188.70","189.40","189.85","187.35","0.52K","-0.55%"
"19-04-2024","189.75","188.85","189.90","188.75","0.26K","0.48%"
"18-04-2024","188.85","187.70","189.00","187.70","0.35K","0.45%"
"17-04-2024","188.00","188.25","188.80","187.25","0.28K","0.29%"
"16-04-2024","187.45","189.15","189.20","187.00","0.58K","-0.61%"
"15-04-2024","188.60","188.00","189.10","187.15","0.58K","0.37%"
"12-04-2024","187.90","187.70","189.60","187.50","0.64K","0.24%"
"11-04-2024","187.45","188.20","189.00","187.15","0.28K","-0.40%"
"10-04-2024","188.20","188.55","189.50","186.95","0.58K","0.05%"
"09-04-2024","188.10","186.50","190.05","186.20","0.82K","0.70%"
"08-04-2024","186.80","184.25","188.10","184.25","0.54K","0.13%"
"05-04-2024","186.55","185.50","188.40","184.45","0.80K","0.38%"
"04-04-2024","185.85","180.40","186.50","179.95","1.84K","3.16%"
"03-04-2024","180.15","177.85","180.65","177.40","0.91K","1.32%"
"02-04-2024","177.80","178.55","179.00","177.60","0.46K","-0.42%"
"01-04-2024","178.55","178.45","178.75","178.20","0.10K","1.42%"
"28-03-2024","176.05","178.35","178.35","178.35","","0.00%"
"27-03-2024","176.05","176.05","176.10","176.05","0.01K","0.17%"
"26-03-2024","175.75","175.90","179.25","175.60","0.03K","-0.14%"
"25-03-2024","176.00","175.90","176.15","175.85","0.01K","1.03%"
"22-03-2024","174.20","174.65","175.80","172.85","0.24K","-0.71%"
"21-03-2024","175.45","178.15","178.30","173.40","0.54K","-1.18%"
"20-03-2024","177.55","178.30","178.65","177.30","0.25K","-0.48%"
"19-03-2024","178.40","178.35","178.95","177.75","0.23K","0.08%"
"18-03-2024","178.25","179.60","180.50","178.10","0.41K","-1.03%"
"15-03-2024","180.10","181.65","181.85","179.45","0.38K","-0.83%"
"14-03-2024","181.60","181.90","182.35","180.80","0.38K","-0.16%"
"13-03-2024","181.90","181.30","182.15","180.00","0.30K","0.17%"
"12-03-2024","181.60","181.00","181.70","180.40","0.57K","0.30%"
"11-03-2024","181.05","180.60","181.50","180.05","0.54K","0.30%"
"08-03-2024","180.50","181.40","182.00","180.20","0.39K","0.00%"
"07-03-2024","180.50","179.30","180.90","179.30","0.82K","0.70%"
"06-03-2024","179.25","178.75","179.65","178.45","0.31K","0.28%"
"05-03-2024","178.75","178.10","178.90","177.70","0.47K","0.34%"
"04-03-2024","178.15","177.75","178.40","177.55","0.36K","0.20%"
"01-03-2024","177.80","178.60","178.65","177.55","0.74K","0.34%"
"29-02-2024","177.20","178.40","178.40","178.40","","0.00%"
"28-02-2024","177.20","177.25","177.25","177.10","0.00K","0.54%"
"27-02-2024","176.25","176.25","176.25","176.25","","0.00%"
"26-02-2024","176.25","176.25","176.25","176.25","","0.00%"
"23-02-2024","176.25","176.75","178.35","176.00","0.22K","0.09%"
"22-02-2024","176.10","179.80","179.85","174.15","0.60K","-1.43%"
"21-02-2024","178.65","177.40","178.85","177.30","0.28K","0.85%"
"20-02-2024","177.15","177.35","177.45","176.75","0.21K","-0.17%"
"19-02-2024","177.45","178.60","178.65","176.85","0.28K","-0.81%"
"16-02-2024","178.90","178.65","179.25","178.20","0.40K","0.20%"
"15-02-2024","178.55","177.20","178.90","177.05","0.44K","0.99%"
"14-02-2024","176.80","176.90","177.40","176.10","0.59K","0.08%"
"13-02-2024","176.65","177.10","177.40","176.35","0.28K","-0.39%"
"12-02-2024","177.35","175.60","177.55","175.05","0.73K","1.20%"
"09-02-2024","175.25","176.65","176.65","174.60","0.43K","-1.02%"
"08-02-2024","177.05","179.50","180.55","176.80","0.65K","-1.28%"
"07-02-2024","179.35","180.55","181.00","179.10","0.36K","-0.64%"
"06-02-2024","180.50","180.40","181.70","180.30","0.34K","0.14%"
"05-02-2024","180.25","181.35","181.55","180.10","0.35K","-0.69%"
"02-02-2024","181.50","181.60","182.30","181.30","0.48K","-0.25%"
"01-02-2024","181.95","182.95","182.95","181.80","0.40K","-3.86%"
"31-01-2024","189.25","179.95","179.95","179.95","0.00K","4.53%"
"30-01-2024","181.05","181.05","181.05","181.05","0.00K","0.14%"
"29-01-2024","180.80","180.40","181.65","180.20","0.02K","0.00%"
"25-01-2024","180.80","180.80","180.80","180.80","0.00K","0.25%"
"24-01-2024","180.35","179.35","182.40","178.35","0.46K","0.75%"
"23-01-2024","179.00","180.15","180.55","177.55","0.85K","-0.83%"
"22-01-2024","180.50","181.15","181.50","178.80","0.16K","-0.30%"
"19-01-2024","181.05","180.20","181.45","180.20","0.36K","0.44%"
"18-01-2024","180.25","180.20","180.85","179.10","0.38K","-0.08%"
"17-01-2024","180.40","182.05","182.05","180.05","0.49K","-0.91%"
"16-01-2024","182.05","182.35","182.50","181.95","0.23K","-0.16%"
"15-01-2024","182.35","182.10","182.65","181.90","0.29K","0.11%"
"12-01-2024","182.15","182.65","182.65","181.80","0.38K","-0.22%"
"11-01-2024","182.55","182.70","183.15","182.40","0.18K","0.08%"
"10-01-2024","182.40","181.80","182.80","181.75","0.36K","0.39%"
"09-01-2024","181.70","182.25","182.55","181.50","0.29K","-0.30%"
"08-01-2024","182.25","182.60","183.20","181.60","0.50K","-0.30%"
"05-01-2024","182.80","182.20","183.35","182.05","0.68K","0.41%"
"04-01-2024","182.05","182.05","182.30","181.70","0.16K","0.00%"
"03-01-2024","182.05","182.50","182.75","181.80","0.38K","-0.30%"
"02-01-2024","182.60","183.25","183.25","181.80","0.56K","-0.08%"
"01-01-2024","182.75","183.05","183.05","182.60","0.05K","0.83%"
"29-12-2023","181.25","182.90","182.90","182.90","","0.00%"
"28-12-2023","181.25","181.25","181.25","181.25","","0.00%"
"27-12-2023","181.25","181.25","181.25","181.25","0.00K","1.12%"
"26-12-2023","179.25","179.45","179.50","178.85","0.00K","-0.19%"
"22-12-2023","179.60","179.40","180.60","178.50","0.21K","0.14%"
"21-12-2023","179.35","182.90","183.10","176.65","0.58K","-1.78%"
"20-12-2023","182.60","182.65","183.50","182.45","0.26K","-0.22%"
"19-12-2023","183.00","182.55","183.40","182.35","0.28K","0.19%"
"18-12-2023","182.65","184.80","184.80","182.25","0.53K","-0.79%"
"15-12-2023","184.10","184.05","185.35","183.80","0.45K","-0.11%"
"14-12-2023","184.30","183.45","184.65","182.70","0.47K","0.68%"
"13-12-2023","183.05","183.00","183.90","182.55","0.32K","0.19%"
"12-12-2023","182.70","183.00","184.50","182.50","0.56K","-0.30%"
"11-12-2023","183.25","182.20","184.00","181.40","0.34K","0.47%"
"08-12-2023","182.40","182.20","183.40","182.20","0.28K","0.14%"
"07-12-2023","182.15","182.25","182.80","182.00","0.19K","-0.25%"
"06-12-2023","182.60","183.20","183.20","181.50","0.61K","-0.14%"
"05-12-2023","182.85","184.40","184.50","182.40","0.48K","-0.84%"
"04-12-2023","184.40","185.65","185.65","184.25","0.49K","-0.70%"
"01-12-2023","185.70","185.95","186.25","185.25","0.35K","-2.29%"
"30-11-2023","190.05","181.65","183.00","181.65","0.01K","4.65%"
"29-11-2023","181.60","182.40","182.40","180.95","0.01K","-1.78%"
"28-11-2023","184.90","183.95","185.50","183.95","0.01K","0.14%"
"27-11-2023","184.65","185.05","185.05","184.45","0.01K","-0.81%"
"24-11-2023","186.15","186.90","187.35","185.25","0.18K","-0.29%"
"23-11-2023","186.70","187.30","187.95","186.05","0.35K","-0.56%"
"22-11-2023","187.75","189.30","189.70","187.30","0.50K","-1.05%"
"21-11-2023","189.75","190.55","190.90","189.10","0.50K","-0.55%"
"20-11-2023","190.80","190.70","192.15","190.25","0.40K","-0.03%"
"17-11-2023","190.85","189.30","191.10","189.00","0.33K","0.61%"
"16-11-2023","189.70","188.10","190.20","187.85","0.48K","0.61%"
"15-11-2023","188.55","187.25","188.70","187.05","0.60K","0.53%"
"14-11-2023","187.55","186.25","187.70","185.70","0.51K","0.56%"
"13-11-2023","186.50","186.85","187.05","186.30","0.28K","-0.13%"
"12-11-2023","186.75","186.80","188.00","186.65","0.04K","0.05%"
"10-11-2023","186.65","186.80","187.00","186.00","0.51K","-0.05%"
"09-11-2023","186.75","186.95","187.20","186.60","0.33K","-0.27%"
"08-11-2023","187.25","186.75","187.45","186.60","0.39K","0.05%"
"07-11-2023","187.15","186.95","187.35","186.55","0.51K","0.03%"
"06-11-2023","187.10","186.85","187.25","186.40","0.51K","0.21%"
"03-11-2023","186.70","186.05","187.20","185.80","0.57K","0.35%"
"02-11-2023","186.05","185.65","186.20","185.50","0.58K","0.11%"
"01-11-2023","185.85","185.05","186.00","184.60","0.89K","0.95%"
"31-10-2023","184.10","207.80","208.50","207.75","","0.00%"
"30-10-2023","184.10","183.55","185.50","183.00","0.01K","0.60%"
"27-10-2023","183.00","183.00","183.00","183.00","0.02K","0.69%"
"26-10-2023","181.75","181.10","183.40","180.05","0.05K","-0.41%"
"25-10-2023","182.50","185.00","185.85","181.00","0.24K","-1.46%"
"24-10-2023","185.20","184.60","186.20","184.60","0.24K","-0.43%"
"23-10-2023","186.00","186.00","186.45","185.10","0.35K","0.13%"
"20-10-2023","185.75","185.80","186.55","184.90","0.38K","-0.08%"
"19-10-2023","185.90","186.60","187.15","185.70","0.43K","-0.32%"
"18-10-2023","186.50","186.60","187.40","186.35","0.44K","0.27%"
"17-10-2023","186.00","185.40","187.80","184.05","0.79K","0.22%"
"16-10-2023","185.60","185.65","185.95","184.70","0.21K","0.00%"
"13-10-2023","185.60","186.00","186.20","185.35","0.35K","-0.08%"
"12-10-2023","185.75","186.70","186.95","185.35","0.58K","-0.40%"
"11-10-2023","186.50","186.40","187.10","185.80","0.60K","0.11%"
"10-10-2023","186.30","187.05","187.55","186.05","0.52K","-0.51%"
"09-10-2023","187.25","188.40","189.75","187.10","0.82K","-0.19%"
"06-10-2023","187.60","187.15","188.50","187.15","0.65K","0.24%"
"05-10-2023","187.15","186.90","187.45","186.50","0.42K","0.16%"
"04-10-2023","186.85","186.60","187.50","186.40","0.48K","0.05%"
"03-10-2023","186.75","187.00","187.20","185.55","0.57K","-2.68%"
"29-09-2023","191.90","188.15","188.15","188.15","","0.00%"
"28-09-2023","191.90","191.80","191.95","191.80","0.00K","1.11%"
"27-09-2023","189.80","189.90","189.90","189.70","0.00K","-0.08%"
"26-09-2023","189.95","189.95","189.95","189.95","0.00K","1.90%"
"25-09-2023","186.40","187.00","190.50","185.00","0.14K","-0.69%"
"22-09-2023","187.70","186.80","188.70","186.60","0.70K","0.27%"
"21-09-2023","187.20","187.60","188.00","186.30","0.53K","-0.24%"
"20-09-2023","187.65","188.30","188.70","187.50","0.68K","-0.24%"
"19-09-2023","188.10","188.80","188.95","187.80","0.38K","-0.66%"
"18-09-2023","189.35","190.40","190.40","188.50","0.66K","-0.18%"
"15-09-2023","189.70","189.25","189.95","188.40","0.58K","0.64%"
"14-09-2023","188.50","186.90","188.65","186.80","0.58K","0.83%"
"13-09-2023","186.95","187.15","187.30","186.20","0.50K","-0.08%"
"12-09-2023","187.10","188.35","188.50","186.70","0.58K","-0.74%"
"11-09-2023","188.50","187.45","188.80","186.95","0.46K","0.56%"
"08-09-2023","187.45","187.30","187.65","186.75","0.62K","-0.19%"
"07-09-2023","187.80","187.40","188.15","187.25","0.58K","0.11%"
"06-09-2023","187.60","187.10","188.10","186.60","0.68K","0.05%"
"05-09-2023","187.50","187.10","188.20","186.50","0.64K","0.19%"
"04-09-2023","187.15","188.00","190.50","186.90","0.93K","-0.87%"
"01-09-2023","188.80","186.35","190.80","186.25","1.22K","2.86%"
"31-08-2023","183.55","183.55","186.10","183.55","0.77K","0.00%"
"30-08-2023","183.55","183.55","183.55","183.55","","0.00%"
"29-08-2023","183.55","182.20","183.75","182.05","0.03K","0.69%"
"28-08-2023","182.30","182.60","182.60","182.20","0.03K","0.11%"
"25-08-2023","182.10","183.55","183.90","181.50","0.09K","-1.09%"
"24-08-2023","184.10","183.70","184.45","183.15","0.22K","0.11%"
"23-08-2023","183.90","183.55","184.00","183.50","0.16K","0.08%"
"22-08-2023","183.75","184.45","184.80","183.40","0.41K","-0.30%"
"21-08-2023","184.30","185.00","185.00","183.85","0.38K","0.11%"
"18-08-2023","184.10","183.65","184.25","183.65","0.29K","0.08%"
"17-08-2023","183.95","183.70","184.35","183.45","0.39K","0.25%"
"16-08-2023","183.50","182.90","184.25","182.80","0.75K","0.49%"
"14-08-2023","182.60","183.20","183.30","182.30","0.39K","-0.35%"
"11-08-2023","183.25","183.55","183.60","182.40","0.52K","-0.16%"
"10-08-2023","183.55","183.65","183.95","183.40","0.27K","-0.11%"
"09-08-2023","183.75","183.50","183.95","183.00","0.60K","0.19%"
"08-08-2023","183.40","184.10","184.15","182.80","0.44K","-0.38%"
"07-08-2023","184.10","183.65","184.90","183.55","0.67K","0.08%"
"04-08-2023","183.95","184.50","184.70","183.60","0.51K","-0.41%"
"03-08-2023","184.70","184.25","184.75","183.75","0.44K","0.22%"
"02-08-2023","184.30","183.60","184.50","183.50","0.39K","0.30%"
"01-08-2023","183.75","184.20","184.30","183.50","0.54K","0.68%"
"31-07-2023","182.50","182.15","182.50","182.15","0.04K","-0.38%"
"28-07-2023","183.20","183.20","183.20","183.20","","0.00%"
"27-07-2023","183.20","183.20","183.20","183.20","","0.00%"
"26-07-2023","183.20","182.20","183.35","182.20","0.02K","0.55%"
"25-07-2023","182.20","183.80","183.80","182.00","0.07K","-0.84%"
"24-07-2023","183.75","183.45","184.00","182.70","0.49K","0.46%"
"21-07-2023","182.90","182.45","183.15","182.25","0.27K","0.44%"
"20-07-2023","182.10","181.80","182.75","181.60","0.38K","0.28%"
"19-07-2023","181.60","182.50","182.55","181.50","0.35K","-0.47%"
"18-07-2023","182.45","182.10","182.65","182.10","0.20K","0.08%"
"17-07-2023","182.30","182.55","182.75","182.10","0.35K","-0.22%"
"14-07-2023","182.70","182.50","182.90","182.10","0.39K","0.05%"
"13-07-2023","182.60","182.30","183.40","182.30","0.76K","0.11%"
"12-07-2023","182.40","181.90","182.50","181.50","0.92K","0.41%"
"11-07-2023","181.65","182.10","182.45","181.40","0.61K","-0.16%"
"10-07-2023","181.95","181.60","182.25","181.15","0.57K","0.22%"
"07-07-2023","181.55","181.85","182.10","181.10","0.85K","0.06%"
"06-07-2023","181.45","181.85","182.35","181.15","0.85K","-0.27%"
"05-07-2023","181.95","182.40","182.70","181.60","0.58K","-0.27%"
"04-07-2023","182.45","182.30","183.00","181.75","0.38K","0.16%"
"03-07-2023","182.15","182.65","183.30","181.95","0.41K","0.83%"
"30-06-2023","180.65","181.00","181.00","180.00","0.00K","0.06%"
"29-06-2023","180.55","180.50","180.65","180.50","0.01K","-0.50%"
"28-06-2023","181.45","181.20","182.50","174.65","0.01K","-0.25%"
"27-06-2023","181.90","180.20","184.00","180.20","0.02K","2.08%"
"26-06-2023","178.20","182.70","183.15","177.45","0.10K","-2.03%"
"23-06-2023","181.90","182.90","183.55","181.70","0.29K","-0.41%"
"22-06-2023","182.65","183.80","184.25","181.25","0.89K","-0.65%"
"21-06-2023","183.85","183.50","184.00","183.15","0.27K","0.19%"
"20-06-2023","183.50","183.80","184.15","183.10","0.46K","-0.30%"
"19-06-2023","184.05","184.20","184.40","183.50","0.44K","-0.11%"
"16-06-2023","184.25","184.60","185.50","184.05","0.81K","-0.11%"
"15-06-2023","184.45","183.50","184.50","182.95","0.62K","0.38%"
"14-06-2023","183.75","183.35","183.90","182.95","0.64K","0.27%"
"13-06-2023","183.25","182.75","183.50","182.50","0.72K","0.25%"
"12-06-2023","182.80","182.80","182.90","182.40","0.24K","0.08%"
"09-06-2023","182.65","182.50","183.10","182.35","0.30K","-0.08%"
"08-06-2023","182.80","182.75","183.15","181.80","0.75K","-0.08%"
"07-06-2023","182.95","183.20","183.35","182.60","0.48K","0.08%"
"06-06-2023","182.80","182.35","183.50","182.15","0.70K","0.14%"
"05-06-2023","182.55","181.05","183.00","181.05","0.30K","0.03%"
"02-06-2023","182.50","180.95","182.60","180.90","0.52K","0.75%"
"01-06-2023","181.15","182.45","182.70","180.80","0.71K","-1.55%"
"31-05-2023","184.00","182.95","185.05","182.95","0.00K","-0.54%"
"30-05-2023","185.00","185.00","185.00","185.00","0.01K","0.16%"
"29-05-2023","184.70","185.35","185.45","184.00","0.00K","-0.11%"
"26-05-2023","184.90","185.65","185.95","184.55","0.03K","1.34%"
"25-05-2023","182.45","181.90","182.70","180.60","0.24K","0.69%"
"24-05-2023","181.20","182.40","182.80","180.80","0.35K","-0.77%"
"23-05-2023","182.60","183.40","183.40","182.10","0.33K","-0.30%"
"22-05-2023","183.15","183.45","184.15","183.05","0.43K","-0.43%"
"19-05-2023","183.95","183.75","185.50","183.65","0.71K","0.19%"
"18-05-2023","183.60","183.85","184.50","182.90","0.67K","0.14%"
"17-05-2023","183.35","183.35","183.90","183.00","0.73K","0.03%"
"16-05-2023","183.30","184.50","184.70","182.80","0.75K","-0.62%"
"15-05-2023","184.45","183.95","184.90","183.85","0.29K","0.22%"
"12-05-2023","184.05","183.85","184.55","183.40","0.48K","0.16%"
"11-05-2023","183.75","184.30","184.65","183.60","0.77K","-0.30%"
"10-05-2023","184.30","184.80","184.95","184.10","0.45K","-0.24%"
"09-05-2023","184.75","184.20","184.95","183.80","0.67K","0.46%"
"08-05-2023","183.90","183.60","184.15","183.50","0.26K","0.05%"
"05-05-2023","183.80","183.50","184.20","183.05","0.40K","0.27%"
"04-05-2023","183.30","183.65","183.90","183.00","0.53K","0.03%"
"03-05-2023","183.25","184.55","184.70","183.15","0.71K","-0.62%"
"02-05-2023","184.40","184.15","184.95","183.85","0.46K","0.05%"
"01-05-2023","184.30","184.25","184.75","183.90","0.15K","-0.41%"
"28-04-2023","185.05","183.95","185.70","183.95","0.02K","0.87%"
"27-04-2023","183.45","184.00","184.00","180.75","0.01K","-0.05%"
"26-04-2023","183.55","182.75","184.00","182.00","0.03K","0.85%"
"25-04-2023","182.00","183.10","183.20","181.85","0.03K","-0.30%"
"24-04-2023","182.55","182.05","183.40","181.50","0.15K","0.16%"
"21-04-2023","182.25","182.90","183.30","181.80","0.49K","-0.41%"
"20-04-2023","183.00","183.90","184.30","182.40","0.75K","-0.30%"
"19-04-2023","183.55","183.35","184.10","182.30","0.83K","0.14%"
"18-04-2023","183.30","181.90","183.45","181.60","0.99K","0.99%"
"17-04-2023","181.50","183.80","184.30","180.90","1.19K","-1.28%"
"14-04-2023","183.85","182.65","184.90","182.65","0.47K","0.66%"
"13-04-2023","182.65","182.90","183.15","182.00","1.61K","0.14%"
"12-04-2023","182.40","180.70","182.85","180.40","1.23K","1.08%"
"11-04-2023","180.45","181.15","181.65","180.20","1.08K","-0.36%"
"10-04-2023","181.10","180.50","181.25","180.50","0.24K","0.33%"
"06-04-2023","180.50","181.05","181.30","179.50","0.81K","-0.17%"
"05-04-2023","180.80","181.75","182.05","180.60","0.65K","-0.28%"
"04-04-2023","181.30","181.65","181.95","181.00","0.40K","-0.28%"
"03-04-2023","181.80","181.55","182.35","181.15","0.71K","0.72%"
"31-03-2023","180.50","180.50","180.50","180.50","0.01K","-0.30%"
"30-03-2023","181.05","181.05","181.05","181.05","","0.00%"
"29-03-2023","181.05","181.05","181.05","181.05","","0.00%"
"28-03-2023","181.05","180.30","182.20","180.10","0.01K","0.72%"
"27-03-2023","179.75","180.75","180.80","179.25","0.14K","-0.19%"
"24-03-2023","180.10","181.10","181.40","180.00","0.42K","-0.61%"
"23-03-2023","181.20","181.60","182.20","180.35","0.38K","-0.55%"
"22-03-2023","182.20","182.05","182.40","181.60","0.30K","0.00%"
"21-03-2023","182.20","183.30","183.35","181.60","0.40K","-0.55%"
"20-03-2023","183.20","182.70","183.35","182.05","0.43K","0.41%"
"17-03-2023","182.45","182.10","182.70","181.55","0.50K","0.52%"
"16-03-2023","181.50","181.90","182.25","181.10","0.47K","-0.14%"
"15-03-2023","181.75","182.40","183.70","181.35","0.90K","-0.22%"
"14-03-2023","182.15","181.05","182.45","180.75","0.87K","0.39%"
"13-03-2023","181.45","182.70","183.35","179.85","1.27K","-0.44%"
"10-03-2023","182.25","181.90","183.40","181.90","0.59K","-0.05%"
"09-03-2023","182.35","182.40","182.80","181.90","0.47K","-0.03%"
"08-03-2023","182.40","182.15","182.65","181.80","0.44K","0.08%"
"07-03-2023","182.25","182.30","182.65","181.50","0.19K","-0.27%"
"06-03-2023","182.75","183.40","183.80","182.55","1.11K","-0.27%"
"03-03-2023","183.25","183.65","183.90","181.85","1.14K","-0.19%"
"02-03-2023","183.60","184.15","185.05","182.65","1.39K","-0.46%"
"01-03-2023","184.45","183.15","185.50","183.15","1.04K","1.18%"
"28-02-2023","182.30","182.90","182.95","181.55","0.01K","-0.44%"
"27-02-2023","183.10","180.20","183.55","180.20","0.04K","1.30%"
"24-02-2023","180.75","180.00","180.85","179.60","0.07K","0.14%"
"23-02-2023","180.50","180.50","180.75","179.75","0.05K","-0.39%"
"22-02-2023","181.20","182.55","182.55","178.85","0.30K","-0.85%"
"21-02-2023","182.75","183.80","184.50","182.35","0.55K","-0.60%"
"20-02-2023","183.85","181.05","184.25","181.05","0.82K","0.82%"
"17-02-2023","182.35","183.15","183.25","182.15","0.67K","-0.65%"
"16-02-2023","183.55","184.45","184.45","183.20","0.66K","-0.24%"
"15-02-2023","184.00","184.90","185.00","183.75","0.98K","-0.54%"
"14-02-2023","185.00","185.00","185.40","184.70","0.82K","0.05%"
"13-02-2023","184.90","184.75","185.20","183.90","1.29K","0.24%"
"10-02-2023","184.45","185.45","185.60","183.85","0.72K","-0.51%"
"09-02-2023","185.40","185.10","186.70","185.00","1.05K","0.16%"
"08-02-2023","185.10","184.55","185.40","184.00","1.21K","0.19%"
"07-02-2023","184.75","185.10","185.50","183.75","0.96K","-0.03%"
"06-02-2023","184.80","184.00","185.75","183.40","1.73K","0.46%"
"03-02-2023","183.95","185.70","186.00","183.10","1.10K","-0.97%"
"02-02-2023","185.75","186.30","187.15","185.00","1.17K","-0.19%"
"01-02-2023","186.10","187.00","188.00","185.30","0.91K","0.13%"
"31-01-2023","185.85","185.85","185.85","185.85","0.00K","0.13%"
"30-01-2023","185.60","185.80","185.80","185.35","0.00K","-0.43%"
"27-01-2023","186.40","187.40","189.75","185.70","0.02K","0.16%"
"25-01-2023","186.10","183.50","187.40","183.25","0.05K","1.36%"
"24-01-2023","183.60","181.60","184.20","181.60","0.21K","0.63%"
"23-01-2023","182.45","189.50","189.75","181.60","0.97K","-3.49%"
"20-01-2023","189.05","188.60","189.25","188.35","0.62K","0.21%"
"19-01-2023","188.65","189.30","189.45","188.25","0.86K","-0.53%"
"18-01-2023","189.65","191.95","193.00","189.50","1.27K","-1.22%"
"17-01-2023","192.00","192.20","192.55","191.45","0.56K","-0.03%"
"16-01-2023","192.05","190.35","192.80","190.35","0.91K","0.89%"
"13-01-2023","190.35","188.90","190.50","188.80","1.00K","0.77%"
"12-01-2023","188.90","188.95","189.35","188.55","0.60K","-0.13%"
"11-01-2023","189.15","188.55","189.30","188.10","0.61K","0.29%"
"10-01-2023","188.60","188.45","189.15","188.20","0.89K","-0.05%"
"09-01-2023","188.70","188.50","190.60","188.40","1.90K","0.19%"
"06-01-2023","188.35","190.15","190.15","187.80","0.92K","-0.50%"
"05-01-2023","189.30","188.25","190.30","187.60","1.35K","0.53%"
"04-01-2023","188.30","189.60","189.95","188.20","1.08K","-0.74%"
"03-01-2023","189.70","188.10","190.00","188.00","1.49K","0.34%"
"02-01-2023","189.05","188.70","189.20","188.40","0.28K","0.35%"
"30-12-2022","188.40","188.40","188.40","188.40","0.00K","0.72%"
"29-12-2022","187.05","187.05","187.05","187.05","0.00K","-0.93%"
"28-12-2022","188.80","188.60","190.10","187.10","0.01K","0.00%"
"27-12-2022","188.80","187.25","189.10","187.25","0.03K","1.34%"
"26-12-2022","186.30","187.75","188.15","184.40","0.12K","-0.29%"
"23-12-2022","186.85","187.85","188.30","184.30","0.63K","-0.43%"
"22-12-2022","187.65","189.40","190.25","187.00","0.90K","-0.90%"
"21-12-2022","189.35","185.95","189.70","185.95","0.95K","1.64%"
"20-12-2022","186.30","185.50","186.45","185.50","0.42K","0.35%"
"19-12-2022","185.65","185.00","186.10","185.00","0.50K","0.35%"
"16-12-2022","185.00","185.25","185.50","184.65","0.61K","-0.13%"
"15-12-2022","185.25","185.05","186.25","184.75","0.95K","-0.05%"
"14-12-2022","185.35","186.00","186.10","185.05","0.57K","-0.24%"
"13-12-2022","185.80","185.35","186.50","185.35","1.30K","0.27%"
"12-12-2022","185.30","185.10","185.45","183.95","1.08K","-0.08%"
"09-12-2022","185.45","185.95","186.50","185.30","0.79K","-0.27%"
"08-12-2022","185.95","185.80","186.70","185.55","0.95K","0.08%"
"07-12-2022","185.80","186.15","186.15","185.40","0.81K","-0.19%"
"06-12-2022","186.15","186.90","187.10","185.50","0.90K","-0.21%"
"05-12-2022","186.55","186.45","187.25","186.20","0.80K","0.38%"
"02-12-2022","185.85","184.60","186.40","184.15","1.08K","0.51%"
"01-12-2022","184.90","185.35","185.45","184.55","0.98K","-4.89%"
"30-11-2022","194.40","196.00","196.00","192.00","0.01K","0.21%"
"29-11-2022","194.00","194.00","194.00","194.00","0.01K","1.86%"
"28-11-2022","190.45","189.00","193.35","189.00","0.01K","2.42%"
"25-11-2022","185.95","183.35","187.40","183.35","0.02K","1.83%"
"24-11-2022","182.60","183.00","183.90","182.25","0.15K","-0.22%"
"23-11-2022","183.00","181.90","184.20","180.70","0.86K","0.63%"
"22-11-2022","181.85","182.50","183.30","181.50","0.76K","-0.05%"
"21-11-2022","181.95","183.55","183.90","181.30","0.89K","-1.22%"
"18-11-2022","184.20","182.40","184.85","181.90","1.05K","1.04%"
"17-11-2022","182.30","183.80","183.80","181.90","1.00K","-0.95%"
"16-11-2022","184.05","186.45","186.95","183.70","1.62K","-1.39%"
"15-11-2022","186.65","185.00","187.45","185.00","1.69K","0.76%"
"14-11-2022","185.25","182.50","185.60","182.50","1.72K","1.28%"
"11-11-2022","182.90","181.50","183.40","181.35","1.36K","0.99%"
"10-11-2022","181.10","180.55","181.40","179.80","0.96K","0.33%"
"09-11-2022","180.50","180.75","180.85","179.95","0.97K","0.08%"
"08-11-2022","180.35","180.30","181.00","179.70","0.69K","-0.06%"
"07-11-2022","180.45","179.90","180.90","179.35","2.32K","0.25%"
"04-11-2022","180.00","179.75","181.00","179.50","1.38K","0.19%"
"03-11-2022","179.65","179.70","180.15","178.40","1.36K","0.25%"
"02-11-2022","179.20","178.80","179.40","178.45","0.90K","0.14%"
"01-11-2022","178.95","178.50","179.60","178.45","1.36K","1.13%"
"31-10-2022","176.95","178.60","179.10","176.80","0.02K","-0.37%"
"28-10-2022","177.60","176.75","177.80","175.50","0.02K","0.45%"
"27-10-2022","176.80","177.30","177.90","176.80","0.03K","-0.08%"
"26-10-2022","176.95","177.00","177.20","176.85","0.02K","0.37%"
"25-10-2022","176.30","176.35","178.50","176.10","0.29K","-0.79%"
"24-10-2022","177.70","177.40","178.25","176.85","0.06K","-0.36%"
"21-10-2022","178.35","181.10","181.45","177.00","0.93K","-1.74%"
"20-10-2022","181.50","181.15","182.00","181.15","0.46K","-0.11%"
"19-10-2022","181.70","181.75","182.10","181.10","0.84K","-0.06%"
"18-10-2022","181.80","182.40","182.50","181.05","0.81K","-0.05%"
"17-10-2022","181.90","182.35","182.60","181.05","1.45K","-0.11%"
"14-10-2022","182.10","182.45","184.15","181.60","1.90K","-0.16%"
"13-10-2022","182.40","182.55","183.60","181.00","2.00K","-0.38%"
"12-10-2022","183.10","180.15","183.30","179.95","1.66K","1.33%"
"11-10-2022","180.70","181.50","181.50","179.00","1.44K","-0.28%"
"10-10-2022","181.20","181.40","183.30","180.60","1.38K","-0.63%"
"07-10-2022","182.35","182.50","183.75","181.75","1.23K","0.25%"
"06-10-2022","181.90","181.35","183.40","181.35","1.56K","0.64%"
"05-10-2022","180.75","179.70","181.25","178.70","1.05K","0.92%"
"04-10-2022","179.10","177.00","179.95","176.40","1.98K","1.24%"
"03-10-2022","176.90","178.60","178.95","176.05","1.43K","-0.39%"
"30-09-2022","177.60","182.00","183.00","175.00","0.02K","-1.50%"
"29-09-2022","180.30","178.30","180.95","178.30","0.01K","2.04%"
"28-09-2022","176.70","176.70","177.50","176.50","0.01K","0.31%"
"27-09-2022","176.15","175.90","177.10","175.85","0.01K","0.20%"
"26-09-2022","175.80","180.45","183.00","175.30","0.15K","-2.79%"
"23-09-2022","180.85","179.30","181.50","177.30","0.83K","0.50%"
"22-09-2022","179.95","180.20","181.00","179.45","0.92K","0.00%"
"21-09-2022","179.95","179.55","180.80","179.45","1.00K","0.25%"
"20-09-2022","179.50","180.10","181.50","179.30","1.09K","-0.11%"
"19-09-2022","179.70","177.40","180.15","177.05","1.00K","1.24%"
"16-09-2022","177.50","179.60","179.60","175.60","1.17K","-0.92%"
"15-09-2022","179.15","180.90","181.90","178.75","1.38K","-0.78%"
"14-09-2022","180.55","178.85","180.90","178.05","1.23K","1.09%"
"13-09-2022","178.60","179.20","180.70","177.75","2.00K","-0.42%"
"12-09-2022","179.35","177.60","179.55","177.25","1.10K","1.07%"
"09-09-2022","177.45","177.50","177.95","176.50","1.10K","0.23%"
"08-09-2022","177.05","176.50","177.50","176.50","0.74K","0.34%"
"07-09-2022","176.45","177.50","177.50","175.85","0.79K","-0.48%"
"06-09-2022","177.30","176.00","177.75","175.90","0.91K","0.71%"
"05-09-2022","176.05","175.15","176.15","175.15","0.34K","0.49%"
"02-09-2022","175.20","175.30","176.45","174.20","1.22K","-0.20%"
"01-09-2022","175.55","177.75","177.75","175.35","0.83K","-1.18%"
"31-08-2022","177.65","178.30","178.80","176.70","0.58K","-3.48%"
"30-08-2022","184.05","182.95","184.50","182.95","0.02K","0.85%"
"29-08-2022","182.50","182.50","182.50","182.50","0.00K","-0.05%"
"26-08-2022","182.60","182.70","182.70","182.40","0.00K","0.88%"
"25-08-2022","181.00","180.00","182.50","180.00","0.00K","1.40%"
"24-08-2022","178.50","182.95","186.10","176.05","0.32K","-2.11%"
"23-08-2022","182.35","183.75","184.00","181.30","1.01K","-0.33%"
"22-08-2022","182.95","181.80","183.60","179.90","1.57K","0.52%"
"19-08-2022","182.00","183.70","183.70","181.65","0.80K","-0.74%"
"18-08-2022","183.35","182.70","183.80","181.85","0.82K","0.49%"
"17-08-2022","182.45","183.15","184.15","182.05","1.81K","-0.76%"
"16-08-2022","183.85","184.20","186.00","183.20","1.22K","-0.49%"
"12-08-2022","184.75","184.45","185.40","183.50","1.07K","0.33%"
"11-08-2022","184.15","183.60","184.45","182.70","0.91K","0.30%"
"10-08-2022","183.60","184.80","184.80","183.10","0.99K","-0.54%"
"09-08-2022","184.60","184.90","185.65","183.70","0.96K","0.74%"
"08-08-2022","183.25","180.80","183.75","180.40","1.70K","1.44%"
"05-08-2022","180.65","178.15","181.40","178.15","2.41K","1.09%"
"04-08-2022","178.70","176.90","179.00","175.80","1.45K","1.28%"
"03-08-2022","176.45","177.45","177.60","175.65","0.99K","-0.40%"
"02-08-2022","177.15","178.30","178.60","176.60","0.98K","-0.84%"
"01-08-2022","178.65","177.75","179.55","177.40","1.47K","1.71%"
"29-07-2022","175.65","175.70","176.40","175.50","0.02K","-0.73%"
"28-07-2022","176.95","177.50","177.50","176.70","0.01K","-0.14%"
"27-07-2022","177.20","177.60","177.60","177.00","0.01K","0.40%"
"26-07-2022","176.50","179.45","179.45","176.00","0.04K","-0.37%"
"25-07-2022","177.15","178.50","180.00","176.50","0.22K","-1.20%"
"22-07-2022","179.30","177.00","179.75","176.80","0.87K","0.99%"
"21-07-2022","177.55","177.85","178.70","177.20","1.13K","-0.28%"
"20-07-2022","178.05","176.20","179.00","176.20","1.47K","0.91%"
"19-07-2022","176.45","177.30","177.30","173.80","1.62K","-0.20%"
"18-07-2022","176.80","173.75","177.25","173.70","1.70K","1.87%"
"15-07-2022","173.55","168.80","174.20","166.30","2.59K","3.03%"
"14-07-2022","168.45","174.75","175.30","166.00","1.85K","-3.80%"
"13-07-2022","175.10","174.40","175.80","173.85","1.71K","0.37%"
"12-07-2022","174.45","174.60","174.85","173.40","1.45K","0.43%"
"11-07-2022","173.70","173.45","173.95","172.15","1.28K","0.00%"
"08-07-2022","173.70","174.65","174.75","173.60","1.03K","-0.77%"
"07-07-2022","175.05","175.35","176.45","174.65","1.84K","-0.28%"
"06-07-2022","175.55","173.75","176.20","173.05","1.70K","0.80%"
"05-07-2022","174.15","175.00","175.05","173.20","1.53K","-0.54%"
"04-07-2022","175.10","175.75","175.75","173.65","1.02K","0.09%"
"01-07-2022","174.95","174.65","175.30","173.05","1.09K","-2.04%"
"30-06-2022","178.60","179.00","180.00","178.00","0.04K","0.34%"
"29-06-2022","178.00","179.20","179.50","177.00","0.01K","-0.64%"
"28-06-2022","179.15","180.45","181.35","179.00","0.08K","-0.14%"
"27-06-2022","179.40","182.40","184.50","179.00","0.19K","-0.83%"
"24-06-2022","180.90","186.50","186.50","177.40","0.27K","-3.11%"
"23-06-2022","186.70","187.65","187.65","185.95","0.96K","-0.27%"
"22-06-2022","187.20","185.00","187.45","184.40","1.33K","0.97%"
"21-06-2022","185.40","186.55","187.35","185.15","1.34K","-0.59%"
"20-06-2022","186.50","183.25","190.00","183.00","1.93K","1.66%"
"17-06-2022","183.45","183.65","184.15","182.70","1.10K","-0.14%"
"16-06-2022","183.70","182.30","184.05","181.80","1.58K","0.52%"
"15-06-2022","182.75","182.00","183.35","181.50","1.38K","0.38%"
"14-06-2022","182.05","183.55","184.50","181.65","1.34K","-0.79%"
"13-06-2022","183.50","182.65","184.20","181.00","1.66K","0.27%"
"10-06-2022","183.00","183.90","184.20","182.70","0.75K","-0.73%"
"09-06-2022","184.35","184.80","185.15","183.60","1.09K","-0.41%"
"08-06-2022","185.10","185.00","185.75","184.35","0.94K","0.14%"
"07-06-2022","184.85","185.75","185.75","183.75","0.93K","-0.38%"
"06-06-2022","185.55","184.00","185.80","183.95","0.93K","0.81%"
"03-06-2022","184.05","185.70","185.95","183.50","0.80K","-0.75%"
"02-06-2022","185.45","184.15","185.90","183.45","1.22K","1.04%"
"01-06-2022","183.55","184.40","184.40","183.00","0.76K","-0.08%"
"31-05-2022","183.70","185.30","185.30","180.20","0.01K","-0.68%"
"30-05-2022","184.95","184.50","185.00","184.50","0.01K","0.93%"
"27-05-2022","183.25","182.20","184.25","182.20","0.00K","1.13%"
"26-05-2022","181.20","181.10","182.25","181.00","0.01K","0.14%"
"25-05-2022","180.95","183.55","184.35","180.05","0.17K","-1.63%"
"24-05-2022","183.95","186.00","186.00","183.25","1.01K","-1.10%"
"23-05-2022","186.00","184.80","186.80","184.10","0.84K","0.98%"
"20-05-2022","184.20","180.60","184.50","180.60","1.20K","1.94%"
"19-05-2022","180.70","181.60","182.40","179.50","1.79K","-0.30%"
"18-05-2022","181.25","181.10","182.10","180.75","1.03K","-0.38%"
"17-05-2022","181.95","181.95","183.70","181.75","1.59K","0.05%"
"16-05-2022","181.85","183.00","183.00","180.15","1.41K","0.94%"
"13-05-2022","180.15","180.65","181.00","178.75","1.67K","0.19%"
"12-05-2022","179.80","184.95","184.95","179.00","2.06K","-2.39%"
"11-05-2022","184.20","182.15","185.50","182.15","1.50K","1.13%"
"10-05-2022","182.15","181.15","182.60","180.40","1.87K","0.30%"
"09-05-2022","181.60","184.05","185.00","180.75","1.34K","-1.41%"
"06-05-2022","184.20","183.70","184.80","183.50","0.87K","-0.03%"
"05-05-2022","184.25","186.80","187.35","183.80","1.48K","-0.91%"
"04-05-2022","185.95","183.25","186.50","182.55","1.77K","1.67%"
"03-05-2022","182.90","181.50","183.70","181.45","0.93K","0.47%"
"02-05-2022","182.05","185.80","185.80","180.60","1.16K","-1.25%"
"29-04-2022","184.35","184.60","185.00","183.60","0.01K","0.33%"
"28-04-2022","183.75","183.95","184.15","183.00","0.03K","-0.19%"
"27-04-2022","184.10","184.20","184.80","183.50","0.02K","-0.41%"
"26-04-2022","184.85","185.00","185.20","183.95","0.04K","0.27%"
"25-04-2022","184.35","183.75","185.40","182.60","0.30K","-0.81%"
"22-04-2022","185.85","187.75","188.20","183.55","1.16K","-1.30%"
"21-04-2022","188.30","189.60","189.90","188.05","0.66K","-0.58%"
"20-04-2022","189.40","187.40","189.80","186.75","1.27K","0.66%"
"19-04-2022","188.15","189.70","191.90","186.65","2.06K","-1.21%"
"18-04-2022","190.45","185.80","192.45","185.20","1.97K","2.75%"
"14-04-2022","185.35","185.15","185.65","185.10","0.26K","0.11%"
"13-04-2022","185.15","186.80","187.00","184.75","1.17K","-0.62%"
"12-04-2022","186.30","184.95","186.60","184.85","1.30K","0.87%"
"11-04-2022","184.70","185.75","186.10","184.55","0.92K","-0.62%"
"08-04-2022","185.85","185.70","186.75","185.30","0.86K","0.08%"
"07-04-2022","185.70","185.55","187.25","185.00","1.31K","-0.03%"
"06-04-2022","185.75","184.70","186.20","184.70","0.69K","0.38%"
"05-04-2022","185.05","186.10","186.80","184.80","0.90K","-0.46%"
"04-04-2022","185.90","187.40","187.75","185.65","0.84K","-0.59%"
"01-04-2022","187.00","185.55","187.65","185.05","0.85K","2.30%"
"31-03-2022","182.80","183.00","183.05","182.75","0.02K","0.47%"
"30-03-2022","181.95","182.05","182.05","181.80","0.00K","-0.11%"
"29-03-2022","182.15","182.35","182.40","182.00","0.01K","0.83%"
"28-03-2022","180.65","181.60","181.75","180.50","0.03K","0.06%"
"25-03-2022","180.55","180.45","181.80","179.90","0.46K","-0.30%"
"24-03-2022","181.10","182.65","183.10","180.95","0.84K","-0.96%"
"23-03-2022","182.85","181.50","183.20","181.35","0.96K","0.83%"
"22-03-2022","181.35","181.35","182.00","180.80","0.83K","-0.25%"
"21-03-2022","181.80","182.70","183.25","181.60","0.98K","-0.52%"
"18-03-2022","182.75","183.25","183.50","182.45","0.35K","-0.05%"
"17-03-2022","182.85","182.55","183.50","182.30","0.83K","0.16%"
"16-03-2022","182.55","182.45","182.80","181.70","0.67K","0.11%"
"15-03-2022","182.35","183.05","183.45","182.00","0.86K","-0.60%"
"14-03-2022","183.45","185.50","185.50","182.55","0.77K","-1.03%"
"11-03-2022","185.35","185.40","186.20","185.05","0.75K","-0.11%"
"10-03-2022","185.55","186.80","187.50","184.45","1.17K","0.13%"
"09-03-2022","185.30","189.70","189.70","185.00","1.10K","-1.38%"
"08-03-2022","187.90","190.00","191.40","186.05","2.62K","0.08%"
"07-03-2022","187.75","190.70","198.00","186.00","2.45K","-0.82%"
"04-03-2022","189.30","188.20","189.50","187.50","1.15K","0.80%"
"03-03-2022","187.80","189.70","190.20","187.25","1.19K","-0.56%"
"02-03-2022","188.85","189.05","190.60","188.55","1.32K","0.08%"
"01-03-2022","188.70","186.80","189.95","186.80","0.78K","2.00%"
"28-02-2022","185.00","185.00","185.00","185.00","0.01K","0.57%"
"25-02-2022","183.95","185.50","185.55","183.40","0.05K","-0.59%"
"24-02-2022","185.05","184.55","185.20","184.55","0.03K","0.98%"
"23-02-2022","183.25","183.50","183.95","182.85","0.12K","0.19%"
"22-02-2022","182.90","182.50","183.50","182.00","0.35K","0.27%"
"21-02-2022","182.40","184.00","184.00","181.90","1.18K","-0.95%"
"18-02-2022","184.15","185.10","185.20","184.05","0.50K","-0.51%"
"17-02-2022","185.10","184.90","185.60","184.90","0.53K","-0.05%"
"16-02-2022","185.20","185.10","185.40","184.60","0.64K","0.08%"
"15-02-2022","185.05","185.60","185.95","184.65","0.97K","-0.43%"
"14-02-2022","185.85","185.15","186.00","184.60","0.83K","0.41%"
"11-02-2022","185.10","185.35","185.40","183.65","1.09K","-0.22%"
"10-02-2022","185.50","184.20","186.10","184.05","1.55K","0.68%"
"09-02-2022","184.25","184.05","184.70","183.20","1.46K","0.05%"
"08-02-2022","184.15","183.20","184.80","182.80","1.30K","0.46%"
"07-02-2022","183.30","184.00","185.00","182.80","1.44K","-0.43%"
"04-02-2022","184.10","183.45","184.45","182.70","1.07K","0.44%"
"03-02-2022","183.30","185.00","185.05","182.25","1.42K","-0.76%"
"02-02-2022","184.70","186.00","186.35","183.85","1.64K","-0.75%"
"01-02-2022","186.10","185.50","186.45","185.30","0.69K","-0.19%"
"31-01-2022","186.45","185.50","186.50","185.40","0.19K","1.00%"
"28-01-2022","184.60","185.00","185.25","184.50","0.04K","-0.97%"
"27-01-2022","186.40","186.35","187.75","185.50","0.01K","0.11%"
"25-01-2022","186.20","185.85","187.75","184.45","0.02K","1.14%"
"24-01-2022","184.10","184.80","185.05","184.00","0.61K","-0.24%"
"21-01-2022","184.55","185.90","186.25","184.20","1.20K","-0.89%"
"20-01-2022","186.20","186.05","187.25","185.65","1.47K","0.11%"
"19-01-2022","186.00","187.15","187.60","185.30","1.98K","-0.64%"
"18-01-2022","187.20","189.05","189.90","186.30","2.07K","-0.90%"
"17-01-2022","188.90","189.20","190.50","188.70","1.30K","-0.55%"
"14-01-2022","189.95","190.00","191.30","189.50","1.40K","0.05%"
"13-01-2022","189.85","186.90","190.80","186.45","2.30K","1.71%"
"12-01-2022","186.65","186.20","187.90","186.20","1.26K","0.00%"
"11-01-2022","186.65","185.75","187.00","185.30","1.39K","0.48%"
"10-01-2022","185.75","186.90","186.90","185.60","0.76K","-0.35%"
"07-01-2022","186.40","186.00","186.60","185.85","1.05K","0.30%"
"06-01-2022","185.85","186.95","187.50","184.80","1.40K","-0.59%"
"05-01-2022","186.95","186.65","187.55","186.30","1.11K","0.08%"
"04-01-2022","186.80","186.80","187.20","186.05","1.57K","0.27%"
"03-01-2022","186.30","186.35","187.60","186.10","0.84K","0.08%"
"31-12-2021","186.15","186.05","188.00","186.00","0.01K","0.05%"
"30-12-2021","186.05","186.05","186.05","186.05","0.00K","-0.16%"
"29-12-2021","186.35","190.35","190.95","185.85","0.05K","-1.84%"
"28-12-2021","189.85","192.20","192.20","189.40","0.10K","-1.20%"
"27-12-2021","192.15","192.00","193.25","191.00","0.12K","0.08%"
"24-12-2021","192.00","189.25","193.90","189.10","1.47K","0.97%"
"23-12-2021","190.15","191.20","193.90","189.00","1.80K","-0.83%"
"22-12-2021","191.75","190.20","196.20","190.10","1.79K","0.71%"
"21-12-2021","190.40","186.85","191.00","186.80","1.78K","1.60%"
"20-12-2021","187.40","185.00","187.70","184.05","2.04K","0.86%"
"17-12-2021","185.80","186.65","186.70","185.30","1.09K","-0.27%"
"16-12-2021","186.30","185.20","187.00","185.10","1.53K","0.65%"
"15-12-2021","185.10","184.75","185.30","184.10","1.23K","0.19%"
"14-12-2021","184.75","185.25","185.55","184.50","0.98K","-0.22%"
"13-12-2021","185.15","185.35","185.65","184.90","0.48K","0.00%"
"10-12-2021","185.15","185.65","185.65","184.15","0.96K","-0.08%"
"09-12-2021","185.30","185.95","186.80","185.00","1.81K","-0.46%"
"08-12-2021","186.15","184.55","186.60","184.15","1.79K","0.92%"
"07-12-2021","184.45","183.95","184.80","183.10","0.99K","0.35%"
"06-12-2021","183.80","184.50","184.50","183.25","0.75K","-0.14%"
"03-12-2021","184.05","185.00","185.15","183.80","0.94K","-0.24%"
"02-12-2021","184.50","185.10","185.35","184.00","1.06K","-0.32%"
"01-12-2021","185.10","185.00","185.85","184.80","1.46K","0.46%"
"30-11-2021","184.25","183.95","185.00","183.20","0.01K","0.16%"
"29-11-2021","183.95","183.95","183.95","183.95","0.00K","1.35%"
"26-11-2021","181.50","184.10","184.10","180.00","0.06K","-1.87%"
"25-11-2021","184.95","185.25","185.90","184.50","0.02K","-0.56%"
"24-11-2021","186.00","182.35","186.60","182.35","0.37K","1.95%"
"23-11-2021","182.45","183.75","184.70","182.00","1.55K","-0.92%"
"22-11-2021","184.15","187.20","187.20","182.00","2.35K","-1.13%"
"19-11-2021","186.25","189.00","189.50","185.95","1.19K","-1.51%"
"18-11-2021","189.10","186.70","196.00","184.90","3.97K","1.39%"
"17-11-2021","186.50","188.80","188.90","186.10","1.68K","-1.09%"
"16-11-2021","188.55","189.20","189.70","188.20","1.38K","-0.19%"
"15-11-2021","188.90","189.50","190.00","188.30","1.47K","-0.63%"
"12-11-2021","190.10","189.20","190.50","188.75","1.47K","0.53%"
"11-11-2021","189.10","188.45","189.55","187.75","1.41K","0.24%"
"10-11-2021","188.65","189.00","190.60","188.30","2.52K","-0.34%"
"09-11-2021","189.30","187.80","189.50","186.60","2.29K","1.20%"
"08-11-2021","187.05","186.40","187.40","186.00","1.37K","0.27%"
"05-11-2021","186.55","187.15","187.15","185.85","0.82K","-0.29%"
"04-11-2021","187.10","187.50","187.70","186.85","0.21K","0.05%"
"03-11-2021","187.00","187.90","188.50","186.80","2.01K","-0.29%"
"02-11-2021","187.55","187.30","187.85","186.65","1.75K","-0.11%"
"01-11-2021","187.75","186.80","188.25","186.50","2.17K","1.60%"
"29-10-2021","184.80","184.80","184.80","184.80","2.33K","0.00%"
"28-10-2021","184.80","184.80","184.80","184.80","2.34K","0.00%"
"27-10-2021","184.80","184.40","185.85","184.40","0.02K","-0.65%"
"26-10-2021","186.00","185.35","186.90","185.25","0.01K","0.13%"
"25-10-2021","185.75","183.05","187.45","183.05","0.32K","-0.16%"
"22-10-2021","186.05","188.35","188.65","184.50","2.74K","-0.21%"
"21-10-2021","186.45","191.35","192.05","185.75","3.75K","-2.64%"
"20-10-2021","191.50","189.40","192.75","187.10","3.86K","1.03%"
"19-10-2021","189.55","192.00","192.90","189.10","3.65K","-0.81%"
"18-10-2021","191.10","191.00","195.00","188.40","4.62K","0.13%"
"15-10-2021","190.85","185.50","195.60","185.50","3.80K","3.36%"
"14-10-2021","184.65","183.20","184.90","183.20","2.75K","1.29%"
"13-10-2021","182.30","181.70","183.75","181.40","3.31K","0.63%"
"12-10-2021","181.15","181.80","182.70","180.60","2.46K","-0.85%"
"11-10-2021","182.70","182.90","185.35","182.25","2.56K","0.03%"
"08-10-2021","182.65","181.80","183.30","181.30","2.57K","0.58%"
"07-10-2021","181.60","180.25","182.05","179.40","2.25K","0.80%"
"06-10-2021","180.15","181.10","181.75","179.55","2.10K","-0.93%"
"05-10-2021","181.85","182.90","183.75","180.80","2.76K","-0.68%"
"04-10-2021","183.10","183.40","184.50","182.65","2.21K","0.03%"
"01-10-2021","183.05","180.90","183.50","180.00","1.79K","-4.16%"
"30-09-2021","191.00","193.00","195.00","191.00","0.04K","-0.52%"
"29-09-2021","192.00","191.25","192.00","191.00","0.04K","0.10%"
"28-09-2021","191.80","192.00","192.50","191.00","0.16K","-0.05%"
"27-09-2021","191.90","194.30","194.35","191.75","0.05K","-0.39%"
"24-09-2021","192.65","191.50","193.45","189.65","0.27K","0.63%"
"23-09-2021","191.45","187.10","192.40","185.75","2.09K","2.60%"
"22-09-2021","186.60","187.40","187.40","186.25","1.24K","0.00%"
"21-09-2021","186.60","185.10","187.15","184.95","2.29K","0.86%"
"20-09-2021","185.00","186.20","186.90","184.70","1.55K","-0.62%"
"17-09-2021","186.15","187.50","188.10","185.00","2.21K","-0.59%"
"16-09-2021","187.25","187.80","188.80","186.65","2.43K","-0.35%"
"15-09-2021","187.90","187.50","188.50","186.80","2.61K","0.11%"
"14-09-2021","187.70","187.65","188.40","186.65","2.48K","-0.08%"
"13-09-2021","187.85","187.80","189.20","186.80","2.43K","-0.34%"
"10-09-2021","188.50","188.10","189.35","188.00","1.26K","0.88%"
"09-09-2021","186.85","185.75","187.05","185.05","1.69K","0.89%"
"08-09-2021","185.20","183.60","185.80","183.60","2.02K","0.65%"
"07-09-2021","184.00","182.05","184.45","181.85","2.20K","0.93%"
"06-09-2021","182.30","182.35","183.50","181.55","2.30K","-0.03%"
"03-09-2021","182.35","181.15","183.20","180.65","2.36K","0.72%"
"02-09-2021","181.05","180.10","181.85","180.10","1.97K","0.30%"
"01-09-2021","180.50","179.85","180.75","179.65","2.11K","1.29%"
"31-08-2021","178.20","178.20","178.20","178.20","2.65K","0.00%"
"30-08-2021","178.20","177.65","178.50","177.65","0.00K","0.11%"
"27-08-2021","178.00","178.00","178.00","178.00","0.00K","0.65%"
"26-08-2021","176.85","180.40","180.40","176.60","0.04K","-0.20%"
"25-08-2021","177.20","178.20","178.95","176.90","0.15K","-0.95%"
"24-08-2021","178.90","179.25","179.30","178.50","1.35K","0.03%"
"23-08-2021","178.85","181.00","181.00","178.60","1.59K","-0.14%"
"20-08-2021","179.10","179.45","180.00","178.60","1.42K","-0.03%"
"19-08-2021","179.15","178.50","179.30","177.55","1.51K","0.00%"
"18-08-2021","179.15","179.50","179.80","177.80","2.73K","0.06%"
"17-08-2021","179.05","180.60","181.70","178.60","2.53K","-1.16%"
"16-08-2021","181.15","179.10","182.10","178.90","3.30K","0.69%"
"13-08-2021","179.90","180.00","180.85","179.55","1.59K","0.00%"
"12-08-2021","179.90","180.90","181.45","179.10","2.48K","-0.39%"
"11-08-2021","180.60","179.50","181.00","179.10","2.62K","0.53%"
"10-08-2021","179.65","177.10","181.30","177.10","2.79K","1.35%"
"09-08-2021","177.25","177.00","177.70","176.05","2.19K","0.54%"
"06-08-2021","176.30","177.10","177.20","174.75","2.55K","-0.23%"
"05-08-2021","176.70","177.10","177.50","176.30","2.38K","-0.03%"
"04-08-2021","176.75","177.45","177.50","176.30","2.65K","-0.34%"
"03-08-2021","177.35","177.30","177.70","175.95","2.99K","-0.28%"
"02-08-2021","177.85","177.25","178.70","176.95","2.25K","-0.14%"
"30-07-2021","178.10","177.20","178.50","177.20","0.01K","0.91%"
"29-07-2021","176.50","175.80","177.10","175.80","0.00K","0.20%"
"28-07-2021","176.15","176.15","176.15","176.15","2.42K","0.00%"
"27-07-2021","176.15","178.60","178.60","174.50","0.04K","-0.03%"
"26-07-2021","176.20","174.50","177.00","174.40","0.25K","0.57%"
"23-07-2021","175.20","177.60","178.00","174.75","2.09K","-1.41%"
"22-07-2021","177.70","176.00","178.40","175.70","2.83K","1.05%"
"21-07-2021","175.85","176.60","176.75","175.60","1.26K","-0.76%"
"20-07-2021","177.20","176.60","177.85","175.50","2.46K","0.68%"
"19-07-2021","176.00","178.10","178.50","174.60","2.48K","-1.35%"
"16-07-2021","178.40","179.00","179.20","178.15","1.34K","-0.31%"
"15-07-2021","178.95","178.75","179.30","178.30","2.22K","0.42%"
"14-07-2021","178.20","178.90","179.20","177.95","2.49K","-0.56%"
"13-07-2021","179.20","179.45","179.75","178.50","2.35K","-0.36%"
"12-07-2021","179.85","180.10","180.20","178.85","2.14K","0.00%"
"09-07-2021","179.85","178.95","180.30","178.35","2.82K","0.36%"
"08-07-2021","179.20","178.70","180.00","177.35","3.50K","0.14%"
"07-07-2021","178.95","179.15","180.35","178.25","3.31K","0.06%"
"06-07-2021","178.85","179.60","181.10","177.70","4.36K","-0.06%"
"05-07-2021","178.95","180.10","181.50","178.50","3.79K","-0.83%"
"02-07-2021","180.45","177.30","181.15","177.20","3.76K","1.58%"
"01-07-2021","177.65","178.65","179.00","177.05","3.57K","1.60%"
"30-06-2021","174.85","174.85","174.85","174.85","5.47K","0.00%"
"29-06-2021","174.85","169.00","174.90","169.00","0.02K","2.79%"
"28-06-2021","170.10","170.10","170.10","170.10","3.57K","0.00%"
"25-06-2021","170.10","169.65","172.75","167.50","0.02K","1.10%"
"24-06-2021","168.25","169.15","170.00","167.25","0.47K","-0.88%"
"23-06-2021","169.75","170.50","171.75","169.55","3.49K","-0.76%"
"22-06-2021","171.05","171.85","172.50","170.65","4.51K","-0.44%"
"21-06-2021","171.80","171.40","172.45","170.15","3.99K","0.23%"
"18-06-2021","171.40","170.50","172.05","168.20","6.06K","1.36%"
"17-06-2021","169.10","171.75","172.15","168.80","4.27K","-1.71%"
"16-06-2021","172.05","170.95","172.35","170.20","3.35K","0.76%"
"15-06-2021","170.75","170.80","171.60","170.00","4.06K","-0.93%"
"14-06-2021","172.35","172.45","173.35","171.15","3.45K","-0.20%"
"11-06-2021","172.70","170.90","173.45","170.85","3.72K","1.11%"
"10-06-2021","170.80","170.70","171.60","170.00","3.73K","-0.15%"
"09-06-2021","171.05","170.90","171.40","170.15","3.09K","0.32%"
"08-06-2021","170.50","170.55","171.45","169.25","5.01K","-0.12%"
"07-06-2021","170.70","169.80","171.10","168.50","3.26K","0.50%"
"04-06-2021","169.85","169.90","170.65","169.10","3.90K","0.06%"
"03-06-2021","169.75","172.90","172.90","169.50","3.55K","-1.51%"
"02-06-2021","172.35","172.00","173.30","172.00","3.02K","-0.09%"
"01-06-2021","172.50","172.35","173.20","171.10","4.11K","-0.20%"
"31-05-2021","172.85","172.30","173.50","172.30","0.01K","1.08%"
"28-05-2021","171.00","171.40","171.40","171.00","0.01K","0.44%"
"27-05-2021","170.25","170.55","170.55","169.90","0.02K","-0.15%"
"26-05-2021","170.50","170.45","170.70","170.45","0.01K","0.95%"
"25-05-2021","168.90","168.70","170.55","167.20","0.57K","0.21%"
"24-05-2021","168.55","171.90","171.90","168.00","2.63K","-2.03%"
"21-05-2021","172.05","173.00","174.00","171.00","4.52K","-0.89%"
"20-05-2021","173.60","173.00","174.25","172.00","4.27K","0.35%"
"19-05-2021","173.00","174.35","174.90","171.35","4.93K","-1.09%"
"18-05-2021","174.90","176.25","176.85","174.60","4.26K","-0.48%"
"17-05-2021","175.75","172.90","176.45","172.50","3.74K","2.18%"
"14-05-2021","172.00","171.95","172.60","170.50","4.42K","0.23%"
"13-05-2021","171.60","171.85","171.95","169.60","2.27K","-1.24%"
"12-05-2021","173.75","175.95","176.10","173.40","4.59K","-1.11%"
"11-05-2021","175.70","175.50","177.00","175.20","3.71K","0.06%"
"10-05-2021","175.60","177.00","178.15","175.10","4.35K","-0.11%"
"07-05-2021","175.80","175.60","176.45","174.75","3.32K","0.17%"
"06-05-2021","175.50","173.55","175.90","173.50","3.98K","0.69%"
"05-05-2021","174.30","175.20","176.15","173.65","3.86K","-0.23%"
"04-05-2021","174.70","173.25","175.20","173.10","3.50K","0.98%"
"03-05-2021","173.00","173.25","173.75","172.30","2.35K","-3.27%"
"30-04-2021","178.85","181.90","181.90","176.95","0.02K","1.05%"
"29-04-2021","177.00","179.00","179.00","175.90","0.02K","-1.01%"
"28-04-2021","178.80","175.00","179.90","175.00","0.02K","0.51%"
"27-04-2021","177.90","179.05","180.40","177.00","0.04K","-0.22%"
"26-04-2021","178.30","175.95","179.00","175.20","0.24K","2.15%"
"23-04-2021","174.55","172.25","175.00","172.15","2.30K","1.07%"
"22-04-2021","172.70","169.80","173.15","168.50","4.16K","1.62%"
"21-04-2021","169.95","168.70","170.20","168.60","1.92K","0.03%"
"20-04-2021","169.90","166.60","170.50","166.60","5.42K","2.20%"
"19-04-2021","166.25","166.45","167.60","166.00","2.85K","0.06%"
"16-04-2021","166.15","167.20","167.80","165.50","3.62K","-0.69%"
"15-04-2021","167.30","164.90","167.85","164.90","2.44K","0.75%"
"14-04-2021","166.05","164.80","166.60","164.80","1.62K","1.07%"
"13-04-2021","164.30","163.75","165.25","163.35","3.33K","0.21%"
"12-04-2021","163.95","164.00","164.40","162.90","2.40K","-0.30%"
"09-04-2021","164.45","166.00","166.60","162.50","3.23K","-1.35%"
"08-04-2021","166.70","165.40","167.10","165.00","1.87K","0.76%"
"07-04-2021","165.45","164.00","165.70","163.85","2.29K","0.70%"
"06-04-2021","164.30","163.25","164.70","161.80","2.69K","0.46%"
"05-04-2021","163.55","162.70","163.90","162.40","1.63K","0.52%"
"01-04-2021","162.70","162.40","163.50","162.10","1.31K","-3.73%"
"31-03-2021","169.00","169.00","169.00","169.00","0.00K","0.69%"
"30-03-2021","167.85","164.50","171.20","164.50","0.00K","1.91%"
"29-03-2021","164.70","164.70","164.70","164.70","0.75K","0.00%"
"26-03-2021","164.70","164.70","164.70","164.70","0.00K","3.55%"
"25-03-2021","159.05","159.60","160.95","157.60","0.28K","-0.44%"
"24-03-2021","159.75","160.60","161.00","158.30","2.02K","0.25%"
"23-03-2021","159.35","160.50","161.50","158.75","2.81K","-1.70%"
"22-03-2021","162.10","162.80","162.80","160.95","2.74K","-0.43%"
"19-03-2021","162.80","160.70","163.30","159.60","3.90K","1.15%"
"18-03-2021","160.95","160.45","161.25","159.10","2.88K","0.47%"
"17-03-2021","160.20","160.10","161.85","159.55","3.00K","0.22%"
"16-03-2021","159.85","158.00","160.65","157.75","3.85K","0.85%"
"15-03-2021","158.50","160.10","160.80","158.00","3.79K","-1.09%"
"12-03-2021","160.25","158.60","160.50","157.60","4.05K","0.98%"
"11-03-2021","158.70","158.10","159.20","158.10","1.82K","0.67%"
"10-03-2021","157.65","162.00","162.85","157.25","4.13K","-3.10%"
"09-03-2021","162.70","162.45","163.00","160.75","3.92K","0.15%"
"08-03-2021","162.45","164.00","164.00","161.70","3.09K","-0.70%"
"05-03-2021","163.60","163.60","166.05","163.15","3.41K","0.12%"
"04-03-2021","163.40","167.40","168.80","161.60","5.64K","-2.18%"
"03-03-2021","167.05","169.90","170.35","165.30","5.25K","-1.85%"
"02-03-2021","170.20","168.20","171.90","168.10","4.19K","0.80%"
"01-03-2021","168.85","170.45","170.90","168.50","3.82K","-3.73%"
"26-02-2021","175.40","177.50","177.50","171.40","0.02K","-1.68%"
"25-02-2021","178.40","180.15","180.80","177.00","0.01K","2.32%"
"24-02-2021","174.35","176.70","178.80","173.00","0.02K","-1.33%"
"23-02-2021","176.70","180.90","180.90","174.00","0.07K","-2.29%"
"22-02-2021","180.85","177.95","181.30","176.25","0.24K","1.60%"
"19-02-2021","178.00","171.15","180.65","169.40","3.67K","3.28%"
"18-02-2021","172.35","171.25","173.35","170.50","2.52K","0.61%"
"17-02-2021","171.30","172.85","172.85","170.35","3.85K","-0.90%"
"16-02-2021","172.85","171.40","173.55","170.10","3.54K","0.88%"
"15-02-2021","171.35","171.00","171.80","170.50","2.92K","0.65%"
"12-02-2021","170.25","170.50","171.50","168.60","4.08K","-0.23%"
"11-02-2021","170.65","167.35","171.20","167.25","4.26K","2.03%"
"10-02-2021","167.25","166.00","167.65","166.00","3.55K","0.69%"
"09-02-2021","166.10","165.50","167.10","165.15","3.86K","0.12%"
"08-02-2021","165.90","165.20","166.35","164.60","3.05K","0.30%"
"05-02-2021","165.40","164.80","165.90","164.40","3.35K","0.49%"
"04-02-2021","164.60","163.85","165.40","163.40","5.17K","0.64%"
"03-02-2021","163.55","161.55","164.80","161.50","4.88K","0.80%"
"02-02-2021","162.25","161.20","163.10","160.30","4.31K","0.56%"
"01-02-2021","161.35","161.45","161.90","159.15","2.19K","-2.21%"
"29-01-2021","165.00","166.00","166.00","164.75","0.07K","-1.29%"
"28-01-2021","167.15","168.00","168.00","167.00","0.02K","-0.89%"
"27-01-2021","168.65","172.70","172.75","167.35","0.03K","0.66%"
"25-01-2021","167.55","167.40","167.60","167.00","0.02K","0.36%"
"22-01-2021","166.95","165.60","167.25","165.20","0.84K","0.24%"
"21-01-2021","166.55","166.15","166.90","165.20","3.46K","0.24%"
"20-01-2021","166.15","166.00","166.75","165.45","3.96K","-0.09%"
"19-01-2021","166.30","164.50","166.75","163.75","4.72K","1.12%"
"18-01-2021","164.45","166.40","166.40","164.25","3.49K","-0.57%"
"15-01-2021","165.40","166.20","166.30","163.50","4.71K","-0.36%"
"14-01-2021","166.00","165.55","167.20","164.65","5.92K","0.00%"
"13-01-2021","166.00","159.95","166.45","159.35","7.52K","4.24%"
"12-01-2021","159.25","156.55","159.40","156.10","4.61K","2.25%"
"11-01-2021","155.75","156.00","157.60","155.20","4.51K","-0.92%"
"08-01-2021","157.20","160.00","160.00","156.15","3.91K","-1.69%"
"07-01-2021","159.90","160.80","161.30","159.30","5.17K","-0.06%"
"06-01-2021","160.00","161.00","161.95","159.55","5.05K","-0.68%"
"05-01-2021","161.10","158.95","161.35","158.95","3.77K","1.10%"
"04-01-2021","159.35","156.50","159.50","156.50","3.57K","2.21%"
"01-01-2021","155.90","155.95","156.55","155.70","0.60K","1.37%"
"31-12-2020","153.80","153.80","153.80","153.80","2.18K","0.00%"
"30-12-2020","153.80","153.80","153.80","153.80","2.40K","0.00%"
"29-12-2020","153.80","154.10","154.10","153.50","0.00K","-1.73%"
"28-12-2020","156.50","159.60","159.60","155.25","0.00K","1.92%"
"24-12-2020","153.55","154.30","155.95","152.40","0.45K","-0.97%"
"23-12-2020","155.05","154.05","156.15","154.00","3.74K","0.00%"
"22-12-2020","155.05","156.00","156.05","153.55","4.94K","-0.19%"
"21-12-2020","155.35","157.90","158.80","155.20","4.75K","-2.57%"
"18-12-2020","159.45","160.00","161.25","158.15","3.76K","-0.16%"
"17-12-2020","159.70","159.75","160.65","159.25","3.43K","0.16%"
"16-12-2020","159.45","159.65","160.60","159.20","3.24K","0.03%"
"15-12-2020","159.40","158.85","160.20","158.15","4.03K","0.00%"
"14-12-2020","159.40","160.00","160.45","159.20","4.32K","-0.09%"
"11-12-2020","159.55","161.40","161.90","159.25","3.64K","-1.30%"
"10-12-2020","161.65","161.75","162.95","160.70","4.12K","-0.25%"
"09-12-2020","162.05","161.90","162.60","161.25","3.12K","0.19%"
"08-12-2020","161.75","161.00","162.10","159.20","3.13K","0.15%"
"07-12-2020","161.50","157.55","161.95","157.05","3.50K","2.22%"
"04-12-2020","158.00","159.00","159.20","157.70","3.38K","-0.22%"
"03-12-2020","158.35","159.20","160.05","158.05","3.77K","-0.53%"
"02-12-2020","159.20","160.30","160.90","157.65","4.00K","-0.66%"
"01-12-2020","160.25","161.15","162.35","159.20","3.78K","-0.28%"
"30-11-2020","160.70","163.45","165.10","160.30","3.27K","1.20%"
"27-11-2020","158.80","158.45","159.00","158.45","0.01K","0.41%"
"26-11-2020","158.15","158.75","158.90","156.50","0.00K","-0.28%"
"25-11-2020","158.60","158.40","159.95","158.00","0.01K","1.83%"
"24-11-2020","155.75","156.45","159.00","154.25","0.02K","-0.10%"
"23-11-2020","155.90","156.55","160.00","153.80","0.68K","-1.30%"
"20-11-2020","157.95","155.70","160.70","155.30","3.68K","1.61%"
"19-11-2020","155.45","154.40","155.70","154.15","2.81K","0.48%"
"18-11-2020","154.70","154.50","155.15","153.85","2.53K","0.29%"
"17-11-2020","154.25","152.90","154.60","152.50","2.93K","0.65%"
"16-11-2020","153.25","153.30","153.60","152.90","1.07K","0.16%"
"14-11-2020","153.00","153.15","153.30","152.75","0.21K","-0.07%"
"13-11-2020","153.10","153.15","153.75","152.70","2.12K","0.07%"
"12-11-2020","153.00","152.40","153.60","151.90","2.71K","0.36%"
"11-11-2020","152.45","152.40","152.90","151.05","3.33K","0.13%"
"10-11-2020","152.25","150.50","152.40","149.80","3.47K","1.23%"
"09-11-2020","150.40","150.50","151.70","150.00","3.48K","0.30%"
"06-11-2020","149.95","149.75","151.20","149.30","2.79K","-0.13%"
"05-11-2020","150.15","150.25","151.30","149.90","2.39K","-0.07%"
"04-11-2020","150.25","149.90","150.50","148.70","3.45K","0.20%"
"03-11-2020","149.95","149.70","150.40","149.20","2.50K","0.47%"
"02-11-2020","149.25","149.20","149.95","148.50","2.32K","-2.48%"
"30-10-2020","153.05","152.70","153.50","152.70","0.01K","0.56%"
"29-10-2020","152.20","151.90","152.35","151.90","0.00K","-0.10%"
"28-10-2020","152.35","152.35","152.35","152.35","0.00K","1.40%"
"27-10-2020","150.25","151.80","151.80","149.45","0.02K","1.21%"
"26-10-2020","148.45","149.10","151.70","148.05","0.35K","-0.74%"
"23-10-2020","149.55","149.35","150.40","148.15","3.72K","-0.20%"
"22-10-2020","149.85","148.60","150.40","148.00","4.24K","0.47%"
"21-10-2020","149.15","150.65","152.40","148.35","6.08K","-0.77%"
"20-10-2020","150.30","147.50","151.05","147.25","4.55K","1.59%"
"19-10-2020","147.95","147.90","148.70","147.05","3.90K","0.48%"
"16-10-2020","147.25","148.20","148.95","146.90","4.93K","-0.91%"
"15-10-2020","148.60","152.80","152.80","146.15","5.76K","-2.97%"
"14-10-2020","153.15","149.60","154.70","148.55","5.88K","2.41%"
"13-10-2020","149.55","150.00","150.75","149.10","4.63K","-0.83%"
"12-10-2020","150.80","149.00","151.10","149.00","3.82K","1.24%"
"09-10-2020","148.95","149.35","149.50","148.00","3.37K","0.78%"
"08-10-2020","147.80","147.65","149.15","147.25","3.94K","0.00%"
"07-10-2020","147.80","146.10","148.25","145.15","3.82K","0.75%"
"06-10-2020","146.70","143.95","147.00","143.95","4.43K","1.95%"
"05-10-2020","143.90","142.50","144.25","141.60","3.68K","0.38%"
"01-10-2020","143.35","145.75","146.20","141.85","5.78K","-4.43%"
"30-09-2020","150.00","150.00","150.00","150.00","0.01K","-0.03%"
"29-09-2020","150.05","149.50","150.50","149.50","0.02K","0.37%"
"28-09-2020","149.50","148.75","150.00","148.75","0.12K","0.13%"
"25-09-2020","149.30","148.30","150.00","148.00","0.13K","2.58%"
"24-09-2020","145.55","145.00","150.50","144.20","0.78K","-0.21%"
"23-09-2020","145.85","145.55","146.55","144.55","3.26K","-0.21%"
"22-09-2020","146.15","146.85","147.20","145.50","4.36K","-0.07%"
"21-09-2020","146.25","148.55","148.55","144.25","4.23K","-1.45%"
"18-09-2020","148.40","149.10","149.15","147.80","3.43K","0.20%"
"17-09-2020","148.10","146.80","148.50","146.25","3.80K","0.41%"
"16-09-2020","147.50","149.10","149.25","147.25","3.83K","-0.81%"
"15-09-2020","148.70","149.80","150.80","148.50","5.02K","-0.40%"
"14-09-2020","149.30","147.25","149.45","146.80","4.75K","1.39%"
"11-09-2020","147.25","146.65","148.15","145.40","6.01K","0.41%"
"10-09-2020","146.65","147.75","147.85","145.75","5.05K","-0.64%"
"09-09-2020","147.60","149.95","149.95","147.35","5.05K","-1.47%"
"08-09-2020","149.80","154.25","154.25","149.55","5.90K","-2.82%"
"07-09-2020","154.15","153.90","154.40","153.60","3.55K","0.19%"
"04-09-2020","153.85","152.55","154.10","151.90","4.63K","0.98%"
"03-09-2020","152.35","152.75","153.15","151.05","5.87K","-0.03%"
"02-09-2020","152.40","154.05","154.65","152.15","4.82K","-1.04%"
"01-09-2020","154.00","154.50","156.00","153.50","4.15K","0.62%"
"31-08-2020","153.05","153.05","153.05","153.05","2.66K","0.00%"
"28-08-2020","153.05","153.05","153.05","153.05","0.01K","-0.62%"
"27-08-2020","154.00","154.00","154.00","154.00","0.01K","0.46%"
"26-08-2020","153.30","153.10","154.55","151.05","0.01K","-0.10%"
"25-08-2020","153.45","155.35","156.25","153.00","1.00K","-1.29%"
"24-08-2020","155.45","156.20","157.10","154.50","3.19K","-0.16%"
"21-08-2020","155.70","156.25","157.50","155.30","4.31K","-0.22%"
"20-08-2020","156.05","156.65","157.20","155.25","4.40K","-0.57%"
"19-08-2020","156.95","155.75","158.75","155.75","4.41K","0.64%"
"18-08-2020","155.95","154.45","156.25","154.10","4.97K","1.00%"
"17-08-2020","154.40","154.45","155.40","154.10","3.77K","0.32%"
"14-08-2020","153.90","153.85","154.75","153.40","4.35K","0.20%"
"13-08-2020","153.60","152.00","154.00","152.00","4.11K","0.07%"
"12-08-2020","153.50","152.95","153.90","151.85","4.55K","-0.13%"
"11-08-2020","153.70","151.95","154.25","150.85","5.65K","1.39%"
"10-08-2020","151.60","151.20","152.25","150.85","4.59K","-0.20%"
"07-08-2020","151.90","154.80","155.45","151.35","5.09K","-1.78%"
"06-08-2020","154.65","152.70","155.20","152.10","4.24K","1.54%"
"05-08-2020","152.30","150.10","153.60","150.10","6.44K","1.13%"
"04-08-2020","150.60","149.70","150.90","148.00","4.82K","0.53%"
"03-08-2020","149.80","150.30","150.70","148.70","3.31K","1.28%"
"31-07-2020","147.90","148.00","148.85","147.70","0.06K","-0.14%"
"30-07-2020","148.10","149.00","149.05","147.60","0.01K","-0.07%"
"29-07-2020","148.20","147.95","148.75","147.95","0.02K","0.10%"
"28-07-2020","148.05","147.10","148.50","146.45","0.10K","0.68%"
"27-07-2020","147.05","146.75","148.25","145.85","0.27K","0.34%"
"24-07-2020","146.55","146.60","147.30","145.75","3.09K","-0.24%"
"23-07-2020","146.90","148.05","148.80","146.70","4.54K","-0.74%"
"22-07-2020","148.00","147.95","148.95","146.75","4.60K","-0.07%"
"21-07-2020","148.10","147.80","149.00","147.15","3.13K","0.41%"
"20-07-2020","147.50","146.05","147.75","145.75","2.94K","0.82%"
"17-07-2020","146.30","147.35","147.60","145.50","3.39K","-0.75%"
"16-07-2020","147.40","147.00","147.95","146.55","3.56K","-0.14%"
"15-07-2020","147.60","147.70","148.70","147.15","3.70K","-0.03%"
"14-07-2020","147.65","147.80","148.00","146.75","4.01K","-0.77%"
"13-07-2020","148.80","147.80","149.10","147.20","3.49K","1.29%"
"10-07-2020","146.90","146.20","147.30","145.15","4.03K","0.79%"
"09-07-2020","145.75","145.60","146.65","145.55","4.84K","0.41%"
"08-07-2020","145.15","144.95","146.35","144.60","4.34K","0.35%"
"07-07-2020","144.65","144.25","146.10","144.05","4.33K","0.14%"
"06-07-2020","144.45","143.70","144.75","143.40","2.59K","0.91%"
"03-07-2020","143.15","142.85","143.50","142.50","3.51K","0.00%"
"02-07-2020","143.15","143.60","144.15","142.75","3.57K","-0.42%"
"01-07-2020","143.75","144.60","144.80","143.40","4.22K","-6.02%"
"30-06-2020","152.95","151.40","153.00","150.80","0.03K","3.62%"
"29-06-2020","147.60","147.00","148.95","146.50","0.01K","1.30%"
"26-06-2020","145.70","145.05","146.90","144.70","0.03K","-0.03%"
"25-06-2020","145.75","143.25","146.00","143.05","0.12K","1.85%"
"24-06-2020","143.10","142.95","143.25","141.90","1.28K","0.10%"
"23-06-2020","142.95","142.70","143.40","141.80","2.94K","-0.03%"
"22-06-2020","143.00","143.30","144.15","142.55","3.64K","-0.17%"
"19-06-2020","143.25","143.10","143.50","142.35","3.97K","0.03%"
"18-06-2020","143.20","143.40","143.90","142.60","3.95K","0.10%"
"17-06-2020","143.05","142.65","143.40","141.55","4.33K","0.42%"
"16-06-2020","142.45","141.00","143.00","140.80","5.74K","1.28%"
"15-06-2020","140.65","140.50","140.95","138.90","5.15K","-0.28%"
"12-06-2020","141.05","140.20","141.85","139.70","5.03K","0.61%"
"11-06-2020","140.20","141.60","141.85","138.45","5.19K","-0.99%"
"10-06-2020","141.60","140.55","144.20","140.00","7.39K","0.71%"
"09-06-2020","140.60","139.60","141.30","139.25","4.64K","0.68%"
"08-06-2020","139.65","139.85","140.60","138.75","4.43K","-0.18%"
"05-06-2020","139.90","136.40","140.30","136.15","4.67K","2.64%"
"04-06-2020","136.30","134.55","136.55","134.25","3.70K","1.11%"
"03-06-2020","134.80","134.00","135.35","134.00","2.69K","0.07%"
"02-06-2020","134.70","133.90","135.45","133.35","4.38K","0.30%"
"01-06-2020","134.30","133.35","134.60","132.60","4.06K","1.55%"
"29-05-2020","132.25","131.50","132.50","131.50","0.13K","0.84%"
"28-05-2020","131.15","130.30","131.50","130.15","0.12K","-0.19%"
"27-05-2020","131.40","133.25","133.25","130.15","0.25K","0.54%"
"26-05-2020","130.70","129.00","131.55","128.95","0.27K","1.28%"
"25-05-2020","129.05","129.10","130.15","128.50","1.15K","-0.39%"
"22-05-2020","129.55","129.80","130.90","129.25","11.80K","-0.46%"
"21-05-2020","130.15","131.75","132.10","128.30","17.13K","-1.25%"
"20-05-2020","131.80","130.85","132.35","130.70","12.85K","0.73%"
"19-05-2020","130.85","131.35","132.35","130.50","13.97K","-0.68%"
"18-05-2020","131.75","129.85","132.35","129.85","14.39K","1.70%"
"15-05-2020","129.55","130.75","131.40","129.25","14.47K","-0.92%"
"14-05-2020","130.75","129.70","131.20","129.05","14.40K","0.97%"
"13-05-2020","129.50","130.60","131.95","129.15","14.14K","-0.88%"
"12-05-2020","130.65","132.40","132.40","129.50","9.17K","-1.47%"
"11-05-2020","132.60","132.65","133.10","132.00","9.97K","0.30%"
"08-05-2020","132.20","132.65","132.65","131.50","9.53K","-0.23%"
"07-05-2020","132.50","133.00","133.10","132.05","14.03K","-0.08%"
"06-05-2020","132.60","134.15","134.40","132.20","13.75K","-0.90%"
"05-05-2020","133.80","133.70","134.50","133.35","11.33K","0.00%"
"04-05-2020","133.80","134.00","134.25","133.05","8.78K","-0.37%"
"01-05-2020","134.30","135.00","135.00","132.35","8.49K","0.71%"
"30-04-2020","133.35","137.90","137.90","133.00","0.03K","0.11%"
"29-04-2020","133.20","133.50","134.00","133.00","0.04K","0.68%"
"28-04-2020","132.30","133.00","133.00","131.80","0.06K","0.34%"
"27-04-2020","131.85","131.90","136.00","131.10","0.03K","-0.34%"
"24-04-2020","132.30","133.30","135.95","128.50","1.18K","-0.82%"
"23-04-2020","133.40","134.00","135.00","131.20","14.57K","0.30%"
"22-04-2020","133.00","130.70","136.85","127.45","14.00K","1.06%"
"21-04-2020","131.60","135.70","135.70","128.20","11.00K","-3.48%"
"20-04-2020","136.35","136.90","137.20","136.00","5.11K","-0.11%"
"17-04-2020","136.50","136.55","137.75","136.05","5.71K","-0.11%"
"16-04-2020","136.65","135.85","136.85","135.70","4.80K","0.59%"
"15-04-2020","135.85","135.60","136.20","134.60","6.33K","-0.44%"
"13-04-2020","136.45","135.90","136.90","135.80","3.60K","0.59%"
"09-04-2020","135.65","134.70","135.90","134.05","5.78K","0.71%"
"08-04-2020","134.70","134.20","134.90","133.60","6.84K","0.15%"
"07-04-2020","134.50","134.40","135.00","133.55","6.62K","0.82%"
"03-04-2020","133.40","134.40","134.80","133.00","9.32K","-0.78%"
"01-04-2020","134.45","133.50","134.80","133.00","9.06K","-6.79%"
"31-03-2020","144.25","146.00","146.00","140.40","0.03K","0.10%"
"30-03-2020","144.10","149.80","150.00","143.00","0.08K","-0.17%"
"27-03-2020","144.35","141.05","145.30","141.00","0.07K","3.22%"
"26-03-2020","139.85","134.45","141.05","134.45","0.10K","4.33%"
"25-03-2020","134.05","128.20","134.50","127.20","0.68K","3.63%"
"24-03-2020","129.35","128.00","131.40","128.00","14.36K","0.74%"
"23-03-2020","128.40","129.00","130.00","124.00","20.88K","-2.65%"
"20-03-2020","131.90","133.60","138.80","129.10","31.45K","-1.35%"
"19-03-2020","133.70","134.20","148.40","118.85","39.08K","-1.00%"
"18-03-2020","135.05","137.80","138.25","133.00","32.53K","-1.64%"
"17-03-2020","137.30","140.50","140.60","136.65","24.19K","-2.45%"
"16-03-2020","140.75","140.55","141.20","137.45","25.85K","-0.21%"
"13-03-2020","141.05","141.75","143.80","140.50","27.61K","-0.63%"
"12-03-2020","141.95","141.55","142.30","140.30","23.19K","0.21%"
"11-03-2020","141.65","143.60","144.00","141.25","15.80K","-1.12%"
"10-03-2020","143.25","144.15","145.00","142.85","10.08K","-0.28%"
"09-03-2020","143.65","144.00","144.40","140.80","19.33K","-0.90%"
"06-03-2020","144.95","144.80","145.35","143.70","16.21K","0.00%"
"05-03-2020","144.95","144.40","145.15","143.65","16.81K","0.59%"
"04-03-2020","144.10","143.15","144.50","143.10","14.55K","0.31%"
"03-03-2020","143.65","144.20","145.60","143.00","20.40K","-0.42%"
"02-03-2020","144.25","144.00","145.95","143.70","18.23K","-0.52%"
"28-02-2020","145.00","145.00","145.00","145.00","0.00K","0.31%"
"27-02-2020","144.55","144.55","144.55","144.50","0.00K","0.03%"
"26-02-2020","144.50","147.75","147.75","143.00","0.03K","-0.82%"
"25-02-2020","145.70","142.35","146.75","140.55","0.40K","4.33%"
"24-02-2020","139.65","143.55","143.60","138.75","3.47K","-2.65%"
"21-02-2020","143.45","145.30","145.30","143.10","8.71K","-1.24%"
"20-02-2020","145.25","145.70","146.10","144.95","14.30K","-0.34%"
"19-02-2020","145.75","146.65","147.05","145.15","18.69K","-0.58%"
"18-02-2020","146.60","145.60","147.10","144.70","17.35K","0.62%"
"17-02-2020","145.70","146.10","146.95","145.45","15.84K","-0.27%"
"14-02-2020","146.10","147.00","147.55","144.70","17.15K","-0.92%"
"13-02-2020","147.45","145.60","147.80","145.35","16.69K","1.10%"
"12-02-2020","145.85","145.95","146.50","145.10","17.76K","-0.07%"
"11-02-2020","145.95","143.05","146.30","142.95","20.91K","2.21%"
"10-02-2020","142.80","144.60","144.80","142.50","13.04K","-1.28%"
"07-02-2020","144.65","146.15","146.20","144.50","13.81K","-0.92%"
"06-02-2020","146.00","145.50","146.65","144.85","18.49K","0.45%"
"05-02-2020","145.35","145.40","146.30","144.80","16.18K","0.10%"
"04-02-2020","145.20","145.95","146.90","144.90","16.06K","0.28%"
"03-02-2020","144.80","147.60","148.10","144.50","14.08K","-2.06%"
"01-02-2020","147.85","148.20","148.25","147.55","1.74K","1.34%"
"31-01-2020","145.90","145.90","145.90","145.90","0.01K","0.00%"
"30-01-2020","145.90","145.70","146.00","145.70","0.01K","-0.21%"
"29-01-2020","146.20","147.85","147.85","145.50","0.02K","-0.61%"
"28-01-2020","147.10","145.85","149.95","145.45","0.06K","0.86%"
"27-01-2020","145.85","148.05","148.95","144.10","2.52K","-2.41%"
"24-01-2020","149.45","151.25","151.45","148.60","8.35K","-1.19%"
"23-01-2020","151.25","152.00","152.00","150.75","10.29K","-0.23%"
"22-01-2020","151.60","151.90","152.05","150.40","11.91K","-0.10%"
"21-01-2020","151.75","150.85","151.95","150.50","13.11K","0.50%"
"20-01-2020","151.00","152.05","152.90","150.65","14.19K","-0.49%"
"17-01-2020","151.75","152.05","152.15","151.40","10.49K","-0.03%"
"16-01-2020","151.80","153.00","153.20","151.40","14.81K","-0.56%"
"15-01-2020","152.65","151.95","153.15","151.80","16.88K","0.26%"
"14-01-2020","152.25","151.00","152.50","150.85","12.26K","0.89%"
"13-01-2020","150.90","151.30","151.30","150.55","9.68K","-0.17%"
"10-01-2020","151.15","151.70","151.95","150.90","8.45K","-0.49%"
"09-01-2020","151.90","151.85","152.20","150.80","14.87K","0.46%"
"08-01-2020","151.20","151.55","152.75","151.00","13.35K","-0.36%"
"07-01-2020","151.75","152.55","153.00","151.55","11.29K","-0.49%"
"06-01-2020","152.50","152.50","152.85","152.10","10.88K","0.20%"
"03-01-2020","152.20","151.75","152.40","151.40","10.56K","0.30%"
"02-01-2020","151.75","152.10","152.50","150.95","15.86K","-0.20%"
"01-01-2020","152.05","151.80","152.15","151.55","2.68K","1.54%"
"31-12-2019","149.75","150.00","150.00","149.30","0.00K","-0.86%"
"30-12-2019","151.05","151.05","151.05","151.05","0.00K","-0.03%"
"27-12-2019","151.10","150.90","151.20","150.90","0.01K","0.90%"
"26-12-2019","149.75","150.15","151.60","148.20","0.07K","0.34%"
"24-12-2019","149.25","153.10","153.50","148.00","1.83K","-2.36%"
"23-12-2019","152.85","153.00","153.50","152.25","2.55K","-0.29%"
"20-12-2019","153.30","153.20","153.50","152.80","2.19K","0.10%"
"19-12-2019","153.15","153.70","153.75","153.00","2.48K","-0.16%"
"18-12-2019","153.40","152.40","153.60","152.25","3.77K","0.52%"
"17-12-2019","152.60","152.50","153.10","152.30","3.84K","0.16%"
"16-12-2019","152.35","152.10","153.15","151.90","3.62K","0.07%"
"13-12-2019","152.25","153.40","153.95","152.10","4.15K","-0.62%"
"12-12-2019","153.20","153.80","154.20","153.05","3.26K","-0.42%"
"11-12-2019","153.85","153.40","154.10","153.40","3.78K","0.39%"
"10-12-2019","153.25","152.60","153.35","152.50","3.42K","0.39%"
"09-12-2019","152.65","152.45","152.85","151.75","3.88K","0.13%"
"06-12-2019","152.45","152.65","153.30","152.20","4.18K","-0.10%"
"05-12-2019","152.60","152.95","153.45","152.40","3.17K","-0.10%"
"04-12-2019","152.75","152.55","153.35","151.80","4.19K","0.23%"
"03-12-2019","152.40","152.40","152.90","151.60","5.19K","0.03%"
"02-12-2019","152.35","153.70","153.95","152.20","4.39K","-1.77%"
"29-11-2019","155.10","155.65","155.65","154.00","0.00K","1.21%"
"28-11-2019","153.25","151.80","154.70","151.80","0.00K","-0.52%"
"27-11-2019","154.05","156.50","156.50","152.65","0.04K","-0.64%"
"26-11-2019","155.05","152.35","155.85","152.30","0.11K","2.61%"
"25-11-2019","151.10","153.75","155.50","150.25","1.32K","-2.01%"
"22-11-2019","154.20","153.85","155.25","153.75","4.30K","0.46%"
"21-11-2019","153.50","154.20","154.40","153.10","3.86K","-0.62%"
"20-11-2019","154.45","154.35","155.00","153.80","4.05K","-0.13%"
"19-11-2019","154.65","154.40","154.95","153.65","4.91K","0.36%"
"18-11-2019","154.10","155.10","155.70","153.60","4.30K","-0.55%"
"15-11-2019","154.95","154.85","155.25","154.30","2.85K","-0.03%"
"14-11-2019","155.00","155.35","155.65","154.25","5.23K","-0.16%"
"13-11-2019","155.25","155.60","155.75","154.70","3.66K","-0.19%"
"12-11-2019","155.55","156.20","156.20","155.20","2.70K","-0.42%"
"11-11-2019","156.20","156.55","157.00","156.00","4.17K","-0.26%"
"08-11-2019","156.60","156.40","157.20","156.15","4.37K","0.16%"
"07-11-2019","156.35","155.75","156.60","155.30","5.25K","0.39%"
"06-11-2019","155.75","156.45","156.80","155.45","5.23K","-0.45%"
"05-11-2019","156.45","156.85","157.30","156.25","4.45K","-0.26%"
"04-11-2019","156.85","156.75","157.65","156.30","4.36K","0.06%"
"01-11-2019","156.75","156.60","157.30","156.20","3.86K","-5.06%"
"31-10-2019","165.10","164.50","169.90","161.00","0.06K","-0.33%"
"30-10-2019","165.65","165.55","167.95","162.50","0.17K","-0.99%"
"29-10-2019","167.30","166.30","168.20","163.90","0.10K","0.33%"
"28-10-2019","166.75","166.20","168.40","165.30","0.10K","-0.24%"
"27-10-2019","167.15","169.00","169.00","164.75","0.08K","1.36%"
"25-10-2019","164.90","156.00","165.40","155.60","2.49K","5.67%"
"24-10-2019","156.05","156.05","156.35","155.70","3.95K","-0.03%"
"23-10-2019","156.10","155.55","156.35","155.30","4.15K","0.39%"
"22-10-2019","155.50","155.95","156.40","155.20","5.33K","-0.51%"
"21-10-2019","156.30","155.45","156.40","155.35","2.99K","0.61%"
"18-10-2019","155.35","155.80","156.70","155.25","5.86K","-0.35%"
"17-10-2019","155.90","156.10","156.15","155.10","5.03K","-0.22%"
"16-10-2019","156.25","155.60","156.70","155.10","8.15K","0.35%"
"15-10-2019","155.70","155.45","156.20","155.05","7.21K","0.23%"
"14-10-2019","155.35","157.10","157.10","155.10","7.78K","-1.02%"
"11-10-2019","156.95","156.95","157.80","156.35","6.23K","0.38%"
"10-10-2019","156.35","155.75","157.00","155.35","6.44K","0.42%"
"09-10-2019","155.70","155.85","155.90","154.80","6.76K","-0.16%"
"08-10-2019","155.95","158.05","158.05","155.75","5.91K","-1.30%"
"07-10-2019","158.00","157.40","158.20","156.90","8.48K","0.38%"
"04-10-2019","157.40","155.60","157.85","155.10","7.15K","1.06%"
"03-10-2019","155.75","154.55","155.95","154.00","7.40K","0.87%"
"01-10-2019","154.40","155.55","155.95","153.80","7.01K","1.75%"
"30-09-2019","151.75","153.60","153.70","151.45","0.04K","-1.11%"
"27-09-2019","153.45","154.00","154.35","152.80","0.10K","-0.42%"
"26-09-2019","154.10","155.00","156.10","153.45","0.43K","-0.80%"
"25-09-2019","155.35","154.15","155.75","153.60","1.13K","0.88%"
"24-09-2019","154.00","154.75","155.35","153.65","3.72K","-0.65%"
"23-09-2019","155.00","155.35","155.50","154.50","5.23K","-0.23%"
"20-09-2019","155.35","155.10","155.85","154.50","6.19K","0.03%"
"19-09-2019","155.30","154.20","155.60","154.00","6.94K","0.71%"
"18-09-2019","154.20","153.85","154.55","153.35","6.46K","0.23%"
"17-09-2019","153.85","155.45","155.45","153.50","8.99K","-1.00%"
"16-09-2019","155.40","155.80","156.85","154.85","7.90K","-0.35%"
"13-09-2019","155.95","154.55","156.50","154.40","5.84K","0.97%"
"12-09-2019","154.45","154.40","154.95","153.50","7.53K","0.13%"
"11-09-2019","154.25","155.50","156.20","153.80","8.17K","-0.96%"
"10-09-2019","155.75","156.10","156.60","155.40","5.96K","-0.10%"
"09-09-2019","155.90","155.25","156.05","154.85","5.54K","0.32%"
"06-09-2019","155.40","155.15","155.90","153.50","9.14K","0.13%"
"05-09-2019","155.20","155.55","157.20","154.90","8.05K","-0.51%"
"04-09-2019","156.00","154.00","156.80","153.60","9.22K","1.50%"
"03-09-2019","153.70","153.50","155.00","153.30","6.87K","-0.03%"
"02-09-2019","153.75","153.90","154.20","153.20","2.33K","2.09%"
"30-08-2019","150.60","153.35","156.95","150.50","0.08K","-2.33%"
"29-08-2019","154.20","154.05","156.40","153.30","0.17K","0.42%"
"28-08-2019","153.55","154.95","155.85","153.25","0.49K","-1.06%"
"27-08-2019","155.20","155.00","155.60","154.70","0.51K","0.00%"
"26-08-2019","155.20","154.00","155.90","152.75","1.85K","1.07%"
"23-08-2019","153.55","154.95","155.35","152.80","6.76K","-0.97%"
"22-08-2019","155.05","154.35","156.10","154.35","5.32K","-0.03%"
"21-08-2019","155.10","154.90","155.55","154.30","7.76K","0.13%"
"20-08-2019","154.90","155.25","155.55","154.15","8.30K","-0.23%"
"19-08-2019","155.25","153.40","155.65","152.60","9.38K","1.31%"
"16-08-2019","153.25","154.50","154.80","153.00","6.27K","-0.65%"
"14-08-2019","154.25","154.90","155.25","153.50","8.72K","-0.45%"
"13-08-2019","154.95","154.50","156.00","152.85","10.86K","0.29%"
"12-08-2019","154.50","156.50","157.15","154.15","5.69K","-0.39%"
"09-08-2019","155.10","155.70","155.70","154.10","9.10K","-0.51%"
"08-08-2019","155.90","154.00","156.45","152.30","11.18K","1.20%"
"07-08-2019","154.05","154.90","155.35","150.90","10.78K","-0.90%"
"06-08-2019","155.45","154.70","156.20","153.85","9.51K","0.75%"
"05-08-2019","154.30","151.65","154.85","151.65","8.82K","1.85%"
"02-08-2019","151.50","151.50","152.45","150.20","7.79K","-0.43%"
"01-08-2019","152.15","153.50","153.50","151.60","7.71K","2.32%"
"31-07-2019","148.70","155.45","155.80","148.00","0.02K","-3.32%"
"30-07-2019","153.80","158.45","158.90","152.70","0.29K","-2.13%"
"29-07-2019","157.15","158.40","158.65","155.80","0.79K","-0.88%"
"26-07-2019","158.55","158.30","159.45","156.35","1.58K","0.13%"
"25-07-2019","158.35","157.60","158.90","155.80","4.49K","0.54%"
"24-07-2019","157.50","155.05","157.95","154.80","6.28K","1.48%"
"23-07-2019","155.20","154.00","155.50","153.40","8.18K","0.65%"
"22-07-2019","154.20","152.75","155.50","151.10","11.27K","1.08%"
"19-07-2019","152.55","156.65","157.85","150.80","12.17K","-2.62%"
"18-07-2019","156.65","155.35","157.00","154.75","8.04K","0.84%"
"17-07-2019","155.35","155.15","155.75","154.05","8.20K","0.06%"
"16-07-2019","155.25","155.85","156.20","154.80","8.22K","-0.48%"
"15-07-2019","156.00","156.95","156.95","155.70","7.11K","-0.54%"
"12-07-2019","156.85","156.75","157.35","156.10","7.70K","-0.03%"
"11-07-2019","156.90","156.25","158.00","155.20","14.70K","0.10%"
"10-07-2019","156.75","155.10","157.00","155.10","9.10K","0.87%"
"09-07-2019","155.40","152.85","155.55","152.20","13.38K","1.64%"
"08-07-2019","152.90","152.20","153.60","151.25","9.45K","0.63%"
"05-07-2019","151.95","151.85","152.65","150.95","7.82K","0.16%"
"04-07-2019","151.70","152.55","152.75","150.80","8.45K","-0.39%"
"03-07-2019","152.30","152.40","153.25","152.00","9.32K","-0.23%"
"02-07-2019","152.65","154.00","154.45","152.30","10.01K","-0.88%"
"01-07-2019","154.00","156.15","156.50","152.85","9.03K","-5.35%"
"28-06-2019","162.70","155.90","168.00","154.45","0.13K","4.63%"
"27-06-2019","155.50","157.90","157.90","154.70","0.51K","-1.55%"
"26-06-2019","157.95","156.60","158.40","156.40","1.10K","0.61%"
"25-06-2019","157.00","155.05","157.70","154.50","2.38K","1.16%"
"24-06-2019","155.20","153.50","155.60","151.30","5.00K","1.64%"
"21-06-2019","152.70","154.95","155.40","150.20","9.92K","-1.29%"
"20-06-2019","154.70","154.90","156.50","154.00","9.19K","0.00%"
"19-06-2019","154.70","156.00","157.25","153.85","12.82K","-0.99%"
"18-06-2019","156.25","154.40","156.55","153.80","12.12K","1.07%"
"17-06-2019","154.60","153.90","155.00","153.50","10.54K","0.68%"
"14-06-2019","153.55","154.40","154.75","153.10","7.59K","-0.55%"
"13-06-2019","154.40","154.30","155.75","153.60","9.80K","-0.19%"
"12-06-2019","154.70","155.40","155.85","154.10","12.45K","-0.87%"
"11-06-2019","156.05","155.45","156.25","154.75","11.97K","0.71%"
"10-06-2019","154.95","151.60","155.40","150.75","13.82K","2.96%"
"07-06-2019","150.50","153.05","153.65","149.55","14.01K","-1.44%"
"06-06-2019","152.70","152.00","154.20","151.55","12.42K","0.66%"
"05-06-2019","151.70","151.35","154.00","151.15","6.64K","0.93%"
"04-06-2019","150.30","149.00","151.00","148.15","9.91K","0.84%"
"03-06-2019","149.05","150.10","150.15","148.25","7.97K","19.72%"
"31-05-2019","124.50","124.65","125.25","123.80","6.27K","0.00%"
"30-05-2019","124.50","126.15","126.45","124.25","8.83K","-1.58%"
"29-05-2019","126.50","125.30","127.05","124.85","9.38K","0.80%"
"28-05-2019","125.50","126.15","126.60","125.15","10.06K","-0.36%"
"27-05-2019","125.95","126.55","127.25","124.30","7.24K","-0.36%"
"24-05-2019","126.40","125.70","127.25","125.60","10.85K","0.40%"
"23-05-2019","125.90","125.40","126.10","124.10","9.82K","0.40%"
"22-05-2019","125.40","125.65","125.90","124.75","7.52K","-0.20%"
"21-05-2019","125.65","125.85","126.75","125.35","10.19K","0.24%"
"20-05-2019","125.35","127.00","127.00","125.25","8.47K","-2.07%"
"17-05-2019","128.00","127.90","129.00","127.00","10.06K","-0.27%"
"16-05-2019","128.35","127.55","129.25","127.20","12.47K","0.79%"
"15-05-2019","127.35","126.40","127.65","126.15","12.24K","0.24%"
"14-05-2019","127.05","126.35","127.20","125.00","14.34K","0.75%"
"13-05-2019","126.10","127.00","127.55","125.45","11.10K","-1.02%"
"10-05-2019","127.40","129.80","129.95","127.25","14.04K","-1.55%"
"09-05-2019","129.40","131.25","131.50","128.80","14.39K","-1.67%"
"08-05-2019","131.60","130.00","131.90","130.00","12.56K","0.77%"
"07-05-2019","130.60","131.40","131.80","129.60","14.57K","-0.53%"
"06-05-2019","131.30","130.50","131.70","128.50","7.24K","0.27%"
"03-05-2019","130.95","131.10","132.10","130.30","14.81K","-0.11%"
"02-05-2019","131.10","130.15","131.30","129.40","14.48K","1.04%"
"01-05-2019","129.75","134.00","134.00","126.60","13.70K","-4.35%"
"30-04-2019","135.65","135.75","136.30","135.40","5.58K","0.18%"
"26-04-2019","135.40","135.25","135.80","134.75","10.23K","0.22%"
"25-04-2019","135.10","134.30","135.40","133.25","12.81K","0.78%"
"24-04-2019","134.05","133.50","134.75","133.30","10.46K","0.45%"
"23-04-2019","133.45","134.40","135.20","133.05","13.52K","-0.41%"
"22-04-2019","134.00","134.70","135.10","133.70","5.59K","-0.19%"
"18-04-2019","134.25","134.20","134.55","133.45","11.05K","0.11%"
"17-04-2019","134.10","134.00","135.30","133.65","7.52K","0.56%"
"16-04-2019","133.35","135.40","136.20","132.70","15.41K","-1.40%"
"15-04-2019","135.25","132.00","135.50","132.00","13.92K","1.31%"
"12-04-2019","133.50","132.60","133.85","132.15","12.44K","0.75%"
"11-04-2019","132.50","135.05","135.25","132.35","14.62K","-1.82%"
"10-04-2019","134.95","137.50","137.50","134.80","14.91K","-1.71%"
"09-04-2019","137.30","138.80","139.90","137.05","14.82K","-1.01%"
"08-04-2019","138.70","138.35","139.30","138.20","9.79K","0.87%"
"05-04-2019","137.50","138.35","138.85","137.20","10.11K","-0.36%"
"04-04-2019","138.00","138.25","139.40","137.55","10.19K","-0.22%"
"03-04-2019","138.30","137.70","138.70","137.25","13.40K","0.55%"
"02-04-2019","137.55","140.00","140.15","137.10","11.74K","-1.71%"
"01-04-2019","139.95","141.60","141.95","139.70","12.08K","0.25%"
"29-03-2019","139.60","139.00","140.00","138.60","6.13K","0.76%"
"28-03-2019","138.55","138.50","139.35","138.05","11.33K","0.40%"
"27-03-2019","138.00","137.05","138.35","136.15","14.03K","0.91%"
"26-03-2019","136.75","137.90","138.40","136.15","14.01K","-0.76%"
"25-03-2019","137.80","139.25","139.65","137.50","11.31K","-1.36%"
"22-03-2019","139.70","139.90","140.65","139.15","13.89K","-0.21%"
"21-03-2019","140.00","140.00","141.00","139.55","9.37K","0.29%"
"20-03-2019","139.60","139.70","140.65","138.60","16.82K","0.04%"
"19-03-2019","139.55","139.30","140.55","138.40","16.08K","0.50%"
"18-03-2019","138.85","142.15","142.30","138.25","16.32K","-2.11%"
"15-03-2019","141.85","146.00","146.05","141.65","16.33K","-2.58%"
"14-03-2019","145.60","147.05","147.55","145.50","14.67K","-1.15%"
"13-03-2019","147.30","145.40","148.70","145.05","17.06K","1.69%"
"12-03-2019","144.85","145.10","146.15","144.25","17.22K","0.14%"
"11-03-2019","144.65","146.20","148.05","143.60","18.15K","-0.86%"
"08-03-2019","145.90","146.80","147.15","145.65","12.84K","-1.05%"
"07-03-2019","147.45","147.60","148.10","146.55","12.28K","-0.10%"
"06-03-2019","147.60","148.60","148.60","146.45","11.15K","-0.61%"
"05-03-2019","148.50","149.80","149.95","147.20","15.37K","-0.67%"
"04-03-2019","149.50","151.50","151.50","149.30","6.66K","-1.71%"
"01-03-2019","152.10","151.95","154.00","151.60","18.02K","-0.91%"
"28-02-2019","153.50","151.20","154.10","150.50","6.27K","1.52%"
"27-02-2019","151.20","147.50","152.10","147.00","17.19K","2.37%"
"26-02-2019","147.70","147.30","148.00","146.20","11.60K","0.75%"
"25-02-2019","146.60","146.55","147.70","146.10","11.13K","0.48%"
"22-02-2019","145.90","146.50","147.45","145.70","13.10K","-0.48%"
"21-02-2019","146.60","144.30","146.75","144.10","13.81K","1.28%"
"20-02-2019","144.75","143.90","145.05","143.00","11.85K","0.94%"
"19-02-2019","143.40","144.65","145.55","143.10","14.35K","-0.83%"
"18-02-2019","144.60","147.65","148.50","144.25","14.21K","-2.07%"
"15-02-2019","147.65","145.30","148.65","144.65","13.93K","1.97%"
"14-02-2019","144.80","143.10","145.30","142.70","14.08K","1.05%"
"13-02-2019","143.30","143.75","144.30","142.25","13.50K","-0.52%"
"12-02-2019","144.05","145.15","146.00","142.85","11.68K","-1.00%"
"11-02-2019","145.50","147.50","147.50","145.25","12.18K","-2.09%"
"08-02-2019","148.60","148.25","149.10","147.40","10.27K","0.37%"
"07-02-2019","148.05","149.85","149.85","147.80","9.76K","-0.47%"
"06-02-2019","148.75","150.80","151.15","148.50","11.47K","-1.06%"
"05-02-2019","150.35","152.50","153.45","150.10","13.66K","-1.44%"
"04-02-2019","152.55","152.35","153.50","151.40","13.38K","0.43%"
"01-02-2019","151.90","150.15","152.30","149.85","12.15K","2.60%"
"31-01-2019","148.05","147.70","148.50","147.05","4.18K","0.24%"
"30-01-2019","147.70","148.00","148.40","147.00","9.76K","0.03%"
"29-01-2019","147.65","147.30","148.90","146.70","12.96K","0.34%"
"28-01-2019","147.15","149.20","151.20","146.85","15.47K","-1.37%"
"25-01-2019","149.20","145.90","149.65","145.90","16.34K","1.32%"
"24-01-2019","147.25","144.20","147.45","143.60","16.18K","1.83%"
"23-01-2019","144.60","143.90","144.95","142.95","13.32K","0.91%"
"22-01-2019","143.30","142.90","144.00","142.35","13.66K","0.17%"
"21-01-2019","143.05","142.30","143.35","142.10","11.96K","0.85%"
"18-01-2019","141.85","139.35","142.75","139.35","16.71K","1.65%"
"17-01-2019","139.55","139.50","140.00","138.35","12.78K","0.18%"
"16-01-2019","139.30","139.80","141.15","139.00","12.99K","-0.18%"
"15-01-2019","139.55","140.30","141.20","139.10","11.45K","-0.32%"
"14-01-2019","140.00","140.05","140.65","139.00","10.68K","-0.04%"
"11-01-2019","140.05","139.90","140.90","138.60","14.89K","0.54%"
"10-01-2019","139.30","139.10","140.00","137.65","16.11K","0.54%"
"09-01-2019","138.55","138.20","141.15","138.05","17.29K","0.51%"
"08-01-2019","137.85","136.70","138.00","136.00","12.91K","1.25%"
"07-01-2019","136.15","136.20","137.00","135.45","12.34K","-0.33%"
"04-01-2019","136.60","136.45","137.80","135.30","13.25K","0.26%"
"03-01-2019","136.25","137.95","138.75","135.70","14.13K","-0.84%"
"02-01-2019","137.40","140.55","141.40","136.25","15.12K","-2.00%"
"01-01-2019","140.20","139.80","140.65","139.35","2.03K","-0.21%"
"31-12-2018","140.50","142.70","142.95","139.75","5.04K","-1.33%"
"28-12-2018","142.40","142.15","144.15","141.75","16.22K","-0.77%"
"27-12-2018","143.50","138.00","143.85","138.00","14.74K","3.20%"
"26-12-2018","139.05","139.80","140.40","138.35","6.22K","-0.18%"
"24-12-2018","139.30","138.00","139.80","137.20","11.98K","1.05%"
"21-12-2018","137.85","137.95","138.40","135.85","10.90K","-0.43%"
"20-12-2018","138.45","137.45","138.55","136.55","10.88K","0.54%"
"19-12-2018","137.70","137.00","138.95","136.20","13.25K","-0.04%"
"18-12-2018","137.75","137.50","139.00","136.10","14.28K","-0.36%"
"17-12-2018","138.25","139.85","140.55","137.60","12.92K","-1.46%"
"14-12-2018","140.30","139.85","140.60","139.05","9.35K","0.50%"
"13-12-2018","139.60","142.25","142.40","139.45","10.74K","-1.55%"
"12-12-2018","141.80","142.55","143.50","141.25","10.55K","-0.87%"
"11-12-2018","143.05","141.70","143.25","140.90","10.18K","0.99%"
"10-12-2018","141.65","141.90","144.45","141.30","11.87K","-0.39%"
"07-12-2018","142.20","140.40","142.70","140.05","13.47K","1.07%"
"06-12-2018","140.70","140.70","141.05","139.10","10.73K","-0.11%"
"05-12-2018","140.85","141.15","141.85","140.05","13.50K","-0.18%"
"04-12-2018","141.10","138.90","141.75","138.55","15.30K","1.55%"
"03-12-2018","138.95","138.60","141.80","138.35","16.10K","1.79%"
"30-11-2018","136.50","133.90","136.85","133.25","6.39K","1.98%"
"29-11-2018","133.85","135.10","136.50","133.40","11.60K","-1.33%"
"28-11-2018","135.65","133.90","135.95","133.70","11.96K","1.69%"
"27-11-2018","133.40","135.55","136.25","133.15","12.24K","-2.34%"
"26-11-2018","136.60","136.75","137.65","135.10","12.76K","-0.36%"
"23-11-2018","137.10","139.10","139.10","136.00","6.29K","-1.47%"
"22-11-2018","139.15","141.00","141.50","138.85","11.12K","-1.94%"
"21-11-2018","141.90","139.40","142.25","139.15","12.06K","1.90%"
"20-11-2018","139.25","141.80","142.85","139.10","15.17K","-1.62%"
"19-11-2018","141.55","143.00","144.50","141.10","15.05K","-1.50%"
"16-11-2018","143.70","139.10","144.50","138.85","17.24K","3.42%"
"15-11-2018","138.95","140.50","141.80","138.20","16.16K","-0.89%"
"14-11-2018","140.20","139.30","140.75","138.55","11.96K","-0.18%"
"13-11-2018","140.45","140.10","141.35","138.10","15.96K","0.50%"
"12-11-2018","139.75","142.70","143.85","139.50","12.40K","-1.90%"
"09-11-2018","142.45","144.10","144.40","141.55","12.55K","-1.59%"
"08-11-2018","144.75","141.00","145.30","141.00","10.94K","3.91%"
"07-11-2018","139.30","140.00","140.00","139.00","1.17K","0.00%"
"06-11-2018","139.30","141.15","141.80","138.85","10.99K","-1.21%"
"05-11-2018","141.00","145.20","145.90","140.50","15.47K","-3.23%"
"02-11-2018","145.70","142.95","146.85","142.60","19.02K","1.67%"
"01-11-2018","143.30","143.00","144.20","142.40","15.22K","3.13%"
"31-10-2018","138.95","141.70","142.30","138.25","7.40K","-1.56%"
"30-10-2018","141.15","144.05","144.05","139.80","14.14K","-1.50%"
"29-10-2018","143.30","145.35","145.65","143.10","8.34K","-1.38%"
"26-10-2018","145.30","146.15","146.35","144.90","10.28K","-0.45%"
"25-10-2018","145.95","147.15","147.25","145.60","10.66K","-0.27%"
"24-10-2018","146.35","147.30","147.60","145.30","11.20K","-0.03%"
"23-10-2018","146.40","146.70","147.60","146.10","12.62K","-0.20%"
"22-10-2018","146.70","146.70","148.05","145.60","14.39K","0.55%"
"19-10-2018","145.90","146.35","146.75","144.15","14.25K","-0.58%"
"18-10-2018","146.75","148.00","148.35","146.20","8.63K","-1.68%"
"17-10-2018","149.25","151.30","151.90","148.05","19.45K","-1.09%"
"16-10-2018","150.90","154.40","154.70","150.25","19.77K","-2.17%"
"15-10-2018","154.25","151.95","156.40","151.95","22.76K","1.35%"
"12-10-2018","152.20","148.25","154.75","147.80","27.52K","2.28%"
"11-10-2018","148.80","141.00","149.30","139.80","31.99K","4.57%"
"10-10-2018","142.30","144.45","144.45","141.10","21.54K","-0.80%"
"09-10-2018","143.45","147.00","149.30","142.90","24.59K","-1.91%"
"08-10-2018","146.25","147.00","148.20","146.00","15.70K","-1.12%"
"05-10-2018","147.90","147.35","148.45","146.65","17.13K","0.34%"
"04-10-2018","147.40","150.40","151.75","147.05","20.40K","-1.83%"
"03-10-2018","150.15","149.00","151.30","147.80","19.17K","0.94%"
"01-10-2018","148.75","148.25","150.30","147.30","17.23K","2.20%"
"28-09-2018","145.55","145.00","145.95","144.80","5.27K","0.66%"
"27-09-2018","144.60","144.05","144.90","142.40","16.79K","0.49%"
"26-09-2018","143.90","145.30","146.40","143.15","18.42K","-1.10%"
"25-09-2018","145.50","147.00","148.00","145.25","17.22K","-1.22%"
"24-09-2018","147.30","147.00","150.45","146.85","18.04K","-0.30%"
"21-09-2018","147.75","144.95","148.70","144.30","22.16K","2.68%"
"20-09-2018","143.90","145.00","145.20","143.10","10.83K","-0.96%"
"19-09-2018","145.30","150.10","150.70","144.85","23.97K","-3.17%"
"18-09-2018","150.05","149.10","150.50","147.70","21.28K","0.10%"
"17-09-2018","149.90","146.05","150.15","146.05","20.30K","2.32%"
"14-09-2018","146.50","146.65","148.30","145.50","19.23K","0.27%"
"13-09-2018","146.10","146.70","148.30","145.60","12.16K","-0.03%"
"12-09-2018","146.15","144.00","146.60","143.45","20.22K","2.35%"
"11-09-2018","142.80","146.00","146.00","142.00","21.68K","-2.46%"
"10-09-2018","146.40","148.20","151.20","146.20","22.73K","-1.25%"
"07-09-2018","148.25","146.45","149.35","145.60","20.36K","0.95%"
"06-09-2018","146.85","147.20","149.15","145.80","16.81K","0.34%"
"05-09-2018","146.35","148.10","150.30","146.15","16.91K","-1.05%"
"04-09-2018","147.90","151.20","151.45","147.60","17.84K","-2.31%"
"03-09-2018","151.40","147.55","151.65","147.10","19.14K","3.59%"
"31-08-2018","146.15","147.00","148.15","146.05","4.89K","0.21%"
"30-08-2018","145.85","146.80","147.95","144.75","12.33K","-0.31%"
"29-08-2018","146.30","146.25","146.45","144.85","11.06K","1.07%"
"28-08-2018","144.75","145.60","146.85","144.70","13.45K","-0.24%"
"27-08-2018","145.10","144.75","145.55","144.75","4.15K","0.38%"
"24-08-2018","144.55","145.00","146.40","144.30","15.47K","0.28%"
"23-08-2018","144.15","140.50","144.50","139.80","21.06K","2.82%"
"22-08-2018","140.20","140.40","140.95","139.50","7.26K","0.21%"
"21-08-2018","139.90","137.90","140.65","137.85","16.29K","1.67%"
"20-08-2018","137.60","139.60","140.50","137.25","16.40K","-1.29%"
"17-08-2018","139.40","140.20","140.75","138.75","19.89K","-0.57%"
"16-08-2018","140.20","143.00","143.60","139.10","24.81K","-3.21%"
"14-08-2018","144.85","147.40","148.00","144.50","13.67K","-1.70%"
"13-08-2018","147.35","144.50","148.45","144.50","18.33K","1.69%"
"10-08-2018","144.90","145.05","145.75","144.15","14.35K","0.17%"
"09-08-2018","144.65","147.00","148.65","144.30","18.08K","-1.16%"
"08-08-2018","146.35","147.80","148.00","146.05","15.75K","-0.48%"
"07-08-2018","147.05","146.10","147.70","145.95","16.75K","0.89%"
"06-08-2018","145.75","145.35","146.15","143.15","18.95K","0.28%"
"03-08-2018","145.35","145.95","147.40","144.50","22.21K","-0.68%"
"02-08-2018","146.35","145.65","148.45","145.10","19.25K","0.55%"
"01-08-2018","145.55","148.00","148.00","145.10","15.82K","-1.62%"
"31-07-2018","147.95","146.75","148.40","146.20","5.62K","0.54%"
"30-07-2018","147.15","145.70","147.40","144.40","12.79K","0.79%"
"27-07-2018","146.00","147.40","147.70","145.60","13.35K","-1.32%"
"26-07-2018","147.95","147.50","148.35","146.65","13.54K","0.65%"
"25-07-2018","147.00","147.80","148.75","145.25","20.11K","-0.14%"
"24-07-2018","147.20","146.05","149.15","145.60","16.87K","0.82%"
"23-07-2018","146.00","146.85","148.75","145.50","16.77K","-0.24%"
"20-07-2018","146.35","146.35","147.50","145.05","16.51K","0.00%"
"19-07-2018","146.35","148.50","148.70","144.05","20.76K","-0.95%"
"18-07-2018","147.75","148.30","148.90","145.65","20.29K","-0.30%"
"17-07-2018","148.20","148.15","149.50","147.20","14.66K","0.07%"
"16-07-2018","148.10","150.50","150.75","147.80","13.38K","-1.92%"
"13-07-2018","151.00","149.50","151.35","148.35","18.76K","0.47%"
"12-07-2018","150.30","153.20","153.20","146.15","29.49K","-0.66%"
"11-07-2018","151.30","158.10","158.10","150.10","21.31K","-4.84%"
"10-07-2018","159.00","160.80","160.90","156.60","16.63K","-0.84%"
"09-07-2018","160.35","161.80","163.15","160.15","15.82K","-0.74%"
"06-07-2018","161.55","161.60","162.60","160.05","17.00K","-0.98%"
"05-07-2018","163.15","160.90","163.90","159.50","19.96K","1.62%"
"04-07-2018","160.55","164.25","164.50","159.05","14.27K","-2.31%"
"03-07-2018","164.35","165.30","165.85","163.80","10.12K","-0.24%"
"02-07-2018","164.75","165.55","166.75","164.25","12.97K","-1.47%"
"29-06-2018","167.20","165.60","167.40","164.80","4.50K","1.21%"
"28-06-2018","165.20","167.35","167.65","164.40","11.90K","-1.17%"
"27-06-2018","167.15","165.50","168.00","164.80","14.31K","1.43%"
"26-06-2018","164.80","163.90","165.05","163.10","11.25K","0.40%"
"25-06-2018","164.15","163.90","165.15","163.00","12.36K","0.15%"
"22-06-2018","163.90","162.10","164.50","160.70","11.21K","1.24%"
"21-06-2018","161.90","164.75","164.75","160.10","13.17K","-1.04%"
"20-06-2018","163.60","164.30","164.50","162.65","10.88K","-0.27%"
"19-06-2018","164.05","165.20","166.10","163.70","13.93K","-1.06%"
"18-06-2018","165.80","163.20","166.20","162.35","14.56K","1.22%"
"15-06-2018","163.80","166.75","167.20","163.55","11.98K","-1.59%"
"14-06-2018","166.45","167.05","167.60","165.45","11.86K","-0.72%"
"13-06-2018","167.65","167.00","169.75","166.65","14.53K","0.66%"
"12-06-2018","166.55","167.55","168.50","166.30","11.95K","-0.45%"
"11-06-2018","167.30","167.35","168.30","166.55","11.91K","0.39%"
"08-06-2018","166.65","168.00","168.95","166.50","15.09K","-1.22%"
"07-06-2018","168.70","169.05","171.60","168.25","16.37K","-0.38%"
"06-06-2018","169.35","168.65","169.70","167.50","11.80K","0.50%"
"05-06-2018","168.50","168.10","170.30","168.00","12.01K","0.21%"
"04-06-2018","168.15","164.50","168.60","163.50","14.36K","1.97%"
"01-06-2018","164.90","165.40","165.65","163.05","10.94K","-0.09%"
"31-05-2018","165.05","164.25","165.55","164.10","4.16K","0.33%"
"30-05-2018","164.50","164.00","164.95","162.70","11.47K","-0.18%"
"29-05-2018","164.80","165.00","167.10","164.20","15.88K","0.37%"
"28-05-2018","164.20","163.60","164.90","158.10","7.13K","-0.15%"
"25-05-2018","164.45","169.60","170.85","164.20","20.26K","-3.49%"
"24-05-2018","170.40","169.80","171.80","169.45","19.08K","0.98%"
"23-05-2018","168.75","167.35","169.05","166.85","17.56K","0.42%"
"22-05-2018","168.05","163.85","168.50","163.65","21.34K","2.31%"
"21-05-2018","164.25","157.50","164.50","157.50","19.88K","3.53%"
"18-05-2018","158.65","160.00","160.95","158.45","13.11K","-0.97%"
"17-05-2018","160.20","158.55","160.60","157.40","12.72K","1.20%"
"16-05-2018","158.30","159.90","160.70","157.85","14.77K","-1.19%"
"15-05-2018","160.20","160.80","162.70","159.65","17.07K","-0.53%"
"14-05-2018","161.05","158.85","161.90","158.85","14.63K","1.54%"
"11-05-2018","158.60","155.60","158.80","155.60","14.49K","2.59%"
"10-05-2018","154.60","154.95","157.20","154.25","13.13K","-0.26%"
"09-05-2018","155.00","155.25","155.95","154.20","10.33K","0.32%"
"08-05-2018","154.50","157.40","157.65","153.95","13.35K","-1.40%"
"07-05-2018","156.70","156.30","157.20","155.80","6.07K","0.74%"
"04-05-2018","155.55","152.10","155.80","151.40","14.75K","2.44%"
"03-05-2018","151.85","152.70","153.45","150.80","14.52K","-0.59%"
"02-05-2018","152.75","155.00","156.50","150.65","12.99K","-1.10%"
"01-05-2018","154.45","155.40","156.35","153.70","6.93K","-1.28%"
"30-04-2018","156.45","156.30","158.10","156.10","3.83K","-0.10%"
"27-04-2018","156.60","156.00","157.50","154.70","11.37K","0.06%"
"26-04-2018","156.50","154.35","156.80","153.30","13.71K","1.13%"
"25-04-2018","154.75","154.25","156.60","152.40","15.60K","1.01%"
"24-04-2018","153.20","154.25","156.30","153.00","12.02K","-0.68%"
"23-04-2018","154.25","155.25","156.30","153.55","13.24K","-0.42%"
"20-04-2018","154.90","154.10","157.70","153.40","12.10K","-0.19%"
"19-04-2018","155.20","156.50","158.10","152.90","18.15K","-0.48%"
"18-04-2018","155.95","153.60","158.90","153.30","16.74K","0.71%"
"17-04-2018","154.85","154.50","155.60","153.20","16.86K","0.19%"
"16-04-2018","154.55","151.70","156.35","151.05","17.79K","2.86%"
"13-04-2018","150.25","153.05","154.40","149.80","15.48K","-1.54%"
"12-04-2018","152.60","155.25","155.25","151.45","18.72K","-2.55%"
"11-04-2018","156.60","155.75","157.30","155.15","12.35K","0.68%"
"10-04-2018","155.55","155.20","156.50","154.85","14.09K","0.35%"
"09-04-2018","155.00","155.10","156.20","154.65","10.91K","-0.35%"
"06-04-2018","155.55","154.70","156.00","153.10","13.83K","0.06%"
"05-04-2018","155.45","154.80","155.90","153.70","13.88K","0.61%"
"04-04-2018","154.50","156.50","156.55","154.25","12.53K","-1.25%"
"03-04-2018","156.45","156.75","157.75","155.15","14.23K","-0.26%"
"02-04-2018","156.85","157.20","157.50","156.25","4.85K","0.00%"
"29-03-2018","156.85","157.85","158.05","155.40","6.60K","0.51%"
"28-03-2018","156.05","155.90","156.50","154.70","5.92K","-0.16%"
"27-03-2018","156.30","155.00","156.50","154.60","12.30K","1.03%"
"26-03-2018","154.70","152.20","155.05","151.75","12.94K","1.58%"
"23-03-2018","152.30","153.30","153.45","151.80","13.94K","-0.98%"
"22-03-2018","153.80","156.35","157.35","153.35","16.04K","-1.63%"
"21-03-2018","156.35","154.50","157.45","153.60","19.07K","1.76%"
"20-03-2018","153.65","154.00","154.15","151.70","15.28K","-0.58%"
"19-03-2018","154.55","154.85","156.25","153.85","15.86K","-0.32%"
"16-03-2018","155.05","155.80","158.20","154.80","17.47K","-1.15%"
"15-03-2018","156.85","156.10","157.45","154.50","16.67K","0.87%"
"14-03-2018","155.50","156.00","158.95","155.10","20.70K","-0.06%"
"13-03-2018","155.60","152.05","155.80","152.05","17.04K","2.37%"
"12-03-2018","152.00","155.30","155.55","150.65","15.06K","-2.19%"
"09-03-2018","155.40","153.05","155.65","152.15","19.39K","1.34%"
"08-03-2018","153.35","155.45","155.70","152.60","15.48K","-0.81%"
"07-03-2018","154.60","158.70","158.85","154.25","15.75K","-2.31%"
"06-03-2018","158.25","158.00","159.20","157.20","13.83K","-0.16%"
"05-03-2018","158.50","160.10","160.60","157.65","14.23K","-1.18%"
"02-03-2018","160.40","160.65","161.05","158.95","6.94K","0.00%"
"01-03-2018","160.40","163.65","163.75","160.20","17.57K","-2.43%"
"28-02-2018","164.40","167.00","167.00","164.05","6.10K","-1.91%"
"27-02-2018","167.60","167.30","168.05","166.25","12.49K","0.15%"
"26-02-2018","167.35","165.40","168.10","165.10","13.62K","1.39%"
"23-02-2018","165.05","164.95","165.60","163.00","13.91K","-0.54%"
"22-02-2018","165.95","164.00","166.35","161.65","14.42K","0.24%"
"21-02-2018","165.55","167.00","167.40","165.05","13.96K","-1.46%"
"20-02-2018","168.00","166.60","168.75","165.80","14.75K","0.75%"
"19-02-2018","166.75","168.00","168.90","166.25","11.74K","-0.74%"
"16-02-2018","168.00","168.00","169.75","167.50","13.48K","0.36%"
"15-02-2018","167.40","165.95","167.95","164.60","16.76K","0.81%"
"14-02-2018","166.05","164.30","166.45","163.15","15.95K","1.07%"
"13-02-2018","164.30","162.90","165.00","161.80","9.10K","1.42%"
"12-02-2018","162.00","163.65","164.20","161.00","15.97K","-0.98%"
"09-02-2018","163.60","162.95","163.90","160.65","19.60K","0.28%"
"08-02-2018","163.15","163.20","163.55","160.20","21.84K","0.28%"
"07-02-2018","162.70","168.05","168.15","161.50","17.74K","-3.10%"
"06-02-2018","167.90","169.80","169.80","167.05","13.93K","-1.29%"
"05-02-2018","170.10","171.20","171.85","169.80","13.42K","-1.05%"
"02-02-2018","171.90","171.40","172.50","169.10","17.23K","0.38%"
"01-02-2018","171.25","167.30","171.45","167.20","19.20K","3.04%"
"31-01-2018","166.20","165.80","167.20","164.80","5.06K","0.36%"
"30-01-2018","165.60","165.45","166.80","164.80","11.18K","-0.03%"
"29-01-2018","165.65","166.30","168.60","164.90","12.28K","0.85%"
"25-01-2018","164.25","167.60","168.75","164.00","15.76K","-2.03%"
"24-01-2018","167.65","166.85","168.60","165.30","14.11K","0.78%"
"23-01-2018","166.35","166.70","168.25","165.65","14.51K","-0.54%"
"22-01-2018","167.25","165.40","168.00","165.30","11.88K","1.12%"
"19-01-2018","165.40","165.75","167.95","164.50","14.60K","-0.78%"
"18-01-2018","166.70","163.65","167.15","163.10","15.43K","2.11%"
"17-01-2018","163.25","163.80","163.95","161.85","12.08K","-0.46%"
"16-01-2018","164.00","163.30","164.20","162.10","12.82K","-0.21%"
"15-01-2018","164.35","162.40","164.50","162.30","9.83K","1.70%"
"12-01-2018","161.60","162.35","163.20","160.40","12.97K","-0.68%"
"11-01-2018","162.70","163.40","164.00","162.10","12.34K","-0.18%"
"10-01-2018","163.00","162.90","164.45","162.20","14.46K","0.37%"
"09-01-2018","162.40","165.25","165.90","162.05","16.63K","-1.78%"
"08-01-2018","165.35","162.40","165.45","161.95","14.45K","2.13%"
"05-01-2018","161.90","163.20","164.15","160.80","12.71K","-0.80%"
"04-01-2018","163.20","163.20","164.55","162.70","14.22K","-0.24%"
"03-01-2018","163.60","162.60","164.00","162.00","15.46K","0.40%"
"02-01-2018","162.95","159.70","163.20","159.30","15.49K","1.97%"
"01-01-2018","159.80","160.35","160.35","159.45","1.38K","0.22%"
"29-12-2017","159.45","161.60","162.30","158.70","5.43K","-1.33%"
"28-12-2017","161.60","161.80","163.30","160.35","12.29K","-0.52%"
"27-12-2017","162.45","159.05","162.75","158.80","12.07K","2.40%"
"26-12-2017","158.65","159.10","159.70","158.00","5.00K","0.06%"
"22-12-2017","158.55","159.20","160.55","158.30","13.62K","-0.63%"
"21-12-2017","159.55","161.15","161.55","158.30","15.47K","-1.15%"
"20-12-2017","161.40","163.75","164.75","160.75","16.69K","-1.41%"
"19-12-2017","163.70","163.80","164.45","162.85","13.25K","-0.58%"
"18-12-2017","164.65","162.80","165.15","162.00","12.58K","1.60%"
"15-12-2017","162.05","160.25","162.80","159.55","13.10K","1.19%"
"14-12-2017","160.15","161.80","162.65","159.40","12.48K","-1.45%"
"13-12-2017","162.50","161.95","162.85","161.60","10.52K","-0.28%"
"12-12-2017","162.95","161.10","163.30","160.85","14.85K","1.15%"
"11-12-2017","161.10","158.10","161.40","157.65","16.76K","1.74%"
"08-12-2017","158.35","158.85","159.20","155.65","14.78K","0.54%"
"07-12-2017","157.50","161.60","163.25","157.30","20.88K","-3.11%"
"06-12-2017","162.55","160.25","162.80","159.35","14.96K","0.99%"
"05-12-2017","160.95","162.10","163.05","158.85","20.36K","-0.56%"
"04-12-2017","161.85","164.35","165.60","161.65","18.26K","-1.64%"
"01-12-2017","164.55","159.80","164.80","159.40","17.48K","3.26%"
"30-11-2017","159.35","156.40","159.45","156.10","6.08K","1.82%"
"29-11-2017","156.50","156.25","156.95","155.05","14.14K","0.42%"
"28-11-2017","155.85","157.95","158.10","155.60","14.71K","-1.67%"
"27-11-2017","158.50","159.80","159.90","157.90","9.24K","-1.15%"
"24-11-2017","160.35","158.80","160.90","158.45","10.63K","1.23%"
"23-11-2017","158.40","158.25","159.05","156.40","13.62K","-0.44%"
"22-11-2017","159.10","160.35","160.80","158.05","11.77K","-0.66%"
"21-11-2017","160.15","159.55","160.85","159.35","10.79K","0.06%"
"20-11-2017","160.05","158.40","160.40","157.80","13.87K","0.82%"
"17-11-2017","158.75","156.55","158.90","156.20","11.27K","1.34%"
"16-11-2017","156.65","158.35","159.30","156.40","15.97K","-1.14%"
"15-11-2017","158.45","160.95","161.35","157.50","18.17K","-1.98%"
"14-11-2017","161.65","164.15","164.30","161.05","16.91K","-1.91%"
"13-11-2017","164.80","165.20","165.85","162.50","14.26K","0.18%"
"10-11-2017","164.50","164.90","167.35","164.35","16.96K","0.18%"
"09-11-2017","164.20","162.50","164.45","161.85","14.35K","0.58%"
"08-11-2017","163.25","162.30","164.35","161.30","13.69K","0.49%"
"07-11-2017","162.45","162.70","163.15","160.90","12.14K","0.28%"
"06-11-2017","162.00","160.25","162.50","160.15","11.32K","1.31%"
"03-11-2017","159.90","159.10","160.25","158.15","12.22K","1.01%"
"02-11-2017","158.30","159.70","160.40","158.00","13.80K","-1.03%"
"01-11-2017","159.95","158.50","161.40","158.15","16.94K","2.01%"
"31-10-2017","156.80","156.20","157.20","155.65","5.88K","0.74%"
"30-10-2017","155.65","157.20","157.35","154.80","14.44K","-0.92%"
"27-10-2017","157.10","160.15","160.15","156.85","16.76K","-2.36%"
"26-10-2017","160.90","161.45","161.90","159.80","13.43K","-0.03%"
"25-10-2017","160.95","160.50","161.50","159.15","16.12K","0.00%"
"24-10-2017","160.95","161.90","163.20","160.20","13.05K","-0.89%"
"23-10-2017","162.40","161.10","162.70","159.75","12.67K","1.37%"
"20-10-2017","160.20","163.10","163.95","159.70","8.70K","-0.37%"
"19-10-2017","160.80","161.95","162.00","160.40","2.32K","-1.17%"
"18-10-2017","162.70","161.65","163.70","159.60","18.69K","0.77%"
"17-10-2017","161.45","164.10","164.70","161.15","18.57K","-1.76%"
"16-10-2017","164.35","165.05","166.75","163.75","15.06K","0.34%"
"13-10-2017","163.80","165.60","166.20","163.25","17.16K","-1.74%"
"12-10-2017","166.70","166.10","168.45","165.25","17.95K","0.00%"
"11-10-2017","166.70","165.25","166.90","163.20","22.22K","0.00%"
"10-10-2017","166.70","163.85","166.85","161.95","19.14K","1.58%"
"09-10-2017","164.10","164.30","165.30","162.55","15.42K","-1.08%"
"06-10-2017","165.90","168.60","168.90","164.05","15.14K","-1.78%"
"05-10-2017","168.90","165.55","169.20","165.35","13.25K","1.81%"
"04-10-2017","165.90","170.15","171.10","165.70","20.01K","-2.50%"
"03-10-2017","170.15","164.30","170.40","163.40","19.73K","4.07%"
"29-09-2017","163.50","162.25","164.40","162.25","6.38K","0.52%"
"28-09-2017","162.65","161.00","163.00","160.30","13.19K","0.99%"
"27-09-2017","161.05","161.65","162.85","160.25","11.09K","-0.37%"
"26-09-2017","161.65","162.35","164.05","160.60","15.73K","-0.31%"
"25-09-2017","162.15","161.35","163.55","160.45","17.31K","0.31%"
"22-09-2017","161.65","158.40","161.85","155.25","33.97K","0.94%"
"21-09-2017","160.15","156.50","162.95","155.40","36.61K","1.55%"
"20-09-2017","157.70","155.50","157.80","155.50","18.89K","2.01%"
"19-09-2017","154.60","151.90","156.40","151.30","19.08K","1.38%"
"18-09-2017","152.50","150.90","152.80","150.90","13.14K","1.33%"
"15-09-2017","150.50","148.15","150.70","146.80","22.99K","1.69%"
"14-09-2017","148.00","146.40","148.30","144.20","19.22K","1.37%"
"13-09-2017","146.00","146.00","146.60","144.30","16.32K","-0.24%"
"12-09-2017","146.35","144.45","147.10","143.25","14.90K","1.28%"
"11-09-2017","144.50","144.60","145.55","143.10","13.49K","0.52%"
"08-09-2017","143.75","148.95","149.65","143.20","17.33K","-3.59%"
"07-09-2017","149.10","149.55","150.40","147.10","13.91K","-0.50%"
"06-09-2017","149.85","149.40","150.80","147.65","16.16K","0.77%"
"05-09-2017","148.70","153.00","153.45","148.00","17.09K","-2.43%"
"04-09-2017","152.40","153.35","153.50","152.10","7.15K","-0.16%"
"01-09-2017","152.65","152.00","153.60","151.65","12.72K","0.79%"
"31-08-2017","151.45","151.30","151.90","150.15","5.53K","0.40%"
"30-08-2017","150.85","151.35","152.60","149.90","11.63K","-0.26%"
"29-08-2017","151.25","148.40","152.85","148.25","12.97K","2.20%"
"28-08-2017","148.00","147.15","148.20","146.90","5.10K","0.48%"
"25-08-2017","147.30","150.10","150.85","146.95","7.98K","-1.57%"
"24-08-2017","149.65","152.20","152.55","148.95","12.33K","-1.32%"
"23-08-2017","151.65","153.55","153.90","151.10","13.54K","-1.37%"
"22-08-2017","153.75","149.00","154.25","148.55","20.08K","2.84%"
"21-08-2017","149.50","151.80","152.60","149.25","15.36K","-0.60%"
"18-08-2017","150.40","153.90","156.30","150.05","20.32K","-1.83%"
"17-08-2017","153.20","161.00","161.50","152.80","18.06K","-4.31%"
"16-08-2017","160.10","150.25","160.55","150.25","23.77K","7.16%"
"14-08-2017","149.40","149.15","149.65","148.50","8.35K","0.54%"
"11-08-2017","148.60","150.45","150.45","148.40","15.36K","-1.52%"
"10-08-2017","150.90","151.45","152.75","150.10","16.75K","0.40%"
"09-08-2017","150.30","152.60","153.90","149.50","18.84K","-0.99%"
"08-08-2017","151.80","150.75","152.50","148.70","18.40K","0.63%"
"07-08-2017","150.85","149.45","152.20","149.20","15.98K","0.73%"
"04-08-2017","149.75","150.10","150.80","149.30","12.84K","-0.23%"
"03-08-2017","150.10","150.20","150.80","148.90","11.69K","0.30%"
"02-08-2017","149.65","149.00","149.95","148.35","13.24K","0.30%"
"01-08-2017","149.20","148.45","149.50","147.05","14.52K","0.88%"
"31-07-2017","147.90","148.20","148.90","147.55","4.63K","0.17%"
"28-07-2017","147.65","147.05","148.05","145.60","11.90K","0.61%"
"27-07-2017","146.75","148.00","148.55","146.25","11.64K","-0.51%"
"26-07-2017","147.50","148.75","150.05","147.10","14.52K","-0.51%"
"25-07-2017","148.25","144.45","148.60","144.45","16.30K","2.95%"
"24-07-2017","144.00","144.00","144.65","143.05","11.77K","0.49%"
"21-07-2017","143.30","141.60","143.70","141.60","15.53K","1.38%"
"20-07-2017","141.35","142.00","142.65","140.55","15.74K","0.21%"
"19-07-2017","141.05","144.55","145.20","140.85","17.71K","-2.66%"
"18-07-2017","144.90","146.95","147.30","144.50","14.38K","-1.29%"
"17-07-2017","146.80","148.45","149.45","146.35","15.19K","-0.94%"
"14-07-2017","148.20","146.75","148.40","145.60","16.48K","0.85%"
"13-07-2017","146.95","149.05","149.60","146.70","14.84K","-1.21%"
"12-07-2017","148.75","149.00","150.80","148.40","13.75K","0.17%"
"11-07-2017","148.50","149.00","150.65","148.35","17.05K","-0.24%"
"10-07-2017","148.85","148.00","149.00","146.20","14.17K","0.40%"
"07-07-2017","148.25","147.70","149.00","146.60","13.03K","0.37%"
"06-07-2017","147.70","146.40","148.40","145.70","11.10K","0.51%"
"05-07-2017","146.95","148.60","149.05","145.30","17.17K","-0.94%"
"04-07-2017","148.35","151.15","151.15","147.85","15.15K","-2.01%"
"03-07-2017","151.40","148.90","151.60","148.60","13.51K","2.64%"
"30-06-2017","147.50","147.70","149.00","146.95","7.13K","-0.84%"
"29-06-2017","148.75","147.90","149.50","147.65","11.49K","0.71%"
"28-06-2017","147.70","146.90","147.85","146.00","14.73K","0.54%"
"27-06-2017","146.90","143.95","147.25","143.65","12.30K","1.80%"
"26-06-2017","144.30","144.00","144.65","143.25","6.15K","1.02%"
"23-06-2017","142.85","140.60","142.95","140.10","15.83K","0.95%"
"22-06-2017","141.50","140.05","141.90","139.50","14.58K","0.89%"
"21-06-2017","140.25","136.90","140.40","135.80","18.26K","2.71%"
"20-06-2017","136.55","137.15","137.45","135.65","12.79K","-0.33%"
"19-06-2017","137.00","136.00","137.50","136.00","12.11K","1.22%"
"16-06-2017","135.35","135.35","136.20","134.60","11.31K","-0.11%"
"15-06-2017","135.50","132.95","135.85","132.95","14.70K","2.15%"
"14-06-2017","132.65","132.75","133.20","131.90","12.60K","0.49%"
"13-06-2017","132.00","132.00","133.60","131.65","15.84K","0.00%"
"12-06-2017","132.00","135.30","135.30","131.80","12.26K","-2.37%"
"09-06-2017","135.20","134.10","136.80","133.80","17.25K","0.82%"
"08-06-2017","134.10","132.95","135.40","132.95","14.98K","1.21%"
"07-06-2017","132.50","133.80","134.15","132.30","13.54K","-0.45%"
"06-06-2017","133.10","135.70","135.95","132.80","14.91K","-1.63%"
"05-06-2017","135.30","135.35","135.80","134.10","9.61K","-0.29%"
"02-06-2017","135.70","135.70","136.10","133.85","12.96K","0.18%"
"01-06-2017","135.45","136.05","137.15","135.15","12.01K","1.57%"
"31-05-2017","133.35","134.20","134.80","132.65","6.68K","-0.67%"
"30-05-2017","134.25","133.70","136.35","133.70","11.42K","-1.32%"
"29-05-2017","136.05","136.40","136.65","135.50","5.05K","0.00%"
"26-05-2017","136.05","134.90","136.60","133.85","11.56K","1.34%"
"25-05-2017","134.25","133.30","134.85","132.60","14.20K","0.22%"
"24-05-2017","133.95","134.00","134.95","133.50","12.42K","-0.70%"
"23-05-2017","134.90","135.50","136.35","133.55","17.64K","0.22%"
"22-05-2017","134.60","135.50","136.40","134.10","14.05K","-0.81%"
"19-05-2017","135.70","134.40","137.20","133.85","17.16K","1.23%"
"18-05-2017","134.05","134.40","134.75","132.30","16.54K","-1.03%"
"17-05-2017","135.45","134.10","135.90","133.70","11.98K","1.50%"
"16-05-2017","133.45","136.00","136.00","133.30","14.07K","-2.13%"
"15-05-2017","136.35","136.95","137.55","135.85","13.07K","0.04%"
"12-05-2017","136.30","139.50","140.45","135.70","14.42K","-2.61%"
"11-05-2017","139.95","141.70","142.95","139.30","16.61K","-1.24%"
"10-05-2017","141.70","141.20","141.85","139.20","12.77K","0.85%"
"09-05-2017","140.50","139.30","142.10","139.25","10.38K","0.50%"
"08-05-2017","139.80","139.15","139.95","138.45","10.16K","-0.46%"
"05-05-2017","140.45","140.70","141.25","139.20","12.46K","-0.53%"
"04-05-2017","141.20","141.15","141.65","139.10","14.41K","0.25%"
"03-05-2017","140.85","142.80","143.25","140.60","13.50K","-2.36%"
"02-05-2017","144.25","145.55","145.60","143.80","9.77K","-1.57%"
"01-05-2017","146.55","145.30","147.00","144.70","2.58K","0.27%"
"28-04-2017","146.15","143.45","146.45","142.65","7.45K","2.10%"
"27-04-2017","143.15","140.25","143.30","140.15","14.62K","1.52%"
"26-04-2017","141.00","139.60","141.35","138.30","14.08K","0.93%"
"25-04-2017","139.70","139.20","140.70","138.70","13.26K","0.18%"
"24-04-2017","139.45","138.75","139.95","137.80","11.21K","0.25%"
"21-04-2017","139.10","140.30","141.30","137.10","14.13K","-0.68%"
"20-04-2017","140.05","138.45","141.30","137.65","18.00K","0.18%"
"19-04-2017","139.80","137.60","140.15","136.60","18.51K","2.04%"
"18-04-2017","137.00","144.00","144.10","136.30","24.43K","-5.48%"
"17-04-2017","144.95","144.60","145.20","144.25","4.38K","0.17%"
"13-04-2017","144.70","145.70","146.20","144.30","13.07K","-0.52%"
"12-04-2017","145.45","145.25","145.75","144.05","13.53K","-0.27%"
"11-04-2017","145.85","145.40","146.80","143.35","20.60K","0.45%"
"10-04-2017","145.20","144.40","146.50","144.35","15.36K","0.03%"
"07-04-2017","145.15","148.55","149.00","143.15","20.70K","-2.29%"
"06-04-2017","148.55","150.55","151.00","147.70","14.27K","-1.20%"
"05-04-2017","150.35","152.10","152.25","149.60","13.75K","-0.23%"
"04-04-2017","150.70","147.55","151.10","147.55","8.07K","2.07%"
"03-04-2017","147.65","150.10","151.70","147.35","15.16K","-1.37%"
"31-03-2017","149.70","149.60","150.85","148.80","5.11K","-0.17%"
"30-03-2017","149.95","150.85","152.20","149.50","12.87K","-0.96%"
"29-03-2017","151.40","150.45","152.00","149.30","15.50K","0.03%"
"28-03-2017","151.35","148.60","152.15","147.80","13.80K","1.51%"
"27-03-2017","149.10","152.05","152.05","147.80","12.81K","-2.71%"
"24-03-2017","153.25","153.30","154.85","152.65","12.70K","-0.71%"
"23-03-2017","154.35","154.40","156.35","152.65","18.11K","-0.26%"
"22-03-2017","154.75","147.80","155.05","147.40","28.23K","4.07%"
"21-03-2017","148.70","147.05","149.80","146.90","15.18K","0.54%"
"20-03-2017","147.90","149.40","150.80","147.55","13.87K","-1.40%"
"17-03-2017","150.00","147.70","150.20","146.50","13.81K","2.35%"
"16-03-2017","146.55","147.70","149.30","146.00","12.82K","-0.54%"
"15-03-2017","147.35","146.75","147.90","144.85","14.93K","0.68%"
"14-03-2017","146.35","150.10","151.10","144.00","18.09K","-2.43%"
"13-03-2017","150.00","150.90","151.85","149.85","5.50K","-0.17%"
"10-03-2017","150.25","150.15","151.95","148.80","13.65K","-0.10%"
"09-03-2017","150.40","149.95","150.60","147.05","14.28K","0.17%"
"08-03-2017","150.15","148.90","150.70","148.40","14.00K","0.77%"
"07-03-2017","149.00","148.95","149.50","147.55","12.68K","-0.60%"
"06-03-2017","149.90","149.65","150.25","147.20","13.13K","-0.43%"
"03-03-2017","150.55","150.20","151.95","149.70","10.65K","-0.23%"
"02-03-2017","150.90","153.90","153.95","149.65","10.85K","-2.08%"
"01-03-2017","154.10","151.15","154.65","151.15","14.36K","1.75%"
"28-02-2017","151.45","150.75","151.85","150.25","4.93K","0.60%"
"27-02-2017","150.55","150.30","151.05","148.85","11.17K","0.03%"
"24-02-2017","150.50","150.00","150.75","148.60","7.09K","1.28%"
"23-02-2017","148.60","152.60","152.60","148.10","13.43K","-2.56%"
"22-02-2017","152.50","151.30","153.60","150.30","13.23K","0.69%"
"21-02-2017","151.45","154.30","155.20","151.25","11.46K","-2.16%"
"20-02-2017","154.80","151.60","155.30","150.80","12.26K","2.41%"
"17-02-2017","151.15","152.75","153.15","150.65","14.11K","-1.43%"
"16-02-2017","153.35","155.90","156.80","152.00","13.49K","-1.03%"
"15-02-2017","154.95","158.45","159.10","154.70","12.74K","-1.68%"
"14-02-2017","157.60","163.75","163.75","157.25","15.60K","-2.87%"
"13-02-2017","162.25","162.75","165.15","161.30","14.60K","0.59%"
"10-02-2017","161.30","156.50","161.50","156.50","17.38K","3.56%"
"09-02-2017","155.75","160.15","160.80","155.25","13.95K","-2.90%"
"08-02-2017","160.40","157.40","160.95","157.40","11.89K","1.74%"
"07-02-2017","157.65","156.75","158.75","155.95","9.09K","0.22%"
"06-02-2017","157.30","156.20","158.60","154.60","11.15K","0.61%"
"03-02-2017","156.35","156.25","156.85","153.65","12.54K","-0.51%"
"02-02-2017","157.15","158.20","158.65","155.85","8.90K","-0.38%"
"01-02-2017","157.75","159.40","161.10","157.35","9.78K","-1.28%"
"31-01-2017","159.80","160.10","162.25","158.70","7.05K","-0.41%"
"30-01-2017","160.45","155.60","160.90","155.60","12.41K","2.69%"
"27-01-2017","156.25","160.10","160.10","155.10","17.73K","-3.99%"
"25-01-2017","162.75","162.75","163.65","160.40","15.53K","-0.31%"
"24-01-2017","163.25","159.35","163.55","158.50","14.27K","2.22%"
"23-01-2017","159.70","157.35","160.60","157.35","10.69K","1.62%"
"20-01-2017","157.15","155.65","157.75","152.90","15.06K","0.87%"
"19-01-2017","155.80","156.65","157.45","154.60","12.41K","-0.45%"
"18-01-2017","156.50","154.75","157.25","154.00","15.49K","0.64%"
"17-01-2017","155.50","151.90","156.30","151.10","15.59K","0.45%"
"16-01-2017","154.80","155.30","158.25","153.85","17.40K","-1.09%"
"13-01-2017","156.50","150.05","156.80","149.25","19.26K","4.02%"
"12-01-2017","150.45","145.40","150.80","144.60","14.65K","3.19%"
"11-01-2017","145.80","148.05","151.45","144.95","17.44K","-2.05%"
"10-01-2017","148.85","144.65","149.20","144.10","14.02K","3.55%"
"09-01-2017","143.75","140.95","144.00","140.70","12.03K","2.24%"
"06-01-2017","140.60","138.15","140.85","137.75","10.39K","1.44%"
"05-01-2017","138.60","140.60","141.50","138.40","10.14K","-1.88%"
"04-01-2017","141.25","138.05","141.45","137.60","13.64K","2.43%"
"03-01-2017","137.90","136.85","138.90","135.20","15.39K","0.69%"
"02-01-2017","136.95","136.60","137.35","136.20","2.14K","1.90%"
"30-12-2016","134.40","133.70","136.60","133.35","5.37K","1.28%"
"29-12-2016","132.70","136.90","138.35","132.00","12.02K","-3.10%"
"28-12-2016","136.95","142.90","142.90","136.65","15.30K","-2.42%"
"27-12-2016","140.35","137.55","140.85","137.50","5.06K","1.96%"
"26-12-2016","137.65","135.65","138.50","135.10","4.46K","-0.72%"
"23-12-2016","138.65","142.90","144.50","138.35","12.51K","-3.65%"
"22-12-2016","143.90","145.50","145.50","141.80","14.25K","-1.98%"
"21-12-2016","146.80","148.50","148.65","145.60","9.03K","-1.01%"
"20-12-2016","148.30","145.30","149.60","144.45","12.16K","1.23%"
"19-12-2016","146.50","151.10","151.90","143.65","15.23K","-3.65%"
"16-12-2016","152.05","157.40","157.60","151.35","12.75K","-3.34%"
"15-12-2016","157.30","158.50","159.95","155.05","13.65K","-0.22%"
"14-12-2016","157.65","157.60","158.85","155.55","14.30K","-0.19%"
"13-12-2016","157.95","156.65","160.85","155.80","13.56K","0.45%"
"12-12-2016","157.25","155.30","157.70","154.85","6.42K","0.74%"
"09-12-2016","156.10","155.40","156.40","154.00","9.44K","1.86%"
"08-12-2016","153.25","156.30","157.30","152.95","12.05K","-1.32%"
"07-12-2016","155.30","158.25","161.80","154.35","15.21K","-2.27%"
"06-12-2016","158.90","156.85","159.65","155.00","13.07K","0.92%"
"05-12-2016","157.45","155.90","159.05","154.90","13.25K","2.57%"
"02-12-2016","153.50","157.95","158.40","152.85","11.60K","-3.94%"
"01-12-2016","159.80","162.05","163.60","157.30","13.46K","0.57%"
"30-11-2016","158.90","158.85","163.75","158.20","7.34K","-1.30%"
"29-11-2016","161.00","168.65","169.95","159.75","23.64K","-3.51%"
"28-11-2016","166.85","169.10","175.70","163.85","32.52K","1.06%"
"25-11-2016","165.10","153.70","166.10","151.35","28.45K","7.66%"
"24-11-2016","153.35","154.80","155.25","151.80","12.95K","0.26%"
"23-11-2016","152.95","149.50","153.55","148.60","14.49K","2.51%"
"22-11-2016","149.20","148.50","149.85","147.80","10.39K","1.19%"
"21-11-2016","147.45","147.20","148.25","146.75","10.02K","1.76%"
"18-11-2016","144.90","145.50","148.00","144.55","12.79K","-1.33%"
"17-11-2016","146.85","145.50","147.55","143.75","11.81K","0.41%"
"16-11-2016","146.25","149.50","149.50","146.00","11.52K","-2.40%"
"15-11-2016","149.85","149.75","151.35","145.45","13.97K","0.64%"
"14-11-2016","148.90","144.75","149.10","144.75","9.94K","3.84%"
"11-11-2016","143.40","143.40","149.60","142.30","20.05K","0.46%"
"10-11-2016","142.75","142.60","144.85","142.25","13.21K","0.42%"
"09-11-2016","142.15","139.70","142.95","138.35","17.09K","0.92%"
"08-11-2016","140.85","139.90","141.60","138.10","15.91K","0.79%"
"07-11-2016","139.75","140.40","141.40","138.30","15.92K","0.00%"
"04-11-2016","139.75","138.75","140.20","138.30","10.33K","0.40%"
"03-11-2016","139.20","137.60","139.45","137.35","12.14K","1.16%"
"02-11-2016","137.60","137.40","137.80","136.35","12.19K","-0.29%"
"01-11-2016","138.00","138.30","138.85","136.75","12.96K","0.55%"
"31-10-2016","137.25","138.85","141.25","135.30","11.36K","-0.33%"
"30-10-2016","137.70","137.45","138.15","137.35","0.69K","0.00%"
"28-10-2016","137.70","136.75","138.00","136.60","9.40K","0.95%"
"27-10-2016","136.40","137.25","138.20","135.80","15.45K","-0.84%"
"26-10-2016","137.55","136.40","137.70","135.85","15.24K","0.29%"
"25-10-2016","137.15","135.65","138.15","135.65","15.05K","1.37%"
"24-10-2016","135.30","133.60","135.40","132.80","13.71K","1.46%"
"21-10-2016","133.35","134.60","135.20","133.10","17.24K","-0.74%"
"20-10-2016","134.35","133.20","134.50","132.60","12.54K","0.86%"
"19-10-2016","133.20","131.50","133.35","130.70","18.78K","1.41%"
"18-10-2016","131.35","132.95","133.80","131.20","16.32K","-1.13%"
"17-10-2016","132.85","133.80","133.80","131.50","12.99K","-0.08%"
"14-10-2016","132.95","133.40","134.15","132.35","14.96K","-0.08%"
"13-10-2016","133.05","135.70","135.70","132.85","16.53K","-1.52%"
"12-10-2016","135.10","136.30","137.70","134.90","9.78K","-1.13%"
"11-10-2016","136.65","138.60","138.60","136.35","9.28K","-1.87%"
"10-10-2016","139.25","138.90","140.60","138.75","13.77K","0.51%"
"07-10-2016","138.55","137.30","139.80","136.90","17.40K","0.91%"
"06-10-2016","137.30","136.05","138.30","135.40","17.29K","0.92%"
"05-10-2016","136.05","137.35","138.60","135.85","16.76K","-1.23%"
"04-10-2016","137.75","139.90","139.90","136.90","21.63K","-1.01%"
"03-10-2016","139.15","141.30","142.70","137.20","28.74K","-0.82%"
"30-09-2016","140.30","137.50","140.50","137.30","9.82K","1.52%"
"29-09-2016","138.20","133.20","138.50","133.20","21.18K","3.75%"
"28-09-2016","133.20","130.00","133.35","129.80","17.16K","2.62%"
"27-09-2016","129.80","129.00","130.80","128.15","22.02K","0.62%"
"26-09-2016","129.00","127.10","129.15","126.55","15.81K","1.30%"
"23-09-2016","127.35","128.90","129.30","127.15","14.22K","-1.51%"
"22-09-2016","129.30","129.85","130.50","129.20","14.92K","0.12%"
"21-09-2016","129.15","132.30","132.45","129.05","16.94K","-2.60%"
"20-09-2016","132.60","130.75","132.80","130.65","18.82K","1.41%"
"19-09-2016","130.75","129.20","130.85","128.85","14.39K","0.77%"
"16-09-2016","129.75","129.65","130.45","128.95","14.59K","0.00%"
"15-09-2016","129.75","130.50","130.80","128.85","15.59K","-0.42%"
"14-09-2016","130.30","126.20","131.00","125.95","19.33K","2.84%"
"13-09-2016","126.70","126.50","127.40","125.55","11.91K","0.96%"
"12-09-2016","125.50","126.00","126.15","124.60","12.17K","-0.87%"
"09-09-2016","126.60","127.30","127.75","126.45","12.80K","-0.90%"
"08-09-2016","127.75","127.20","127.90","125.60","15.62K","0.35%"
"07-09-2016","127.30","128.90","129.90","127.20","14.74K","-0.97%"
"06-09-2016","128.55","130.30","130.80","128.35","13.84K","-1.80%"
"05-09-2016","130.90","130.60","131.25","130.10","6.60K","1.20%"
"02-09-2016","129.35","129.95","130.50","128.20","15.13K","-0.31%"
"01-09-2016","129.75","127.40","130.15","127.40","15.50K","3.39%"
"31-08-2016","125.50","125.80","125.80","124.85","4.35K","-0.20%"
"30-08-2016","125.75","125.25","125.90","124.20","11.30K","0.32%"
"29-08-2016","125.35","125.65","125.65","125.15","2.31K","0.08%"
"26-08-2016","125.25","124.70","125.90","124.25","11.43K","0.64%"
"25-08-2016","124.45","123.90","124.80","122.95","10.05K","0.28%"
"24-08-2016","124.10","124.50","125.10","123.75","12.76K","-0.56%"
"23-08-2016","124.80","124.30","124.95","123.40","10.53K","0.73%"
"22-08-2016","123.90","125.60","125.80","123.80","10.64K","-1.90%"
"19-08-2016","126.30","125.90","126.65","125.30","10.98K","0.16%"
"18-08-2016","126.10","126.35","127.10","125.45","10.46K","0.12%"
"17-08-2016","125.95","124.80","126.35","124.25","11.85K","0.64%"
"16-08-2016","125.15","123.65","125.55","123.55","13.12K","2.00%"
"12-08-2016","122.70","122.05","123.15","121.05","14.74K","0.25%"
"11-08-2016","122.40","122.00","122.65","121.40","11.82K","0.78%"
"10-08-2016","121.45","120.80","123.35","120.75","14.85K","0.54%"
"09-08-2016","120.80","120.05","121.00","119.35","11.07K","0.67%"
"08-08-2016","120.00","119.70","120.65","119.65","7.60K","0.50%"
"05-08-2016","119.40","120.60","120.75","119.25","8.63K","-0.50%"
"04-08-2016","120.00","120.85","121.10","119.45","9.47K","-0.79%"
"03-08-2016","120.95","121.25","121.60","120.40","10.85K","-0.45%"
"02-08-2016","121.50","122.10","122.90","121.10","9.47K","-0.16%"
"01-08-2016","121.70","122.85","123.60","121.50","11.11K","1.88%"
"29-07-2016","119.45","120.30","120.40","119.10","5.53K","-0.67%"
"28-07-2016","120.25","120.50","121.05","119.70","11.16K","0.12%"
"27-07-2016","120.10","122.85","123.20","119.60","13.12K","-2.40%"
"26-07-2016","123.05","123.80","123.90","122.70","10.96K","-0.69%"
"25-07-2016","123.90","123.60","124.75","123.35","10.69K","0.73%"
"22-07-2016","123.00","124.40","124.95","122.80","13.93K","-1.09%"
"21-07-2016","124.35","124.35","126.20","123.80","14.33K","0.24%"
"20-07-2016","124.05","124.75","124.80","122.05","15.81K","-0.44%"
"19-07-2016","124.60","125.15","125.35","124.25","11.02K","0.04%"
"18-07-2016","124.55","124.90","125.95","124.15","13.86K","-0.44%"
"15-07-2016","125.10","126.85","128.25","124.70","18.59K","-1.26%"
"14-07-2016","126.70","124.85","126.85","124.65","13.60K","1.00%"
"13-07-2016","125.45","126.00","127.10","124.20","13.68K","-0.12%"
"12-07-2016","125.60","122.35","125.90","122.30","12.53K","3.04%"
"11-07-2016","121.90","122.35","123.20","121.70","10.89K","0.21%"
"08-07-2016","121.65","122.60","123.65","121.15","13.73K","-0.49%"
"07-07-2016","122.25","123.90","124.60","122.05","13.86K","-1.45%"
"06-07-2016","124.05","122.90","124.30","121.40","8.49K","0.32%"
"05-07-2016","123.65","123.35","124.55","122.85","16.62K","-0.32%"
"04-07-2016","124.05","125.00","126.90","123.40","17.12K","-0.76%"
"01-07-2016","125.00","121.60","125.25","121.50","17.41K","3.95%"
"30-06-2016","120.25","120.00","120.75","119.05","7.20K","1.01%"
"29-06-2016","119.05","117.00","119.30","117.00","11.93K","1.54%"
"28-06-2016","117.25","115.60","117.85","115.60","13.09K","1.82%"
"27-06-2016","115.15","115.80","116.30","114.95","10.18K","-0.65%"
"24-06-2016","115.90","116.00","116.25","114.35","12.34K","-0.47%"
"23-06-2016","116.45","115.15","116.55","115.10","11.49K","0.78%"
"22-06-2016","115.55","116.20","116.70","115.25","11.41K","-0.47%"
"21-06-2016","116.10","116.25","117.05","115.15","14.32K","-0.43%"
"20-06-2016","116.60","115.25","116.85","114.90","11.65K","2.15%"
"17-06-2016","114.15","115.30","115.95","113.70","14.49K","-0.61%"
"16-06-2016","114.85","114.10","115.05","113.30","15.61K","0.53%"
"15-06-2016","114.25","113.70","115.30","113.65","13.96K","0.44%"
"14-06-2016","113.75","115.45","115.45","113.60","12.92K","-1.60%"
"13-06-2016","115.60","114.30","115.95","114.05","12.91K","1.18%"
"10-06-2016","114.25","115.05","116.40","113.80","18.65K","0.04%"
"09-06-2016","114.20","116.50","118.10","113.80","18.33K","-1.47%"
"08-06-2016","115.90","113.65","117.35","113.65","19.35K","2.02%"
"07-06-2016","113.60","116.30","116.55","113.35","14.84K","-2.36%"
"06-06-2016","116.35","118.30","118.30","116.10","11.01K","0.39%"
"03-06-2016","115.90","115.15","117.50","115.15","12.30K","0.52%"
"02-06-2016","115.30","116.25","117.60","115.00","14.38K","-0.73%"
"01-06-2016","116.15","113.90","116.30","113.00","14.88K","2.15%"
"31-05-2016","113.70","113.30","114.40","113.05","6.83K","0.13%"
"30-05-2016","113.55","113.90","114.10","113.45","3.90K","-0.04%"
"27-05-2016","113.60","112.70","113.80","112.45","12.86K","1.25%"
"26-05-2016","112.20","110.60","112.40","110.40","15.54K","2.00%"
"25-05-2016","110.00","111.70","111.90","109.80","16.42K","-1.61%"
"24-05-2016","111.80","111.85","112.45","111.20","14.18K","0.36%"
"23-05-2016","111.40","112.90","113.05","111.15","12.66K","-1.11%"
"20-05-2016","112.65","114.05","114.90","112.40","13.75K","-1.18%"
"19-05-2016","114.00","114.00","114.75","113.40","13.08K","-0.35%"
"18-05-2016","114.40","114.95","115.25","113.80","11.05K","-0.48%"
"17-05-2016","114.95","116.40","117.15","114.65","14.31K","-1.58%"
"16-05-2016","116.80","114.60","117.20","113.35","14.94K","1.61%"
"13-05-2016","114.95","114.70","115.70","114.35","11.63K","0.35%"
"12-05-2016","114.55","117.65","118.35","114.30","17.70K","-2.80%"
"11-05-2016","117.85","117.45","119.15","117.45","13.68K","0.64%"
"10-05-2016","117.10","116.10","117.30","115.80","16.28K","1.25%"
"09-05-2016","115.65","115.35","116.30","115.05","12.24K","-0.73%"
"06-05-2016","116.50","115.45","116.95","115.25","12.18K","1.04%"
"05-05-2016","115.30","117.25","117.40","115.20","16.34K","-1.79%"
"04-05-2016","117.40","117.00","118.50","116.20","16.55K","0.21%"
"03-05-2016","117.15","118.95","119.35","116.95","16.87K","-1.97%"
"02-05-2016","119.50","120.45","120.45","119.35","7.78K","0.25%"
"29-04-2016","119.20","117.40","119.60","117.30","6.49K","2.05%"
"28-04-2016","116.80","115.45","117.20","114.75","11.97K","1.43%"
"27-04-2016","115.15","115.95","117.05","114.85","15.23K","-0.90%"
"26-04-2016","116.20","116.45","116.70","115.10","15.65K","-0.17%"
"25-04-2016","116.40","118.50","119.45","116.20","17.39K","-2.51%"
"22-04-2016","119.40","117.85","120.20","117.40","15.89K","1.36%"
"21-04-2016","117.80","117.60","120.20","117.00","22.10K","0.38%"
"20-04-2016","117.35","116.30","118.20","116.00","16.80K","0.73%"
"19-04-2016","116.50","114.15","116.75","114.15","11.23K","2.24%"
"18-04-2016","113.95","113.70","115.40","112.85","14.52K","-0.04%"
"15-04-2016","114.00","114.70","114.85","113.60","8.00K","-0.65%"
"14-04-2016","114.75","116.20","117.10","113.80","10.21K","-1.33%"
"13-04-2016","116.30","114.80","117.45","114.35","19.55K","1.66%"
"12-04-2016","114.40","112.65","114.65","111.80","20.51K","1.64%"
"11-04-2016","112.55","113.90","114.30","112.30","12.18K","-0.84%"
"08-04-2016","113.50","113.85","114.00","112.65","14.64K","-0.48%"
"07-04-2016","114.05","114.35","114.75","112.80","17.28K","-0.52%"
"06-04-2016","114.65","114.35","115.00","112.90","17.77K","0.35%"
"05-04-2016","114.25","114.10","114.65","113.00","12.87K","0.62%"
"04-04-2016","113.55","116.25","116.75","112.90","13.37K","-2.36%"
"01-04-2016","116.30","114.65","116.60","114.30","14.43K","3.06%"
"31-03-2016","112.85","114.05","114.15","112.25","6.36K","-1.01%"
"30-03-2016","114.00","115.60","115.90","113.75","11.39K","-1.26%"
"29-03-2016","115.45","118.55","118.65","115.30","14.96K","-2.41%"
"28-03-2016","118.30","117.80","118.50","117.80","4.86K","0.30%"
"24-03-2016","117.95","118.00","118.20","116.80","6.57K","-0.63%"
"23-03-2016","118.70","120.60","121.00","118.55","9.91K","-1.70%"
"22-03-2016","120.75","121.80","122.55","120.05","12.39K","-1.02%"
"21-03-2016","122.00","120.60","122.15","119.60","12.67K","1.50%"
"18-03-2016","120.20","122.00","122.70","119.90","15.11K","-0.87%"
"17-03-2016","121.25","121.00","121.75","120.35","17.16K","0.83%"
"16-03-2016","120.25","120.60","121.00","119.30","17.30K","-0.12%"
"15-03-2016","120.40","123.30","123.60","120.20","15.84K","-2.23%"
"14-03-2016","123.15","124.45","124.80","123.00","11.87K","-0.73%"
"11-03-2016","124.05","123.50","125.20","123.30","14.46K","0.81%"
"10-03-2016","123.05","124.00","124.75","122.40","17.23K","-0.77%"
"09-03-2016","124.00","122.90","125.35","122.70","17.67K","0.90%"
"08-03-2016","122.90","124.30","126.00","122.60","18.46K","-1.92%"
"07-03-2016","125.30","126.70","127.65","124.85","12.82K","0.04%"
"04-03-2016","125.25","123.30","126.40","123.25","16.48K","1.01%"
"03-03-2016","124.00","122.45","124.15","122.30","10.61K","0.98%"
"02-03-2016","122.80","121.20","122.85","120.70","12.31K","1.45%"
"01-03-2016","121.05","119.40","121.30","119.30","12.99K","-0.57%"
"29-02-2016","121.75","119.55","122.20","118.80","6.49K","0.95%"
"26-02-2016","120.60","117.10","120.80","116.90","19.61K","3.79%"
"25-02-2016","116.20","117.70","118.25","116.00","13.84K","-0.98%"
"24-02-2016","117.35","116.25","117.55","115.20","15.06K","0.34%"
"23-02-2016","116.95","117.65","118.00","116.35","13.63K","-0.97%"
"22-02-2016","118.10","119.95","121.20","117.95","16.67K","-0.96%"
"19-02-2016","119.25","119.50","121.45","118.20","19.26K","0.55%"
"18-02-2016","118.60","118.75","119.45","116.80","18.93K","-0.59%"
"17-02-2016","119.30","122.40","122.50","117.20","21.27K","-2.97%"
"16-02-2016","122.95","124.95","125.95","122.70","17.78K","-1.09%"
"15-02-2016","124.30","126.45","126.90","124.10","13.83K","-1.51%"
"12-02-2016","126.20","126.10","126.70","125.45","12.83K","0.00%"
"11-02-2016","126.20","122.65","126.55","122.10","19.75K","2.73%"
"10-02-2016","122.85","123.50","125.45","122.10","21.93K","-0.69%"
"09-02-2016","123.70","124.45","126.05","120.55","27.82K","-0.76%"
"08-02-2016","124.65","120.30","124.80","119.80","20.90K","3.70%"
"05-02-2016","120.20","121.80","122.00","119.70","18.91K","-1.76%"
"04-02-2016","122.35","123.55","124.25","121.85","19.65K","-0.08%"
"03-02-2016","122.45","120.30","122.65","119.75","18.79K","2.47%"
"02-02-2016","119.50","118.25","120.80","117.90","22.43K","0.59%"
"01-02-2016","118.80","116.65","119.00","115.20","18.83K","2.37%"
"29-01-2016","116.05","113.80","116.20","113.55","8.28K","1.98%"
"28-01-2016","113.80","113.35","114.65","112.30","19.85K","0.31%"
"27-01-2016","113.45","111.20","113.90","111.20","17.69K","3.00%"
"25-01-2016","110.15","110.15","111.20","109.90","12.41K","-0.54%"
"22-01-2016","110.75","111.25","112.30","110.50","16.06K","-0.94%"
"21-01-2016","111.80","110.15","111.95","108.75","15.61K","1.87%"
"20-01-2016","109.75","110.35","110.35","109.45","13.40K","-0.72%"
"19-01-2016","110.55","109.60","111.15","109.60","17.16K","1.42%"
"18-01-2016","109.00","109.40","110.00","108.85","13.72K","0.09%"
"15-01-2016","108.90","109.75","109.80","108.20","16.66K","-0.86%"
"14-01-2016","109.85","109.20","110.65","108.90","16.45K","1.10%"
"13-01-2016","108.65","108.65","110.05","107.90","17.26K","0.70%"
"12-01-2016","107.90","107.45","108.40","106.70","16.70K","0.61%"
"11-01-2016","107.25","109.20","109.20","107.10","14.38K","-1.79%"
"08-01-2016","109.20","109.90","111.25","109.05","18.98K","-0.91%"
"07-01-2016","110.20","112.15","112.15","108.20","25.75K","-2.09%"
"06-01-2016","112.55","114.40","114.50","112.25","19.37K","-1.49%"
"05-01-2016","114.25","116.10","117.60","114.05","22.74K","-2.10%"
"04-01-2016","116.70","117.45","118.05","115.85","24.02K","-1.56%"
"01-01-2016","118.55","118.05","119.10","117.55","3.07K","-0.84%"
"31-12-2015","119.55","118.80","119.90","118.40","8.62K","0.29%"
"30-12-2015","119.20","117.35","119.35","116.70","15.35K","1.27%"
"29-12-2015","117.70","114.70","118.20","114.60","17.99K","2.35%"
"28-12-2015","115.00","115.10","115.20","114.20","7.52K","-0.17%"
"24-12-2015","115.20","115.55","116.25","115.00","10.44K","-0.17%"
"23-12-2015","115.40","113.65","115.60","113.50","18.20K","1.94%"
"22-12-2015","113.20","113.85","114.75","112.65","18.06K","-1.57%"
"21-12-2015","115.00","112.05","116.05","111.95","17.62K","2.86%"
"18-12-2015","111.80","107.85","112.00","107.50","27.54K","3.71%"
"17-12-2015","107.80","110.85","111.00","107.15","18.31K","-2.80%"
"16-12-2015","110.90","113.20","113.20","110.50","21.19K","-2.29%"
"15-12-2015","113.50","115.65","116.00","113.30","15.20K","-2.53%"
"14-12-2015","116.45","116.10","116.65","115.00","12.20K","0.26%"
"11-12-2015","116.15","114.15","116.30","114.10","15.94K","1.84%"
"10-12-2015","114.05","113.50","114.15","112.45","16.13K","0.13%"
"09-12-2015","113.90","113.50","115.10","113.35","18.18K","0.09%"
"08-12-2015","113.80","112.00","113.90","111.35","14.98K","1.34%"
"07-12-2015","112.30","112.80","113.60","112.10","13.19K","-0.49%"
"04-12-2015","112.85","111.05","113.00","110.65","19.51K","1.58%"
"03-12-2015","111.10","110.00","111.30","109.10","17.20K","1.00%"
"02-12-2015","110.00","110.30","111.25","109.70","16.76K","-0.72%"
"01-12-2015","110.80","110.05","110.95","109.25","14.41K","1.79%"
"30-11-2015","108.85","107.50","109.20","107.30","6.23K","0.74%"
"27-11-2015","108.05","108.85","108.85","107.00","14.66K","-1.01%"
"26-11-2015","109.15","107.35","109.80","107.35","14.38K","1.91%"
"25-11-2015","107.10","105.95","107.30","105.85","7.86K","0.61%"
"24-11-2015","106.45","104.50","107.35","104.45","21.19K","1.67%"
"23-11-2015","104.70","104.10","104.95","102.50","16.47K","-0.24%"
"20-11-2015","104.95","105.10","108.15","104.60","24.11K","0.14%"
"19-11-2015","104.80","104.00","105.05","103.30","15.81K","-0.14%"
"18-11-2015","104.95","104.45","105.20","103.55","15.17K","0.29%"
"17-11-2015","104.65","104.90","106.10","103.60","13.67K","-0.43%"
"16-11-2015","105.10","106.50","106.90","104.85","11.60K","-1.36%"
"13-11-2015","106.55","106.80","107.10","105.95","6.91K","-0.19%"
"12-11-2015","106.75","106.45","107.15","105.85","7.14K","0.80%"
"11-11-2015","105.90","106.25","106.50","105.75","2.33K","-2.13%"
"10-11-2015","108.20","109.60","109.60","107.55","10.79K","-1.46%"
"09-11-2015","109.80","110.85","111.00","109.70","9.52K","-0.50%"
"06-11-2015","110.35","109.05","110.60","108.00","13.95K","1.19%"
"05-11-2015","109.05","110.35","110.50","108.95","11.87K","-0.95%"
"04-11-2015","110.10","111.45","111.90","109.95","10.93K","-0.77%"
"03-11-2015","110.95","111.65","111.80","110.70","10.87K","-0.36%"
"02-11-2015","111.35","111.30","112.35","110.45","11.08K","1.64%"
"30-10-2015","109.55","111.00","111.20","109.20","4.76K","-1.53%"
"29-10-2015","111.25","112.25","112.55","111.05","10.79K","-1.24%"
"28-10-2015","112.65","113.00","113.45","111.65","12.48K","-0.53%"
"27-10-2015","113.25","113.25","113.80","112.60","9.36K","-0.04%"
"26-10-2015","113.30","113.30","113.95","112.75","9.99K","-0.18%"
"23-10-2015","113.50","113.10","115.50","112.00","18.16K","-0.04%"
"22-10-2015","113.55","113.25","114.95","113.10","7.95K","0.98%"
"21-10-2015","112.45","115.20","115.55","112.20","12.77K","-2.47%"
"20-10-2015","115.30","115.35","115.85","114.65","10.45K","-0.47%"
"19-10-2015","115.85","116.70","117.00","115.50","11.97K","-0.81%"
"16-10-2015","116.80","116.70","117.35","116.15","11.33K","0.56%"
"15-10-2015","116.15","116.30","118.20","116.00","17.26K","-0.26%"
"14-10-2015","116.45","115.45","116.65","114.80","11.87K","0.91%"
"13-10-2015","115.40","116.05","116.90","115.30","14.57K","-1.11%"
"12-10-2015","116.70","115.25","117.45","115.25","17.10K","1.35%"
"09-10-2015","115.15","109.40","117.90","109.40","35.39K","5.93%"
"08-10-2015","108.70","108.60","109.10","107.80","14.11K","-0.18%"
"07-10-2015","108.90","106.20","109.40","106.20","17.52K","2.49%"
"06-10-2015","106.25","106.15","107.10","105.30","15.15K","0.28%"
"05-10-2015","105.95","108.55","109.00","105.70","15.06K","-1.99%"
"01-10-2015","108.10","110.60","111.40","107.65","18.97K","-0.73%"
"30-09-2015","108.90","108.80","109.60","108.00","6.49K","-0.18%"
"29-09-2015","109.10","109.40","109.90","108.30","12.38K","-0.64%"
"28-09-2015","109.80","109.80","110.30","107.65","12.88K","0.05%"
"25-09-2015","109.75","111.00","111.50","109.65","6.77K","-1.57%"
"24-09-2015","111.50","111.75","112.80","110.65","16.38K","0.04%"
"23-09-2015","111.45","110.20","112.10","109.65","16.28K","1.00%"
"22-09-2015","110.35","111.20","111.35","109.70","14.84K","-1.08%"
"21-09-2015","111.55","110.10","111.80","109.30","17.18K","0.95%"
"18-09-2015","110.50","112.90","113.70","110.15","17.43K","-2.47%"
"17-09-2015","113.30","113.80","114.10","112.70","8.98K","-0.92%"
"16-09-2015","114.35","112.55","114.60","111.75","17.84K","1.42%"
"15-09-2015","112.75","111.10","112.90","109.85","17.65K","1.67%"
"14-09-2015","110.90","112.95","112.95","110.55","12.93K","-2.03%"
"11-09-2015","113.20","114.90","115.35","112.95","14.10K","-1.48%"
"10-09-2015","114.90","113.90","115.65","113.50","16.77K","0.66%"
"09-09-2015","114.15","113.00","115.10","112.75","18.66K","1.42%"
"08-09-2015","112.55","111.40","113.15","110.50","18.58K","0.58%"
"07-09-2015","111.90","111.35","112.65","111.30","11.32K","0.54%"
"04-09-2015","111.30","113.30","113.75","111.15","13.11K","-1.81%"
"03-09-2015","113.35","114.05","115.25","113.15","14.58K","-0.40%"
"02-09-2015","113.80","114.75","115.85","113.70","16.41K","-1.00%"
"01-09-2015","114.95","115.30","116.20","114.15","13.16K","-0.99%"
"31-08-2015","116.10","114.85","116.25","114.85","4.98K","4.83%"
"28-08-2015","110.75","111.00","111.55","109.85","8.35K","0.09%"
"27-08-2015","110.65","109.15","111.35","108.50","15.82K","2.12%"
"26-08-2015","108.35","110.40","110.70","107.50","15.59K","-2.21%"
"25-08-2015","110.80","110.75","112.20","109.25","19.09K","-0.36%"
"24-08-2015","111.20","112.45","112.45","108.55","23.31K","-1.64%"
"21-08-2015","113.05","111.75","113.25","110.40","18.47K","1.16%"
"20-08-2015","111.75","110.80","113.20","110.50","16.15K","0.95%"
"19-08-2015","110.70","110.30","111.75","109.50","17.61K","0.41%"
"18-08-2015","110.25","112.80","112.90","110.10","14.97K","-2.04%"
"17-08-2015","112.55","114.00","114.65","112.40","13.82K","-1.36%"
"14-08-2015","114.10","113.45","114.30","112.70","13.18K","0.48%"
"13-08-2015","113.55","112.60","114.45","112.25","17.59K","0.04%"
"12-08-2015","113.50","109.85","113.70","108.65","24.06K","2.81%"
"11-08-2015","110.40","111.80","112.35","110.10","18.12K","-1.65%"
"10-08-2015","112.25","110.10","112.90","110.00","16.54K","2.00%"
"07-08-2015","110.05","109.00","110.60","107.80","17.74K","1.06%"
"06-08-2015","108.90","109.65","110.10","108.40","14.15K","-0.50%"
"05-08-2015","109.45","110.80","111.25","109.35","16.45K","-1.49%"
"04-08-2015","111.10","109.15","111.30","108.35","18.25K","1.55%"
"03-08-2015","109.40","109.35","109.95","107.35","15.85K","1.20%"
"31-07-2015","108.10","109.15","109.35","108.00","5.32K","-1.19%"
"30-07-2015","109.40","109.40","109.60","108.35","11.81K","0.27%"
"29-07-2015","109.10","109.90","110.70","109.00","13.04K","-0.59%"
"28-07-2015","109.75","108.65","110.30","108.15","15.85K","1.15%"
"27-07-2015","108.50","109.60","109.85","108.10","15.97K","-0.91%"
"24-07-2015","109.50","110.10","110.15","108.30","15.43K","-0.36%"
"23-07-2015","109.90","112.30","112.95","109.75","14.60K","-1.92%"
"22-07-2015","112.05","112.75","112.75","111.15","12.51K","-0.80%"
"21-07-2015","112.95","115.00","115.55","112.85","14.70K","-1.83%"
"20-07-2015","115.05","115.55","115.75","114.40","12.62K","-0.73%"
"17-07-2015","115.90","116.00","116.90","115.40","14.35K","-0.09%"
"16-07-2015","116.00","118.00","118.70","115.85","17.65K","-1.82%"
"15-07-2015","118.15","116.85","119.00","116.30","21.30K","1.03%"
"14-07-2015","116.95","117.30","117.45","114.65","19.37K","-0.09%"
"13-07-2015","117.05","113.35","117.45","112.55","19.01K","2.95%"
"10-07-2015","113.70","114.75","115.60","113.25","17.13K","-1.22%"
"09-07-2015","115.10","113.15","115.80","112.35","22.26K","1.86%"
"08-07-2015","113.00","109.60","113.40","107.15","22.97K","2.96%"
"07-07-2015","109.75","112.05","112.15","108.15","19.15K","-1.92%"
"06-07-2015","111.90","111.50","112.05","110.05","13.70K","-0.22%"
"03-07-2015","112.15","113.05","113.30","111.80","9.17K","-0.80%"
"02-07-2015","113.05","114.10","114.70","112.90","12.93K","-0.70%"
"01-07-2015","113.85","112.60","114.75","111.95","16.60K","2.06%"
"30-06-2015","111.55","112.20","112.50","110.50","7.51K","-0.89%"
"29-06-2015","112.55","112.60","112.75","111.20","11.84K","0.27%"
"26-06-2015","112.25","113.45","113.80","111.90","11.62K","-1.06%"
"25-06-2015","113.45","113.15","113.90","112.35","12.98K","0.40%"
"24-06-2015","113.00","113.80","114.55","112.75","13.35K","-0.31%"
"23-06-2015","113.35","111.80","114.10","111.80","15.99K","1.66%"
"22-06-2015","111.50","113.00","113.10","111.35","11.84K","-1.33%"
"19-06-2015","113.00","114.75","114.80","112.85","11.32K","-1.22%"
"18-06-2015","114.40","115.80","116.10","114.25","14.33K","-0.82%"
"17-06-2015","115.35","115.20","115.85","114.40","14.24K","0.39%"
"16-06-2015","114.90","116.45","117.10","114.75","18.19K","-1.03%"
"15-06-2015","116.10","118.85","119.00","115.90","15.46K","-2.64%"
"12-06-2015","119.25","118.70","119.40","117.55","13.90K","-0.04%"
"11-06-2015","119.30","122.75","123.30","119.00","18.45K","-2.81%"
"10-06-2015","122.75","123.60","125.45","122.50","14.77K","-0.57%"
"09-06-2015","123.45","122.60","124.70","122.60","13.05K","0.78%"
"08-06-2015","122.50","122.45","123.95","121.95","12.82K","0.37%"
"05-06-2015","122.05","123.50","124.25","121.70","15.47K","-1.13%"
"04-06-2015","123.45","124.65","125.15","123.20","10.44K","-1.20%"
"03-06-2015","124.95","123.05","125.25","122.55","11.28K","1.67%"
"02-06-2015","122.90","123.40","124.50","122.35","12.11K","-0.12%"
"01-06-2015","123.05","124.75","125.10","122.55","10.08K","-1.56%"
"29-05-2015","125.00","125.90","127.15","124.80","5.50K","-0.91%"
"28-05-2015","126.15","124.45","126.40","123.65","15.20K","1.57%"
"27-05-2015","124.20","124.35","124.45","122.80","9.56K","0.44%"
"26-05-2015","123.65","123.40","124.65","122.45","11.15K","0.57%"
"25-05-2015","122.95","123.25","123.25","122.45","5.05K","-0.12%"
"22-05-2015","123.10","125.55","126.55","122.90","12.36K","-1.68%"
"21-05-2015","125.20","123.85","125.75","123.05","16.70K","1.83%"
"20-05-2015","122.95","123.25","123.50","121.80","11.70K","-0.53%"
"19-05-2015","123.60","125.10","125.35","122.90","11.67K","-1.00%"
"18-05-2015","124.85","125.95","126.80","124.50","11.54K","-0.32%"
"15-05-2015","125.25","124.45","125.80","124.30","12.97K","0.76%"
"14-05-2015","124.30","129.55","129.85","124.15","16.45K","-3.83%"
"13-05-2015","129.25","132.00","133.35","128.60","15.78K","-2.23%"
"12-05-2015","132.20","129.00","132.65","128.10","16.64K","2.80%"
"11-05-2015","128.60","130.35","131.70","128.25","12.73K","-1.49%"
"08-05-2015","130.55","133.15","134.30","130.05","14.79K","-2.10%"
"07-05-2015","133.35","132.95","134.60","131.40","14.65K","0.15%"
"06-05-2015","133.15","137.20","138.40","132.55","17.22K","-3.06%"
"05-05-2015","137.35","134.85","138.15","134.40","11.86K","1.44%"
"04-05-2015","135.40","136.35","136.35","134.90","2.80K","-0.48%"
"01-05-2015","136.05","136.05","136.90","135.10","5.87K","0.70%"
"30-04-2015","135.10","133.30","135.35","133.30","6.02K","1.08%"
"29-04-2015","133.65","132.20","133.85","131.15","9.08K","1.44%"
"28-04-2015","131.75","132.85","133.55","131.45","10.26K","-1.31%"
"27-04-2015","133.50","132.55","133.75","132.30","9.92K","1.17%"
"24-04-2015","131.95","128.90","132.35","128.80","14.80K","2.49%"
"23-04-2015","128.75","128.25","129.15","127.55","12.71K","-0.16%"
"22-04-2015","128.95","128.80","130.30","128.60","12.46K","0.55%"
"21-04-2015","128.25","127.45","128.45","126.15","12.00K","0.59%"
"20-04-2015","127.50","127.70","128.80","127.10","12.05K","0.28%"
"17-04-2015","127.15","127.45","128.20","126.40","13.11K","-0.27%"
"16-04-2015","127.50","124.85","127.65","124.80","13.19K","2.20%"
"15-04-2015","124.75","123.40","124.95","123.15","12.38K","0.85%"
"14-04-2015","123.70","122.95","124.05","122.30","7.57K","0.28%"
"13-04-2015","123.35","124.00","125.90","123.05","15.63K","-0.92%"
"10-04-2015","124.50","122.45","125.15","122.45","14.78K","1.55%"
"09-04-2015","122.60","120.15","122.85","119.60","13.40K","2.17%"
"08-04-2015","120.00","118.30","120.20","118.20","11.21K","1.05%"
"07-04-2015","118.75","117.55","119.15","117.30","10.91K","1.32%"
"06-04-2015","117.20","117.00","118.35","116.70","5.66K","0.17%"
"02-04-2015","117.00","116.30","117.30","116.10","6.98K","1.12%"
"01-04-2015","115.70","114.05","116.05","113.15","12.68K","2.25%"
"31-03-2015","113.15","114.05","114.45","112.90","3.69K","-0.96%"
"30-03-2015","114.25","114.80","114.80","113.40","8.02K","0.04%"
"27-03-2015","114.20","115.30","115.35","113.65","8.05K","-1.38%"
"26-03-2015","115.80","115.35","117.80","115.35","11.83K","0.48%"
"25-03-2015","115.25","114.85","115.40","114.05","10.91K","-0.26%"
"24-03-2015","115.55","114.50","116.40","114.20","16.09K","0.57%"
"23-03-2015","114.90","111.30","115.10","111.10","17.84K","3.14%"
"20-03-2015","111.40","107.25","111.60","107.05","16.21K","3.48%"
"19-03-2015","107.65","106.50","107.75","106.15","13.69K","1.56%"
"18-03-2015","106.00","108.90","108.90","105.80","14.09K","-2.71%"
"17-03-2015","108.95","109.65","109.75","108.25","12.50K","-0.95%"
"16-03-2015","110.00","112.15","112.25","109.90","9.49K","-1.83%"
"14-03-2015","112.05","112.05","112.05","112.05","","0.09%"
"13-03-2015","111.95","114.25","114.75","111.70","14.24K","-1.97%"
"12-03-2015","114.20","113.45","114.40","113.05","7.74K","0.71%"
"11-03-2015","113.40","114.50","114.80","113.25","8.66K","-1.05%"
"10-03-2015","114.60","115.25","115.60","113.75","10.43K","-0.95%"
"09-03-2015","115.70","114.30","115.90","113.65","10.32K","1.00%"
"06-03-2015","114.55","112.75","114.75","112.60","6.38K","1.28%"
"05-03-2015","113.10","110.90","113.80","110.80","10.31K","1.66%"
"04-03-2015","111.25","108.85","111.35","108.45","10.58K","2.25%"
"03-03-2015","108.80","108.45","109.30","107.85","7.65K","0.18%"
"02-03-2015","108.60","108.20","108.85","108.05","7.69K","0.84%"
"28-02-2015","107.70","107.50","107.90","106.85","1.47K","1.03%"
"27-02-2015","106.60","108.00","108.00","106.55","4.78K","-1.11%"
"26-02-2015","107.80","108.00","109.05","107.55","8.73K","0.23%"
"25-02-2015","107.55","109.70","109.90","107.40","8.96K","-1.51%"
"24-02-2015","109.20","109.25","110.45","108.90","8.22K","0.14%"
"23-02-2015","109.05","109.95","110.00","108.85","7.10K","-0.09%"
"21-02-2015","109.15","109.15","109.15","109.15","","0.09%"
"20-02-2015","109.05","111.10","111.60","108.90","7.49K","-1.76%"
"19-02-2015","111.00","111.60","111.85","110.30","7.37K","-0.76%"
"18-02-2015","111.85","111.30","112.30","110.60","8.86K","0.72%"
"17-02-2015","111.05","113.50","113.50","110.95","5.83K","-2.42%"
"16-02-2015","113.80","114.20","114.65","113.75","4.60K","-0.39%"
"13-02-2015","114.25","113.80","114.55","113.60","5.70K","0.48%"
"12-02-2015","113.70","112.45","113.90","112.30","8.53K","1.29%"
"11-02-2015","112.25","114.35","114.80","112.05","9.55K","-1.79%"
"10-02-2015","114.30","114.75","115.25","113.75","9.53K","-0.52%"
"09-02-2015","114.90","114.75","116.40","114.30","8.00K","0.04%"
"06-02-2015","114.85","114.60","115.15","114.25","6.78K","0.61%"
"05-02-2015","114.15","114.80","115.35","113.85","9.31K","-1.00%"
"04-02-2015","115.30","114.30","115.50","113.65","9.46K","0.79%"
"03-02-2015","114.40","114.30","115.70","114.20","8.48K","0.31%"
"02-02-2015","114.05","115.60","115.60","113.90","8.08K","0.09%"
"30-01-2015","113.95","113.70","114.75","113.30","3.33K","-0.13%"
"29-01-2015","114.10","114.05","114.50","112.70","8.58K","-0.39%"
"28-01-2015","114.55","113.95","115.20","113.40","8.47K","0.39%"
"27-01-2015","114.10","113.25","114.60","112.70","8.33K","1.56%"
"25-01-2015","112.35","112.35","112.35","112.35","","0.09%"
"23-01-2015","112.25","114.50","114.50","112.10","8.28K","-2.43%"
"22-01-2015","115.05","116.85","117.10","114.90","10.07K","-1.83%"
"21-01-2015","117.20","116.60","117.75","114.75","13.64K","-0.17%"
"20-01-2015","117.40","114.45","117.60","114.20","13.16K","2.94%"
"19-01-2015","114.05","113.50","115.00","112.80","11.33K","0.44%"
"17-01-2015","113.55","113.55","113.55","113.55","","-0.22%"
"16-01-2015","113.80","109.50","113.90","109.50","14.51K","4.31%"
"15-01-2015","109.10","109.75","111.25","108.85","11.57K","0.28%"
"14-01-2015","108.80","111.55","111.55","108.10","17.98K","-3.50%"
"13-01-2015","112.75","115.10","115.25","112.40","11.95K","-2.30%"
"12-01-2015","115.40","115.50","115.90","114.10","10.76K","-0.13%"
"09-01-2015","115.55","115.75","116.20","114.20","12.54K","-0.17%"
"08-01-2015","115.75","116.80","117.20","115.60","12.04K","-0.60%"
"07-01-2015","116.45","117.10","117.60","115.55","11.99K","-0.64%"
"06-01-2015","117.20","117.40","118.60","116.75","11.61K","0.00%"
"05-01-2015","117.20","119.00","119.55","117.05","11.62K","-1.43%"
"02-01-2015","118.90","118.10","119.40","116.85","12.04K","0.85%"
"01-01-2015","117.90","117.60","118.90","117.35","1.86K","0.55%"
"31-12-2014","117.25","117.90","118.15","116.80","3.67K","-0.89%"
"30-12-2014","118.30","115.30","118.65","114.70","10.66K","2.51%"
"29-12-2014","115.40","117.90","118.10","115.25","6.58K","-1.87%"
"26-12-2014","117.60","118.10","118.80","117.40","4.28K","-0.42%"
"24-12-2014","118.10","117.70","118.45","116.90","6.39K","0.43%"
"23-12-2014","117.60","118.20","119.00","117.40","7.70K","-0.38%"
"22-12-2014","118.05","119.00","119.10","117.40","8.05K","-1.01%"
"19-12-2014","119.25","116.75","119.55","116.75","12.99K","2.40%"
"18-12-2014","116.45","119.25","119.30","115.85","14.58K","-2.10%"
"17-12-2014","118.95","122.00","122.10","118.70","13.93K","-2.54%"
"16-12-2014","122.05","124.70","124.85","121.85","10.97K","-2.13%"
"15-12-2014","124.70","124.65","125.55","124.50","6.49K","0.16%"
"12-12-2014","124.50","124.20","124.95","123.35","6.85K","0.44%"
"11-12-2014","123.95","125.70","126.00","123.55","9.54K","-1.04%"
"10-12-2014","125.25","125.25","125.70","124.85","5.77K","-0.20%"
"09-12-2014","125.50","126.25","126.30","124.75","9.23K","-0.36%"
"08-12-2014","125.95","126.15","126.65","125.50","6.10K","-0.20%"
"05-12-2014","126.20","126.10","127.20","125.75","6.93K","-0.04%"
"04-12-2014","126.25","126.25","126.90","126.00","5.94K","0.64%"
"03-12-2014","125.45","125.30","126.65","125.15","7.86K","-0.40%"
"02-12-2014","125.95","127.70","127.85","125.20","8.48K","-1.64%"
"01-12-2014","128.05","126.45","128.40","125.55","9.50K","1.99%"
"28-11-2014","125.55","126.95","126.95","125.15","3.17K","-1.10%"
"27-11-2014","126.95","127.45","127.80","126.60","5.06K","-0.35%"
"26-11-2014","127.40","126.40","127.55","125.80","9.35K","0.67%"
"25-11-2014","126.55","127.10","128.10","126.45","7.56K","-0.32%"
"24-11-2014","126.95","126.40","127.85","126.30","6.39K","0.67%"
"21-11-2014","126.10","125.70","128.10","125.70","9.36K","0.12%"
"20-11-2014","125.95","126.15","126.30","125.10","5.58K","-0.12%"
"19-11-2014","126.10","125.15","126.60","124.85","10.17K","1.12%"
"18-11-2014","124.70","125.80","126.05","124.15","8.27K","-1.07%"
"17-11-2014","126.05","125.85","126.35","125.15","6.60K","0.08%"
"16-11-2014","125.95","125.95","125.95","125.95","","-0.04%"
"14-11-2014","126.00","124.35","126.20","123.85","8.78K","1.49%"
"13-11-2014","124.15","125.85","126.35","123.65","9.31K","-1.27%"
"12-11-2014","125.75","125.55","126.40","125.20","7.65K","-0.04%"
"11-11-2014","125.80","125.50","126.00","124.05","8.30K","0.12%"
"10-11-2014","125.65","124.75","126.40","124.75","8.27K","0.68%"
"07-11-2014","124.80","124.10","125.50","123.35","9.06K","0.56%"
"06-11-2014","124.10","121.70","124.80","121.60","6.33K","1.35%"
"05-11-2014","122.45","122.70","123.25","120.30","13.22K","-0.49%"
"04-11-2014","123.05","125.05","125.05","122.80","6.12K","-1.60%"
"03-11-2014","125.05","124.30","125.25","123.10","8.74K","1.13%"
"31-10-2014","123.65","122.50","124.25","122.50","4.42K","0.90%"
"30-10-2014","122.55","124.00","124.10","122.30","7.25K","-1.53%"
"29-10-2014","124.45","124.10","124.80","123.70","7.98K","0.28%"
"28-10-2014","124.10","123.55","124.75","123.35","7.95K","0.61%"
"27-10-2014","123.35","121.65","123.50","121.25","8.30K","1.61%"
"24-10-2014","121.40","123.45","123.45","121.25","3.91K","-1.94%"
"23-10-2014","123.80","123.20","123.95","122.85","1.19K","-0.24%"
"22-10-2014","124.10","123.90","126.20","123.50","8.55K","0.04%"
"21-10-2014","124.05","122.85","124.20","121.60","8.13K","0.94%"
"20-10-2014","122.90","123.95","124.60","122.60","7.86K","-1.05%"
"17-10-2014","124.20","122.60","124.55","121.70","10.94K","1.47%"
"16-10-2014","122.40","125.40","125.40","121.25","14.03K","-3.05%"
"14-10-2014","126.25","126.30","127.15","125.80","9.53K","0.16%"
"13-10-2014","126.05","126.80","127.70","125.90","8.34K","-0.36%"
"10-10-2014","126.50","127.15","127.20","125.50","8.42K","-0.39%"
"09-10-2014","127.00","128.00","128.40","126.80","7.28K","-0.63%"
"08-10-2014","127.80","128.65","129.30","127.45","8.17K","-0.58%"
"07-10-2014","128.55","129.55","130.45","128.45","9.76K","-0.77%"
"06-10-2014","129.55","128.05","129.80","128.05","3.00K","0.58%"
"05-10-2014","128.80","128.80","128.80","128.80","","0.04%"
"03-10-2014","128.75","129.05","129.65","128.55","2.61K","-1.00%"
"01-10-2014","130.05","129.45","130.35","127.95","9.79K","1.48%"
"30-09-2014","128.15","128.95","129.45","127.55","4.13K","-0.81%"
"29-09-2014","129.20","126.65","129.75","126.20","7.91K","2.01%"
"27-09-2014","126.65","126.65","126.65","126.65","","-0.12%"
"26-09-2014","126.80","127.10","127.75","126.45","6.43K","0.08%"
"25-09-2014","126.70","126.70","127.50","126.25","8.01K","-0.20%"
"24-09-2014","126.95","125.70","127.20","125.15","9.61K","0.91%"
"23-09-2014","125.80","126.40","126.95","125.60","8.61K","-0.47%"
"22-09-2014","126.40","126.05","126.50","124.40","9.70K","-0.24%"
"19-09-2014","126.70","126.20","127.00","125.50","11.42K","0.72%"
"18-09-2014","125.80","127.95","128.00","125.70","11.89K","-1.68%"
"17-09-2014","127.95","129.60","129.80","127.60","11.20K","-1.54%"
"16-09-2014","129.95","128.50","130.70","127.30","14.50K","1.44%"
"15-09-2014","128.10","128.95","129.05","127.85","9.74K","-1.20%"
"13-09-2014","129.65","129.65","129.65","129.65","","0.04%"
"12-09-2014","129.60","129.05","129.90","128.30","9.95K","0.50%"
"11-09-2014","128.95","129.05","129.25","127.90","11.94K","-0.15%"
"10-09-2014","129.15","130.15","130.25","128.00","13.06K","-0.54%"
"09-09-2014","129.85","132.25","132.25","128.90","13.17K","-2.15%"
"08-09-2014","132.70","132.75","133.80","132.15","9.62K","-0.19%"
"05-09-2014","132.95","134.60","134.85","132.55","9.00K","-1.23%"
"04-09-2014","134.60","133.65","134.90","133.60","7.96K","0.90%"
"03-09-2014","133.40","135.65","135.70","133.15","9.24K","-1.59%"
"02-09-2014","135.55","135.25","136.50","135.25","8.39K","0.41%"
"01-09-2014","135.00","136.05","136.05","134.65","6.06K","-0.63%"
"29-08-2014","135.85","136.60","136.70","135.80","4.26K","-0.33%"
"28-08-2014","136.30","135.85","136.85","135.70","4.46K","0.22%"
"27-08-2014","136.00","135.60","136.15","134.90","6.45K","0.22%"
"26-08-2014","135.70","136.00","137.10","135.50","8.60K","-0.91%"
"25-08-2014","136.95","136.25","137.25","135.90","4.61K","0.59%"
"22-08-2014","136.15","136.05","136.75","135.80","7.23K","0.18%"
"21-08-2014","135.90","136.30","137.25","135.55","10.73K","-0.62%"
"20-08-2014","136.75","135.50","136.90","135.05","10.57K","1.03%"
"19-08-2014","135.35","134.25","135.60","134.10","10.61K","0.86%"
"18-08-2014","134.20","134.25","134.80","133.80","7.80K","0.34%"
"14-08-2014","133.75","135.25","135.35","133.55","10.74K","-0.71%"
"13-08-2014","134.70","138.20","138.75","133.85","12.80K","-2.71%"
"12-08-2014","138.45","137.50","139.20","137.50","10.16K","0.25%"
"11-08-2014","138.10","136.55","138.40","136.10","10.69K","0.88%"
"10-08-2014","136.90","136.90","136.90","136.90","","-0.04%"
"08-08-2014","136.95","138.75","139.00","136.65","13.11K","-1.65%"
"07-08-2014","139.25","137.50","139.60","136.50","16.60K","1.27%"
"06-08-2014","137.50","136.60","138.10","135.25","15.28K","0.66%"
"05-08-2014","136.60","138.15","138.25","136.05","12.84K","-1.55%"
"04-08-2014","138.75","135.75","140.75","135.40","16.74K","1.83%"
"01-08-2014","136.25","135.20","136.45","134.35","13.83K","1.19%"
"31-07-2014","134.65","135.90","135.90","134.20","4.28K","-1.46%"
"30-07-2014","136.65","134.45","136.95","132.30","15.55K","2.02%"
"29-07-2014","133.95","136.35","136.35","133.20","8.39K","-2.51%"
"28-07-2014","137.40","136.30","137.55","135.85","12.54K","1.03%"
"27-07-2014","136.00","136.00","136.00","136.00","","0.04%"
"25-07-2014","135.95","134.05","136.25","134.05","15.25K","1.57%"
"24-07-2014","133.85","132.00","133.95","131.75","11.80K","1.90%"
"23-07-2014","131.35","132.80","133.05","130.60","12.54K","-1.09%"
"22-07-2014","132.80","132.95","133.85","131.90","12.35K","0.08%"
"21-07-2014","132.70","130.80","133.15","130.20","11.93K","1.10%"
"20-07-2014","131.25","131.25","131.25","131.25","","0.08%"
"18-07-2014","131.15","131.65","131.75","130.05","10.42K","-0.42%"
"17-07-2014","131.70","130.80","131.90","130.30","11.36K","0.73%"
"16-07-2014","130.75","132.25","132.90","130.60","12.37K","-1.06%"
"15-07-2014","132.15","131.80","132.55","131.20","10.30K","0.15%"
"14-07-2014","131.95","132.00","132.85","131.60","10.00K","-0.08%"
"13-07-2014","132.05","132.05","132.05","132.05","","0.00%"
"12-07-2014","132.05","132.05","132.05","132.05","","-0.04%"
"11-07-2014","132.10","131.40","132.35","130.65","10.59K","0.34%"
"10-07-2014","131.65","130.00","131.90","129.15","12.41K","1.31%"
"09-07-2014","129.95","131.50","132.05","129.75","11.94K","-1.33%"
"08-07-2014","131.70","130.35","131.90","130.10","12.82K","0.73%"
"07-07-2014","130.75","129.55","131.35","129.35","10.01K","0.73%"
"04-07-2014","129.80","129.50","130.20","129.30","6.99K","-0.27%"
"03-07-2014","130.15","131.20","132.60","129.80","16.13K","-0.91%"
"02-07-2014","131.35","128.85","131.50","128.05","15.40K","1.98%"
"01-07-2014","128.80","130.10","130.95","128.70","10.72K","0.70%"
"30-06-2014","127.90","128.25","128.70","127.85","4.12K","-0.08%"
"27-06-2014","128.00","128.95","129.50","127.85","7.74K","-0.89%"
"26-06-2014","129.15","129.20","129.65","128.40","9.17K","0.31%"
"25-06-2014","128.75","129.70","130.30","128.50","13.28K","-0.81%"
"24-06-2014","129.80","129.15","130.40","128.80","11.74K","0.23%"
"23-06-2014","129.50","127.60","129.60","127.60","12.02K","1.81%"
"20-06-2014","127.20","127.50","128.35","126.60","11.87K","-0.16%"
"19-06-2014","127.40","126.05","127.50","125.30","11.80K","0.83%"
"18-06-2014","126.35","126.55","127.70","126.05","12.23K","-0.47%"
"17-06-2014","126.95","125.75","127.00","125.70","12.08K","1.03%"
"16-06-2014","125.65","124.25","125.70","124.25","10.38K","1.29%"
"13-06-2014","124.05","122.60","124.20","122.50","11.73K","1.68%"
"12-06-2014","122.00","124.85","125.05","121.85","15.47K","-2.17%"
"11-06-2014","124.70","126.45","126.90","124.55","12.56K","-1.15%"
"10-06-2014","126.15","126.10","126.70","125.05","11.56K","-0.24%"
"09-06-2014","126.45","123.60","126.65","123.35","12.60K","1.98%"
"06-06-2014","124.00","123.80","124.70","122.65","14.38K","0.00%"
"05-06-2014","124.00","124.40","124.90","123.70","11.10K","-0.40%"
"04-06-2014","124.50","126.05","126.25","124.35","12.09K","-1.50%"
"03-06-2014","126.40","125.15","127.00","124.90","11.33K","0.68%"
"02-06-2014","125.55","123.90","125.65","123.65","10.33K","2.03%"
"30-05-2014","123.05","122.95","123.45","122.40","4.82K","-0.12%"
"29-05-2014","123.20","123.80","123.80","122.25","8.66K","-0.92%"
"28-05-2014","124.35","125.30","125.70","123.80","7.66K","-0.48%"
"27-05-2014","124.95","125.25","125.60","124.70","7.98K","-0.20%"
"26-05-2014","125.20","124.25","125.50","124.10","5.01K","0.89%"
"23-05-2014","124.10","123.45","124.70","123.45","8.66K","0.65%"
"22-05-2014","123.30","123.80","124.05","122.80","10.45K","-0.24%"
"21-05-2014","123.60","124.60","124.85","122.35","14.14K","-0.44%"
"20-05-2014","124.15","124.85","126.00","123.70","11.32K","-0.64%"
"19-05-2014","124.95","124.40","125.30","124.25","7.01K","0.36%"
"16-05-2014","124.50","124.60","125.35","123.25","10.08K","-0.52%"
"15-05-2014","125.15","127.05","127.10","124.95","10.13K","-1.88%"
"14-05-2014","127.55","125.75","127.80","125.75","5.91K","1.71%"
"13-05-2014","125.40","126.60","127.40","125.30","9.66K","-0.83%"
"12-05-2014","126.45","124.75","126.85","124.45","12.20K","1.57%"
"09-05-2014","124.50","125.60","126.00","124.40","9.25K","-0.68%"
"08-05-2014","125.35","125.00","125.65","124.10","10.62K","0.64%"
"07-05-2014","124.55","126.95","127.05","124.30","10.53K","-1.19%"
"06-05-2014","126.05","126.10","127.25","125.90","9.24K","0.04%"
"05-05-2014","126.00","126.00","126.90","125.75","4.64K","0.00%"
"02-05-2014","126.00","125.20","126.35","124.90","8.52K","0.24%"
"01-05-2014","125.70","126.20","126.20","125.25","3.99K","-0.20%"
"30-04-2014","125.95","125.65","126.30","125.40","3.92K","0.08%"
"29-04-2014","125.85","126.90","127.35","125.55","10.82K","-0.98%"
"28-04-2014","127.10","129.70","129.75","126.75","11.75K","-1.93%"
"27-04-2014","129.60","129.60","129.60","129.60","","0.00%"
"25-04-2014","129.60","131.40","131.65","129.45","11.05K","-0.96%"
"23-04-2014","130.85","131.20","132.25","130.35","12.15K","-0.11%"
"22-04-2014","131.00","129.15","131.10","129.15","10.18K","1.16%"
"21-04-2014","129.50","128.70","129.70","128.00","5.15K","0.54%"
"17-04-2014","128.80","128.35","129.10","127.75","9.62K","0.35%"
"16-04-2014","128.35","126.50","128.65","125.80","12.05K","1.30%"
"15-04-2014","126.70","127.15","127.30","125.40","10.13K","-0.55%"
"14-04-2014","127.40","126.20","127.55","126.20","5.10K","1.31%"
"11-04-2014","125.75","127.60","128.80","125.50","14.68K","-1.57%"
"10-04-2014","127.75","125.75","127.90","125.60","11.62K","1.59%"
"09-04-2014","125.75","124.85","126.25","124.70","10.62K","0.76%"
"08-04-2014","124.80","123.75","124.90","123.55","5.26K","0.24%"
"07-04-2014","124.50","123.30","124.60","123.00","8.83K","0.93%"
"05-04-2014","123.35","123.35","123.35","123.35","","0.00%"
"04-04-2014","123.35","124.30","124.75","123.00","9.16K","-0.68%"
"03-04-2014","124.20","123.00","124.30","122.45","10.05K","0.98%"
"02-04-2014","123.00","122.50","123.70","122.10","9.28K","0.45%"
"01-04-2014","122.45","124.25","124.25","122.35","8.46K","-0.12%"
"31-03-2014","122.60","123.10","123.35","122.40","4.79K","-0.20%"
"28-03-2014","122.85","123.35","124.10","122.65","7.53K","-0.65%"
"27-03-2014","123.65","123.05","124.10","122.10","9.61K","0.73%"
"26-03-2014","122.75","124.70","125.40","121.30","12.22K","-1.33%"
"25-03-2014","124.40","124.40","125.20","124.00","10.95K","0.28%"
"24-03-2014","124.05","125.60","125.60","123.80","9.81K","-1.31%"
"21-03-2014","125.70","125.30","126.60","125.25","10.83K","0.08%"
"20-03-2014","125.60","126.70","127.10","125.35","14.03K","-1.41%"
"19-03-2014","127.40","126.00","131.10","124.30","15.66K","0.91%"
"18-03-2014","126.25","125.25","126.60","124.25","10.89K","1.00%"
"17-03-2014","125.00","124.90","125.35","124.45","4.39K","0.00%"
"14-03-2014","125.00","124.00","125.15","123.50","11.96K","1.26%"
"13-03-2014","123.45","123.95","124.30","122.80","13.18K","-0.32%"
"12-03-2014","123.85","124.50","125.40","122.55","18.84K","-0.48%"
"11-03-2014","124.45","126.60","128.00","124.30","17.38K","-1.93%"
"10-03-2014","126.90","127.05","127.40","124.70","12.91K","-0.67%"
"07-03-2014","127.75","130.10","130.60","127.40","16.92K","-1.69%"
"06-03-2014","129.95","130.00","130.65","128.90","13.44K","-0.19%"
"05-03-2014","130.20","132.50","133.90","130.10","17.28K","-1.59%"
"04-03-2014","132.30","131.15","132.60","130.45","11.84K","0.72%"
"03-03-2014","131.35","131.35","131.50","130.05","8.73K","0.08%"
"28-02-2014","131.25","131.70","132.40","130.60","3.97K","-0.19%"
"27-02-2014","131.50","130.90","131.65","129.95","5.30K","0.11%"
"26-02-2014","131.35","130.30","131.65","130.10","9.83K","0.88%"
"25-02-2014","130.20","131.45","132.05","130.10","8.64K","-0.84%"
"24-02-2014","131.30","131.65","131.70","130.50","7.66K","-0.64%"
"21-02-2014","132.15","132.40","133.10","131.90","7.24K","-0.11%"
"20-02-2014","132.30","133.30","133.30","132.10","9.74K","-0.75%"
"19-02-2014","133.30","134.85","135.65","133.10","12.35K","-1.00%"
"18-02-2014","134.65","132.60","134.80","131.70","12.95K","1.66%"
"17-02-2014","132.45","132.20","133.15","132.20","7.78K","0.57%"
"14-02-2014","131.70","131.90","132.50","131.40","10.94K","0.11%"
"13-02-2014","131.55","131.30","132.05","130.70","9.99K","0.34%"
"12-02-2014","131.10","131.00","132.15","130.50","11.89K","0.15%"
"11-02-2014","130.90","130.95","131.40","129.80","13.44K","0.08%"
"10-02-2014","130.80","131.60","133.30","130.70","11.51K","-0.42%"
"07-02-2014","131.35","131.95","132.95","131.15","9.51K","-0.23%"
"06-02-2014","131.65","130.85","131.95","130.35","10.50K","0.65%"
"05-02-2014","130.80","131.25","132.20","130.60","9.68K","0.08%"
"04-02-2014","130.70","130.85","132.70","130.00","14.41K","0.04%"
"03-02-2014","130.65","132.75","132.75","130.50","8.55K","-0.04%"
"31-01-2014","130.70","131.15","131.45","130.35","4.08K","-0.42%"
"30-01-2014","131.25","134.25","134.55","130.20","10.65K","-2.60%"
"29-01-2014","134.75","133.80","135.10","132.85","12.40K","0.30%"
"28-01-2014","134.35","136.10","136.10","133.40","13.50K","-1.47%"
"27-01-2014","136.35","135.25","136.75","134.70","13.59K","0.66%"
"24-01-2014","135.45","133.45","135.60","132.45","15.00K","1.92%"
"23-01-2014","132.90","134.50","135.35","132.75","17.75K","-1.23%"
"22-01-2014","134.55","136.30","137.00","134.30","12.16K","-1.18%"
"21-01-2014","136.15","134.40","136.50","133.60","14.56K","1.30%"
"20-01-2014","134.40","135.45","135.75","134.30","10.31K","-0.59%"
"17-01-2014","135.20","133.50","135.40","132.70","14.91K","1.12%"
"16-01-2014","133.70","135.70","136.50","133.20","18.55K","-1.51%"
"15-01-2014","135.75","133.70","136.20","132.15","15.05K","1.42%"
"14-01-2014","133.85","133.05","135.15","133.05","7.61K","0.71%"
"13-01-2014","132.90","130.35","133.05","130.00","14.65K","2.15%"
"10-01-2014","130.10","129.80","131.05","129.35","13.71K","0.23%"
"09-01-2014","129.80","131.90","132.00","129.65","11.82K","-1.70%"
"08-01-2014","132.05","133.75","134.25","131.90","11.80K","-1.12%"
"07-01-2014","133.55","134.95","135.80","133.40","12.75K","-1.22%"
"06-01-2014","135.20","135.50","135.70","133.95","10.85K","0.19%"
"04-01-2014","134.95","134.95","134.95","134.95","","0.00%"
"03-01-2014","134.95","137.80","137.95","134.85","12.97K","-2.21%"
"02-01-2014","138.00","137.15","140.10","137.15","14.31K","0.99%"
"01-01-2014","136.65","136.90","137.05","136.10","1.93K","0.11%"