"Date","Price","Open","High","Low","Vol.","Change %"
"29-08-2024","1,427.5","1,427.5","1,427.5","1,427.5","","-0.73%"
"28-08-2024","1,438.0","1,438.0","1,438.0","1,438.0","","1.24%"
"27-08-2024","1,420.4","1,420.4","1,420.4","1,420.4","","0.00%"
"26-08-2024","1,420.4","1,420.4","1,420.4","1,420.4","","0.97%"
"23-08-2024","1,406.7","1,406.7","1,406.7","1,406.7","","-1.57%"
"22-08-2024","1,429.1","1,429.1","1,429.1","1,429.1","","0.70%"
"21-08-2024","1,419.2","1,419.2","1,419.2","1,419.2","","3.86%"
"20-08-2024","1,366.4","1,366.4","1,366.4","1,366.4","","0.00%"
"19-08-2024","1,366.4","1,366.4","1,366.4","1,366.4","","-0.14%"
"16-08-2024","1,368.3","1,368.3","1,368.3","1,368.3","","0.33%"
"14-08-2024","1,363.8","1,363.8","1,363.8","1,363.8","","-0.45%"
"13-08-2024","1,369.9","1,369.9","1,369.9","1,369.9","","-0.75%"
"12-08-2024","1,380.3","1,380.3","1,380.3","1,380.3","","1.37%"
"09-08-2024","1,361.7","1,361.7","1,361.7","1,361.7","","-0.73%"
"08-08-2024","1,371.7","1,371.7","1,371.7","1,371.7","","0.68%"
"07-08-2024","1,362.5","1,362.5","1,362.5","1,362.5","","-0.96%"
"06-08-2024","1,375.7","1,375.7","1,375.7","1,375.7","","0.16%"
"05-08-2024","1,373.5","1,373.5","1,373.5","1,373.5","","-0.58%"
"02-08-2024","1,381.5","1,381.5","1,381.5","1,381.5","","0.09%"
"01-08-2024","1,380.3","1,380.3","1,380.3","1,380.3","","3.78%"
"31-07-2024","1,330.0","1,330.0","1,330.0","1,330.0","","-0.52%"
"30-07-2024","1,336.9","1,336.9","1,336.9","1,336.9","","-0.01%"
"29-07-2024","1,337.0","1,337.0","1,337.0","1,337.0","","0.72%"
"26-07-2024","1,327.5","1,327.5","1,327.5","1,327.5","","-1.48%"
"25-07-2024","1,347.5","1,347.5","1,347.5","1,347.5","","-0.77%"
"24-07-2024","1,358.0","1,358.0","1,358.0","1,358.0","","-0.98%"
"23-07-2024","1,371.5","1,371.5","1,371.5","1,371.5","","-0.56%"
"22-07-2024","1,379.2","1,379.2","1,379.2","1,379.2","","-0.96%"
"19-07-2024","1,392.5","1,392.5","1,392.5","1,392.5","","-1.68%"
"18-07-2024","1,416.3","1,416.3","1,416.3","1,416.3","","0.00%"
"17-07-2024","1,416.3","1,416.3","1,416.3","1,416.3","","-0.18%"
"16-07-2024","1,418.9","1,418.9","1,418.9","1,418.9","","-0.82%"
"15-07-2024","1,430.7","1,430.7","1,430.7","1,430.7","","-0.47%"
"12-07-2024","1,437.5","1,437.5","1,437.5","1,437.5","","-1.27%"
"11-07-2024","1,456.0","1,456.0","1,456.0","1,456.0","","-0.31%"
"10-07-2024","1,460.5","1,460.5","1,460.5","1,460.5","","-0.14%"
"09-07-2024","1,462.5","1,462.5","1,462.5","1,462.5","","-0.20%"
"08-07-2024","1,465.4","1,465.4","1,465.4","1,465.4","","0.65%"
"05-07-2024","1,456.0","1,456.0","1,456.0","1,456.0","","-0.64%"
"04-07-2024","1,465.4","1,465.4","1,465.4","1,465.4","","-0.70%"
"03-07-2024","1,475.7","1,475.7","1,475.7","1,475.7","","0.68%"
"02-07-2024","1,465.8","1,465.8","1,465.8","1,465.8","","0.10%"
"01-07-2024","1,464.3","1,464.3","1,464.3","1,464.3","","0.97%"
"28-06-2024","1,450.3","1,450.3","1,450.3","1,450.3","","-0.61%"
"27-06-2024","1,459.2","1,459.2","1,459.2","1,459.2","","-0.26%"
"26-06-2024","1,463.0","1,463.0","1,463.0","1,463.0","","0.72%"
"25-06-2024","1,452.5","1,452.5","1,452.5","1,452.5","","-0.83%"
"24-06-2024","1,464.7","1,464.7","1,464.7","1,464.7","","-0.41%"
"21-06-2024","1,470.8","1,470.8","1,470.8","1,470.8","","-0.20%"
"20-06-2024","1,473.8","1,473.8","1,473.8","1,473.8","","0.51%"
"19-06-2024","1,466.3","1,466.3","1,466.3","1,466.3","","-0.66%"
"18-06-2024","1,476.1","1,476.1","1,476.1","1,476.1","","0.00%"
"17-06-2024","1,476.1","1,476.1","1,476.1","1,476.1","","-1.76%"
"14-06-2024","1,502.5","1,502.5","1,502.5","1,502.5","","-0.28%"
"13-06-2024","1,506.7","1,506.7","1,506.7","1,506.7","","-1.06%"
"12-06-2024","1,522.9","1,522.9","1,522.9","1,522.9","","-0.30%"
"11-06-2024","1,527.5","1,527.5","1,527.5","1,527.5","","-1.48%"
"10-06-2024","1,550.4","1,550.4","1,550.4","1,550.4","","-2.59%"
"07-06-2024","1,591.7","1,591.7","1,591.7","1,591.7","","-1.04%"
"06-06-2024","1,608.5","1,608.5","1,608.5","1,608.5","","-1.45%"
"05-06-2024","1,632.2","1,632.2","1,632.2","1,632.2","","-2.12%"
"04-06-2024","1,667.5","1,667.5","1,667.5","1,667.5","","-2.03%"
"03-06-2024","1,702.1","1,702.1","1,702.1","1,702.1","","-0.17%"
"31-05-2024","1,705.0","1,705.0","1,705.0","1,705.0","","-1.35%"
"30-05-2024","1,728.4","1,728.4","1,728.4","1,728.4","","0.63%"
"29-05-2024","1,717.5","1,717.5","1,717.5","1,717.5","","0.83%"
"28-05-2024","1,703.3","1,703.3","1,703.3","1,703.3","","-0.39%"
"27-05-2024","1,710.0","1,710.0","1,710.0","1,710.0","","-0.25%"
"24-05-2024","1,714.3","1,714.3","1,714.3","1,714.3","","-2.45%"
"23-05-2024","1,757.3","1,757.3","1,757.3","1,757.3","","-1.45%"
"22-05-2024","1,783.1","1,783.1","1,783.1","1,783.1","","2.08%"
"21-05-2024","1,746.7","1,746.7","1,746.7","1,746.7","","0.00%"
"20-05-2024","1,746.7","1,746.7","1,746.7","1,746.7","","5.86%"
"17-05-2024","1,650.0","1,650.0","1,650.0","1,650.0","","1.31%"
"16-05-2024","1,628.6","1,628.6","1,628.6","1,628.6","","0.61%"
"15-05-2024","1,618.7","1,618.7","1,618.7","1,618.7","","0.49%"
"14-05-2024","1,610.8","1,610.8","1,610.8","1,610.8","","-0.15%"
"13-05-2024","1,613.2","1,613.2","1,613.2","1,613.2","","0.93%"
"10-05-2024","1,598.3","1,598.3","1,598.3","1,598.3","","0.07%"
"09-05-2024","1,597.2","1,597.2","1,597.2","1,597.2","","-1.14%"
"08-05-2024","1,615.6","1,615.6","1,615.6","1,615.6","","-0.02%"
"07-05-2024","1,615.9","1,615.9","1,615.9","1,615.9","","1.08%"
"06-05-2024","1,598.6","1,598.6","1,598.6","1,598.6","","-1.13%"
"02-05-2024","1,616.8","1,616.8","1,616.8","1,616.8","","0.00%"
"01-05-2024","1,616.8","1,616.8","1,616.8","1,616.8","","-0.77%"
"30-04-2024","1,629.3","1,629.3","1,629.3","1,629.3","","-0.20%"
"29-04-2024","1,632.5","1,632.5","1,632.5","1,632.5","","1.35%"
"26-04-2024","1,610.8","1,610.8","1,610.8","1,610.8","","-0.28%"
"25-04-2024","1,615.4","1,615.4","1,615.4","1,615.4","","0.80%"
"24-04-2024","1,602.5","1,602.5","1,602.5","1,602.5","","-1.20%"
"23-04-2024","1,621.9","1,621.9","1,621.9","1,621.9","","1.21%"
"22-04-2024","1,602.5","1,602.5","1,602.5","1,602.5","","3.51%"
"19-04-2024","1,548.2","1,548.2","1,548.2","1,548.2","","1.43%"
"18-04-2024","1,526.3","1,526.3","1,526.3","1,526.3","","0.00%"
"17-04-2024","1,526.3","1,526.3","1,526.3","1,526.3","","-2.73%"
"16-04-2024","1,569.2","1,569.2","1,569.2","1,569.2","","3.18%"
"15-04-2024","1,520.8","1,520.8","1,520.8","1,520.8","","-1.80%"
"12-04-2024","1,548.6","1,548.6","1,548.6","1,548.6","","0.00%"
"11-04-2024","1,548.6","1,548.6","1,548.6","1,548.6","","3.41%"
"10-04-2024","1,497.5","1,497.5","1,497.5","1,497.5","","-0.54%"
"09-04-2024","1,505.7","1,505.7","1,505.7","1,505.7","","0.64%"
"08-04-2024","1,496.1","1,496.1","1,496.1","1,496.1","","2.33%"
"05-04-2024","1,462.0","1,462.0","1,462.0","1,462.0","","2.09%"
"04-04-2024","1,432.0","1,432.0","1,432.0","1,432.0","","0.60%"
"03-04-2024","1,423.5","1,423.5","1,423.5","1,423.5","","0.00%"
"02-04-2024","1,423.5","1,423.5","1,423.5","1,423.5","","0.11%"
"01-04-2024","1,421.9","1,421.9","1,421.9","1,421.9","","0.20%"
"28-03-2024","1,419.1","1,419.1","1,419.1","1,419.1","","-0.81%"
"27-03-2024","1,430.7","1,430.7","1,430.7","1,430.7","","-2.88%"
"26-03-2024","1,473.2","1,473.2","1,473.2","1,473.2","","0.00%"
"25-03-2024","1,473.2","1,473.2","1,473.2","1,473.2","","-0.51%"
"22-03-2024","1,480.8","1,480.8","1,480.8","1,480.8","","0.30%"
"21-03-2024","1,476.3","1,476.3","1,476.3","1,476.3","","-0.65%"
"20-03-2024","1,486.0","1,486.0","1,486.0","1,486.0","","-1.48%"
"19-03-2024","1,508.3","1,508.3","1,508.3","1,508.3","","-0.93%"
"18-03-2024","1,522.5","1,522.5","1,522.5","1,522.5","","2.47%"
"15-03-2024","1,485.8","1,485.8","1,485.8","1,485.8","","0.00%"
"14-03-2024","1,485.8","1,485.8","1,485.8","1,485.8","","0.00%"
"13-03-2024","1,485.8","1,485.8","1,485.8","1,485.8","","0.00%"
"12-03-2024","1,485.8","1,485.8","1,485.8","1,485.8","","0.00%"
"11-03-2024","1,485.8","1,485.8","1,485.8","1,485.8","","0.05%"
"08-03-2024","1,485.0","1,485.0","1,485.0","1,485.0","","0.00%"
"07-03-2024","1,485.0","1,485.0","1,485.0","1,485.0","","0.77%"
"06-03-2024","1,473.7","1,473.7","1,473.7","1,473.7","","0.00%"
"05-03-2024","1,473.7","1,473.7","1,473.7","1,473.7","","0.82%"
"04-03-2024","1,461.7","1,461.7","1,461.7","1,461.7","","-0.46%"
"01-03-2024","1,468.5","1,468.5","1,468.5","1,468.5","","1.45%"
"29-02-2024","1,447.5","1,447.5","1,447.5","1,447.5","","0.21%"
"28-02-2024","1,444.4","1,444.4","1,444.4","1,444.4","","-0.28%"
"27-02-2024","1,448.5","1,448.5","1,448.5","1,448.5","","-0.37%"
"26-02-2024","1,453.9","1,453.9","1,453.9","1,453.9","","1.51%"
"23-02-2024","1,432.3","1,432.3","1,432.3","1,432.3","","2.45%"
"22-02-2024","1,398.1","1,398.1","1,398.1","1,398.1","","1.65%"
"21-02-2024","1,375.4","1,375.4","1,375.4","1,375.4","","-0.04%"
"20-02-2024","1,376.0","1,376.0","1,376.0","1,376.0","","0.01%"
"19-02-2024","1,375.8","1,375.8","1,375.8","1,375.8","","-0.47%"
"16-02-2024","1,382.3","1,382.3","1,382.3","1,382.3","","0.40%"
"15-02-2024","1,376.8","1,376.8","1,376.8","1,376.8","","0.58%"
"14-02-2024","1,368.8","1,368.8","1,368.8","1,368.8","","0.37%"
"13-02-2024","1,363.8","1,363.8","1,363.8","1,363.8","","-0.58%"
"12-02-2024","1,371.7","1,371.7","1,371.7","1,371.7","","0.23%"
"09-02-2024","1,368.6","1,368.6","1,368.6","1,368.6","","-0.22%"
"08-02-2024","1,371.6","1,371.6","1,371.6","1,371.6","","-0.68%"
"07-02-2024","1,381.0","1,381.0","1,381.0","1,381.0","","0.00%"
"06-02-2024","1,381.0","1,381.0","1,381.0","1,381.0","","-0.88%"
"05-02-2024","1,393.3","1,393.3","1,393.3","1,393.3","","0.65%"
"02-02-2024","1,384.3","1,384.3","1,384.3","1,384.3","","-0.87%"
"01-02-2024","1,396.4","1,396.4","1,396.4","1,396.4","","0.13%"
"31-01-2024","1,394.6","1,394.6","1,394.6","1,394.6","","0.39%"
"30-01-2024","1,389.2","1,389.2","1,389.2","1,389.2","","-0.69%"
"29-01-2024","1,398.9","1,398.9","1,398.9","1,398.9","","0.76%"
"25-01-2024","1,388.3","1,388.3","1,388.3","1,388.3","","0.12%"
"24-01-2024","1,386.7","1,386.7","1,386.7","1,386.7","","0.49%"
"23-01-2024","1,380.0","1,380.0","1,380.0","1,380.0","","0.00%"
"22-01-2024","1,380.0","1,380.0","1,380.0","1,380.0","","-0.05%"
"19-01-2024","1,380.7","1,380.7","1,380.7","1,380.7","","-0.43%"
"18-01-2024","1,386.7","1,386.7","1,386.7","1,386.7","","0.03%"
"17-01-2024","1,386.3","1,386.3","1,386.3","1,386.3","","-0.27%"
"16-01-2024","1,390.0","1,390.0","1,390.0","1,390.0","","-0.48%"
"15-01-2024","1,396.7","1,396.7","1,396.7","1,396.7","","-0.09%"
"12-01-2024","1,397.9","1,397.9","1,397.9","1,397.9","","0.57%"
"11-01-2024","1,390.0","1,390.0","1,390.0","1,390.0","","-0.86%"
"10-01-2024","1,402.0","1,402.0","1,402.0","1,402.0","","0.23%"
"09-01-2024","1,398.8","1,398.8","1,398.8","1,398.8","","0.81%"
"08-01-2024","1,387.5","1,387.5","1,387.5","1,387.5","","-1.49%"
"05-01-2024","1,408.5","1,408.5","1,408.5","1,408.5","","-0.81%"
"04-01-2024","1,420.0","1,420.0","1,420.0","1,420.0","","0.18%"
"03-01-2024","1,417.5","1,417.5","1,417.5","1,417.5","","-0.12%"
"02-01-2024","1,419.2","1,419.2","1,419.2","1,419.2","","0.31%"
"01-01-2024","1,414.8","1,414.8","1,414.8","1,414.8","","-1.48%"
"29-12-2023","1,436.1","1,436.1","1,436.1","1,436.1","","-0.14%"
"28-12-2023","1,438.1","1,438.1","1,438.1","1,438.1","","1.12%"
"27-12-2023","1,422.2","1,422.2","1,422.2","1,422.2","","-0.57%"
"26-12-2023","1,430.4","1,430.4","1,430.4","1,430.4","","0.53%"
"22-12-2023","1,422.8","1,422.8","1,422.8","1,422.8","","0.02%"
"21-12-2023","1,422.5","1,422.5","1,422.5","1,422.5","","0.80%"
"20-12-2023","1,411.2","1,411.2","1,411.2","1,411.2","","-1.63%"
"19-12-2023","1,434.6","1,434.6","1,434.6","1,434.6","","-1.02%"
"18-12-2023","1,449.4","1,449.4","1,449.4","1,449.4","","1.80%"
"15-12-2023","1,423.8","1,423.8","1,423.8","1,423.8","","1.64%"
"14-12-2023","1,400.8","1,400.8","1,400.8","1,400.8","","-1.41%"
"13-12-2023","1,420.8","1,420.8","1,420.8","1,420.8","","0.00%"
"12-12-2023","1,420.8","1,420.8","1,420.8","1,420.8","","0.44%"
"11-12-2023","1,414.6","1,414.6","1,414.6","1,414.6","","-0.90%"
"08-12-2023","1,427.5","1,427.5","1,427.5","1,427.5","","0.98%"
"07-12-2023","1,413.6","1,413.6","1,413.6","1,413.6","","-0.10%"
"06-12-2023","1,415.0","1,415.0","1,415.0","1,415.0","","0.33%"
"05-12-2023","1,410.4","1,410.4","1,410.4","1,410.4","","-0.91%"
"04-12-2023","1,423.4","1,423.4","1,423.4","1,423.4","","-0.86%"
"01-12-2023","1,435.8","1,435.8","1,435.8","1,435.8","","0.85%"
"30-11-2023","1,423.7","1,423.7","1,423.7","1,423.7","","-1.14%"
"29-11-2023","1,440.1","1,440.1","1,440.1","1,440.1","","2.68%"
"28-11-2023","1,402.5","1,402.5","1,402.5","1,402.5","","-0.58%"
"27-11-2023","1,410.7","1,410.7","1,410.7","1,410.7","","0.00%"
"24-11-2023","1,410.7","1,410.7","1,410.7","1,410.7","","-0.20%"
"23-11-2023","1,413.5","1,413.5","1,413.5","1,413.5","","-1.24%"
"22-11-2023","1,431.3","1,431.3","1,431.3","1,431.3","","-1.17%"
"21-11-2023","1,448.2","1,464.2","1,464.2","1,464.2","","-1.09%"
"20-11-2023","1,464.2","1,464.2","1,464.2","1,464.2","","0.00%"
"17-11-2023","1,464.2","1,464.2","1,464.2","1,464.2","","-1.73%"
"16-11-2023","1,490.0","1,490.0","1,490.0","1,490.0","","-0.83%"
"15-11-2023","1,502.5","1,502.5","1,502.5","1,502.5","","0.00%"
"14-11-2023","1,502.5","1,502.5","1,502.5","1,502.5","","0.00%"
"13-11-2023","1,502.5","1,502.5","1,502.5","1,502.5","","0.00%"
"10-11-2023","1,502.5","1,502.5","1,502.5","1,502.5","","-1.40%"
"09-11-2023","1,523.8","1,523.8","1,523.8","1,523.8","","-0.53%"
"08-11-2023","1,531.9","1,531.9","1,531.9","1,531.9","","-0.60%"
"07-11-2023","1,541.1","1,541.1","1,541.1","1,541.1","","-0.04%"
"06-11-2023","1,541.7","1,541.7","1,541.7","1,541.7","","0.38%"
"03-11-2023","1,535.8","1.2","1.2","0.2","","-0.37%"
"02-11-2023","1,541.5","4.3","5.2","4.3","","-1.43%"
"01-11-2023","1,563.9","1,563.9","1,563.9","1,563.9","","-0.62%"
"31-10-2023","1,573.7","186.5","186.5","185.9","","0.88%"
"30-10-2023","1,560.0","1,560.0","1,560.0","1,560.0","","0.03%"
"27-10-2023","1,559.6","704.5","711.9","704.5","","-0.35%"
"26-10-2023","1,565.0","1,565.0","1,565.0","1,565.0","","-0.56%"
"25-10-2023","1,573.8","219.4","221.4","219.2","","0.00%"
"24-10-2023","1,573.8","696.5","701.4","693.0","","0.11%"
"23-10-2023","1,572.0","186.7","186.9","186.1","","-1.32%"
"20-10-2023","1,593.0","1,593.0","1,593.0","1,593.0","","0.52%"
"19-10-2023","1,584.7","1,584.7","1,584.7","1,584.7","","-0.41%"
"18-10-2023","1,591.3","186.5","187.3","186.4","","-0.43%"
"17-10-2023","1,598.2","1,598.2","1,598.2","1,598.2","","0.68%"
"16-10-2023","1,587.4","1,587.4","1,587.4","1,587.4","","0.03%"
"13-10-2023","1,586.9","1,586.9","1,586.9","1,586.9","","0.18%"
"12-10-2023","1,584.1","1,584.1","1,584.1","1,584.1","","-0.10%"
"11-10-2023","1,585.7","1,585.7","1,585.7","1,585.7","","-0.55%"
"10-10-2023","1,594.5","1,594.5","1,594.5","1,594.5","","0.60%"
"09-10-2023","1,585.0","1,585.0","1,585.0","1,585.0","","0.01%"
"06-10-2023","1,584.9","1,584.9","1,584.9","1,584.9","","-0.63%"
"05-10-2023","1,595.0","1,595.0","1,595.0","1,595.0","","-0.22%"
"04-10-2023","1,598.5","1,598.5","1,598.5","1,598.5","","-1.21%"
"03-10-2023","1,618.1","1,618.1","1,618.1","1,618.1","","0.04%"
"29-09-2023","1,617.5","1,617.5","1,617.5","1,617.5","","0.57%"
"28-09-2023","1,608.3","1,608.3","1,608.3","1,608.3","","-1.43%"
"27-09-2023","1,631.7","1,631.7","1,631.7","1,631.7","","-1.47%"
"26-09-2023","1,656.1","1,656.1","1,656.1","1,656.1","","0.47%"
"25-09-2023","1,648.3","1,648.3","1,648.3","1,648.3","","-1.08%"
"22-09-2023","1,666.3","1,666.3","1,666.3","1,666.3","","-2.64%"
"21-09-2023","1,711.4","1,711.4","1,711.4","1,711.4","","0.38%"
"20-09-2023","1,705.0","1,705.0","1,705.0","1,705.0","","0.00%"
"19-09-2023","1,705.0","1,705.0","1,705.0","1,705.0","","-1.18%"
"18-09-2023","1,725.4","1,725.4","1,725.4","1,725.4","","-0.04%"
"15-09-2023","1,726.1","1,726.1","1,726.1","1,726.1","","1.96%"
"14-09-2023","1,692.9","1,692.9","1,692.9","1,692.9","","-1.00%"
"13-09-2023","1,710.0","1,710.0","1,710.0","1,710.0","","-1.11%"
"12-09-2023","1,729.2","1,729.2","1,729.2","1,729.2","","0.10%"
"11-09-2023","1,727.5","1,727.5","1,727.5","1,727.5","","-1.29%"
"08-09-2023","1,750.0","1,750.0","1,750.0","1,750.0","","-0.17%"
"07-09-2023","1,753.0","1,753.0","1,753.0","1,753.0","","-0.40%"
"06-09-2023","1,760.0","1,760.0","1,760.0","1,760.0","","-0.10%"
"05-09-2023","1,761.8","1,761.8","1,761.8","1,761.8","","1.46%"
"04-09-2023","1,736.4","1,736.4","1,736.4","1,736.4","","0.48%"
"01-09-2023","1,728.1","1,728.1","1,728.1","1,728.1","","-0.68%"
"31-08-2023","1,740.0","1,740.0","1,740.0","1,740.0","","-0.25%"
"30-08-2023","1,744.3","1,744.3","1,744.3","1,744.3","","-0.22%"
"29-08-2023","1,748.1","1,748.1","1,748.1","1,748.1","","-0.56%"
"28-08-2023","1,758.0","1,758.0","1,758.0","1,758.0","","1.17%"
"25-08-2023","1,737.6","1,737.6","1,737.6","1,737.6","","-0.07%"
"24-08-2023","1,738.8","1,738.8","1,738.8","1,738.8","","0.72%"
"23-08-2023","1,726.3","1,726.3","1,726.3","1,726.3","","0.10%"
"22-08-2023","1,724.6","1,724.6","1,724.6","1,724.6","","0.16%"
"21-08-2023","1,721.8","1,721.8","1,721.8","1,721.8","","0.69%"
"18-08-2023","1,710.0","1,710.0","1,710.0","1,710.0","","0.65%"
"17-08-2023","1,699.0","1,699.0","1,699.0","1,699.0","","-1.91%"
"16-08-2023","1,732.0","1,732.0","1,732.0","1,732.0","","-0.52%"
"14-08-2023","1,741.1","1,741.1","1,741.1","1,741.1","","-0.76%"
"11-08-2023","1,754.5","1,754.5","1,754.5","1,754.5","","-1.07%"
"10-08-2023","1,773.5","1,773.5","1,773.5","1,773.5","","-0.88%"
"09-08-2023","1,789.3","1,789.3","1,789.3","1,789.3","","-1.49%"
"08-08-2023","1,816.3","1,816.3","1,816.3","1,816.3","","-0.57%"
"07-08-2023","1,826.8","1,826.8","1,826.8","1,826.8","","0.89%"
"04-08-2023","1,810.7","1,810.7","1,810.7","1,810.7","","-1.28%"
"03-08-2023","1,834.1","1,834.1","1,834.1","1,834.1","","-0.86%"
"02-08-2023","1,850.0","1,850.0","1,850.0","1,850.0","","1.86%"
"01-08-2023","1,816.3","1,816.3","1,816.3","1,816.3","","1.66%"
"31-07-2023","1,786.7","1,786.7","1,786.7","1,786.7","","-0.60%"
"28-07-2023","1,797.5","1,797.5","1,797.5","1,797.5","","-0.85%"
"27-07-2023","1,812.9","1,812.9","1,812.9","1,812.9","","0.95%"
"26-07-2023","1,795.8","1,795.8","1,795.8","1,795.8","","2.47%"
"25-07-2023","1,752.5","1,752.5","1,752.5","1,752.5","","-1.72%"
"24-07-2023","1,783.2","1,783.2","1,783.2","1,783.2","","0.07%"
"21-07-2023","1,781.9","1,781.9","1,781.9","1,781.9","","0.86%"
"20-07-2023","1,766.7","1,766.7","1,766.7","1,766.7","","-0.22%"
"19-07-2023","1,770.6","1,770.6","1,770.6","1,770.6","","-0.16%"
"18-07-2023","1,773.4","1,773.4","1,773.4","1,773.4","","-1.27%"
"17-07-2023","1,796.3","1,796.3","1,796.3","1,796.3","","0.98%"
"14-07-2023","1,778.8","1,778.8","1,778.8","1,778.8","","0.57%"
"13-07-2023","1,768.7","1,768.7","1,768.7","1,768.7","","0.35%"
"12-07-2023","1,762.5","1,762.5","1,762.5","1,762.5","","-0.42%"
"11-07-2023","1,770.0","1,770.0","1,770.0","1,770.0","","0.14%"
"10-07-2023","1,767.5","1,767.5","1,767.5","1,767.5","","-0.70%"
"07-07-2023","1,780.0","1,780.0","1,780.0","1,780.0","","3.39%"
"06-07-2023","1,721.7","1,721.7","1,721.7","1,721.7","","-0.36%"
"05-07-2023","1,728.0","1,728.0","1,728.0","1,728.0","","-0.92%"
"04-07-2023","1,744.0","1,744.0","1,744.0","1,744.0","","0.82%"
"03-07-2023","1,729.8","1,729.8","1,729.8","1,729.8","","-1.04%"
"30-06-2023","1,748.0","1,748.0","1,748.0","1,748.0","","0.00%"
"29-06-2023","1,748.0","1,748.0","1,748.0","1,748.0","","-1.85%"
"28-06-2023","1,781.0","1,781.0","1,781.0","1,781.0","","-1.01%"
"27-06-2023","1,799.2","1,799.2","1,799.2","1,799.2","","0.05%"
"26-06-2023","1,798.3","1,798.3","1,798.3","1,798.3","","-1.14%"
"23-06-2023","1,819.0","1,819.0","1,819.0","1,819.0","","-2.69%"
"22-06-2023","1,869.3","1,869.3","1,869.3","1,869.3","","-0.99%"
"21-06-2023","1,888.0","1,888.0","1,888.0","1,888.0","","-1.84%"
"20-06-2023","1,923.3","1,923.3","1,923.3","1,923.3","","-1.38%"
"19-06-2023","1,950.3","1,950.3","1,950.3","1,950.3","","1.21%"
"16-06-2023","1,927.0","1,927.0","1,927.0","1,927.0","","2.99%"
"15-06-2023","1,871.1","1,871.1","1,871.1","1,871.1","","2.87%"
"14-06-2023","1,818.9","1,818.9","1,818.9","1,818.9","","-0.02%"
"13-06-2023","1,819.2","1,819.2","1,819.2","1,819.2","","-1.24%"
"12-06-2023","1,842.1","1,842.1","1,842.1","1,842.1","","1.21%"
"09-06-2023","1,820.0","1,820.0","1,820.0","1,820.0","","0.78%"
"08-06-2023","1,806.0","1,806.0","1,806.0","1,806.0","","-0.70%"
"07-06-2023","1,818.8","1,818.8","1,818.8","1,818.8","","-0.11%"
"06-06-2023","1,820.8","1,820.8","1,820.8","1,820.8","","-1.24%"
"05-06-2023","1,843.6","1,843.6","1,843.6","1,843.6","","2.06%"
"02-06-2023","1,806.3","1,806.3","1,806.3","1,806.3","","1.67%"
"01-06-2023","1,776.7","1,776.7","1,776.7","1,776.7","","-2.30%"
"31-05-2023","1,818.6","1,818.6","1,818.6","1,818.6","","-1.31%"
"30-05-2023","1,842.8","1,842.8","1,842.8","1,842.8","","-0.23%"
"29-05-2023","1,847.0","1,847.0","1,847.0","1,847.0","","2.14%"
"26-05-2023","1,808.3","1,808.3","1,808.3","1,808.3","","0.05%"
"25-05-2023","1,807.4","1,807.4","1,807.4","1,807.4","","-0.78%"
"24-05-2023","1,821.7","1,821.7","1,821.7","1,821.7","","-1.50%"
"23-05-2023","1,849.5","1,849.5","1,849.5","1,849.5","","-1.88%"
"22-05-2023","1,885.0","1,885.0","1,885.0","1,885.0","","1.59%"
"19-05-2023","1,855.5","1,855.5","1,855.5","1,855.5","","1.05%"
"18-05-2023","1,836.3","1,836.3","1,836.3","1,836.3","","-1.01%"
"17-05-2023","1,855.0","1,855.0","1,855.0","1,855.0","","-3.60%"
"16-05-2023","1,924.2","1,924.2","1,924.2","1,924.2","","0.35%"
"15-05-2023","1,917.5","1,917.5","1,917.5","1,917.5","","-1.12%"
"12-05-2023","1,939.2","1,939.2","1,939.2","1,939.2","","-1.76%"
"11-05-2023","1,974.0","1,974.0","1,974.0","1,974.0","","-1.72%"
"10-05-2023","2,008.6","2,008.6","2,008.6","2,008.6","","-1.54%"
"09-05-2023","2,040.0","2,040.0","2,040.0","2,040.0","","1.49%"
"08-05-2023","2,010.0","2,010.0","2,010.0","2,010.0","","-3.44%"
"05-05-2023","2,081.7","2,081.7","2,081.7","2,081.7","","0.81%"
"04-05-2023","2,065.0","2,065.0","2,065.0","2,065.0","","2.99%"
"03-05-2023","2,005.0","2,005.0","2,005.0","2,005.0","","0.54%"
"02-05-2023","1,994.2","1,994.2","1,994.2","1,994.2","","0.00%"
"01-05-2023","1,994.2","1,994.2","1,994.2","1,994.2","","-0.29%"
"28-04-2023","2,000.0","2,000.0","2,000.0","2,000.0","","-0.02%"
"27-04-2023","2,000.5","2,000.5","2,000.5","2,000.5","","-2.01%"
"26-04-2023","2,041.5","2,041.5","2,041.5","2,041.5","","-0.62%"
"25-04-2023","2,054.2","2,054.2","2,054.2","2,054.2","","-0.67%"
"24-04-2023","2,068.0","2,068.0","2,068.0","2,068.0","","-1.72%"
"21-04-2023","2,104.2","2,104.2","2,104.2","2,104.2","","1.78%"
"20-04-2023","2,067.5","2,067.5","2,067.5","2,067.5","","0.12%"
"19-04-2023","2,065.0","2,065.0","2,065.0","2,065.0","","0.05%"
"18-04-2023","2,063.9","2,063.9","2,063.9","2,063.9","","4.63%"
"17-04-2023","1,972.5","1,972.5","1,972.5","1,972.5","","0.00%"
"14-04-2023","1,972.5","1,972.5","1,972.5","1,972.5","","-0.03%"
"13-04-2023","1,973.0","1,973.0","1,973.0","1,973.0","","-0.73%"
"12-04-2023","1,987.5","1,987.5","1,987.5","1,987.5","","1.25%"
"11-04-2023","1,963.0","1,963.0","1,963.0","1,963.0","","0.87%"
"10-04-2023","1,946.0","1,946.0","1,946.0","1,946.0","","-1.38%"
"06-04-2023","1,973.3","1,973.3","1,973.3","1,973.3","","-1.58%"
"05-04-2023","2,005.0","2,005.0","2,005.0","2,005.0","","0.00%"
"04-04-2023","2,005.0","2,005.0","2,005.0","2,005.0","","0.22%"
"03-04-2023","2,000.5","2,000.5","2,000.5","2,000.5","","-0.97%"
"31-03-2023","2,020.0","2,020.0","2,020.0","2,020.0","","0.00%"
"30-03-2023","2,020.0","2,020.0","2,020.0","2,020.0","","-0.49%"
"29-03-2023","2,030.0","2,030.0","2,030.0","2,030.0","","0.92%"
"28-03-2023","2,011.5","2,011.5","2,011.5","2,011.5","","-0.07%"
"27-03-2023","2,013.0","2,013.0","2,013.0","2,013.0","","2.34%"
"24-03-2023","1,967.0","1,967.0","1,967.0","1,967.0","","-0.91%"
"23-03-2023","1,985.0","1,985.0","1,985.0","1,985.0","","-0.34%"
"22-03-2023","1,991.7","1,991.7","1,991.7","1,991.7","","-0.72%"
"21-03-2023","2,006.1","2,006.1","2,006.1","2,006.1","","-0.81%"
"20-03-2023","2,022.5","2,022.5","2,022.5","2,022.5","","1.00%"
"17-03-2023","2,002.5","2,002.5","2,002.5","2,002.5","","-2.01%"
"16-03-2023","2,043.6","2,043.6","2,043.6","2,043.6","","1.55%"
"15-03-2023","2,012.5","2,012.5","2,012.5","2,012.5","","0.00%"
"14-03-2023","2,012.5","2,012.5","2,012.5","2,012.5","","-0.30%"
"13-03-2023","2,018.5","2,018.5","2,018.5","2,018.5","","-3.60%"
"10-03-2023","2,093.8","2,093.8","2,093.8","2,093.8","","-0.18%"
"09-03-2023","2,097.5","2,097.5","2,097.5","2,097.5","","-2.36%"
"08-03-2023","2,148.3","2,148.3","2,148.3","2,148.3","","0.00%"
"07-03-2023","2,148.3","2,148.3","2,148.3","2,148.3","","0.51%"
"06-03-2023","2,137.5","2,137.5","2,137.5","2,137.5","","-0.12%"
"03-03-2023","2,140.0","2,140.0","2,140.0","2,140.0","","-1.72%"
"02-03-2023","2,177.5","2,177.5","2,177.5","2,177.5","","-0.55%"
"01-03-2023","2,189.6","2,189.6","2,189.6","2,189.6","","0.44%"
"28-02-2023","2,180.0","2,180.0","2,180.0","2,180.0","","-1.31%"
"27-02-2023","2,209.0","2,209.0","2,209.0","2,209.0","","-3.37%"
"24-02-2023","2,286.1","2,286.1","2,286.1","2,286.1","","-1.21%"
"23-02-2023","2,314.0","2,314.0","2,314.0","2,314.0","","0.09%"
"22-02-2023","2,312.0","2,312.0","2,312.0","2,312.0","","1.23%"
"21-02-2023","2,284.0","2,284.0","2,284.0","2,284.0","","0.53%"
"20-02-2023","2,272.0","2,272.0","2,272.0","2,272.0","","0.13%"
"17-02-2023","2,269.0","2,269.0","2,269.0","2,269.0","","-0.59%"
"16-02-2023","2,282.5","2,282.5","2,282.5","2,282.5","","-1.30%"
"15-02-2023","2,312.5","2,312.5","2,312.5","2,312.5","","-5.61%"
"14-02-2023","2,450.0","2,450.0","2,450.0","2,450.0","","0.00%"
"13-02-2023","2,450.0","2,450.0","2,455.0","2,445.0","0.02K","2.94%"
"10-02-2023","2,380.0","2,380.0","2,380.0","2,380.0","","0.00%"
"09-02-2023","2,380.0","2,380.0","2,380.0","2,380.0","0.01K","1.42%"
"08-02-2023","2,346.7","2,346.7","2,346.7","2,346.7","","-1.50%"
"07-02-2023","2,382.5","2,382.5","2,382.5","2,382.5","","-3.35%"
"06-02-2023","2,465.0","2,465.0","2,465.0","2,465.0","","1.44%"
"03-02-2023","2,430.0","2,430.0","2,430.0","2,430.0","","-3.40%"
"02-02-2023","2,515.5","2,515.5","2,515.5","2,515.5","","2.67%"
"01-02-2023","2,450.0","2,450.0","2,450.0","2,450.0","","-0.06%"
"31-01-2023","2,451.5","2,451.5","2,451.5","2,451.5","","0.00%"
"30-01-2023","2,451.5","2,451.5","2,451.5","2,451.5","0.03K","2.49%"
"27-01-2023","2,392.0","2,392.0","2,392.0","2,392.0","","0.93%"
"25-01-2023","2,370.0","2,370.0","2,370.0","2,370.0","","0.37%"
"24-01-2023","2,361.3","2,361.3","2,361.3","2,361.3","","-1.28%"
"23-01-2023","2,392.0","2,392.0","2,392.0","2,392.0","","0.40%"
"20-01-2023","2,382.5","2,382.5","2,382.5","2,382.5","","1.00%"
"19-01-2023","2,359.0","2,359.0","2,359.0","2,359.0","","3.31%"
"18-01-2023","2,283.5","2,283.5","2,283.5","2,283.5","","0.91%"
"17-01-2023","2,263.0","2,263.0","2,263.0","2,263.0","","-3.32%"
"16-01-2023","2,340.8","2,340.8","2,340.8","2,340.8","","4.17%"
"13-01-2023","2,247.0","2,247.0","2,247.0","2,247.0","","-5.49%"
"12-01-2023","2,377.5","2,377.5","2,377.5","2,377.5","","1.11%"
"11-01-2023","2,351.5","2,351.5","2,351.5","2,351.5","","-4.02%"
"10-01-2023","2,450.0","2,450.0","2,450.0","2,450.0","","0.00%"
"09-01-2023","2,450.0","2,450.0","2,450.0","2,450.0","","0.00%"
"06-01-2023","2,450.0","2,450.0","2,450.0","2,450.0","0.03K","-5.59%"
"05-01-2023","2,595.0","2,595.0","2,595.0","2,595.0","","-0.48%"
"04-01-2023","2,607.5","2,607.5","2,607.5","2,607.5","","2.38%"
"03-01-2023","2,547.0","2,547.0","2,547.0","2,547.0","","-0.80%"
"02-01-2023","2,567.5","2,567.5","2,567.5","2,567.5","","0.80%"
"30-12-2022","2,547.0","2,547.0","2,547.0","2,547.0","","-1.28%"
"29-12-2022","2,580.0","2,580.0","2,580.0","2,580.0","","4.24%"
"28-12-2022","2,475.0","2,475.0","2,475.0","2,475.0","","-0.26%"
"27-12-2022","2,481.5","2,481.5","2,481.5","2,481.5","","2.30%"
"26-12-2022","2,425.8","2,425.8","2,425.8","2,425.8","","0.00%"
"23-12-2022","2,425.8","2,425.8","2,425.8","2,425.8","0.02K","2.79%"
"22-12-2022","2,360.0","2,360.0","2,360.0","2,360.0","","-1.36%"
"21-12-2022","2,392.5","2,392.5","2,392.5","2,392.5","","0.84%"
"20-12-2022","2,372.5","2,372.5","2,372.5","2,372.5","","-1.15%"
"19-12-2022","2,400.0","2,400.0","2,400.0","2,400.0","","-0.10%"
"16-12-2022","2,402.5","2,402.5","2,402.5","2,402.5","","0.05%"
"15-12-2022","2,401.3","2,401.3","2,401.3","2,401.3","","-1.79%"
"14-12-2022","2,445.0","2,445.0","2,445.0","2,445.0","","-0.91%"
"13-12-2022","2,467.5","2,467.5","2,467.5","2,467.5","","-2.47%"
"12-12-2022","2,530.0","2,530.0","2,530.0","2,530.0","","-2.69%"
"09-12-2022","2,600.0","2,600.0","2,600.0","2,600.0","","9.01%"
"08-12-2022","2,385.0","2,385.0","2,385.0","2,385.0","","0.85%"
"07-12-2022","2,365.0","2,365.0","2,365.0","2,365.0","","-0.48%"
"06-12-2022","2,376.3","2,376.3","2,376.3","2,376.3","","3.66%"
"05-12-2022","2,292.3","2,292.3","2,292.3","2,292.3","","1.61%"
"02-12-2022","2,256.0","2,256.0","2,256.0","2,256.0","","0.41%"
"01-12-2022","2,246.7","2,246.7","2,246.7","2,246.7","","1.98%"
"30-11-2022","2,203.0","2,203.0","2,203.0","2,203.0","","3.21%"
"29-11-2022","2,134.5","2,134.5","2,134.5","2,134.5","","-2.94%"
"28-11-2022","2,199.2","2,199.2","2,199.2","2,199.2","","0.60%"
"25-11-2022","2,186.0","2,186.0","2,186.0","2,186.0","","0.00%"
"24-11-2022","2,186.0","2,186.0","2,186.0","2,186.0","0.02K","1.67%"
"23-11-2022","2,150.0","2,150.0","2,150.0","2,150.0","","0.59%"
"22-11-2022","2,137.4","2,137.4","2,137.4","2,137.4","","2.02%"
"21-11-2022","2,095.0","2,095.0","2,095.0","2,095.0","","-7.40%"
"18-11-2022","2,262.5","2,262.5","2,262.5","2,262.5","","-9.35%"
"17-11-2022","2,496.0","2,496.0","2,496.0","2,496.0","","0.00%"
"16-11-2022","2,496.0","2,496.0","2,496.0","2,496.0","0.00K","8.05%"
"15-11-2022","2,310.0","2,310.0","2,310.0","2,310.0","","6.16%"
"14-11-2022","2,176.0","2,176.0","2,176.0","2,176.0","","4.87%"
"11-11-2022","2,075.0","2,075.0","2,075.0","2,075.0","","0.00%"
"10-11-2022","2,075.0","2,075.0","2,075.0","2,075.0","0.02K","4.01%"
"09-11-2022","1,995.0","1,995.0","1,995.0","1,995.0","","0.00%"
"08-11-2022","1,995.0","1,995.0","1,995.0","1,995.0","","0.71%"
"07-11-2022","1,981.0","1,981.0","1,981.0","1,981.0","","2.11%"
"04-11-2022","1,940.0","1,940.0","1,940.0","1,940.0","","0.00%"
"03-11-2022","1,940.0","1,940.0","1,940.0","1,940.0","0.01K","2.11%"
"02-11-2022","1,900.0","1,900.0","1,900.0","1,900.0","","0.00%"
"01-11-2022","1,900.0","1,900.0","1,900.0","1,900.0","0.01K","-0.13%"
"31-10-2022","1,902.5","1,902.5","1,902.5","1,902.5","","0.29%"
"28-10-2022","1,897.0","1,897.0","1,897.0","1,897.0","","0.37%"
"27-10-2022","1,890.0","1,890.0","1,890.0","1,890.0","","0.91%"
"26-10-2022","1,873.0","1,873.0","1,873.0","1,873.0","","0.00%"
"25-10-2022","1,873.0","1,873.0","1,873.0","1,873.0","0.02K","0.00%"
"24-10-2022","1,873.0","1,873.0","1,873.0","1,873.0","","-0.90%"
"21-10-2022","1,890.0","1,890.0","1,890.0","1,890.0","","-0.30%"
"20-10-2022","1,895.7","1,895.7","1,895.7","1,895.7","","1.48%"
"19-10-2022","1,868.0","1,868.0","1,868.0","1,868.0","","-0.33%"
"18-10-2022","1,874.2","1,874.2","1,874.2","1,874.2","","-2.20%"
"17-10-2022","1,916.3","1,916.3","1,916.3","1,916.3","","-0.58%"
"14-10-2022","1,927.5","1,927.5","1,927.5","1,927.5","","1.45%"
"13-10-2022","1,900.0","1,900.0","1,900.0","1,900.0","","-0.13%"
"12-10-2022","1,902.5","1,902.5","1,902.5","1,902.5","","-0.31%"
"11-10-2022","1,908.5","1,908.5","1,908.5","1,908.5","","-0.34%"
"10-10-2022","1,915.0","1,915.0","1,915.0","1,915.0","","-0.65%"
"07-10-2022","1,927.5","1,927.5","1,927.5","1,927.5","","3.91%"
"06-10-2022","1,855.0","1,855.0","1,855.0","1,855.0","","0.00%"
"05-10-2022","1,855.0","1,855.0","1,855.0","1,855.0","","-1.07%"
"04-10-2022","1,875.0","1,875.0","1,875.0","1,875.0","","-3.44%"
"03-10-2022","1,941.7","1,941.7","1,941.7","1,941.7","","1.66%"
"30-09-2022","1,910.0","1,910.0","1,910.0","1,910.0","","4.47%"
"29-09-2022","1,828.3","1,828.3","1,828.3","1,828.3","","-3.34%"
"28-09-2022","1,891.5","1,891.5","1,891.5","1,891.5","","-0.45%"
"27-09-2022","1,900.0","1,900.0","1,900.0","1,900.0","","0.00%"
"26-09-2022","1,900.0","1,900.0","1,900.0","1,900.0","0.00K","-7.02%"
"23-09-2022","2,043.5","2,043.5","2,043.5","2,043.5","","-0.28%"
"22-09-2022","2,049.2","2,049.2","2,049.2","2,049.2","","1.07%"
"21-09-2022","2,027.5","2,027.5","2,027.5","2,027.5","","2.66%"
"20-09-2022","1,975.0","1,975.0","1,975.0","1,975.0","","3.50%"
"19-09-2022","1,908.3","1,908.3","1,908.3","1,908.3","","-3.13%"
"16-09-2022","1,970.0","1,970.0","1,970.0","1,970.0","","2.07%"
"15-09-2022","1,930.0","1,930.0","1,930.0","1,930.0","","0.00%"
"14-09-2022","1,930.0","1,930.0","1,930.0","1,930.0","0.00K","0.00%"
"13-09-2022","1,930.0","1,930.0","1,930.0","1,930.0","","0.00%"
"12-09-2022","1,930.0","1,930.0","1,930.0","1,930.0","0.00K","7.27%"
"09-09-2022","1,799.2","1,799.2","1,799.2","1,799.2","","-0.39%"
"08-09-2022","1,806.3","1,806.3","1,806.3","1,806.3","","-1.23%"
"07-09-2022","1,828.8","1,828.8","1,828.8","1,828.8","","2.68%"
"06-09-2022","1,781.0","1,781.0","1,781.0","1,781.0","","0.06%"
"05-09-2022","1,780.0","1,780.0","1,780.0","1,780.0","","-0.95%"
"02-09-2022","1,797.0","1,797.0","1,797.0","1,797.0","","-1.37%"
"01-09-2022","1,822.0","1,822.0","1,822.0","1,822.0","","0.00%"
"31-08-2022","1,822.0","1,822.0","1,822.0","1,822.0","","-0.56%"
"30-08-2022","1,832.3","1,832.3","1,832.3","1,832.3","","-1.45%"
"29-08-2022","1,859.3","1,859.3","1,859.3","1,859.3","","1.87%"
"26-08-2022","1,825.1","1,825.1","1,825.1","1,825.1","","0.00%"
"25-08-2022","1,825.1","1,825.2","1,825.2","1,825.0","0.00K","-0.51%"
"24-08-2022","1,834.5","1,835.0","1,835.0","1,834.0","0.00K","-2.55%"
"23-08-2022","1,882.5","1,882.5","1,882.5","1,882.5","","-0.24%"
"22-08-2022","1,887.0","1,887.0","1,887.0","1,887.0","","0.11%"
"19-08-2022","1,885.0","0.0","0.0","0.0","","-1.72%"
"18-08-2022","1,918.0","1,918.0","1,918.0","1,918.0","","2.13%"
"17-08-2022","1,878.0","1,878.0","1,878.0","1,878.0","","0.00%"
"16-08-2022","1,878.0","1,878.0","1,878.0","1,878.0","0.00K","-0.11%"
"12-08-2022","1,880.0","1,880.0","1,880.0","1,880.0","0.00K","-0.32%"
"11-08-2022","1,886.0","1,886.0","1,886.0","1,886.0","","0.86%"
"10-08-2022","1,870.0","1,870.0","1,870.0","1,870.0","","0.00%"
"09-08-2022","1,870.0","1,870.0","1,870.0","1,870.0","0.00K","-0.53%"
"08-08-2022","1,880.0","1,880.0","1,880.0","1,880.0","0.00K","-2.51%"
"05-08-2022","1,928.5","1,928.5","1,928.5","1,928.5","","-1.06%"
"04-08-2022","1,949.2","1,949.2","1,949.2","1,949.2","","-1.93%"
"03-08-2022","1,987.5","1,987.5","1,987.5","1,987.5","","-2.29%"
"02-08-2022","2,034.0","2,034.0","2,034.0","2,034.0","","4.40%"
"01-08-2022","1,948.3","1,948.3","1,948.3","1,948.3","","-0.13%"
"29-07-2022","1,950.8","1,950.8","1,950.8","1,950.8","","0.64%"
"28-07-2022","1,938.3","1,938.3","1,938.3","1,938.3","","-2.23%"
"27-07-2022","1,982.5","1,982.5","1,982.5","1,982.5","","1.62%"
"26-07-2022","1,950.8","1,950.8","1,950.8","1,950.8","","1.60%"
"25-07-2022","1,920.0","1,920.0","1,920.0","1,920.0","","-1.39%"
"22-07-2022","1,947.0","1,947.0","1,947.0","1,947.0","","0.79%"
"21-07-2022","1,931.7","1,931.7","1,931.7","1,931.7","","-0.88%"
"20-07-2022","1,948.8","1,948.8","1,948.8","1,948.8","","-0.34%"
"19-07-2022","1,955.5","1,955.5","1,955.5","1,955.5","","2.38%"
"18-07-2022","1,910.0","1,910.0","1,910.0","1,910.0","","-2.72%"
"15-07-2022","1,963.5","1,963.5","1,963.5","1,963.5","","-1.58%"
"14-07-2022","1,995.0","1,995.0","1,995.0","1,995.0","","-0.03%"
"13-07-2022","1,995.5","1,995.5","1,995.5","1,995.5","","-0.47%"
"12-07-2022","2,005.0","2,005.0","2,005.0","2,005.0","","-0.62%"
"11-07-2022","2,017.5","2,017.5","2,017.5","2,017.5","","-1.37%"
"08-07-2022","2,045.5","2,045.5","2,045.5","2,045.5","","0.12%"
"07-07-2022","2,043.0","2,043.0","2,043.0","2,043.0","","0.35%"
"06-07-2022","2,035.8","2,035.8","2,035.8","2,035.8","","-0.04%"
"05-07-2022","2,036.7","2,036.7","2,036.7","2,036.7","","1.23%"
"04-07-2022","2,012.0","2,012.0","2,012.0","2,012.0","","-1.54%"
"01-07-2022","2,043.4","2,043.4","2,043.4","2,043.4","","-1.76%"
"30-06-2022","2,080.0","2,080.0","2,080.0","2,080.0","","0.00%"
"29-06-2022","2,080.0","2,080.0","2,080.0","2,080.0","0.00K","0.94%"
"28-06-2022","2,060.7","2,060.7","2,060.7","2,060.7","","3.03%"
"27-06-2022","2,000.0","2,000.0","2,000.0","2,000.0","","0.00%"
"24-06-2022","2,000.0","2,000.0","2,000.0","2,000.0","0.00K","-2.76%"
"23-06-2022","2,056.8","2,056.8","2,056.8","2,056.8","0.00K","-4.74%"
"22-06-2022","2,159.2","2,159.2","2,159.2","2,159.2","","0.90%"
"21-06-2022","2,140.0","2,140.0","2,140.0","2,140.0","","-0.62%"
"20-06-2022","2,153.3","2,153.3","2,153.3","2,153.3","","-0.06%"
"17-06-2022","2,154.5","2,154.5","2,154.5","2,154.5","","0.49%"
"16-06-2022","2,144.0","2,144.0","2,144.0","2,144.0","","-0.90%"
"15-06-2022","2,163.5","2,163.5","2,163.5","2,163.5","","-1.74%"
"14-06-2022","2,201.7","2,201.7","2,201.7","2,201.7","","-3.43%"
"13-06-2022","2,280.0","2,280.0","2,280.0","2,280.0","","-0.78%"
"10-06-2022","2,297.9","2,297.9","2,297.9","2,297.9","","-2.63%"
"09-06-2022","2,360.0","2,360.0","2,360.0","2,360.0","","1.00%"
"08-06-2022","2,336.7","2,336.7","2,336.7","2,336.7","","1.42%"
"07-06-2022","2,304.0","2,304.0","2,304.0","2,304.0","","0.00%"
"06-06-2022","2,304.0","2,304.0","2,304.0","2,304.0","","0.00%"
"03-06-2022","2,304.0","2,304.0","2,304.0","2,304.0","","0.00%"
"02-06-2022","2,304.0","2,304.0","2,304.0","2,304.0","","0.00%"
"01-06-2022","2,304.0","2,304.0","2,304.0","2,304.0","","9.25%"
"31-05-2022","2,109.0","2,109.0","2,109.0","2,109.0","","0.00%"
"30-05-2022","2,109.0","2,109.0","2,109.0","2,109.0","","0.00%"
"27-05-2022","2,109.0","2,109.0","2,109.0","2,109.0","","0.00%"
"26-05-2022","2,109.0","2,109.0","2,109.0","2,109.0","0.00K","1.21%"
"25-05-2022","2,083.8","2,051.3","2,100.0","2,051.3","0.00K","-2.48%"
"24-05-2022","2,136.7","2,100.0","2,160.0","2,100.0","0.00K","-0.73%"
"23-05-2022","2,152.5","2,175.0","2,175.0","2,140.0","0.00K","-1.30%"
"20-05-2022","2,180.8","2,180.5","2,181.0","2,180.0","0.02K","4.01%"
"19-05-2022","2,096.7","2,096.7","2,096.7","2,096.7","","0.00%"
"18-05-2022","2,096.7","2,110.0","2,110.0","2,080.0","0.00K","-0.39%"
"17-05-2022","2,105.0","2,110.0","2,110.0","2,100.0","0.00K","-0.71%"
"16-05-2022","2,120.0","2,120.0","2,120.0","2,120.0","0.00K","-2.09%"
"13-05-2022","2,165.2","2,175.0","2,175.0","2,140.0","0.01K","0.41%"
"12-05-2022","2,156.4","2,151.0","2,160.0","2,151.0","0.01K","-2.47%"
"11-05-2022","2,211.0","2,211.0","2,211.0","2,211.0","","0.00%"
"10-05-2022","2,211.0","2,211.0","2,211.0","2,211.0","0.00K","-2.73%"
"09-05-2022","2,273.0","2,273.0","2,273.0","2,273.0","0.00K","-2.24%"
"06-05-2022","2,325.0","2,325.0","2,325.0","2,325.0","0.00K","-0.49%"
"05-05-2022","2,336.4","2,330.0","2,340.0","2,330.0","0.01K","-1.67%"
"04-05-2022","2,376.0","2,376.0","2,376.0","2,376.0","0.00K","-3.97%"
"03-05-2022","2,474.2","2,474.2","2,474.2","2,474.2","","0.00%"
"02-05-2022","2,474.2","2,474.2","2,474.2","2,474.2","","-2.29%"
"29-04-2022","2,532.3","2,551.0","2,551.0","2,500.0","0.01K","-2.75%"
"28-04-2022","2,603.8","2,625.0","2,625.0","2,545.0","0.01K","1.99%"
"27-04-2022","2,553.0","2,550.0","2,555.0","2,550.0","0.01K","2.53%"
"26-04-2022","2,490.0","2,490.0","2,490.0","2,490.0","0.00K","0.95%"
"25-04-2022","2,466.5","2,470.0","2,500.0","2,450.0","0.03K","-1.66%"
"22-04-2022","2,508.2","2,530.0","2,536.0","2,505.0","0.02K","-0.36%"
"21-04-2022","2,517.3","2,520.0","2,546.0","2,507.0","0.02K","0.03%"
"20-04-2022","2,516.6","2,505.0","2,540.0","2,505.0","0.03K","0.44%"
"19-04-2022","2,505.6","2,528.0","2,528.0","2,499.4","0.02K","-0.41%"
"18-04-2022","2,516.0","2,516.0","2,516.0","2,516.0","0.00K","0.60%"
"14-04-2022","2,501.0","2,501.0","2,501.0","2,501.0","0.00K","0.86%"
"13-04-2022","2,479.6","2,525.0","2,525.0","2,450.0","0.01K","0.89%"
"12-04-2022","2,457.7","2,437.0","2,470.0","2,437.0","0.01K","0.86%"
"11-04-2022","2,436.8","2,450.0","2,450.0","2,400.0","0.01K","-1.12%"
"08-04-2022","2,464.3","2,464.3","2,464.3","2,464.3","","0.00%"
"07-04-2022","2,464.3","2,456.3","2,550.0","2,451.0","0.01K","-2.59%"
"06-04-2022","2,529.7","2,529.7","2,529.7","2,529.7","","0.00%"
"05-04-2022","2,529.7","2,475.0","2,543.0","2,475.0","0.02K","1.19%"
"04-04-2022","2,500.0","2,500.0","2,500.0","2,500.0","0.01K","2.13%"
"01-04-2022","2,447.8","2,410.0","2,490.0","2,350.0","0.01K","0.73%"
"31-03-2022","2,430.0","2,460.0","2,460.0","2,400.0","0.00K","-0.82%"
"30-03-2022","2,450.0","2,450.0","2,450.0","2,450.0","0.00K","2.50%"
"29-03-2022","2,390.3","2,427.5","2,430.1","2,345.3","0.02K","-4.15%"
"28-03-2022","2,493.7","2,551.0","2,565.0","2,450.1","0.05K","-4.02%"
"25-03-2022","2,598.1","2,418.3","2,604.3","2,418.3","0.05K","11.73%"
"24-03-2022","2,325.3","2,239.2","2,411.4","2,239.2","0.01K","8.00%"
"23-03-2022","2,153.1","2,150.0","2,165.2","2,087.0","0.03K","3.37%"
"22-03-2022","2,083.0","2,200.0","2,240.0","2,003.4","0.15K","-5.38%"
"21-03-2022","2,201.5","2,356.8","2,356.8","2,121.0","0.05K","-10.33%"
"18-03-2022","2,455.0","2,508.0","2,508.0","2,400.0","0.00K","-6.03%"
"17-03-2022","2,612.5","2,630.0","2,740.0","2,554.6","0.06K","-3.87%"
"16-03-2022","2,717.6","2,968.4","2,970.6","2,685.1","0.04K","-4.86%"
"15-03-2022","2,856.4","2,849.0","2,928.3","2,810.0","0.03K","1.45%"
"14-03-2022","2,815.7","2,850.0","2,850.0","2,755.0","0.09K","0.76%"
"11-03-2022","2,794.5","2,807.0","2,889.9","2,747.0","0.04K","-4.37%"
"10-03-2022","2,922.2","3,078.0","3,078.0","2,916.8","0.03K","-8.83%"
"09-03-2022","3,205.2","3,400.0","3,474.0","3,141.0","0.03K","-4.07%"
"08-03-2022","3,341.2","3,947.3","5,617.3","2,717.0","1.19K","-11.97%"
"07-03-2022","3,795.5","2,318.5","3,834.5","2,318.5","9.11K","70.25%"
"04-03-2022","2,229.4","2,126.4","2,238.5","2,091.3","14.46K","6.70%"
"03-03-2022","2,089.4","2,029.0","2,130.0","2,029.0","15.00K","5.33%"
"02-03-2022","1,983.6","1,924.2","2,020.9","1,920.5","10.70K","2.75%"
"01-03-2022","1,930.5","1,859.0","1,934.2","1,859.0","5.73K","2.31%"
"28-02-2022","1,886.9","1,888.4","1,900.0","1,884.0","0.05K","1.28%"
"25-02-2022","1,863.1","1,865.0","1,872.9","1,836.9","0.03K","-0.09%"
"24-02-2022","1,864.8","1,894.7","1,969.0","1,857.0","0.14K","0.39%"
"23-02-2022","1,857.6","1,855.4","1,869.5","1,846.5","0.16K","0.25%"
"22-02-2022","1,852.9","1,824.7","1,887.0","1,821.9","0.97K","1.76%"
"21-02-2022","1,820.8","1,811.0","1,825.4","1,805.0","4.68K","0.64%"
"18-02-2022","1,809.3","1,808.0","1,816.7","1,795.1","5.36K","0.19%"
"17-02-2022","1,805.9","1,782.3","1,814.9","1,770.0","6.70K","1.42%"
"16-02-2022","1,780.6","1,780.1","1,790.9","1,772.2","4.48K","0.24%"
"15-02-2022","1,776.3","1,783.3","1,794.9","1,751.6","7.12K","-0.20%"
"14-02-2022","1,779.8","1,780.0","1,834.5","1,762.0","7.90K","0.78%"
"11-02-2022","1,766.1","1,784.7","1,791.1","1,747.8","9.15K","-0.94%"
"10-02-2022","1,782.9","1,770.2","1,806.9","1,767.0","8.43K","0.86%"
"09-02-2022","1,767.7","1,744.0","1,771.8","1,731.2","6.19K","2.22%"
"08-02-2022","1,729.3","1,774.9","1,777.0","1,708.2","7.26K","-2.53%"
"07-02-2022","1,774.2","1,773.0","1,791.5","1,750.4","6.86K","1.81%"
"04-02-2022","1,742.6","1,733.0","1,749.7","1,730.1","5.13K","0.69%"
"03-02-2022","1,730.7","1,730.8","1,736.8","1,725.3","4.55K","-0.26%"
"02-02-2022","1,735.2","1,725.0","1,741.4","1,719.1","6.31K","0.50%"
"01-02-2022","1,726.6","1,692.5","1,736.0","1,683.9","6.22K","-0.11%"
"31-01-2022","1,728.5","1,725.0","1,779.9","1,680.0","0.08K","0.95%"
"28-01-2022","1,712.3","1,725.0","1,725.3","1,712.0","0.11K","-1.21%"
"27-01-2022","1,733.2","1,723.9","1,746.0","1,718.0","0.08K","0.98%"
"25-01-2022","1,716.4","1,706.4","1,728.7","1,695.0","0.26K","-0.52%"
"24-01-2022","1,725.4","1,795.8","1,818.7","1,710.8","2.05K","-5.20%"
"21-01-2022","1,820.0","1,780.0","1,845.0","1,765.2","7.20K","1.69%"
"20-01-2022","1,789.8","1,760.3","1,821.8","1,742.9","10.05K","3.46%"
"19-01-2022","1,729.9","1,665.0","1,733.3","1,655.7","8.05K","4.52%"
"18-01-2022","1,655.1","1,652.7","1,664.4","1,646.4","5.15K","0.66%"
"17-01-2022","1,644.2","1,627.1","1,648.3","1,626.0","5.59K","0.78%"
"14-01-2022","1,631.5","1,625.0","1,653.9","1,617.6","7.78K","0.59%"
"13-01-2022","1,622.0","1,615.4","1,626.2","1,613.0","4.52K","0.31%"
"12-01-2022","1,617.0","1,609.9","1,634.9","1,604.1","9.05K","0.97%"
"11-01-2022","1,601.4","1,558.5","1,607.0","1,558.5","8.42K","2.05%"
"10-01-2022","1,569.2","1,580.0","1,584.0","1,564.2","3.99K","0.14%"
"07-01-2022","1,567.0","1,558.0","1,580.6","1,557.4","4.14K","0.80%"
"06-01-2022","1,554.6","1,557.0","1,562.7","1,543.0","5.20K","-0.75%"
"05-01-2022","1,566.3","1,582.0","1,586.6","1,557.0","6.99K","-1.27%"
"04-01-2022","1,586.4","1,558.0","1,590.8","1,556.2","8.22K","1.01%"
"03-01-2022","1,570.6","1,567.0","1,576.7","1,564.0","2.66K","0.50%"
"31-12-2021","1,562.8","1,551.0","1,572.3","1,551.0","0.03K","0.42%"
"30-12-2021","1,556.3","1,564.3","1,565.0","1,552.0","0.08K","-0.12%"
"29-12-2021","1,558.2","1,535.5","1,562.0","1,535.5","0.10K","-0.09%"
"28-12-2021","1,559.6","1,576.0","1,585.0","1,555.9","0.09K","-1.03%"
"27-12-2021","1,575.9","1,569.0","1,577.7","1,559.5","0.31K","0.64%"
"24-12-2021","1,565.9","1,562.0","1,571.6","1,559.9","1.95K","0.20%"
"23-12-2021","1,562.7","1,565.3","1,573.2","1,555.2","2.89K","0.28%"
"22-12-2021","1,558.3","1,546.0","1,561.3","1,545.4","3.57K","1.02%"
"21-12-2021","1,542.5","1,532.0","1,544.0","1,531.1","3.30K","1.12%"
"20-12-2021","1,525.4","1,544.2","1,545.6","1,516.6","4.51K","-1.47%"
"17-12-2021","1,548.1","1,556.0","1,557.8","1,544.2","4.22K","0.11%"
"16-12-2021","1,546.4","1,530.7","1,551.9","1,528.4","5.57K","1.52%"
"15-12-2021","1,523.2","1,537.5","1,541.0","1,516.4","5.03K","-1.17%"
"14-12-2021","1,541.3","1,545.0","1,549.9","1,533.0","4.21K","-0.51%"
"13-12-2021","1,549.2","1,557.8","1,561.1","1,541.1","4.16K","-0.38%"
"10-12-2021","1,555.1","1,552.2","1,563.2","1,549.0","5.00K","-0.26%"
"09-12-2021","1,559.1","1,570.3","1,570.6","1,549.1","5.82K","-0.96%"
"08-12-2021","1,574.2","1,570.6","1,583.1","1,566.2","4.70K","0.44%"
"07-12-2021","1,567.3","1,542.6","1,572.0","1,541.6","5.50K","1.51%"
"06-12-2021","1,544.0","1,553.7","1,556.3","1,525.6","5.16K","-0.43%"
"03-12-2021","1,550.6","1,542.1","1,573.8","1,538.0","5.92K","0.78%"
"02-12-2021","1,538.6","1,539.9","1,547.4","1,531.1","4.79K","0.00%"
"01-12-2021","1,538.6","1,548.0","1,557.2","1,534.2","5.68K","-1.90%"
"30-11-2021","1,568.4","1,557.0","1,610.0","1,555.1","0.01K","0.42%"
"29-11-2021","1,561.9","1,585.0","1,585.0","1,560.0","0.07K","-0.01%"
"26-11-2021","1,562.1","1,594.9","1,594.9","1,548.0","0.10K","-2.25%"
"25-11-2021","1,598.1","1,610.0","1,620.0","1,586.5","0.08K","-0.49%"
"24-11-2021","1,606.0","1,572.5","1,625.0","1,568.3","0.75K","2.22%"
"23-11-2021","1,571.1","1,558.0","1,584.0","1,554.5","4.06K","1.64%"
"22-11-2021","1,545.7","1,523.2","1,553.5","1,521.6","4.63K","1.13%"
"19-11-2021","1,528.5","1,525.9","1,533.0","1,518.4","3.13K","1.00%"
"18-11-2021","1,513.4","1,498.5","1,530.4","1,484.2","6.76K","1.01%"
"17-11-2021","1,498.3","1,505.1","1,510.9","1,491.2","5.50K","-0.48%"
"16-11-2021","1,505.6","1,517.7","1,520.8","1,499.5","5.31K","-0.52%"
"15-11-2021","1,513.4","1,525.0","1,530.8","1,508.1","5.13K","-1.46%"
"12-11-2021","1,535.8","1,528.3","1,542.2","1,522.6","5.34K","0.70%"
"11-11-2021","1,525.1","1,529.9","1,534.0","1,518.2","5.11K","0.74%"
"10-11-2021","1,513.9","1,505.8","1,531.0","1,498.8","7.56K","0.75%"
"09-11-2021","1,502.6","1,508.6","1,519.8","1,495.4","6.05K","-0.42%"
"08-11-2021","1,508.9","1,484.7","1,517.3","1,479.1","5.81K","1.34%"
"05-11-2021","1,488.9","1,484.1","1,503.5","1,472.5","4.72K","0.32%"
"04-11-2021","1,484.1","1,494.0","1,499.9","1,480.0","0.74K","0.24%"
"03-11-2021","1,480.6","1,509.6","1,531.4","1,475.7","7.63K","-2.01%"
"02-11-2021","1,511.0","1,500.0","1,527.6","1,491.4","6.35K","-0.72%"
"01-11-2021","1,521.9","1,521.9","1,528.7","1,498.4","5.39K","1.62%"
"29-10-2021","1,497.7","1,510.0","1,510.0","1,490.8","0.01K","-1.40%"
"28-10-2021","1,518.9","1,524.1","1,528.0","1,517.4","0.06K","-0.48%"
"27-10-2021","1,526.2","1,584.0","1,584.0","1,522.0","0.11K","-3.62%"
"26-10-2021","1,583.5","1,595.0","1,608.0","1,580.0","0.13K","-0.95%"
"25-10-2021","1,598.7","1,572.4","1,602.5","1,556.7","0.41K","3.24%"
"22-10-2021","1,548.5","1,556.0","1,579.9","1,535.0","4.43K","-0.32%"
"21-10-2021","1,553.4","1,634.0","1,641.6","1,545.0","11.36K","-4.11%"
"20-10-2021","1,620.0","1,543.9","1,628.1","1,534.6","11.00K","4.42%"
"19-10-2021","1,551.4","1,562.0","1,594.8","1,548.0","9.17K","-0.06%"
"18-10-2021","1,552.3","1,561.6","1,575.7","1,550.6","7.55K","0.09%"
"15-10-2021","1,550.9","1,507.5","1,562.9","1,507.5","6.33K","3.29%"
"14-10-2021","1,501.5","1,482.9","1,510.0","1,482.9","6.78K","1.54%"
"13-10-2021","1,478.7","1,478.8","1,490.5","1,470.5","6.39K","0.41%"
"12-10-2021","1,472.7","1,478.6","1,498.3","1,470.5","7.77K","-0.71%"
"11-10-2021","1,483.2","1,502.3","1,520.3","1,480.5","7.04K","-0.70%"
"08-10-2021","1,493.7","1,454.4","1,502.0","1,454.4","10.56K","4.16%"
"07-10-2021","1,434.0","1,409.0","1,436.5","1,406.5","6.51K","1.82%"
"06-10-2021","1,408.4","1,405.0","1,414.9","1,395.8","5.62K","0.13%"
"05-10-2021","1,406.6","1,394.2","1,408.9","1,382.0","6.86K","0.59%"
"04-10-2021","1,398.3","1,389.4","1,403.0","1,384.7","6.25K","1.01%"
"01-10-2021","1,384.3","1,382.5","1,390.6","1,364.0","6.39K","-2.03%"
"30-09-2021","1,413.0","1,428.0","1,428.0","1,403.8","0.02K","-0.98%"
"29-09-2021","1,427.0","1,446.0","1,446.8","1,422.0","0.08K","-1.26%"
"28-09-2021","1,445.2","1,459.3","1,459.3","1,439.0","0.03K","-1.68%"
"27-09-2021","1,469.9","1,490.0","1,490.0","1,464.0","0.07K","-0.73%"
"24-09-2021","1,480.7","1,465.5","1,490.6","1,465.5","0.37K","-0.07%"
"23-09-2021","1,481.7","1,459.0","1,487.0","1,448.0","4.95K","1.40%"
"22-09-2021","1,461.2","1,457.9","1,469.2","1,437.0","6.73K","1.47%"
"21-09-2021","1,440.0","1,446.2","1,455.3","1,411.1","8.42K","-0.30%"
"20-09-2021","1,444.4","1,459.9","1,460.0","1,437.0","6.99K","-1.87%"
"17-09-2021","1,471.9","1,473.1","1,533.5","1,456.9","12.14K","0.11%"
"16-09-2021","1,470.3","1,497.7","1,501.9","1,462.7","8.45K","-3.22%"
"15-09-2021","1,519.2","1,487.0","1,523.3","1,484.1","7.88K","2.41%"
"14-09-2021","1,483.4","1,487.6","1,499.0","1,473.8","6.46K","-0.58%"
"13-09-2021","1,492.1","1,530.5","1,533.8","1,481.4","8.81K","-3.14%"
"10-09-2021","1,540.5","1,532.7","1,554.7","1,530.0","4.50K","1.22%"
"09-09-2021","1,522.0","1,504.0","1,527.8","1,503.3","8.19K","2.24%"
"08-09-2021","1,488.7","1,475.2","1,495.0","1,475.2","6.58K","1.19%"
"07-09-2021","1,471.2","1,462.5","1,476.3","1,455.9","6.23K","0.24%"
"06-09-2021","1,467.7","1,471.5","1,473.0","1,455.0","5.36K","-0.64%"
"03-09-2021","1,477.1","1,435.7","1,479.2","1,431.4","8.82K","2.63%"
"02-09-2021","1,439.3","1,435.8","1,441.0","1,419.1","5.89K","0.54%"
"01-09-2021","1,431.6","1,444.0","1,446.3","1,424.8","7.33K","-1.17%"
"31-08-2021","1,448.6","1,448.6","1,457.4","1,445.0","0.03K","1.12%"
"30-08-2021","1,432.5","1,431.8","1,445.7","1,426.9","0.03K","1.22%"
"27-08-2021","1,415.3","1,415.0","1,427.0","1,412.0","0.03K","-0.56%"
"26-08-2021","1,423.3","1,444.8","1,445.0","1,415.0","0.05K","-1.46%"
"25-08-2021","1,444.4","1,437.9","1,448.9","1,437.9","0.32K","0.48%"
"24-08-2021","1,437.5","1,437.5","1,452.0","1,433.4","4.71K","0.03%"
"23-08-2021","1,437.0","1,423.0","1,442.0","1,423.0","6.26K","2.47%"
"20-08-2021","1,402.4","1,412.0","1,414.9","1,396.7","6.75K","0.28%"
"19-08-2021","1,398.5","1,417.0","1,425.8","1,393.4","6.97K","-2.58%"
"18-08-2021","1,435.6","1,465.8","1,467.7","1,427.0","7.51K","-1.74%"
"17-08-2021","1,461.0","1,483.7","1,486.6","1,453.6","6.79K","-1.52%"
"16-08-2021","1,483.6","1,484.2","1,488.0","1,474.7","5.58K","-0.38%"
"13-08-2021","1,489.2","1,486.4","1,494.0","1,482.0","6.37K","-0.14%"
"12-08-2021","1,491.3","1,484.8","1,497.3","1,479.3","7.92K","1.19%"
"11-08-2021","1,473.7","1,435.2","1,478.9","1,429.6","8.63K","2.06%"
"10-08-2021","1,443.9","1,431.0","1,449.5","1,427.3","6.05K","1.43%"
"09-08-2021","1,423.6","1,442.0","1,444.7","1,417.3","6.72K","-2.44%"
"06-08-2021","1,459.2","1,476.0","1,484.4","1,455.2","7.23K","-0.75%"
"05-08-2021","1,470.2","1,456.1","1,481.8","1,456.1","8.38K","0.66%"
"04-08-2021","1,460.5","1,464.7","1,476.6","1,458.5","8.20K","-0.64%"
"03-08-2021","1,469.9","1,477.0","1,477.0","1,452.8","8.70K","-0.57%"
"02-08-2021","1,478.4","1,483.0","1,497.8","1,475.8","7.00K","-1.72%"
"30-07-2021","1,504.2","1,512.0","1,518.0","1,490.0","0.03K","-1.18%"
"29-07-2021","1,522.1","1,525.0","1,537.9","1,512.1","0.07K","1.31%"
"28-07-2021","1,502.4","1,519.0","1,519.0","1,495.0","0.05K","0.83%"
"27-07-2021","1,490.1","1,507.9","1,510.0","1,487.0","0.11K","-2.15%"
"26-07-2021","1,522.9","1,484.7","1,525.0","1,483.0","0.68K","2.95%"
"23-07-2021","1,479.3","1,437.8","1,484.9","1,432.7","5.16K","4.29%"
"22-07-2021","1,418.4","1,391.2","1,420.4","1,390.4","6.86K","1.93%"
"21-07-2021","1,391.5","1,393.0","1,393.0","1,377.6","3.87K","-0.55%"
"20-07-2021","1,399.2","1,399.6","1,403.8","1,387.2","5.55K","0.63%"
"19-07-2021","1,390.4","1,435.5","1,442.6","1,386.7","12.51K","-3.11%"
"16-07-2021","1,435.0","1,430.3","1,437.6","1,419.2","8.74K","1.75%"
"15-07-2021","1,410.3","1,395.3","1,413.5","1,394.3","8.20K","1.07%"
"14-07-2021","1,395.4","1,402.5","1,407.9","1,390.6","7.28K","-0.68%"
"13-07-2021","1,405.0","1,400.6","1,410.8","1,387.0","11.00K","0.44%"
"12-07-2021","1,398.9","1,394.1","1,404.0","1,382.7","8.51K","-0.38%"
"09-07-2021","1,404.3","1,384.7","1,406.4","1,384.7","10.54K","1.95%"
"08-07-2021","1,377.4","1,373.2","1,380.8","1,363.6","9.14K","-0.01%"
"07-07-2021","1,377.5","1,353.1","1,381.5","1,353.1","10.58K","1.77%"
"06-07-2021","1,353.6","1,382.7","1,390.6","1,348.3","11.97K","-1.60%"
"05-07-2021","1,375.6","1,382.0","1,384.8","1,364.0","7.31K","0.25%"
"02-07-2021","1,372.2","1,352.9","1,376.9","1,348.2","8.52K","0.99%"
"01-07-2021","1,358.8","1,354.9","1,370.0","1,350.1","7.73K","-1.06%"
"30-06-2021","1,373.4","1,360.0","1,375.0","1,357.0","0.03K","1.70%"
"29-06-2021","1,350.4","1,351.0","1,369.0","1,347.0","0.01K","-0.68%"
"28-06-2021","1,359.7","1,366.4","1,412.9","1,354.3","0.03K","-1.27%"
"25-06-2021","1,377.2","1,373.1","1,384.0","1,368.7","0.08K","0.74%"
"24-06-2021","1,367.1","1,333.5","1,370.0","1,329.2","0.67K","2.18%"
"23-06-2021","1,337.9","1,330.0","1,340.0","1,324.0","4.50K","1.23%"
"22-06-2021","1,321.7","1,308.0","1,332.1","1,308.0","9.06K","1.79%"
"21-06-2021","1,298.4","1,294.7","1,303.6","1,276.0","8.20K","1.88%"
"18-06-2021","1,274.5","1,291.3","1,293.6","1,271.1","7.79K","-0.37%"
"17-06-2021","1,279.2","1,281.7","1,298.7","1,270.5","11.23K","-0.77%"
"16-06-2021","1,289.1","1,290.7","1,301.9","1,279.3","8.11K","-0.35%"
"15-06-2021","1,293.6","1,334.0","1,334.0","1,289.0","13.33K","-4.52%"
"14-06-2021","1,354.9","1,342.4","1,359.9","1,336.8","6.07K","0.76%"
"11-06-2021","1,344.7","1,341.1","1,349.3","1,334.4","7.98K","1.07%"
"10-06-2021","1,330.4","1,322.1","1,341.2","1,301.7","12.76K","0.37%"
"09-06-2021","1,325.5","1,324.0","1,328.5","1,314.5","8.14K","0.85%"
"08-06-2021","1,314.3","1,300.1","1,318.8","1,295.5","8.57K","0.43%"
"07-06-2021","1,308.7","1,305.3","1,314.0","1,287.2","8.61K","-0.39%"
"04-06-2021","1,313.8","1,313.0","1,327.1","1,305.7","8.31K","0.03%"
"03-06-2021","1,313.4","1,342.0","1,354.1","1,300.7","12.64K","-1.55%"
"02-06-2021","1,334.1","1,327.8","1,343.7","1,326.0","9.81K","0.75%"
"01-06-2021","1,324.2","1,324.6","1,343.9","1,317.3","8.60K","-0.05%"
"31-05-2021","1,324.9","1,325.0","1,325.0","1,324.8","0.00K","1.54%"
"28-05-2021","1,304.8","1,300.0","1,316.8","1,287.0","0.01K","1.71%"
"27-05-2021","1,282.8","1,244.4","1,293.7","1,244.4","0.09K","2.13%"
"26-05-2021","1,256.1","1,257.1","1,262.3","1,245.0","0.05K","1.22%"
"25-05-2021","1,240.9","1,249.0","1,249.3","1,234.9","0.76K","-0.98%"
"24-05-2021","1,253.2","1,223.3","1,257.0","1,219.0","7.71K","2.53%"
"21-05-2021","1,222.3","1,241.6","1,255.0","1,217.3","14.27K","-2.32%"
"20-05-2021","1,251.3","1,275.5","1,281.6","1,249.1","11.52K","-1.64%"
"19-05-2021","1,272.2","1,317.4","1,324.0","1,268.9","14.26K","-3.75%"
"18-05-2021","1,321.7","1,332.2","1,337.4","1,317.3","10.04K","-0.07%"
"17-05-2021","1,322.6","1,308.0","1,324.4","1,296.9","11.31K","1.54%"
"14-05-2021","1,302.6","1,274.7","1,304.7","1,261.0","14.33K","1.61%"
"13-05-2021","1,282.0","1,276.0","1,291.3","1,273.6","7.85K","-2.48%"
"12-05-2021","1,314.6","1,325.5","1,342.9","1,308.0","14.48K","-1.05%"
"11-05-2021","1,328.6","1,315.7","1,331.8","1,312.3","11.40K","1.44%"
"10-05-2021","1,309.7","1,330.3","1,341.0","1,305.0","13.65K","-1.85%"
"07-05-2021","1,334.4","1,332.9","1,339.0","1,321.6","10.67K","0.53%"
"06-05-2021","1,327.4","1,322.5","1,337.8","1,314.6","12.33K","-0.39%"
"05-05-2021","1,332.6","1,335.5","1,345.4","1,322.0","11.44K","1.12%"
"04-05-2021","1,317.9","1,321.7","1,343.7","1,314.4","11.67K","0.01%"
"03-05-2021","1,317.8","1,316.0","1,328.9","1,310.2","5.40K","0.80%"
"30-04-2021","1,307.3","1,307.0","1,309.0","1,306.0","0.00K","0.95%"
"29-04-2021","1,295.0","1,295.0","1,295.0","1,295.0","0.01K","-0.15%"
"28-04-2021","1,296.9","1,266.0","1,303.6","1,262.7","0.04K","2.53%"
"27-04-2021","1,264.9","1,260.2","1,273.3","1,256.9","0.04K","1.50%"
"26-04-2021","1,246.2","1,236.0","1,256.7","1,232.8","0.61K","1.18%"
"23-04-2021","1,231.7","1,208.0","1,238.0","1,200.5","7.06K","2.41%"
"22-04-2021","1,202.7","1,217.7","1,220.0","1,197.0","9.18K","-1.84%"
"21-04-2021","1,225.3","1,216.4","1,229.3","1,211.2","6.53K","1.52%"
"20-04-2021","1,207.0","1,219.7","1,230.7","1,202.1","10.14K","-0.66%"
"19-04-2021","1,215.0","1,216.4","1,230.0","1,211.0","8.31K","0.05%"
"16-04-2021","1,214.4","1,240.7","1,245.0","1,210.3","8.60K","-1.91%"
"15-04-2021","1,238.1","1,223.0","1,242.9","1,217.0","7.30K","-0.10%"
"14-04-2021","1,239.4","1,227.0","1,242.0","1,223.2","4.15K","1.88%"
"13-04-2021","1,216.5","1,214.7","1,231.0","1,212.6","5.59K","0.02%"
"12-04-2021","1,216.3","1,243.0","1,243.0","1,211.7","7.04K","-2.91%"
"09-04-2021","1,252.7","1,266.6","1,272.0","1,247.3","7.02K","-1.43%"
"08-04-2021","1,270.9","1,264.5","1,275.2","1,259.7","6.18K","1.13%"
"07-04-2021","1,256.7","1,240.0","1,266.2","1,238.5","6.75K","0.75%"
"06-04-2021","1,247.4","1,227.0","1,249.6","1,224.5","5.59K","1.27%"
"05-04-2021","1,231.7","1,204.5","1,242.5","1,196.6","4.82K","2.40%"
"01-04-2021","1,202.8","1,182.0","1,205.0","1,176.5","6.52K","-0.86%"
"31-03-2021","1,213.2","1,212.0","1,249.8","1,202.0","0.02K","-0.39%"
"30-03-2021","1,217.9","1,210.0","1,229.5","1,195.1","0.03K","1.13%"
"29-03-2021","1,204.3","1,210.0","1,210.0","1,198.3","0.01K","-0.21%"
"26-03-2021","1,206.8","1,205.0","1,220.6","1,195.0","0.06K","-0.12%"
"25-03-2021","1,208.3","1,155.5","1,239.8","1,147.5","2.12K","4.03%"
"24-03-2021","1,161.5","1,151.0","1,167.6","1,150.3","5.18K","1.13%"
"23-03-2021","1,148.5","1,173.3","1,193.9","1,146.0","8.72K","-2.64%"
"22-03-2021","1,179.6","1,174.0","1,184.9","1,165.8","5.25K","0.94%"
"19-03-2021","1,168.6","1,157.8","1,173.0","1,145.2","7.11K","0.78%"
"18-03-2021","1,159.6","1,162.0","1,166.0","1,157.1","4.64K","-0.20%"
"17-03-2021","1,161.9","1,161.5","1,168.0","1,154.1","6.27K","-0.14%"
"16-03-2021","1,163.5","1,160.0","1,174.7","1,154.7","6.12K","-0.10%"
"15-03-2021","1,164.7","1,179.0","1,179.0","1,145.9","6.53K","0.78%"
"12-03-2021","1,155.7","1,174.0","1,174.8","1,152.8","8.44K","-2.17%"
"11-03-2021","1,181.3","1,191.5","1,193.9","1,173.0","5.06K","1.15%"
"10-03-2021","1,167.9","1,172.5","1,189.0","1,157.1","8.92K","-0.98%"
"09-03-2021","1,179.4","1,195.8","1,203.6","1,145.5","11.05K","-1.81%"
"08-03-2021","1,201.2","1,188.0","1,202.7","1,175.4","8.84K","0.75%"
"05-03-2021","1,192.2","1,170.4","1,217.7","1,170.4","11.26K","2.52%"
"04-03-2021","1,162.9","1,241.5","1,241.5","1,158.3","20.20K","-7.69%"
"03-03-2021","1,259.8","1,362.9","1,362.9","1,253.1","21.99K","-7.65%"
"02-03-2021","1,364.1","1,341.3","1,368.0","1,335.0","10.35K","0.49%"
"01-03-2021","1,357.4","1,370.0","1,373.5","1,351.0","8.36K","-1.29%"
"26-02-2021","1,375.1","1,395.2","1,395.2","1,368.5","0.02K","-0.52%"
"25-02-2021","1,382.3","1,446.0","1,446.0","1,360.0","0.07K","-1.12%"
"24-02-2021","1,398.0","1,395.0","1,400.0","1,383.0","0.06K","0.89%"
"23-02-2021","1,385.7","1,421.0","1,427.0","1,380.0","0.07K","-1.10%"
"22-02-2021","1,401.1","1,435.7","1,444.5","1,392.9","0.83K","-1.05%"
"19-02-2021","1,416.0","1,386.8","1,429.5","1,377.7","11.77K","2.04%"
"18-02-2021","1,387.7","1,361.0","1,390.4","1,360.0","10.17K","1.91%"
"17-02-2021","1,361.7","1,360.5","1,364.0","1,352.8","7.52K","-0.29%"
"16-02-2021","1,365.7","1,351.9","1,367.2","1,341.0","9.88K","1.30%"
"15-02-2021","1,348.2","1,355.5","1,362.0","1,346.7","7.87K","0.34%"
"12-02-2021","1,343.6","1,348.2","1,354.0","1,325.0","13.86K","-0.52%"
"11-02-2021","1,350.6","1,360.5","1,360.5","1,348.6","8.92K","-0.58%"
"10-02-2021","1,358.5","1,339.0","1,360.6","1,335.6","14.27K","1.46%"
"09-02-2021","1,339.0","1,329.6","1,341.0","1,328.2","10.33K","1.10%"
"08-02-2021","1,324.4","1,313.8","1,325.7","1,312.1","8.84K","0.65%"
"05-02-2021","1,315.9","1,293.7","1,318.0","1,291.3","12.40K","2.63%"
"04-02-2021","1,282.2","1,278.1","1,288.5","1,274.1","11.13K","0.16%"
"03-02-2021","1,280.1","1,277.0","1,289.8","1,275.5","11.05K","-0.47%"
"02-02-2021","1,286.1","1,299.5","1,299.5","1,283.1","9.91K","-0.87%"
"01-02-2021","1,297.4","1,294.0","1,307.5","1,270.0","10.77K","1.56%"
"29-01-2021","1,277.5","1,279.0","1,290.0","1,270.0","0.03K","-1.09%"
"28-01-2021","1,291.6","1,293.0","1,297.4","1,278.2","0.05K","-0.36%"
"27-01-2021","1,296.3","1,306.3","1,310.0","1,292.0","0.08K","-2.03%"
"25-01-2021","1,323.2","1,328.8","1,332.6","1,316.5","0.05K","0.39%"
"22-01-2021","1,318.0","1,322.2","1,327.5","1,295.0","1.44K","-1.23%"
"21-01-2021","1,334.4","1,332.0","1,340.4","1,327.7","9.70K","0.93%"
"20-01-2021","1,322.1","1,317.8","1,325.5","1,308.0","12.33K","-0.11%"
"19-01-2021","1,323.5","1,316.4","1,334.9","1,304.2","13.54K","0.43%"
"18-01-2021","1,317.8","1,319.3","1,327.0","1,310.1","9.82K","0.38%"
"15-01-2021","1,312.8","1,329.4","1,330.4","1,295.0","16.85K","-1.46%"
"14-01-2021","1,332.2","1,287.0","1,334.6","1,280.5","17.61K","3.72%"
"13-01-2021","1,284.4","1,302.0","1,302.0","1,273.9","12.84K","-0.24%"
"12-01-2021","1,287.5","1,267.8","1,291.0","1,263.5","13.29K","2.46%"
"11-01-2021","1,256.6","1,288.0","1,288.0","1,248.4","12.55K","-2.77%"
"08-01-2021","1,292.4","1,318.0","1,321.5","1,288.3","15.06K","-2.78%"
"07-01-2021","1,329.4","1,315.0","1,334.0","1,303.8","15.60K","2.21%"
"06-01-2021","1,300.7","1,289.2","1,310.6","1,287.7","13.19K","0.28%"
"05-01-2021","1,297.1","1,283.8","1,298.0","1,275.5","12.00K","2.19%"
"04-01-2021","1,269.3","1,226.0","1,274.0","1,226.0","14.61K","4.59%"
"01-01-2021","1,213.6","1,214.2","1,223.0","1,211.0","2.48K","-0.60%"
"31-12-2020","1,220.9","1,223.7","1,223.7","1,219.0","0.00K","-2.64%"
"30-12-2020","1,254.0","1,256.3","1,256.4","1,250.0","0.02K","-0.10%"
"29-12-2020","1,255.3","1,292.3","1,303.1","1,243.3","0.15K","-3.90%"
"28-12-2020","1,306.3","1,303.0","1,309.6","1,296.5","0.32K","0.72%"
"24-12-2020","1,297.0","1,285.5","1,309.4","1,282.3","1.47K","0.87%"
"23-12-2020","1,285.8","1,265.5","1,289.9","1,252.6","10.76K","1.77%"
"22-12-2020","1,263.4","1,305.5","1,308.2","1,258.6","17.78K","-3.11%"
"21-12-2020","1,304.0","1,309.4","1,332.7","1,291.6","16.44K","-0.33%"
"18-12-2020","1,308.3","1,319.0","1,323.0","1,307.3","10.71K","-0.08%"
"17-12-2020","1,309.4","1,305.7","1,323.0","1,302.3","13.35K","0.38%"
"16-12-2020","1,304.5","1,310.0","1,315.8","1,297.0","15.07K","-0.96%"
"15-12-2020","1,317.1","1,314.0","1,335.5","1,310.6","15.89K","-0.13%"
"14-12-2020","1,318.8","1,314.0","1,327.9","1,307.6","13.12K","1.74%"
"11-12-2020","1,296.2","1,292.8","1,307.8","1,283.6","16.41K","-0.51%"
"10-12-2020","1,302.8","1,245.0","1,309.2","1,245.0","19.07K","3.93%"
"09-12-2020","1,253.5","1,229.7","1,258.3","1,226.4","13.96K","1.94%"
"08-12-2020","1,229.7","1,232.6","1,236.4","1,222.7","9.49K","0.27%"
"07-12-2020","1,226.4","1,227.0","1,233.0","1,221.6","9.55K","-0.15%"
"04-12-2020","1,228.3","1,197.5","1,230.1","1,193.2","15.27K","2.37%"
"03-12-2020","1,199.9","1,197.0","1,205.6","1,188.7","12.48K","0.08%"
"02-12-2020","1,199.0","1,210.6","1,216.5","1,189.3","14.88K","-1.15%"
"01-12-2020","1,212.9","1,208.5","1,217.7","1,196.6","13.72K","0.51%"
"30-11-2020","1,206.7","1,225.3","1,235.4","1,203.7","10.83K","-1.83%"
"27-11-2020","1,229.2","1,230.0","1,230.0","1,228.0","0.01K","2.12%"
"26-11-2020","1,203.7","1,204.0","1,207.0","1,199.4","0.01K","0.12%"
"25-11-2020","1,202.2","1,213.9","1,213.9","1,194.0","0.03K","-0.34%"
"24-11-2020","1,206.3","1,201.2","1,213.3","1,197.0","0.04K","1.10%"
"23-11-2020","1,193.2","1,217.5","1,218.0","1,186.7","1.67K","-1.59%"
"20-11-2020","1,212.5","1,192.2","1,215.0","1,190.6","13.02K","1.82%"
"19-11-2020","1,190.8","1,184.0","1,193.9","1,177.8","13.35K","0.65%"
"18-11-2020","1,183.1","1,188.8","1,192.6","1,181.0","13.32K","-1.08%"
"17-11-2020","1,196.0","1,191.0","1,197.7","1,178.6","15.53K","0.22%"
"16-11-2020","1,193.4","1,205.6","1,213.5","1,190.8","8.37K","-0.49%"
"14-11-2020","1,199.3","1,197.0","1,201.4","1,197.0","0.62K","0.17%"
"13-11-2020","1,197.3","1,186.5","1,202.2","1,186.5","12.91K","0.03%"
"12-11-2020","1,196.9","1,199.9","1,207.0","1,191.5","15.08K","-0.53%"
"11-11-2020","1,203.3","1,191.5","1,204.3","1,180.5","15.44K","0.88%"
"10-11-2020","1,192.8","1,175.0","1,194.3","1,170.3","17.72K","1.08%"
"09-11-2020","1,180.1","1,170.0","1,187.3","1,170.0","16.84K","2.88%"
"06-11-2020","1,147.1","1,155.5","1,169.8","1,144.4","17.30K","-1.22%"
"05-11-2020","1,161.3","1,149.4","1,163.3","1,149.4","13.54K","0.50%"
"04-11-2020","1,155.5","1,152.2","1,158.5","1,138.9","15.94K","-0.14%"
"03-11-2020","1,157.1","1,146.6","1,159.9","1,141.1","13.10K","1.09%"
"02-11-2020","1,144.6","1,146.2","1,148.7","1,134.0","14.59K","-0.05%"
"30-10-2020","1,145.2","1,154.8","1,154.8","1,141.9","0.01K","-2.18%"
"29-10-2020","1,170.7","1,170.7","1,170.7","1,170.7","18.99K","0.00%"
"28-10-2020","1,170.7","1,186.0","1,205.4","1,167.0","0.03K","0.08%"
"27-10-2020","1,169.8","1,161.9","1,178.2","1,152.0","0.10K","1.29%"
"26-10-2020","1,154.9","1,150.5","1,157.8","1,142.3","0.88K","-0.09%"
"23-10-2020","1,155.9","1,164.1","1,171.9","1,150.0","13.57K","-0.86%"
"22-10-2020","1,165.9","1,155.3","1,169.0","1,155.0","12.64K","-0.24%"
"21-10-2020","1,168.7","1,178.5","1,183.8","1,157.7","16.06K","-0.49%"
"20-10-2020","1,174.5","1,149.1","1,175.8","1,144.3","15.35K","2.49%"
"19-10-2020","1,146.0","1,153.4","1,155.6","1,142.3","12.95K","-0.31%"
"16-10-2020","1,149.6","1,130.0","1,150.9","1,130.0","13.95K","1.69%"
"15-10-2020","1,130.5","1,124.0","1,136.6","1,119.5","15.73K","-0.45%"
"14-10-2020","1,135.6","1,103.8","1,140.5","1,098.9","17.40K","3.06%"
"13-10-2020","1,101.9","1,110.0","1,114.8","1,095.1","14.20K","-0.94%"
"12-10-2020","1,112.3","1,103.2","1,117.0","1,103.2","11.62K","0.64%"
"09-10-2020","1,105.2","1,081.0","1,108.7","1,081.0","13.85K","3.25%"
"08-10-2020","1,070.4","1,066.8","1,082.3","1,063.6","15.10K","0.55%"
"07-10-2020","1,064.5","1,065.8","1,074.7","1,056.5","16.30K","-0.03%"
"06-10-2020","1,064.8","1,066.0","1,078.2","1,061.4","13.57K","0.24%"
"05-10-2020","1,062.2","1,048.0","1,068.9","1,039.1","14.63K","1.39%"
"01-10-2020","1,047.6","1,065.3","1,071.7","1,035.1","16.55K","-0.88%"
"30-09-2020","1,056.9","1,060.0","1,065.0","1,051.1","0.02K","-0.76%"
"29-09-2020","1,065.0","1,065.0","1,065.0","1,065.0","0.00K","1.00%"
"28-09-2020","1,054.5","1,056.0","1,056.0","1,052.9","0.00K","0.67%"
"25-09-2020","1,047.5","1,056.0","1,067.0","1,040.8","0.13K","-0.55%"
"24-09-2020","1,053.3","1,050.0","1,058.8","1,040.0","1.78K","0.04%"
"23-09-2020","1,052.9","1,067.0","1,067.0","1,049.1","12.03K","-1.40%"
"22-09-2020","1,067.8","1,071.0","1,073.9","1,058.4","12.54K","0.37%"
"21-09-2020","1,063.9","1,098.0","1,098.9","1,047.2","18.22K","-2.47%"
"18-09-2020","1,090.8","1,110.0","1,112.7","1,088.5","13.71K","-1.53%"
"17-09-2020","1,107.7","1,107.1","1,109.5","1,095.1","15.07K","-0.73%"
"16-09-2020","1,115.8","1,120.9","1,121.9","1,112.2","13.10K","-0.34%"
"15-09-2020","1,119.6","1,123.6","1,127.3","1,113.3","14.48K","-0.16%"
"14-09-2020","1,121.4","1,117.1","1,123.0","1,111.4","13.19K","0.87%"
"11-09-2020","1,111.7","1,088.1","1,113.8","1,081.0","16.49K","1.83%"
"10-09-2020","1,091.7","1,098.0","1,101.2","1,086.0","15.99K","-0.90%"
"09-09-2020","1,101.6","1,102.5","1,102.9","1,089.1","13.24K","-0.39%"
"08-09-2020","1,105.9","1,123.5","1,128.0","1,088.3","17.96K","-1.43%"
"07-09-2020","1,122.0","1,125.8","1,125.8","1,118.0","8.70K","-0.37%"
"04-09-2020","1,126.2","1,118.6","1,127.7","1,111.7","13.64K","1.47%"
"03-09-2020","1,109.9","1,149.8","1,150.4","1,108.2","18.94K","-3.85%"
"02-09-2020","1,154.3","1,145.3","1,158.4","1,142.4","13.87K","1.04%"
"01-09-2020","1,142.4","1,141.0","1,152.7","1,140.5","11.86K","1.14%"
"31-08-2020","1,129.5","1,130.0","1,130.0","1,129.0","0.00K","0.12%"
"28-08-2020","1,128.1","1,125.0","1,132.5","1,120.7","0.01K","0.96%"
"27-08-2020","1,117.4","1,123.3","1,125.1","1,116.0","0.09K","-0.35%"
"26-08-2020","1,121.3","1,115.0","1,125.7","1,112.9","0.07K","1.04%"
"25-08-2020","1,109.8","1,109.3","1,116.0","1,098.2","1.46K","0.11%"
"24-08-2020","1,108.6","1,108.9","1,113.8","1,102.6","11.60K","0.38%"
"21-08-2020","1,104.4","1,118.0","1,118.0","1,095.6","19.18K","0.09%"
"20-08-2020","1,103.4","1,109.8","1,115.4","1,101.1","17.43K","-0.38%"
"19-08-2020","1,107.6","1,109.0","1,119.9","1,103.4","16.66K","0.00%"
"18-08-2020","1,107.6","1,099.0","1,115.3","1,097.7","18.50K","0.24%"
"17-08-2020","1,105.0","1,091.9","1,109.6","1,091.9","14.56K","1.79%"
"14-08-2020","1,085.6","1,073.4","1,090.0","1,073.4","15.12K","1.88%"
"13-08-2020","1,065.6","1,075.0","1,083.8","1,063.6","15.11K","-1.10%"
"12-08-2020","1,077.5","1,070.0","1,083.9","1,061.1","17.48K","-0.78%"
"11-08-2020","1,086.0","1,085.0","1,091.9","1,073.0","19.75K","-0.05%"
"10-08-2020","1,086.5","1,090.8","1,094.7","1,074.8","17.28K","-0.83%"
"07-08-2020","1,095.6","1,101.1","1,108.7","1,090.9","21.32K","-0.57%"
"06-08-2020","1,101.9","1,089.5","1,117.0","1,089.5","22.91K","1.41%"
"05-08-2020","1,086.6","1,070.1","1,111.4","1,067.0","22.99K","1.88%"
"04-08-2020","1,066.6","1,057.2","1,073.8","1,054.5","17.59K","0.44%"
"03-08-2020","1,061.9","1,038.0","1,064.5","1,034.1","17.00K","1.43%"
"31-07-2020","1,046.9","1,045.0","1,048.8","1,042.9","0.01K","0.70%"
"30-07-2020","1,039.6","1,040.0","1,042.0","1,036.3","0.01K","0.60%"
"29-07-2020","1,033.4","1,030.1","1,040.8","1,024.0","0.03K","0.57%"
"28-07-2020","1,027.5","1,027.1","1,030.0","1,018.0","0.06K","-0.46%"
"27-07-2020","1,032.2","1,025.1","1,039.8","1,021.0","0.97K","1.20%"
"24-07-2020","1,020.0","1,022.2","1,028.1","1,001.0","18.66K","-0.64%"
"23-07-2020","1,026.6","989.3","1,028.3","988.9","21.50K","4.01%"
"22-07-2020","987.0","1,015.6","1,021.8","985.4","19.33K","-2.65%"
"21-07-2020","1,013.9","999.2","1,016.6","995.4","15.78K","1.76%"
"20-07-2020","996.4","995.3","1,007.9","992.5","16.64K","0.26%"
"17-07-2020","993.8","1,012.0","1,012.0","991.6","16.55K","-2.11%"
"16-07-2020","1,015.2","1,018.6","1,018.9","1,002.8","15.54K","-0.66%"
"15-07-2020","1,021.9","1,028.8","1,031.6","1,010.3","16.97K","-0.56%"
"14-07-2020","1,027.7","1,025.9","1,030.5","1,019.1","14.31K","-0.70%"
"13-07-2020","1,034.9","1,025.1","1,036.6","1,021.1","17.43K","1.17%"
"10-07-2020","1,022.9","1,000.0","1,025.4","989.0","20.03K","2.52%"
"09-07-2020","997.8","1,014.8","1,019.4","995.0","17.29K","-1.68%"
"08-07-2020","1,014.8","1,007.5","1,015.7","1,005.1","12.12K","0.72%"
"07-07-2020","1,007.5","997.0","1,011.8","996.7","15.98K","0.50%"
"06-07-2020","1,002.5","980.0","1,004.2","980.0","14.84K","2.64%"
"03-07-2020","976.7","983.2","985.0","975.3","12.99K","0.05%"
"02-07-2020","976.2","975.1","984.6","972.5","12.48K","-0.44%"
"01-07-2020","980.5","976.1","982.8","964.5","12.91K","0.87%"
"30-06-2020","972.0","969.0","974.0","969.0","0.05K","0.53%"
"29-06-2020","966.9","966.1","968.0","966.1","0.01K","0.30%"
"26-06-2020","964.0","953.4","966.9","953.4","0.02K","1.86%"
"25-06-2020","946.4","948.4","950.7","943.8","0.03K","0.07%"
"24-06-2020","945.7","961.5","964.9","936.0","1.60K","-1.64%"
"23-06-2020","961.5","964.9","966.4","957.4","9.65K","-0.21%"
"22-06-2020","963.5","976.7","978.9","960.4","12.02K","-1.18%"
"19-06-2020","975.0","981.3","990.7","972.3","12.26K","-1.01%"
"18-06-2020","984.9","980.0","986.8","976.0","11.89K","0.58%"
"17-06-2020","979.2","987.1","989.5","977.5","13.43K","-1.31%"
"16-06-2020","992.2","978.7","994.0","976.1","17.22K","1.61%"
"15-06-2020","976.5","962.2","978.2","952.5","15.85K","0.93%"
"12-06-2020","967.5","959.2","973.7","959.2","13.34K","0.32%"
"11-06-2020","964.4","980.7","981.5","963.3","14.96K","-2.16%"
"10-06-2020","985.7","969.9","987.1","964.5","17.31K","1.59%"
"09-06-2020","970.3","980.0","983.5","962.5","16.09K","-1.12%"
"08-06-2020","981.3","975.5","984.0","971.4","14.13K","0.68%"
"05-06-2020","974.7","962.9","978.4","962.1","17.77K","1.30%"
"04-06-2020","962.2","957.6","963.9","947.5","14.85K","0.11%"
"03-06-2020","961.1","960.0","969.2","953.3","15.56K","-0.24%"
"02-06-2020","963.4","948.6","964.7","948.0","16.52K","1.19%"
"01-06-2020","952.1","948.0","956.8","939.2","15.29K","3.58%"
"29-05-2020","919.2","922.2","922.2","918.4","0.01K","-0.38%"
"28-05-2020","922.7","924.0","924.0","921.3","0.00K","0.10%"
"27-05-2020","921.8","922.5","923.3","920.3","0.01K","-0.76%"
"26-05-2020","928.9","922.8","931.5","919.3","0.04K","0.95%"
"25-05-2020","920.2","929.0","930.3","912.8","0.62K","-0.73%"
"22-05-2020","927.0","930.5","932.5","917.1","13.03K","-1.44%"
"21-05-2020","940.5","963.0","969.7","934.0","17.98K","-1.78%"
"20-05-2020","957.5","942.0","958.9","935.2","16.41K","1.45%"
"19-05-2020","943.8","930.2","945.5","929.0","16.11K","1.15%"
"18-05-2020","933.1","908.5","934.7","908.5","14.37K","3.33%"
"15-05-2020","903.0","915.1","918.4","901.3","12.56K","-1.27%"
"14-05-2020","914.6","926.9","933.0","910.6","11.46K","-1.22%"
"13-05-2020","925.9","929.2","929.2","921.6","9.68K","-0.18%"
"12-05-2020","927.6","939.6","939.6","925.3","9.76K","-1.62%"
"11-05-2020","942.9","940.0","944.9","932.0","10.91K","0.57%"
"08-05-2020","937.6","930.0","941.5","926.2","9.24K","0.86%"
"07-05-2020","929.6","938.4","940.4","925.6","12.51K","-0.94%"
"06-05-2020","938.4","923.7","939.7","917.0","13.87K","2.01%"
"05-05-2020","919.9","908.5","921.6","905.3","10.12K","1.84%"
"04-05-2020","903.3","909.1","910.0","901.6","7.07K","-0.92%"
"01-05-2020","911.7","911.7","917.0","905.6","7.72K","-1.81%"
"30-04-2020","928.5","928.0","936.0","926.3","0.01K","-1.19%"
"29-04-2020","939.7","940.9","946.0","934.8","0.02K","0.56%"
"28-04-2020","934.5","925.3","936.4","925.3","0.03K","-0.02%"
"27-04-2020","934.7","960.0","962.4","933.3","0.06K","-1.25%"
"24-04-2020","946.5","932.8","949.5","921.0","0.59K","1.68%"
"23-04-2020","930.9","930.4","946.9","925.0","7.30K","0.57%"
"22-04-2020","925.6","920.1","973.7","900.8","9.99K","-1.14%"
"21-04-2020","936.3","930.0","949.7","907.0","10.60K","-1.58%"
"20-04-2020","951.3","942.0","954.6","942.0","6.70K","3.04%"
"17-04-2020","923.2","920.0","927.8","914.1","5.65K","1.60%"
"16-04-2020","908.7","904.0","910.5","899.3","4.99K","-0.26%"
"15-04-2020","911.1","904.4","913.6","904.4","6.52K","1.99%"
"13-04-2020","893.3","894.9","903.0","863.0","3.45K","0.31%"
"09-04-2020","890.5","886.5","893.5","886.5","3.93K","0.51%"
"08-04-2020","886.0","881.8","887.7","881.8","3.89K","0.83%"
"07-04-2020","878.7","872.9","880.9","872.4","3.72K","1.30%"
"03-04-2020","867.4","871.0","871.0","863.8","3.67K","0.29%"
"01-04-2020","864.9","865.7","870.6","860.0","2.93K","0.45%"
"31-03-2020","861.0","861.5","861.5","860.0","0.01K","0.41%"
"30-03-2020","857.5","857.5","857.5","857.5","3.55K","0.00%"
"27-03-2020","857.5","861.2","861.2","856.4","0.01K","0.73%"
"26-03-2020","851.3","855.2","855.2","850.0","0.03K","-1.09%"
"25-03-2020","860.7","866.3","884.3","852.5","0.24K","-0.65%"
"24-03-2020","866.3","852.0","876.0","846.2","8.14K","2.81%"
"23-03-2020","842.6","848.0","872.2","823.3","9.43K","-2.10%"
"20-03-2020","860.7","860.0","884.8","852.3","19.80K","0.78%"
"19-03-2020","854.0","840.8","899.5","805.8","25.89K","-0.37%"
"18-03-2020","857.2","905.9","905.9","853.0","23.43K","-3.65%"
"17-03-2020","889.7","904.0","911.1","883.2","22.37K","-0.43%"
"16-03-2020","893.5","917.8","917.8","874.2","23.40K","-3.14%"
"13-03-2020","922.5","895.1","950.9","887.8","31.19K","3.14%"
"12-03-2020","894.4","928.0","929.0","882.1","24.56K","-4.14%"
"11-03-2020","933.0","960.0","972.0","925.7","18.08K","-2.10%"
"10-03-2020","953.0","971.8","974.5","951.4","9.56K","0.19%"
"09-03-2020","951.2","948.6","955.9","923.3","12.29K","-1.43%"
"06-03-2020","965.0","952.4","966.5","947.5","12.61K","0.59%"
"05-03-2020","959.3","949.0","961.8","942.0","15.45K","1.91%"
"04-03-2020","941.3","936.5","946.0","936.5","11.15K","0.52%"
"03-03-2020","936.4","935.0","947.5","924.4","18.48K","0.25%"
"02-03-2020","934.1","913.5","938.0","913.5","16.01K","5.52%"
"28-02-2020","885.2","884.6","886.1","884.6","0.01K","-1.27%"
"27-02-2020","896.6","904.4","904.9","891.0","0.02K","-0.94%"
"26-02-2020","905.1","910.7","910.7","902.0","0.03K","-0.78%"
"25-02-2020","912.2","917.9","927.9","910.0","0.08K","0.60%"
"24-02-2020","906.8","932.0","932.0","900.2","2.48K","-2.74%"
"21-02-2020","932.3","935.0","935.0","927.3","6.45K","-0.94%"
"20-02-2020","941.1","941.6","947.0","938.5","13.20K","-0.31%"
"19-02-2020","944.0","947.0","950.2","936.1","13.94K","0.62%"
"18-02-2020","938.2","947.0","950.5","935.5","17.87K","-1.75%"
"17-02-2020","954.9","956.1","957.5","952.3","9.81K","0.29%"
"14-02-2020","952.1","957.9","960.3","950.6","14.24K","-0.96%"
"13-02-2020","961.3","951.2","962.6","948.9","19.96K","0.79%"
"12-02-2020","953.8","953.0","956.7","942.4","18.22K","0.18%"
"11-02-2020","952.1","949.5","960.3","949.5","13.66K","0.95%"
"10-02-2020","943.1","949.5","951.4","940.6","16.24K","0.26%"
"07-02-2020","940.7","959.9","962.2","937.0","18.06K","-1.71%"
"06-02-2020","957.1","961.6","967.4","953.3","16.29K","-0.77%"
"05-02-2020","964.5","966.0","966.6","953.0","21.91K","1.92%"
"04-02-2020","946.3","944.0","967.8","942.2","21.82K","0.91%"
"03-02-2020","937.8","947.0","950.8","934.3","12.59K","-0.67%"
"01-02-2020","944.1","944.5","948.0","941.4","1.51K","-0.53%"
"31-01-2020","949.1","951.0","952.0","946.0","0.01K","0.23%"
"30-01-2020","946.9","948.4","960.5","943.0","0.02K","0.73%"
"29-01-2020","940.0","950.3","950.4","938.0","0.06K","0.12%"
"28-01-2020","938.9","945.1","965.0","932.0","0.13K","0.40%"
"27-01-2020","935.2","965.6","965.6","922.0","1.46K","-4.20%"
"24-01-2020","976.2","1,000.0","1,005.7","969.9","16.77K","-2.75%"
"23-01-2020","1,003.8","1,010.0","1,010.3","998.7","17.24K","-1.15%"
"22-01-2020","1,015.5","1,021.6","1,027.7","1,012.1","19.20K","0.00%"
"21-01-2020","1,015.5","1,028.0","1,034.0","1,012.3","19.86K","-1.90%"
"20-01-2020","1,035.2","1,022.5","1,046.2","1,020.7","19.75K","1.09%"
"17-01-2020","1,024.0","1,018.7","1,026.7","1,015.9","17.94K","0.87%"
"16-01-2020","1,015.2","1,045.0","1,056.3","1,011.3","25.48K","-3.27%"
"15-01-2020","1,049.5","1,018.4","1,051.4","1,009.5","24.37K","3.06%"
"14-01-2020","1,018.3","1,029.3","1,029.3","1,008.7","18.07K","-1.12%"
"13-01-2020","1,029.8","1,042.6","1,049.4","1,026.0","14.47K","-1.23%"
"10-01-2020","1,042.6","1,038.0","1,043.9","1,032.7","11.83K","0.50%"
"09-01-2020","1,037.4","1,045.5","1,048.6","1,035.5","12.78K","-0.17%"
"08-01-2020","1,039.2","1,030.9","1,042.0","1,028.1","17.39K","0.62%"
"07-01-2020","1,032.8","1,023.7","1,034.9","1,023.7","16.29K","0.89%"
"06-01-2020","1,023.7","1,025.0","1,029.9","1,018.6","17.79K","0.37%"
"03-01-2020","1,019.9","1,041.0","1,041.0","1,017.5","16.11K","-2.36%"
"02-01-2020","1,044.5","1,034.8","1,046.6","1,031.2","14.63K","1.48%"
"01-01-2020","1,029.3","1,031.9","1,035.0","1,026.0","3.90K","-4.92%"
"31-12-2019","1,082.6","1,077.1","1,086.2","1,076.6","0.02K","0.37%"
"30-12-2019","1,078.6","1,077.3","1,081.5","1,075.1","0.01K","0.19%"
"27-12-2019","1,076.6","1,060.0","1,082.5","1,047.6","0.05K","2.72%"
"26-12-2019","1,048.1","1,046.3","1,069.4","1,040.1","0.27K","-0.21%"
"24-12-2019","1,050.3","1,043.0","1,059.2","1,043.0","3.34K","0.08%"
"23-12-2019","1,049.5","1,050.1","1,057.4","1,042.1","15.41K","-0.46%"
"20-12-2019","1,054.4","1,036.3","1,056.0","1,031.1","16.70K","1.73%"
"19-12-2019","1,036.5","1,012.5","1,039.1","1,011.0","17.50K","2.45%"
"18-12-2019","1,011.7","1,020.0","1,021.0","1,009.0","15.05K","-0.90%"
"17-12-2019","1,020.9","1,032.6","1,038.6","1,018.2","14.72K","-1.28%"
"16-12-2019","1,034.1","1,030.0","1,036.5","1,023.0","12.48K","0.15%"
"13-12-2019","1,032.6","1,020.7","1,035.5","1,020.7","16.52K","1.17%"
"12-12-2019","1,020.7","1,015.4","1,024.9","1,005.0","23.97K","0.63%"
"11-12-2019","1,014.3","992.6","1,016.2","991.2","21.07K","2.30%"
"10-12-2019","991.5","976.0","998.0","961.0","20.00K","1.21%"
"09-12-2019","979.6","994.8","995.5","973.5","13.80K","-1.78%"
"06-12-2019","997.4","987.2","1,004.0","985.4","14.81K","1.40%"
"05-12-2019","983.6","972.5","997.3","965.8","16.42K","1.43%"
"04-12-2019","969.7","979.4","987.7","968.0","14.67K","-1.69%"
"03-12-2019","986.4","1,012.4","1,013.8","973.7","18.77K","-2.33%"
"02-12-2019","1,009.9","1,010.3","1,015.7","998.3","13.94K","-1.31%"
"29-11-2019","1,023.3","1,059.0","1,059.0","1,001.0","0.01K","-1.52%"
"28-11-2019","1,039.1","1,060.7","1,089.0","1,034.3","0.05K","-3.53%"
"27-11-2019","1,077.1","1,068.2","1,080.0","1,057.0","0.15K","2.02%"
"26-11-2019","1,055.8","1,072.0","1,077.3","1,046.0","1.99K","-1.24%"
"25-11-2019","1,069.1","1,081.7","1,087.7","1,065.2","5.13K","-1.48%"
"22-11-2019","1,085.2","1,084.7","1,090.9","1,061.1","36.21K","0.25%"
"21-11-2019","1,082.5","1,065.0","1,085.0","1,060.2","44.76K","1.39%"
"20-11-2019","1,067.7","1,088.1","1,090.5","1,066.0","39.10K","-1.98%"
"19-11-2019","1,089.3","1,096.0","1,098.2","1,081.3","40.43K","-0.84%"
"18-11-2019","1,098.5","1,107.2","1,112.0","1,094.4","37.51K","-1.06%"
"15-11-2019","1,110.3","1,122.0","1,124.9","1,107.7","35.20K","-0.97%"
"14-11-2019","1,121.2","1,143.0","1,147.2","1,118.4","42.54K","-1.65%"
"13-11-2019","1,140.0","1,149.0","1,149.0","1,135.8","29.66K","-0.77%"
"12-11-2019","1,148.9","1,135.5","1,151.8","1,134.1","22.20K","0.80%"
"11-11-2019","1,139.8","1,165.4","1,168.7","1,135.3","43.02K","-2.66%"
"08-11-2019","1,171.0","1,175.0","1,179.0","1,156.1","42.23K","-0.07%"
"07-11-2019","1,171.8","1,173.0","1,181.9","1,169.0","35.68K","-0.02%"
"06-11-2019","1,172.0","1,172.3","1,186.0","1,166.1","38.18K","0.04%"
"05-11-2019","1,171.5","1,170.0","1,177.2","1,166.0","28.38K","-0.20%"
"04-11-2019","1,173.8","1,197.9","1,199.5","1,171.5","31.09K","-1.59%"
"01-11-2019","1,192.8","1,200.0","1,203.4","1,190.6","28.63K","-4.46%"
"31-10-2019","1,248.5","1,246.0","1,250.0","1,200.0","0.20K","0.91%"
"30-10-2019","1,237.2","1,216.9","1,244.4","1,210.7","0.18K","1.67%"
"29-10-2019","1,216.9","1,218.9","1,227.0","1,196.9","0.67K","1.14%"
"28-10-2019","1,203.2","1,228.0","1,236.1","1,198.0","0.50K","-1.86%"
"27-10-2019","1,226.0","1,209.9","1,227.0","1,209.9","0.08K","0.25%"
"25-10-2019","1,222.9","1,219.7","1,225.8","1,209.9","5.58K","0.20%"
"24-10-2019","1,220.4","1,202.0","1,224.8","1,201.0","30.63K","2.25%"
"23-10-2019","1,193.6","1,190.5","1,198.5","1,181.6","39.51K","-0.41%"
"22-10-2019","1,198.5","1,164.0","1,204.1","1,159.5","44.13K","2.91%"
"21-10-2019","1,164.6","1,165.0","1,174.4","1,162.0","16.01K","-0.61%"
"18-10-2019","1,171.7","1,178.5","1,187.5","1,170.2","38.86K","-0.15%"
"17-10-2019","1,173.5","1,197.0","1,197.0","1,171.0","40.11K","-1.99%"
"16-10-2019","1,197.3","1,233.0","1,235.5","1,194.0","54.23K","-3.19%"
"15-10-2019","1,236.7","1,241.2","1,241.2","1,218.6","38.07K","-0.61%"
"14-10-2019","1,244.3","1,246.5","1,254.0","1,207.8","65.08K","-0.34%"
"11-10-2019","1,248.5","1,256.7","1,268.0","1,245.5","44.97K","-0.52%"
"10-10-2019","1,255.0","1,248.2","1,260.8","1,248.2","26.92K","1.11%"
"09-10-2019","1,241.2","1,250.5","1,261.6","1,239.1","36.42K","-0.85%"
"08-10-2019","1,251.8","1,260.9","1,260.9","1,246.3","16.62K","-0.93%"
"07-10-2019","1,263.6","1,263.7","1,275.0","1,261.1","28.05K","-0.15%"
"04-10-2019","1,265.5","1,260.4","1,272.0","1,245.1","34.49K","0.24%"
"03-10-2019","1,262.5","1,250.0","1,265.0","1,246.7","33.47K","1.29%"
"01-10-2019","1,246.4","1,216.1","1,249.9","1,211.0","50.05K","-2.72%"
"30-09-2019","1,281.2","1,258.0","1,290.4","1,254.8","0.91K","2.00%"
"27-09-2019","1,256.1","1,248.1","1,258.2","1,241.2","1.34K","0.37%"
"26-09-2019","1,251.5","1,256.0","1,259.2","1,237.0","5.84K","-0.41%"
"25-09-2019","1,256.6","1,232.1","1,259.0","1,225.3","12.74K","1.81%"
"24-09-2019","1,234.3","1,223.5","1,257.8","1,213.3","32.18K","0.89%"
"23-09-2019","1,223.4","1,261.0","1,279.0","1,188.7","52.97K","-3.25%"
"20-09-2019","1,264.5","1,248.0","1,279.8","1,242.5","59.83K","1.19%"
"19-09-2019","1,249.6","1,225.1","1,252.0","1,225.1","46.10K","1.80%"
"18-09-2019","1,227.5","1,217.8","1,232.0","1,213.3","41.01K","1.15%"
"17-09-2019","1,213.6","1,222.1","1,222.1","1,196.7","48.12K","-1.00%"
"16-09-2019","1,225.8","1,240.6","1,242.9","1,211.2","50.48K","-1.26%"
"13-09-2019","1,241.4","1,258.6","1,263.0","1,221.2","54.25K","-1.05%"
"12-09-2019","1,254.6","1,262.0","1,284.2","1,238.0","60.54K","-0.06%"
"11-09-2019","1,255.4","1,270.7","1,284.8","1,251.8","44.95K","-1.44%"
"10-09-2019","1,273.8","1,280.7","1,286.8","1,271.0","25.72K","-0.86%"
"09-09-2019","1,284.8","1,255.6","1,292.0","1,233.0","57.50K","1.81%"
"06-09-2019","1,262.0","1,248.7","1,267.0","1,222.6","50.63K","2.05%"
"05-09-2019","1,236.7","1,271.1","1,271.1","1,221.4","55.10K","-3.50%"
"04-09-2019","1,281.6","1,274.9","1,292.0","1,267.7","46.98K","0.90%"
"03-09-2019","1,270.2","1,279.9","1,301.6","1,261.5","63.72K","-0.24%"
"02-09-2019","1,273.2","1,301.8","1,314.8","1,265.5","57.71K","5.91%"
"30-08-2019","1,202.1","1,156.7","1,204.2","1,156.0","0.31K","3.82%"
"29-08-2019","1,157.9","1,144.3","1,169.7","1,137.1","2.28K","0.80%"
"28-08-2019","1,148.7","1,111.6","1,155.4","1,109.3","7.37K","3.87%"
"27-08-2019","1,105.9","1,121.9","1,125.6","1,090.0","10.01K","-0.77%"
"26-08-2019","1,114.5","1,116.0","1,127.8","1,110.2","12.65K","-0.13%"
"23-08-2019","1,116.0","1,114.7","1,124.3","1,110.0","40.84K","-0.13%"
"22-08-2019","1,117.5","1,115.8","1,122.0","1,104.0","34.87K","-0.15%"
"21-08-2019","1,119.2","1,127.0","1,132.7","1,116.2","42.31K","-0.75%"
"20-08-2019","1,127.7","1,128.4","1,148.8","1,115.2","63.93K","0.27%"
"19-08-2019","1,124.7","1,138.0","1,138.0","1,118.2","48.28K","-1.22%"
"16-08-2019","1,138.6","1,138.0","1,161.9","1,129.0","56.80K","0.59%"
"14-08-2019","1,131.9","1,116.5","1,142.8","1,102.4","75.35K","0.97%"
"13-08-2019","1,121.0","1,122.2","1,138.0","1,116.7","50.13K","-0.06%"
"12-08-2019","1,121.7","1,108.1","1,128.3","1,106.1","31.95K","0.66%"
"09-08-2019","1,114.3","1,124.3","1,126.8","1,103.9","66.64K","-0.54%"
"08-08-2019","1,120.4","1,117.9","1,144.7","1,087.0","132.91K","1.66%"
"07-08-2019","1,102.1","1,064.4","1,106.9","1,041.7","72.32K","3.53%"
"06-08-2019","1,064.5","1,065.5","1,072.4","1,056.5","48.54K","-0.03%"
"05-08-2019","1,064.8","1,033.0","1,068.7","1,033.0","68.25K","4.13%"
"02-08-2019","1,022.6","1,010.0","1,029.5","995.0","68.81K","0.32%"
"01-08-2019","1,019.3","1,009.4","1,031.4","998.1","67.24K","1.90%"
"31-07-2019","1,000.3","988.0","1,022.9","983.9","0.27K","1.66%"
"30-07-2019","984.0","992.7","993.0","979.2","1.89K","-0.50%"
"29-07-2019","988.9","992.0","995.2","982.3","6.10K","-0.64%"
"26-07-2019","995.3","992.5","1,007.2","985.3","11.39K","1.09%"
"25-07-2019","984.6","1,007.0","1,007.0","978.5","23.73K","-3.04%"
"24-07-2019","1,015.5","988.0","1,019.0","988.0","45.09K","2.35%"
"23-07-2019","992.2","989.9","999.8","978.8","44.93K","0.62%"
"22-07-2019","986.1","1,005.0","1,014.4","982.3","59.36K","-2.47%"
"19-07-2019","1,011.1","1,035.5","1,043.0","992.6","106.19K","-1.94%"
"18-07-2019","1,031.1","999.0","1,042.9","999.0","93.65K","3.77%"
"17-07-2019","993.6","959.8","996.8","955.6","83.38K","2.96%"
"16-07-2019","965.0","944.5","983.5","940.2","87.47K","2.02%"
"15-07-2019","945.9","932.0","946.9","928.1","51.14K","1.15%"
"12-07-2019","935.1","914.4","937.0","905.2","55.52K","2.16%"
"11-07-2019","915.3","916.0","919.8","911.6","38.15K","0.00%"
"10-07-2019","915.3","903.9","920.0","903.9","40.66K","1.60%"
"09-07-2019","900.9","900.0","902.5","890.5","39.48K","0.04%"
"08-07-2019","900.5","888.3","902.9","880.0","49.96K","1.61%"
"05-07-2019","886.2","877.4","888.8","874.0","36.08K","0.69%"
"04-07-2019","880.1","881.0","884.6","875.2","38.33K","-0.42%"
"03-07-2019","883.8","873.4","885.5","868.1","46.83K","1.73%"
"02-07-2019","868.8","881.0","881.0","865.3","43.87K","-1.59%"
"01-07-2019","882.8","904.7","904.7","878.1","44.42K","-1.58%"
"28-06-2019","897.0","895.6","902.0","892.2","0.36K","-0.72%"
"27-06-2019","903.5","892.9","907.0","890.1","1.73K","1.35%"
"26-06-2019","891.5","889.8","894.2","885.0","5.14K","0.21%"
"25-06-2019","889.6","880.9","891.9","877.5","7.11K","1.02%"
"24-06-2019","880.6","881.4","886.5","875.0","10.88K","0.09%"
"21-06-2019","879.8","897.8","897.8","876.0","33.72K","-2.39%"
"20-06-2019","901.3","892.1","904.0","891.6","37.83K","1.07%"
"19-06-2019","891.8","875.0","893.8","874.2","50.36K","1.65%"
"18-06-2019","877.3","869.9","884.0","864.6","40.11K","1.25%"
"17-06-2019","866.5","877.0","882.5","863.8","35.23K","-1.17%"
"14-06-2019","876.8","875.0","883.1","872.6","38.43K","1.08%"
"13-06-2019","867.4","865.5","885.0","864.5","39.53K","0.10%"
"12-06-2019","866.5","870.6","870.8","861.2","32.07K","-0.43%"
"11-06-2019","870.2","855.0","877.0","855.0","48.51K","2.28%"
"10-06-2019","850.8","853.0","861.7","849.8","30.69K","0.38%"
"07-06-2019","847.6","851.0","857.1","846.0","31.24K","-0.07%"
"06-06-2019","848.2","854.0","864.0","844.0","35.68K","-0.59%"
"05-06-2019","853.2","858.8","863.3","852.0","16.52K","-0.87%"
"04-06-2019","860.7","868.6","868.6","858.0","23.42K","-0.27%"
"03-06-2019","863.0","876.0","880.8","860.5","23.03K","2.45%"
"31-05-2019","842.4","842.1","848.4","839.4","12.16K","-0.02%"
"30-05-2019","842.6","839.0","850.7","836.2","27.23K","0.38%"
"29-05-2019","839.4","845.0","848.3","838.8","22.90K","-0.50%"
"28-05-2019","843.6","863.5","863.8","838.6","41.05K","-2.67%"
"27-05-2019","866.7","865.6","872.1","855.8","20.45K","0.45%"
"24-05-2019","862.8","830.6","867.5","830.2","73.29K","3.98%"
"23-05-2019","829.8","834.0","834.0","825.6","22.32K","-0.65%"
"22-05-2019","835.2","840.0","840.0","833.3","31.25K","-0.90%"
"21-05-2019","842.8","845.0","849.1","832.1","37.41K","0.63%"
"20-05-2019","837.5","835.9","839.9","827.9","29.11K","-0.95%"
"17-05-2019","845.5","856.8","856.8","844.6","36.59K","-1.31%"
"16-05-2019","856.7","853.6","861.9","851.8","34.51K","0.00%"
"15-05-2019","856.7","843.3","858.0","840.2","47.91K","1.95%"
"14-05-2019","840.3","831.5","843.0","828.1","31.72K","0.85%"
"13-05-2019","833.2","837.2","837.2","830.0","25.70K","-0.62%"
"10-05-2019","838.4","835.6","843.5","834.3","40.49K","0.93%"
"09-05-2019","830.7","833.5","834.8","825.6","35.47K","-0.55%"
"08-05-2019","835.3","841.5","848.3","834.6","35.98K","-0.63%"
"07-05-2019","840.6","841.2","845.9","837.6","32.43K","-0.07%"
"06-05-2019","841.2","846.7","846.7","831.5","18.58K","-0.70%"
"03-05-2019","847.1","844.4","859.1","842.2","39.52K","0.11%"
"02-05-2019","846.2","849.7","852.9","842.5","29.50K","-0.35%"
"01-05-2019","849.2","854.0","855.3","847.1","19.07K","-1.52%"
"30-04-2019","862.3","863.5","866.2","859.2","17.73K","-0.14%"
"26-04-2019","863.5","865.8","869.0","855.4","35.31K","0.10%"
"25-04-2019","862.6","866.5","867.3","861.1","26.23K","-0.52%"
"24-04-2019","867.1","864.5","870.0","861.0","30.79K","0.49%"
"23-04-2019","862.9","874.3","879.8","861.7","46.24K","-1.44%"
"22-04-2019","875.5","876.9","884.5","869.1","19.38K","-0.09%"
"18-04-2019","876.3","895.3","895.3","874.1","44.05K","-1.80%"
"17-04-2019","892.4","898.4","910.6","891.2","31.00K","-0.48%"
"16-04-2019","896.7","903.5","912.6","895.1","38.25K","-0.43%"
"15-04-2019","900.6","900.5","903.5","891.2","29.62K","0.07%"
"12-04-2019","900.0","890.1","902.4","889.8","33.74K","0.80%"
"11-04-2019","892.9","909.9","910.7","887.4","46.27K","-2.17%"
"10-04-2019","912.7","914.4","920.0","910.5","29.54K","-0.39%"
"09-04-2019","916.3","917.0","924.5","913.6","39.09K","-0.34%"
"08-04-2019","919.4","912.0","926.4","911.4","43.19K","1.76%"
"05-04-2019","903.5","909.1","919.7","902.1","42.03K","-0.50%"
"04-04-2019","908.0","915.0","917.3","897.7","46.75K","-0.94%"
"03-04-2019","916.6","910.2","922.9","910.2","39.38K","0.88%"
"02-04-2019","908.6","911.5","915.2","895.1","38.79K","0.01%"
"01-04-2019","908.5","915.0","926.7","906.0","36.84K","1.10%"
"29-03-2019","898.6","888.8","901.0","888.8","15.78K","1.43%"
"28-03-2019","885.9","893.0","895.9","882.5","34.07K","-1.28%"
"27-03-2019","897.4","898.6","903.9","885.7","38.11K","-0.31%"
"26-03-2019","900.2","888.8","910.7","881.0","34.82K","1.31%"
"25-03-2019","888.6","887.5","889.4","880.7","31.65K","-0.57%"
"22-03-2019","893.7","887.9","898.5","886.6","34.51K","0.16%"
"21-03-2019","892.3","907.6","910.2","883.9","29.18K","-1.59%"
"20-03-2019","906.7","905.0","914.5","902.5","35.03K","0.28%"
"19-03-2019","904.2","894.8","914.0","889.4","44.44K","1.60%"
"18-03-2019","890.0","888.3","899.4","878.6","35.89K","0.14%"
"15-03-2019","888.8","895.0","897.3","888.2","38.11K","-0.28%"
"14-03-2019","891.3","912.6","912.6","885.5","50.30K","-2.57%"
"13-03-2019","914.8","910.0","917.8","896.3","42.65K","0.46%"
"12-03-2019","910.6","907.5","920.9","906.0","42.93K","1.41%"
"11-03-2019","897.9","915.9","919.3","897.3","40.38K","-1.78%"
"08-03-2019","914.2","932.0","932.0","912.3","36.28K","-1.33%"
"07-03-2019","926.5","947.0","947.0","917.5","53.07K","-2.99%"
"06-03-2019","955.1","960.0","965.0","950.4","45.60K","-0.82%"
"05-03-2019","963.0","950.0","969.0","948.6","63.69K","2.27%"
"04-03-2019","941.6","939.7","955.6","935.1","33.46K","0.68%"
"01-03-2019","935.2","925.5","949.4","925.1","44.24K","0.66%"
"28-02-2019","929.1","924.0","930.7","921.4","16.24K","0.48%"
"27-02-2019","924.7","914.4","928.9","912.2","31.47K","1.18%"
"26-02-2019","913.9","914.7","919.9","910.3","29.98K","-0.01%"
"25-02-2019","914.0","922.3","931.5","909.2","38.31K","-0.41%"
"22-02-2019","917.8","908.2","928.8","908.2","36.52K","0.72%"
"21-02-2019","911.2","910.8","916.8","904.9","36.36K","-0.36%"
"20-02-2019","914.5","900.0","916.8","899.4","40.16K","1.77%"
"19-02-2019","898.6","887.4","899.5","884.5","32.00K","1.36%"
"18-02-2019","886.5","880.0","891.4","877.5","31.47K","0.62%"
"15-02-2019","881.0","860.3","884.9","858.3","43.10K","2.07%"
"14-02-2019","863.1","873.5","883.7","860.5","37.75K","-1.56%"
"13-02-2019","876.8","874.6","878.9","868.0","35.95K","0.57%"
"12-02-2019","871.8","882.3","884.8","860.3","46.75K","-1.62%"
"11-02-2019","886.2","900.5","900.9","881.1","39.30K","-1.06%"
"08-02-2019","895.7","918.8","918.8","888.2","45.99K","-2.70%"
"07-02-2019","920.6","923.6","929.8","917.7","38.09K","-0.22%"
"06-02-2019","922.6","935.5","956.4","920.3","47.09K","-1.24%"
"05-02-2019","934.2","945.7","951.3","921.5","50.46K","-1.52%"
"04-02-2019","948.6","908.0","950.0","903.1","61.99K","4.61%"
"01-02-2019","906.8","878.7","908.1","876.6","41.20K","3.41%"
"31-01-2019","876.9","871.0","879.8","870.6","14.09K","0.17%"
"30-01-2019","875.4","870.0","882.8","866.5","38.42K","1.41%"
"29-01-2019","863.2","848.0","867.1","839.3","37.03K","3.08%"
"28-01-2019","837.4","843.2","847.0","836.6","27.87K","-0.64%"
"25-01-2019","842.8","835.4","846.1","832.5","27.70K","1.40%"
"24-01-2019","831.2","829.9","833.0","820.5","29.51K","0.25%"
"23-01-2019","829.1","824.3","832.8","823.2","24.93K","0.69%"
"22-01-2019","823.4","835.0","835.0","820.3","29.88K","-1.82%"
"21-01-2019","838.7","837.0","843.7","833.7","28.16K","0.00%"
"18-01-2019","838.7","826.6","842.8","825.0","31.99K","2.11%"
"17-01-2019","821.4","823.0","827.9","813.4","30.79K","-0.16%"
"16-01-2019","822.7","830.0","836.9","821.2","35.37K","-0.32%"
"15-01-2019","825.3","809.9","828.7","809.9","31.96K","2.43%"
"14-01-2019","805.7","802.6","809.0","798.6","30.18K","0.05%"
"11-01-2019","805.3","793.6","809.8","792.8","38.61K","2.12%"
"10-01-2019","788.6","794.0","796.5","783.3","27.70K","-0.43%"
"09-01-2019","792.0","788.9","796.5","786.6","30.24K","0.87%"
"08-01-2019","785.2","774.1","788.6","772.3","30.28K","1.19%"
"07-01-2019","776.0","773.0","780.3","769.6","24.66K","0.38%"
"04-01-2019","773.1","760.2","776.5","759.4","31.78K","1.35%"
"03-01-2019","762.8","755.2","765.8","748.5","27.73K","0.62%"
"02-01-2019","758.1","739.0","761.2","736.9","35.64K","2.32%"
"01-01-2019","740.9","745.9","745.9","735.2","4.86K","0.20%"
"31-12-2018","739.4","752.0","755.7","738.1","20.96K","-0.56%"
"28-12-2018","743.6","747.0","748.5","737.1","25.07K","-0.27%"
"27-12-2018","745.6","750.0","752.5","745.0","26.68K","-0.56%"
"26-12-2018","749.8","754.9","757.7","735.0","18.28K","-0.86%"
"24-12-2018","756.3","765.4","766.7","755.0","20.42K","-0.34%"
"21-12-2018","758.9","760.7","764.9","755.2","24.33K","-0.13%"
"20-12-2018","759.9","763.3","765.7","757.1","24.72K","-1.13%"
"19-12-2018","768.6","753.6","770.4","753.6","25.01K","1.32%"
"18-12-2018","758.6","783.5","783.5","756.3","37.33K","-3.26%"
"17-12-2018","784.2","791.5","792.9","783.2","25.34K","-0.85%"
"14-12-2018","790.9","774.3","792.9","772.7","27.24K","2.05%"
"13-12-2018","775.0","774.2","781.8","770.6","29.26K","0.31%"
"12-12-2018","772.6","777.0","779.6","772.0","22.26K","-0.58%"
"11-12-2018","777.1","783.0","791.0","773.5","27.37K","-0.68%"
"10-12-2018","782.4","775.1","787.8","771.9","27.34K","0.14%"
"07-12-2018","781.3","768.0","782.7","766.3","32.57K","1.78%"
"06-12-2018","767.6","785.7","789.0","762.0","37.84K","-3.22%"
"05-12-2018","793.1","783.7","794.0","779.5","32.69K","0.90%"
"04-12-2018","786.0","792.0","804.4","781.0","37.31K","-0.48%"
"03-12-2018","789.8","785.0","799.0","785.0","36.85K","2.91%"
"30-11-2018","767.5","765.0","769.0","763.6","17.63K","0.42%"
"29-11-2018","764.3","760.3","768.0","750.6","33.75K","0.69%"
"28-11-2018","759.1","762.9","766.6","754.0","25.53K","0.26%"
"27-11-2018","757.1","764.0","765.6","756.4","26.27K","-1.14%"
"26-11-2018","765.8","751.9","767.3","751.9","31.40K","0.18%"
"23-11-2018","764.4","759.0","769.2","752.2","24.44K","-0.82%"
"22-11-2018","770.7","779.5","784.2","769.4","27.32K","-1.26%"
"21-11-2018","780.5","787.9","792.2","778.5","30.02K","-0.94%"
"20-11-2018","787.9","798.0","807.0","786.4","35.92K","-1.05%"
"19-11-2018","796.3","809.5","809.5","786.0","34.55K","-2.50%"
"16-11-2018","816.7","811.3","823.2","809.4","30.16K","0.72%"
"15-11-2018","810.9","815.9","828.0","807.8","32.55K","-0.53%"
"14-11-2018","815.2","817.2","818.3","809.7","23.18K","-0.46%"
"13-11-2018","819.0","827.0","838.3","813.4","34.02K","-0.90%"
"12-11-2018","826.4","829.7","834.0","819.3","29.33K","-0.37%"
"09-11-2018","829.5","853.0","853.0","824.0","38.28K","-2.94%"
"08-11-2018","854.6","846.3","856.6","842.8","19.30K","0.71%"
"07-11-2018","848.6","855.0","855.0","847.1","5.15K","-1.44%"
"06-11-2018","861.0","856.7","869.0","856.2","31.55K","0.64%"
"05-11-2018","855.5","865.8","865.8","853.7","25.92K","-1.71%"
"02-11-2018","870.4","863.7","881.0","863.4","37.69K","0.39%"
"01-11-2018","867.0","856.9","872.2","850.6","38.02K","1.08%"
"31-10-2018","857.7","866.0","869.9","856.4","15.64K","-0.24%"
"30-10-2018","859.8","861.8","866.7","856.2","32.16K","0.34%"
"29-10-2018","856.9","865.0","868.0","855.6","29.34K","-0.84%"
"26-10-2018","864.2","885.0","890.0","861.5","43.25K","-2.55%"
"25-10-2018","886.8","894.6","897.3","885.2","35.96K","-0.59%"
"24-10-2018","892.1","909.7","915.3","891.0","36.35K","-1.60%"
"23-10-2018","906.6","914.0","916.8","905.2","28.60K","-1.08%"
"22-10-2018","916.5","919.7","928.1","914.0","33.24K","0.24%"
"19-10-2018","914.3","910.2","925.3","908.5","39.13K","0.87%"
"18-10-2018","906.4","903.0","916.9","895.0","19.96K","0.03%"
"17-10-2018","906.1","916.6","924.3","904.0","34.99K","-1.12%"
"16-10-2018","916.4","921.2","922.7","911.7","33.03K","-1.02%"
"15-10-2018","925.8","939.6","943.5","924.4","34.93K","-0.75%"
"12-10-2018","932.8","937.4","948.4","927.3","32.40K","-0.36%"
"11-10-2018","936.2","940.0","942.0","917.4","43.10K","-0.75%"
"10-10-2018","943.3","956.9","960.9","941.1","37.27K","-1.75%"
"09-10-2018","960.1","942.0","963.3","939.5","41.23K","2.50%"
"08-10-2018","936.7","925.0","938.8","921.0","30.63K","-0.37%"
"05-10-2018","940.2","922.0","944.9","911.7","43.65K","1.53%"
"04-10-2018","926.0","952.8","959.5","917.1","45.51K","-2.77%"
"03-10-2018","952.4","916.4","954.0","911.1","44.57K","4.22%"
"01-10-2018","913.8","913.1","921.5","901.2","50.71K","0.84%"
"28-09-2018","906.2","911.8","916.8","902.7","18.06K","0.07%"
"27-09-2018","905.6","920.0","925.5","903.3","38.15K","-1.99%"
"26-09-2018","924.0","933.3","944.8","922.3","37.32K","-1.38%"
"25-09-2018","936.9","938.2","940.9","925.6","28.25K","0.76%"
"24-09-2018","929.8","949.0","955.0","927.0","39.86K","-2.58%"
"21-09-2018","954.4","910.0","956.9","910.0","64.52K","5.24%"
"20-09-2018","906.9","900.0","908.5","897.4","19.45K","1.07%"
"19-09-2018","897.3","904.0","913.4","896.2","37.13K","-0.09%"
"18-09-2018","898.1","890.9","904.5","889.1","41.48K","1.03%"
"17-09-2018","888.9","892.7","898.1","886.6","44.15K","-0.50%"
"14-09-2018","893.4","903.0","911.3","892.0","46.65K","-0.85%"
"13-09-2018","901.1","909.5","912.8","900.2","23.80K","-0.50%"
"12-09-2018","905.6","887.5","908.6","886.1","52.64K","2.05%"
"11-09-2018","887.4","901.3","903.0","885.3","46.75K","-1.49%"
"10-09-2018","900.8","888.1","904.6","888.1","42.74K","1.36%"
"07-09-2018","888.7","890.1","896.0","879.6","52.94K","-0.84%"
"06-09-2018","896.2","896.0","905.0","891.1","42.09K","0.22%"
"05-09-2018","894.2","890.9","903.9","887.5","43.27K","0.26%"
"04-09-2018","891.9","909.8","910.4","887.1","51.37K","-2.24%"
"03-09-2018","912.3","907.9","914.0","902.2","34.24K","-0.83%"
"31-08-2018","919.9","939.1","941.3","917.0","16.60K","-1.97%"
"30-08-2018","938.4","947.5","951.8","934.0","31.85K","-0.67%"
"29-08-2018","944.7","952.5","955.9","942.4","33.37K","-0.69%"
"28-08-2018","951.3","931.5","953.5","931.5","46.58K","2.05%"
"27-08-2018","932.2","936.0","937.4","930.0","16.70K","-0.16%"
"24-08-2018","933.7","932.9","938.0","926.1","42.70K","0.88%"
"23-08-2018","925.6","939.2","939.2","921.9","42.32K","-2.01%"
"22-08-2018","944.6","946.8","950.5","938.2","20.92K","0.23%"
"21-08-2018","942.4","948.3","959.0","938.8","40.35K","-0.43%"
"20-08-2018","946.5","946.6","955.0","940.8","34.95K","-0.01%"
"17-08-2018","946.6","931.3","950.7","922.5","43.26K","1.52%"
"16-08-2018","932.4","934.0","945.0","915.0","43.40K","-0.46%"
"14-08-2018","936.7","944.8","948.3","935.0","38.10K","-1.00%"
"13-08-2018","946.2","957.6","968.5","941.2","43.98K","-0.66%"
"10-08-2018","952.5","956.9","958.2","938.2","38.98K","0.04%"
"09-08-2018","952.1","961.0","969.5","950.4","39.10K","-0.85%"
"08-08-2018","960.3","952.0","962.5","951.6","40.71K","0.99%"
"07-08-2018","950.9","940.0","954.4","936.6","40.20K","1.02%"
"06-08-2018","941.3","921.3","943.8","913.7","42.69K","1.63%"
"03-08-2018","926.2","915.8","928.7","900.1","61.86K","1.08%"
"02-08-2018","916.3","919.3","927.7","911.6","48.32K","0.12%"
"01-08-2018","915.2","958.1","960.0","913.0","45.83K","-3.16%"
"31-07-2018","945.1","944.6","949.5","943.1","14.80K","-0.19%"
"30-07-2018","946.9","942.5","948.0","933.0","29.50K","0.59%"
"27-07-2018","941.3","942.6","948.3","938.6","31.27K","-0.07%"
"26-07-2018","942.0","934.5","943.4","930.4","31.29K","0.57%"
"25-07-2018","936.7","932.0","946.3","928.5","34.34K","0.26%"
"24-07-2018","934.3","921.4","943.6","918.4","39.55K","1.73%"
"23-07-2018","918.4","924.8","934.2","916.8","39.75K","-0.85%"
"20-07-2018","926.3","922.0","934.7","918.4","36.03K","0.32%"
"19-07-2018","923.3","928.5","930.3","907.3","44.58K","-1.14%"
"18-07-2018","933.9","928.0","935.2","910.6","44.41K","1.12%"
"17-07-2018","923.6","943.9","943.9","918.7","38.97K","-0.74%"
"16-07-2018","930.5","949.2","950.6","929.2","30.38K","-2.40%"
"13-07-2018","953.4","968.6","971.3","951.3","45.50K","-1.75%"
"12-07-2018","970.4","963.7","984.7","963.7","50.13K","1.23%"
"11-07-2018","958.6","968.2","968.2","934.3","40.77K","-1.28%"
"10-07-2018","971.0","970.0","976.6","962.0","39.51K","0.69%"
"09-07-2018","964.3","966.5","975.5","959.5","42.21K","0.56%"
"06-07-2018","958.9","968.5","976.1","954.1","47.77K","-1.85%"
"05-07-2018","977.0","971.2","987.5","964.2","46.20K","0.63%"
"04-07-2018","970.9","989.9","992.0","961.7","48.31K","-1.38%"
"03-07-2018","984.5","1,002.8","1,012.2","982.6","48.67K","-1.71%"
"02-07-2018","1,001.6","1,020.9","1,020.9","998.4","35.99K","-2.04%"
"29-06-2018","1,022.5","1,019.8","1,028.8","1,017.9","16.20K","1.06%"
"28-06-2018","1,011.8","1,025.1","1,030.3","1,008.3","39.81K","-0.72%"
"27-06-2018","1,019.1","1,009.0","1,026.8","991.2","49.46K","0.55%"
"26-06-2018","1,013.5","1,006.1","1,014.9","988.5","44.41K","1.15%"
"25-06-2018","1,002.0","1,033.1","1,036.0","999.0","37.63K","-3.54%"
"22-06-2018","1,038.8","1,020.1","1,040.0","1,020.1","36.75K","2.02%"
"21-06-2018","1,018.2","1,017.5","1,027.6","1,010.5","40.81K","0.35%"
"20-06-2018","1,014.6","1,002.7","1,018.8","1,002.3","42.45K","1.57%"
"19-06-2018","998.9","1,018.9","1,020.0","993.8","47.39K","-1.74%"
"18-06-2018","1,016.6","1,027.0","1,040.0","1,014.0","36.32K","-1.32%"
"15-06-2018","1,030.2","1,034.4","1,044.5","1,026.4","44.82K","-0.19%"
"14-06-2018","1,032.2","1,047.5","1,047.6","1,020.1","52.09K","-2.09%"
"13-06-2018","1,054.2","1,028.0","1,057.9","1,024.3","41.75K","2.45%"
"12-06-2018","1,029.0","1,031.1","1,036.6","1,021.3","33.17K","0.04%"
"11-06-2018","1,028.6","1,038.7","1,041.0","1,026.7","31.38K","-1.39%"
"08-06-2018","1,043.1","1,040.6","1,046.9","1,030.7","36.57K","0.30%"
"07-06-2018","1,040.0","1,049.2","1,063.5","1,034.0","50.07K","-0.33%"
"06-06-2018","1,043.4","1,051.0","1,057.7","1,042.5","33.98K","-1.31%"
"05-06-2018","1,057.3","1,032.5","1,060.0","1,030.2","48.16K","1.85%"
"04-06-2018","1,038.1","1,032.8","1,039.2","1,022.8","44.65K","0.76%"
"01-06-2018","1,030.3","1,030.5","1,033.7","1,015.4","53.71K","0.99%"
"31-05-2018","1,020.2","1,005.6","1,025.3","1,005.6","16.07K","0.67%"
"30-05-2018","1,013.4","1,001.2","1,020.0","988.3","45.26K","0.86%"
"29-05-2018","1,004.8","999.4","1,024.8","999.4","39.53K","0.90%"
"28-05-2018","995.8","990.1","1,000.0","988.4","14.85K","0.17%"
"25-05-2018","994.1","1,015.0","1,021.8","992.6","35.95K","-2.14%"
"24-05-2018","1,015.8","1,000.3","1,017.4","990.7","43.14K","1.99%"
"23-05-2018","996.0","1,001.1","1,003.6","985.2","46.46K","-0.94%"
"22-05-2018","1,005.5","995.7","1,007.2","988.8","34.05K","0.55%"
"21-05-2018","1,000.0","992.0","1,002.4","992.0","29.27K","0.43%"
"18-05-2018","995.7","997.0","1,010.0","991.1","45.76K","0.77%"
"17-05-2018","988.1","981.3","998.0","978.0","39.44K","1.01%"
"16-05-2018","978.2","984.0","992.0","976.0","29.10K","-0.73%"
"15-05-2018","985.4","973.0","995.4","967.4","50.69K","0.93%"
"14-05-2018","976.3","949.6","982.7","949.6","44.13K","3.04%"
"11-05-2018","947.5","932.5","949.9","927.0","26.88K","1.95%"
"10-05-2018","929.4","934.1","937.2","927.7","24.17K","-0.89%"
"09-05-2018","937.7","933.2","938.8","927.2","24.24K","0.50%"
"08-05-2018","933.0","942.9","948.8","921.8","34.30K","-0.42%"
"07-05-2018","936.9","932.5","946.0","932.5","11.81K","0.30%"
"04-05-2018","934.1","934.0","939.7","922.8","34.84K","0.77%"
"03-05-2018","927.0","928.0","946.7","920.0","40.79K","-0.76%"
"02-05-2018","934.1","927.0","939.5","925.8","31.34K","1.51%"
"01-05-2018","920.2","914.9","924.4","910.5","24.20K","0.38%"
"30-04-2018","916.7","916.8","925.9","914.1","14.73K","-0.73%"
"27-04-2018","923.4","951.8","951.8","916.0","44.68K","-3.19%"
"26-04-2018","953.8","946.3","955.0","922.6","46.87K","0.71%"
"25-04-2018","947.1","940.0","949.9","930.6","40.52K","1.48%"
"24-04-2018","933.3","950.3","957.6","930.1","56.26K","-1.71%"
"23-04-2018","949.5","980.2","984.2","920.5","89.13K","-3.20%"
"20-04-2018","980.9","976.3","989.5","957.4","76.70K","-1.63%"
"19-04-2018","997.2","1,019.8","1,095.2","976.4","165.44K","-0.54%"
"18-04-2018","1,002.6","938.1","1,040.5","935.4","135.72K","7.00%"
"17-04-2018","937.0","925.2","938.8","910.1","66.66K","1.07%"
"16-04-2018","927.1","907.3","939.2","907.3","59.59K","2.45%"
"13-04-2018","904.9","899.3","916.0","899.3","42.60K","0.87%"
"12-04-2018","897.1","898.6","903.0","881.4","53.26K","-0.19%"
"11-04-2018","898.8","886.4","904.2","883.5","51.46K","1.07%"
"10-04-2018","889.3","875.0","893.0","874.1","38.74K","1.91%"
"09-04-2018","872.6","855.2","874.5","852.5","42.71K","1.36%"
"06-04-2018","860.9","857.2","863.4","841.6","52.39K","-0.31%"
"05-04-2018","863.6","861.0","875.3","857.0","41.88K","0.89%"
"04-04-2018","856.0","876.2","877.7","846.4","58.21K","-2.37%"
"03-04-2018","876.8","881.2","886.5","874.4","41.25K","-0.31%"
"02-04-2018","879.5","872.2","882.8","872.2","19.23K","1.10%"
"29-03-2018","869.9","869.9","869.9","869.9","","3.39%"
"28-03-2018","841.4","840.3","844.5","836.5","19.42K","0.32%"
"27-03-2018","838.7","843.9","851.4","836.3","39.75K","-0.12%"
"26-03-2018","839.7","840.4","843.5","830.4","38.29K","-0.45%"
"23-03-2018","843.5","853.2","859.6","841.1","54.84K","-1.48%"
"22-03-2018","856.2","878.8","882.0","849.2","56.02K","-2.36%"
"21-03-2018","876.9","875.5","884.9","861.0","50.67K","0.10%"
"20-03-2018","876.0","874.8","885.5","871.6","40.32K","-0.28%"
"19-03-2018","878.5","880.4","884.0","868.5","38.45K","-0.58%"
"16-03-2018","883.6","881.1","894.0","877.6","44.05K","-0.10%"
"15-03-2018","884.5","892.0","892.8","877.6","39.74K","-1.07%"
"14-03-2018","894.1","900.7","908.0","890.3","45.50K","-0.45%"
"13-03-2018","898.1","887.0","899.5","882.4","44.87K","1.27%"
"12-03-2018","886.8","892.4","907.5","885.0","43.63K","-1.10%"
"09-03-2018","896.7","856.6","901.4","855.8","75.16K","4.41%"
"08-03-2018","858.8","878.0","878.0","853.5","58.27K","-2.16%"
"07-03-2018","877.8","888.0","888.0","866.6","41.47K","-0.56%"
"06-03-2018","882.7","860.0","887.6","856.0","39.79K","1.11%"
"05-03-2018","873.0","873.4","875.3","861.8","42.09K","-0.78%"
"02-03-2018","879.9","876.3","881.4","872.7","17.64K","0.71%"
"01-03-2018","873.7","895.0","899.5","870.0","51.00K","-2.68%"
"28-02-2018","897.8","896.6","900.9","890.9","14.61K","-0.02%"
"27-02-2018","898.0","897.5","906.5","889.5","43.11K","-0.11%"
"26-02-2018","899.0","891.7","907.3","888.2","42.87K","1.02%"
"23-02-2018","889.9","891.1","894.9","884.1","36.78K","-0.61%"
"22-02-2018","895.4","888.0","896.3","871.1","48.13K","0.18%"
"21-02-2018","893.8","878.5","899.5","866.9","54.61K","1.56%"
"20-02-2018","880.1","874.2","892.6","868.6","50.01K","0.55%"
"19-02-2018","875.3","884.0","892.1","873.4","35.82K","-1.32%"
"16-02-2018","887.0","898.0","907.0","879.2","55.05K","-1.54%"
"15-02-2018","900.9","900.4","917.8","890.5","67.88K","0.74%"
"14-02-2018","894.3","862.6","903.0","861.6","72.77K","3.76%"
"13-02-2018","861.9","847.5","870.0","847.5","30.05K","2.46%"
"12-02-2018","841.2","837.6","845.7","833.6","33.57K","0.86%"
"09-02-2018","834.0","840.9","842.6","822.1","49.47K","-1.78%"
"08-02-2018","849.1","845.3","852.7","827.8","54.71K","0.08%"
"07-02-2018","848.4","857.9","872.3","844.6","55.62K","-0.81%"
"06-02-2018","855.3","871.2","871.2","852.5","49.42K","-2.56%"
"05-02-2018","877.8","861.2","886.2","858.2","50.01K","1.27%"
"02-02-2018","866.8","890.1","895.2","847.6","67.14K","-3.09%"
"01-02-2018","894.4","861.8","897.9","854.5","51.49K","3.81%"
"31-01-2018","861.6","855.4","864.7","853.5","17.31K","1.19%"
"30-01-2018","851.5","870.1","870.8","846.1","50.53K","-3.12%"
"29-01-2018","878.9","870.3","888.5","870.3","34.92K","1.23%"
"25-01-2018","868.2","860.6","880.8","854.4","62.91K","1.25%"
"24-01-2018","857.5","820.0","865.2","807.5","83.30K","5.05%"
"23-01-2018","816.3","807.3","820.7","801.8","48.82K","0.64%"
"22-01-2018","811.1","811.4","817.3","807.6","33.13K","0.41%"
"19-01-2018","807.8","790.0","812.8","786.7","46.82K","1.55%"
"18-01-2018","795.5","790.3","802.5","789.4","31.92K","0.67%"
"17-01-2018","790.2","798.6","802.0","789.6","37.30K","-1.54%"
"16-01-2018","802.6","810.0","810.0","782.4","68.50K","-1.86%"
"15-01-2018","817.8","814.0","822.3","814.0","30.58K","1.75%"
"12-01-2018","803.7","803.1","809.7","796.0","42.14K","0.11%"
"11-01-2018","802.8","818.2","821.5","800.7","46.36K","-1.98%"
"10-01-2018","819.0","808.1","837.9","806.8","59.10K","1.65%"
"09-01-2018","805.7","799.8","812.8","795.6","44.42K","0.94%"
"08-01-2018","798.2","790.4","804.9","782.6","46.29K","0.49%"
"05-01-2018","794.3","798.9","800.7","788.1","40.17K","-0.84%"
"04-01-2018","801.0","787.1","806.3","785.5","40.47K","1.28%"
"03-01-2018","790.9","800.0","801.4","784.1","42.64K","-1.59%"
"02-01-2018","803.7","805.5","815.5","797.5","51.69K","-0.67%"
"01-01-2018","809.1","814.0","814.9","806.8","9.38K","3.35%"
"29-12-2017","782.9","783.3","787.8","773.7","20.75K","-0.62%"
"28-12-2017","787.8","766.7","792.0","766.7","40.42K","2.31%"
"27-12-2017","770.0","765.8","772.3","756.0","37.88K","0.30%"
"26-12-2017","767.7","765.0","774.9","762.3","19.35K","-0.30%"
"22-12-2017","770.0","765.1","779.0","763.2","40.94K","-0.04%"
"21-12-2017","770.3","764.8","771.9","756.2","46.69K","0.64%"
"20-12-2017","765.4","753.6","772.9","751.4","50.40K","1.75%"
"19-12-2017","752.2","751.0","755.2","746.3","28.48K","-0.42%"
"18-12-2017","755.4","741.3","758.5","738.6","40.75K","2.21%"
"15-12-2017","739.1","718.8","743.7","715.7","48.93K","2.90%"
"14-12-2017","718.3","715.3","720.8","708.5","26.48K","0.73%"
"13-12-2017","713.1","718.0","722.8","711.0","26.45K","-0.49%"
"12-12-2017","716.6","717.9","723.8","708.1","34.73K","-0.65%"
"11-12-2017","721.3","700.7","722.8","698.7","35.61K","2.11%"
"08-12-2017","706.4","713.7","715.1","701.0","32.70K","-0.52%"
"07-12-2017","710.1","701.0","712.6","692.8","46.21K","1.59%"
"06-12-2017","699.0","700.1","705.7","695.1","41.37K","-0.51%"
"05-12-2017","702.6","730.0","731.8","700.2","55.68K","-4.04%"
"04-12-2017","732.2","732.3","740.6","727.5","32.91K","0.11%"
"01-12-2017","731.4","721.0","737.2","707.1","67.70K","0.54%"
"30-11-2017","727.5","728.8","735.0","716.8","22.48K","-1.01%"
"29-11-2017","734.9","733.4","737.3","723.2","40.50K","0.45%"
"28-11-2017","731.6","733.3","735.8","721.9","38.10K","-1.76%"
"27-11-2017","744.7","767.4","768.4","743.0","52.67K","-3.77%"
"24-11-2017","773.9","769.5","778.9","768.4","39.81K","0.83%"
"23-11-2017","767.5","771.4","771.5","750.3","40.04K","0.18%"
"22-11-2017","766.1","761.0","771.7","754.6","40.23K","-0.08%"
"21-11-2017","766.7","757.2","769.8","752.8","34.97K","1.09%"
"20-11-2017","758.4","748.0","759.8","743.6","40.73K","0.96%"
"17-11-2017","751.2","745.0","754.3","741.1","36.63K","1.36%"
"16-11-2017","741.1","763.6","765.7","737.5","52.48K","-2.49%"
"15-11-2017","760.0","765.8","769.8","747.5","66.50K","-1.40%"
"14-11-2017","770.8","812.8","813.8","769.8","68.68K","-5.69%"
"13-11-2017","817.3","799.0","820.3","799.0","52.62K","3.52%"
"10-11-2017","789.5","802.3","811.0","788.2","44.38K","-1.21%"
"09-11-2017","799.2","816.2","816.2","791.1","61.04K","-2.81%"
"08-11-2017","822.3","822.0","825.8","814.1","41.63K","-0.47%"
"07-11-2017","826.2","828.1","835.4","816.1","53.91K","-1.30%"
"06-11-2017","837.1","828.6","838.4","827.1","41.05K","2.07%"
"03-11-2017","820.1","813.1","827.0","805.5","55.63K","1.42%"
"02-11-2017","808.6","820.4","834.1","798.5","72.82K","-0.87%"
"01-11-2017","815.7","810.3","841.9","810.3","90.47K","6.45%"
"31-10-2017","766.3","751.0","769.8","750.8","17.60K","1.60%"
"30-10-2017","754.2","749.1","755.4","741.7","33.06K","0.56%"
"27-10-2017","750.0","755.5","755.5","737.6","41.67K","-1.68%"
"26-10-2017","762.8","771.7","771.7","752.8","33.05K","-0.39%"
"25-10-2017","765.8","777.9","779.6","763.2","36.33K","-2.00%"
"24-10-2017","781.4","775.0","782.0","770.3","39.17K","1.36%"
"23-10-2017","770.9","762.2","773.0","758.7","40.63K","1.29%"
"20-10-2017","761.1","759.5","785.8","755.8","37.59K","0.62%"
"19-10-2017","756.4","757.0","761.4","753.5","6.02K","0.21%"
"18-10-2017","754.8","763.0","768.0","752.5","45.70K","-0.88%"
"17-10-2017","761.5","765.6","765.6","752.2","40.34K","-0.52%"
"16-10-2017","765.5","755.8","769.8","751.3","52.53K","1.23%"
"13-10-2017","756.2","736.6","757.4","736.6","66.80K","2.15%"
"12-10-2017","740.3","725.5","741.2","725.0","43.90K","1.70%"
"11-10-2017","727.9","715.1","731.7","708.0","49.01K","1.24%"
"10-10-2017","719.0","715.5","719.8","705.1","45.47K","0.08%"
"09-10-2017","718.4","698.6","719.4","697.9","50.48K","3.64%"
"06-10-2017","693.2","694.4","698.2","688.7","36.06K","0.42%"
"05-10-2017","690.3","692.7","697.2","685.0","44.18K","0.20%"
"04-10-2017","688.9","704.8","707.7","687.5","42.21K","-1.75%"
"03-10-2017","701.2","684.0","706.5","683.9","53.40K","3.32%"
"29-09-2017","678.7","680.0","689.8","673.6","17.68K","-0.07%"
"28-09-2017","679.2","674.8","683.3","666.4","33.98K","1.31%"
"27-09-2017","670.4","682.9","692.6","665.5","41.53K","-1.35%"
"26-09-2017","679.6","690.7","692.9","677.4","34.47K","-1.45%"
"25-09-2017","689.6","681.0","691.9","676.6","42.43K","0.39%"
"22-09-2017","686.9","690.0","690.0","674.2","63.15K","-1.08%"
"21-09-2017","694.4","721.0","722.2","687.5","81.54K","-4.79%"
"20-09-2017","729.3","717.3","734.8","717.3","51.34K","2.11%"
"19-09-2017","714.2","707.0","719.5","697.2","55.11K","-0.06%"
"18-09-2017","714.6","715.7","719.8","707.3","45.11K","0.56%"
"15-09-2017","710.6","718.0","718.0","693.0","67.08K","-0.93%"
"14-09-2017","717.3","730.3","730.6","710.1","62.55K","-1.86%"
"13-09-2017","730.9","757.0","757.0","724.2","55.92K","-3.93%"
"12-09-2017","760.8","744.5","764.0","739.2","40.36K","1.00%"
"11-09-2017","753.3","740.0","754.9","736.0","44.85K","2.63%"
"08-09-2017","734.0","781.6","782.0","732.5","65.95K","-5.74%"
"07-09-2017","778.7","782.7","784.1","767.3","40.90K","-0.47%"
"06-09-2017","782.4","773.8","783.9","763.8","35.59K","1.85%"
"05-09-2017","768.2","785.9","785.9","763.2","34.73K","-2.15%"
"04-09-2017","785.1","779.3","786.0","774.6","22.82K","1.46%"
"01-09-2017","773.8","754.6","776.0","754.6","44.11K","4.09%"
"31-08-2017","743.4","742.4","749.0","739.3","13.27K","0.69%"
"30-08-2017","738.3","745.0","750.2","736.1","25.17K","-1.10%"
"29-08-2017","746.5","749.3","757.0","738.7","40.65K","0.15%"
"28-08-2017","745.4","724.0","748.8","724.0","20.59K","2.21%"
"25-08-2017","729.3","744.7","747.4","725.6","24.42K","-2.62%"
"24-08-2017","748.9","746.0","751.7","741.3","37.53K","-0.21%"
"23-08-2017","750.5","729.1","754.5","723.0","57.46K","2.67%"
"22-08-2017","731.0","723.0","738.4","721.1","44.69K","0.84%"
"21-08-2017","724.9","706.0","726.1","706.0","39.51K","2.97%"
"18-08-2017","704.0","686.7","707.0","686.6","49.05K","3.07%"
"17-08-2017","683.0","690.6","695.4","680.7","36.37K","-0.45%"
"16-08-2017","686.1","666.0","693.7","666.0","44.20K","2.80%"
"14-08-2017","667.4","680.6","682.6","664.4","25.38K","-2.05%"
"11-08-2017","681.4","690.7","691.1","675.2","43.50K","-2.27%"
"10-08-2017","697.2","690.7","703.0","686.7","40.56K","1.53%"
"09-08-2017","686.7","684.9","693.0","683.0","33.84K","0.39%"
"08-08-2017","684.0","661.0","686.5","654.3","43.88K","3.21%"
"07-08-2017","662.7","656.5","663.9","654.8","27.01K","0.56%"
"04-08-2017","659.0","659.0","663.5","649.2","32.89K","-0.29%"
"03-08-2017","660.9","660.0","662.8","652.5","28.79K","0.30%"
"02-08-2017","658.9","655.4","659.3","650.6","24.28K","0.15%"
"01-08-2017","657.9","655.0","660.8","647.5","35.94K","0.37%"
"31-07-2017","655.5","656.2","660.8","652.2","18.51K","-0.21%"
"28-07-2017","656.9","645.8","657.9","640.7","43.42K","1.14%"
"27-07-2017","649.5","639.6","652.7","638.2","31.65K","1.58%"
"26-07-2017","639.4","643.2","647.4","632.1","37.57K","-0.54%"
"25-07-2017","642.9","627.0","643.7","627.0","32.81K","2.72%"
"24-07-2017","625.9","617.0","626.8","616.0","28.65K","2.07%"
"21-07-2017","613.2","611.3","621.7","610.6","28.23K","0.46%"
"20-07-2017","610.4","621.9","622.4","607.6","29.28K","-1.39%"
"19-07-2017","619.0","622.1","626.9","618.2","28.75K","-0.88%"
"18-07-2017","624.5","619.9","626.5","613.6","36.02K","1.04%"
"17-07-2017","618.1","614.9","624.6","614.9","31.05K","0.90%"
"14-07-2017","612.6","594.0","614.8","592.9","45.36K","3.57%"
"13-07-2017","591.5","594.6","597.8","589.5","18.08K","-0.15%"
"12-07-2017","592.4","594.9","598.6","591.7","21.66K","-0.10%"
"11-07-2017","593.0","579.1","594.8","579.1","24.77K","2.05%"
"10-07-2017","581.1","584.0","584.0","573.0","24.32K","0.05%"
"07-07-2017","580.8","588.0","588.2","577.3","29.20K","-1.46%"
"06-07-2017","589.4","590.0","593.9","588.2","18.96K","-0.64%"
"05-07-2017","593.2","596.3","597.9","588.2","22.28K","-0.37%"
"04-07-2017","595.4","604.2","608.0","592.1","22.51K","-1.89%"
"03-07-2017","606.9","608.3","612.6","604.5","26.87K","1.02%"
"30-06-2017","600.8","598.4","601.9","597.7","20.24K","0.45%"
"29-06-2017","598.1","595.6","602.4","595.5","28.83K","0.74%"
"28-06-2017","593.7","586.7","597.0","586.7","25.52K","0.12%"
"27-06-2017","593.0","581.2","594.8","581.2","27.67K","2.31%"
"26-06-2017","579.6","585.0","587.2","578.4","9.78K","-0.86%"
"23-06-2017","584.6","582.8","592.9","580.8","28.18K","0.31%"
"22-06-2017","582.8","576.0","585.3","568.1","31.12K","0.80%"
"21-06-2017","578.2","572.7","580.5","571.2","23.52K","1.05%"
"20-06-2017","572.2","581.8","584.2","569.0","27.89K","-1.36%"
"19-06-2017","580.1","575.0","586.7","574.7","30.72K","0.94%"
"16-06-2017","574.7","574.0","578.7","573.7","20.37K","0.23%"
"15-06-2017","573.4","569.5","575.8","569.5","21.67K","0.70%"
"14-06-2017","569.4","569.0","572.4","564.2","26.49K","0.55%"
"13-06-2017","566.3","564.0","569.0","558.6","31.49K","0.41%"
"12-06-2017","564.0","576.7","581.9","563.5","34.00K","-2.19%"
"09-06-2017","576.6","568.0","578.6","566.0","31.78K","1.53%"
"08-06-2017","567.9","569.5","573.7","565.5","28.77K","-0.16%"
"07-06-2017","568.8","576.5","578.2","568.1","21.80K","-1.15%"
"06-06-2017","575.4","572.0","581.2","570.5","31.39K","0.58%"
"05-06-2017","572.1","572.0","577.2","570.2","25.38K","-0.35%"
"02-06-2017","574.1","569.5","574.7","563.5","35.77K","0.68%"
"01-06-2017","570.2","579.0","579.0","569.5","35.87K","0.11%"
"31-05-2017","569.6","579.5","579.5","567.5","33.42K","-2.93%"
"30-05-2017","586.8","585.4","590.6","582.0","27.39K","0.36%"
"29-05-2017","584.7","582.2","586.0","578.5","6.94K","-0.02%"
"26-05-2017","584.8","584.5","586.4","578.6","24.38K","0.48%"
"25-05-2017","582.0","589.0","591.5","581.6","22.92K","-1.32%"
"24-05-2017","589.8","600.2","600.2","586.4","28.24K","-2.48%"
"23-05-2017","604.8","606.6","608.0","599.1","28.62K","-0.12%"
"22-05-2017","605.5","604.0","608.8","602.0","25.80K","0.50%"
"19-05-2017","602.5","591.3","607.9","591.3","34.23K","1.40%"
"18-05-2017","594.2","585.2","596.6","581.4","31.88K","1.50%"
"17-05-2017","585.4","588.7","594.6","584.0","29.87K","-0.03%"
"16-05-2017","585.6","589.4","591.0","580.2","35.08K","-0.26%"
"15-05-2017","587.1","598.0","601.2","586.3","34.03K","-2.02%"
"12-05-2017","599.2","598.2","603.3","594.8","22.53K","0.13%"
"11-05-2017","598.4","591.6","604.4","591.5","30.59K","1.25%"
"10-05-2017","591.0","596.7","598.9","586.2","23.87K","-1.01%"
"09-05-2017","597.0","588.0","603.8","586.0","24.29K","1.24%"
"08-05-2017","589.7","584.0","592.3","581.3","23.05K","0.00%"
"05-05-2017","589.7","577.8","592.7","574.6","28.84K","1.67%"
"04-05-2017","580.0","594.6","596.2","578.5","34.35K","-2.52%"
"03-05-2017","595.0","610.7","612.4","594.0","38.11K","-3.09%"
"02-05-2017","614.0","616.4","617.0","612.3","17.72K","-0.58%"
"01-05-2017","617.6","611.0","619.0","610.3","7.29K","1.76%"
"28-04-2017","606.9","598.1","610.4","598.1","30.26K","1.79%"
"27-04-2017","596.2","589.5","598.1","587.2","25.68K","0.83%"
"26-04-2017","591.3","595.5","597.3","590.3","24.63K","-0.90%"
"25-04-2017","596.7","597.3","598.7","591.4","26.32K","0.05%"
"24-04-2017","596.4","604.5","604.5","595.1","30.64K","-1.39%"
"21-04-2017","604.8","613.0","616.4","603.6","29.03K","-1.31%"
"20-04-2017","612.8","605.1","617.0","602.6","35.94K","0.86%"
"19-04-2017","607.6","607.8","615.5","602.3","32.48K","0.45%"
"18-04-2017","604.9","625.0","625.0","601.3","41.79K","-3.05%"
"17-04-2017","623.9","626.0","628.4","621.8","13.77K","-0.45%"
"13-04-2017","626.7","634.4","634.4","625.3","29.48K","-0.27%"
"12-04-2017","628.4","637.5","638.0","627.5","35.23K","-1.52%"
"11-04-2017","638.1","654.7","657.6","632.2","39.49K","-2.13%"
"10-04-2017","652.0","652.5","658.9","650.0","24.57K","-0.73%"
"07-04-2017","656.8","653.0","659.0","641.0","40.76K","0.41%"
"06-04-2017","654.1","669.5","672.3","650.9","40.38K","-2.75%"
"05-04-2017","672.6","653.4","673.5","653.4","31.25K","3.13%"
"04-04-2017","652.2","643.0","653.0","643.0","16.11K","2.00%"
"03-04-2017","639.4","650.0","656.5","638.6","35.16K","-0.62%"
"31-03-2017","643.4","644.7","651.7","640.4","18.44K","-0.43%"
"30-03-2017","646.2","643.7","652.7","641.4","23.51K","0.00%"
"29-03-2017","646.2","644.4","650.8","641.5","22.82K","-0.29%"
"28-03-2017","648.1","640.0","648.8","631.5","32.95K","1.73%"
"27-03-2017","637.1","641.6","641.6","625.6","26.66K","-1.12%"
"24-03-2017","644.3","653.2","654.2","641.5","31.61K","-1.50%"
"23-03-2017","654.1","656.8","660.1","651.6","26.52K","-0.65%"
"22-03-2017","658.4","662.1","662.1","649.3","30.88K","-0.78%"
"21-03-2017","663.6","666.9","667.9","659.1","23.13K","-0.06%"
"20-03-2017","664.0","670.6","670.8","660.5","26.43K","-1.18%"
"17-03-2017","671.9","671.2","673.7","665.1","20.58K","0.78%"
"16-03-2017","666.7","672.9","677.0","663.9","25.69K","-0.71%"
"15-03-2017","671.5","670.0","678.8","667.1","25.58K","-0.19%"
"14-03-2017","672.8","674.7","677.6","661.8","33.04K","-0.38%"
"13-03-2017","675.4","665.0","679.9","665.0","17.90K","2.26%"
"10-03-2017","660.5","676.4","679.0","657.9","41.06K","-2.58%"
"09-03-2017","678.0","682.0","683.3","671.5","40.85K","-0.13%"
"08-03-2017","678.9","712.5","713.3","676.6","49.62K","-4.50%"
"07-03-2017","710.9","733.7","734.5","709.5","36.79K","-3.79%"
"06-03-2017","738.9","736.6","740.0","729.2","22.89K","0.43%"
"03-03-2017","735.7","726.1","737.0","725.8","26.21K","1.84%"
"02-03-2017","722.4","735.0","737.5","720.7","28.50K","-1.99%"
"01-03-2017","737.1","736.1","744.1","733.5","25.80K","1.43%"
"28-02-2017","726.7","730.0","731.0","723.6","9.82K","-1.01%"
"27-02-2017","734.1","725.0","735.7","722.6","24.09K","1.44%"
"24-02-2017","723.7","710.0","725.0","707.7","17.89K","3.36%"
"23-02-2017","700.2","713.1","715.2","698.5","31.89K","-2.27%"
"22-02-2017","716.5","723.4","725.5","715.2","26.43K","-0.69%"
"21-02-2017","721.5","738.0","742.4","720.2","34.40K","-3.06%"
"20-02-2017","744.3","736.5","745.0","736.0","22.14K","0.62%"
"17-02-2017","739.7","734.2","740.3","725.7","42.23K","0.01%"
"16-02-2017","739.6","729.8","740.4","724.6","44.43K","1.54%"
"15-02-2017","728.4","718.1","729.0","713.6","33.58K","1.11%"
"14-02-2017","720.4","717.1","726.2","712.0","33.95K","0.83%"
"13-02-2017","714.5","713.0","721.6","712.6","26.97K","0.52%"
"10-02-2017","710.8","691.8","712.6","691.8","33.47K","3.57%"
"09-02-2017","686.3","700.8","703.0","685.4","29.08K","-2.22%"
"08-02-2017","701.9","698.0","709.4","697.3","27.12K","0.72%"
"07-02-2017","696.9","698.0","702.5","693.6","24.86K","-0.88%"
"06-02-2017","703.1","693.0","703.8","693.0","26.42K","1.96%"
"03-02-2017","689.6","690.7","694.5","681.1","38.99K","-1.05%"
"02-02-2017","696.9","689.0","707.4","688.5","39.80K","0.69%"
"01-02-2017","692.1","682.5","693.5","676.0","29.51K","3.64%"
"31-01-2017","667.8","655.2","672.1","654.1","23.39K","1.66%"
"30-01-2017","656.9","650.0","658.0","643.4","28.55K","1.83%"
"27-01-2017","645.1","658.0","658.0","636.5","39.28K","-2.23%"
"25-01-2017","659.8","668.6","668.6","648.2","39.98K","-1.08%"
"24-01-2017","667.0","669.7","670.3","660.6","30.49K","0.36%"
"23-01-2017","664.6","665.3","675.0","661.4","32.30K","0.90%"
"20-01-2017","658.7","676.5","678.1","655.1","39.29K","-2.15%"
"19-01-2017","673.2","695.0","696.4","672.0","36.85K","-2.87%"
"18-01-2017","693.1","690.2","698.0","688.6","20.15K","0.74%"
"17-01-2017","688.0","695.8","702.2","685.7","28.62K","-1.32%"
"16-01-2017","697.2","708.0","708.8","696.0","23.07K","-1.80%"
"13-01-2017","710.0","698.7","712.8","686.5","36.10K","1.17%"
"12-01-2017","701.8","690.0","704.1","661.1","79.60K","1.92%"
"11-01-2017","688.6","720.4","724.4","686.8","38.61K","-4.49%"
"10-01-2017","721.0","709.0","725.4","708.8","23.70K","1.99%"
"09-01-2017","706.9","704.5","709.4","701.4","21.78K","0.91%"
"06-01-2017","700.5","694.9","702.8","692.0","19.31K","0.63%"
"05-01-2017","696.1","698.5","704.4","693.5","26.93K","-0.14%"
"04-01-2017","697.1","687.3","698.3","681.6","24.50K","1.95%"
"03-01-2017","683.8","695.0","701.9","680.1","32.71K","-1.00%"
"02-01-2017","690.7","685.2","692.0","685.1","5.24K","1.28%"
"30-12-2016","682.0","685.2","688.2","679.4","10.68K","-0.54%"
"29-12-2016","685.7","690.0","692.4","678.7","18.61K","-0.19%"
"28-12-2016","687.0","698.4","698.8","685.6","25.80K","-2.53%"
"27-12-2016","704.8","696.0","707.7","692.7","10.86K","1.82%"
"26-12-2016","692.2","701.9","701.9","677.8","11.50K","-1.95%"
"23-12-2016","706.0","725.5","726.8","702.3","26.63K","-3.26%"
"22-12-2016","729.8","731.7","732.4","717.1","23.28K","-0.41%"
"21-12-2016","732.8","744.0","745.3","731.9","15.59K","-1.36%"
"20-12-2016","742.9","740.0","747.4","736.3","21.01K","0.90%"
"19-12-2016","736.3","757.9","759.4","724.4","26.08K","-2.90%"
"16-12-2016","758.3","768.0","773.0","754.6","22.28K","-0.67%"
"15-12-2016","763.4","775.0","776.7","761.3","21.95K","-1.24%"
"14-12-2016","773.0","773.6","776.9","762.3","21.15K","0.47%"
"13-12-2016","769.4","766.0","776.5","758.5","24.28K","0.88%"
"12-12-2016","762.7","765.0","770.7","760.3","11.90K","-1.28%"
"09-12-2016","772.6","756.0","773.8","756.0","22.31K","2.77%"
"08-12-2016","751.8","772.0","774.6","748.2","24.02K","-2.21%"
"07-12-2016","768.8","786.5","795.1","767.7","27.52K","-2.19%"
"06-12-2016","786.0","787.9","792.3","780.3","22.00K","-0.56%"
"05-12-2016","790.4","787.4","800.6","785.3","24.54K","1.14%"
"02-12-2016","781.5","762.6","786.3","756.5","27.43K","2.20%"
"01-12-2016","764.7","767.5","775.3","761.2","24.54K","1.38%"
"30-11-2016","754.3","752.2","763.0","744.6","13.86K","-1.26%"
"29-11-2016","763.9","785.0","785.0","754.7","23.29K","-3.00%"
"28-11-2016","787.5","796.1","816.5","785.6","31.88K","-1.49%"
"25-11-2016","799.4","792.6","802.8","778.3","27.60K","0.96%"
"24-11-2016","791.8","803.0","804.6","790.3","30.08K","-0.84%"
"23-11-2016","798.5","776.0","799.7","773.0","27.63K","3.18%"
"22-11-2016","773.9","776.0","785.0","772.2","24.39K","-0.27%"
"21-11-2016","776.0","749.7","777.1","749.7","28.80K","4.77%"
"18-11-2016","740.7","757.9","762.0","738.3","28.51K","-2.57%"
"17-11-2016","760.2","764.6","768.3","757.7","19.29K","-1.26%"
"16-11-2016","769.9","757.1","775.8","757.1","26.80K","0.10%"
"15-11-2016","769.1","773.0","773.0","748.4","28.52K","-0.04%"
"14-11-2016","769.4","757.0","771.8","751.7","17.29K","1.54%"
"11-11-2016","757.7","781.0","812.9","744.0","80.36K","-1.20%"
"10-11-2016","766.9","774.8","786.9","762.1","37.05K","-0.58%"
"09-11-2016","771.4","738.0","773.7","735.0","47.56K","3.53%"
"08-11-2016","745.1","752.8","757.8","735.9","52.58K","-0.35%"
"07-11-2016","747.7","702.4","750.2","702.4","57.64K","7.12%"
"04-11-2016","698.0","700.0","703.6","696.2","19.41K","-0.30%"
"03-11-2016","700.1","694.7","704.5","694.2","21.89K","1.33%"
"02-11-2016","690.9","696.0","697.5","690.3","19.77K","-0.90%"
"01-11-2016","697.2","700.2","705.5","696.0","24.67K","0.09%"
"31-10-2016","696.6","699.2","703.0","696.6","13.34K","0.61%"
"30-10-2016","692.4","692.4","694.2","691.0","1.06K","0.00%"
"28-10-2016","692.4","693.4","695.9","686.9","23.89K","0.36%"
"27-10-2016","689.9","681.0","692.0","675.2","29.13K","1.28%"
"26-10-2016","681.2","681.9","685.9","675.2","24.81K","-0.12%"
"25-10-2016","682.0","680.4","689.6","680.4","26.60K","0.65%"
"24-10-2016","677.6","670.8","679.0","667.4","29.45K","1.65%"
"21-10-2016","666.6","674.9","676.0","665.8","25.04K","-1.27%"
"20-10-2016","675.2","686.5","688.0","674.4","21.60K","-1.55%"
"19-10-2016","685.8","692.8","692.9","677.9","29.96K","-1.38%"
"18-10-2016","695.4","689.5","697.0","688.6","21.58K","1.06%"
"17-10-2016","688.1","698.5","701.4","686.5","26.35K","-1.40%"
"14-10-2016","697.9","696.6","699.0","693.5","21.95K","0.22%"
"13-10-2016","696.4","702.2","702.2","692.5","36.26K","-1.44%"
"12-10-2016","706.6","702.0","708.4","702.0","17.62K","1.28%"
"11-10-2016","697.7","698.0","701.3","691.8","17.18K","-0.31%"
"10-10-2016","699.9","682.0","701.4","682.0","35.07K","2.79%"
"07-10-2016","680.9","684.0","692.3","677.9","30.48K","-0.53%"
"06-10-2016","684.5","673.0","686.0","670.9","30.08K","1.29%"
"05-10-2016","675.8","672.5","677.9","663.7","33.35K","0.61%"
"04-10-2016","671.7","687.0","692.4","668.0","44.19K","-2.33%"
"03-10-2016","687.7","701.5","709.7","679.3","49.21K","-1.63%"
"30-09-2016","699.1","692.3","702.0","685.9","17.34K","0.76%"
"29-09-2016","693.8","709.0","716.5","691.1","39.30K","-1.91%"
"28-09-2016","707.3","703.0","710.4","698.7","34.51K","0.60%"
"27-09-2016","703.1","694.0","718.5","685.2","76.94K","1.19%"
"26-09-2016","694.8","705.0","705.0","692.7","33.18K","-1.63%"
"23-09-2016","706.3","705.0","711.5","698.6","39.40K","0.17%"
"22-09-2016","705.1","691.0","706.7","691.0","36.16K","2.14%"
"21-09-2016","690.3","685.5","693.8","683.3","26.06K","0.45%"
"20-09-2016","687.2","679.0","688.8","677.0","32.90K","1.25%"
"19-09-2016","678.7","653.0","679.5","653.0","46.05K","4.16%"
"16-09-2016","651.6","649.5","653.4","642.5","33.19K","0.42%"
"15-09-2016","648.9","662.0","665.9","648.2","39.25K","-1.53%"
"14-09-2016","659.0","664.9","665.4","653.3","34.48K","-0.53%"
"13-09-2016","662.5","671.4","676.0","660.5","20.60K","-1.46%"
"12-09-2016","672.3","691.3","691.3","666.1","33.55K","-2.89%"
"09-09-2016","692.3","684.7","695.9","682.0","31.59K","0.99%"
"08-09-2016","685.5","680.0","688.3","678.1","31.25K","0.94%"
"07-09-2016","679.1","671.9","680.8","671.5","26.41K","1.18%"
"06-09-2016","671.2","670.7","678.0","668.7","27.89K","0.60%"
"05-09-2016","667.2","668.2","672.0","663.6","11.03K","-0.31%"
"02-09-2016","669.3","668.0","673.3","665.0","25.51K","0.71%"
"01-09-2016","664.6","661.0","668.0","655.8","37.21K","2.14%"
"31-08-2016","650.7","653.0","657.8","648.2","14.96K","-0.72%"
"30-08-2016","655.4","660.9","661.8","651.0","23.71K","-0.67%"
"29-08-2016","659.8","657.3","661.4","657.3","9.94K","0.46%"
"26-08-2016","656.8","660.0","663.8","653.1","28.82K","0.02%"
"25-08-2016","656.7","669.9","669.9","654.3","27.36K","-1.63%"
"24-08-2016","667.6","685.3","688.5","665.9","27.35K","-2.41%"
"23-08-2016","684.1","686.1","690.0","683.2","20.70K","-0.58%"
"22-08-2016","688.1","691.8","691.8","681.8","23.35K","-0.88%"
"19-08-2016","694.2","688.1","697.6","686.1","22.02K","0.67%"
"18-08-2016","689.6","689.1","695.5","684.4","25.46K","0.61%"
"17-08-2016","685.4","690.0","691.8","680.8","30.60K","0.04%"
"16-08-2016","685.1","693.2","699.7","684.1","39.90K","-0.52%"
"12-08-2016","688.7","714.0","714.0","687.8","47.21K","-3.81%"
"11-08-2016","716.0","721.5","722.8","714.8","25.40K","-0.91%"
"10-08-2016","722.6","719.3","734.3","714.3","51.47K","0.19%"
"09-08-2016","721.2","719.1","723.4","713.5","28.21K","0.00%"
"08-08-2016","721.2","717.7","725.4","717.7","23.94K","0.68%"
"05-08-2016","716.3","709.6","717.5","705.0","33.71K","1.13%"
"04-08-2016","708.3","715.5","715.5","698.8","44.86K","-1.68%"
"03-08-2016","720.4","717.1","722.1","708.8","38.65K","0.56%"
"02-08-2016","716.4","722.6","726.8","705.1","36.81K","-0.24%"
"01-08-2016","718.1","714.5","723.4","714.5","28.69K","2.38%"
"29-07-2016","701.4","710.9","711.1","699.4","17.11K","-1.94%"
"28-07-2016","715.3","698.2","716.8","698.0","37.37K","3.07%"
"27-07-2016","694.0","692.2","701.0","688.2","38.04K","-0.10%"
"26-07-2016","694.7","701.7","701.7","687.6","37.99K","-1.59%"
"25-07-2016","705.9","701.5","707.5","697.3","37.79K","1.36%"
"22-07-2016","696.4","715.0","717.0","695.5","53.47K","-3.01%"
"21-07-2016","718.0","710.0","729.6","710.0","69.11K","1.36%"
"20-07-2016","708.4","699.2","709.9","692.0","59.29K","0.84%"
"19-07-2016","702.5","706.2","710.1","695.0","54.12K","-1.01%"
"18-07-2016","709.7","688.2","710.5","687.6","53.75K","3.38%"
"15-07-2016","686.5","691.0","703.0","684.4","46.56K","-0.75%"
"14-07-2016","691.7","694.4","703.7","687.1","45.28K","0.41%"
"13-07-2016","688.9","708.0","715.8","687.0","47.04K","-1.78%"
"12-07-2016","701.4","679.5","706.4","678.5","55.51K","3.94%"
"11-07-2016","674.8","667.4","684.9","667.4","42.04K","1.69%"
"08-07-2016","663.6","651.6","668.3","650.4","52.04K","1.36%"
"07-07-2016","654.7","680.6","683.0","653.7","61.89K","-3.85%"
"06-07-2016","680.9","655.3","684.5","652.2","37.39K","3.97%"
"05-07-2016","654.9","670.1","695.8","653.0","85.66K","-3.16%"
"04-07-2016","676.3","669.0","701.4","669.0","69.06K","0.77%"
"01-07-2016","671.1","643.5","674.2","641.4","50.66K","5.40%"
"30-06-2016","636.7","635.0","640.3","634.3","16.52K","0.54%"
"29-06-2016","633.3","625.0","634.2","623.6","29.34K","0.51%"
"28-06-2016","630.1","612.6","631.3","612.6","42.10K","3.87%"
"27-06-2016","606.6","606.1","617.6","605.1","33.21K","-0.28%"
"24-06-2016","608.3","613.0","614.0","597.2","35.08K","-1.65%"
"23-06-2016","618.5","616.6","620.4","615.2","22.58K","-0.08%"
"22-06-2016","619.0","621.7","625.9","618.0","34.16K","-0.21%"
"21-06-2016","620.3","619.5","624.5","614.1","38.65K","-0.55%"
"20-06-2016","623.7","610.0","625.5","610.0","36.09K","2.84%"
"17-06-2016","606.5","594.8","608.9","594.8","36.67K","1.56%"
"16-06-2016","597.2","601.0","603.0","593.2","25.53K","-1.06%"
"15-06-2016","603.6","598.5","613.7","598.5","45.51K","1.04%"
"14-06-2016","597.4","595.5","599.3","592.9","19.09K","0.18%"
"13-06-2016","596.3","595.2","600.0","594.3","20.16K","-0.22%"
"10-06-2016","597.6","595.4","604.0","592.8","23.48K","-0.12%"
"09-06-2016","598.3","599.9","609.7","591.6","50.24K","-0.10%"
"08-06-2016","598.9","579.0","599.6","578.3","39.01K","3.85%"
"07-06-2016","576.7","580.3","581.9","572.9","21.15K","-0.74%"
"06-06-2016","581.0","576.5","586.8","576.5","25.92K","1.56%"
"03-06-2016","572.1","570.8","581.4","570.4","31.57K","0.37%"
"02-06-2016","570.0","572.3","574.8","567.9","23.37K","-0.71%"
"01-06-2016","574.1","570.8","576.4","566.5","24.38K","0.95%"
"31-05-2016","568.7","562.5","572.0","562.5","28.12K","1.74%"
"30-05-2016","559.0","564.0","564.0","557.0","7.90K","-0.55%"
"27-05-2016","562.1","559.5","568.5","559.5","21.23K","0.61%"
"26-05-2016","558.7","563.0","569.0","557.5","28.93K","-0.59%"
"25-05-2016","562.0","569.9","571.9","561.5","24.65K","-1.42%"
"24-05-2016","570.1","567.8","574.0","565.0","28.24K","1.03%"
"23-05-2016","564.3","571.9","572.6","563.4","29.25K","-1.36%"
"20-05-2016","572.1","579.2","583.3","571.2","25.45K","-1.16%"
"19-05-2016","578.8","579.6","581.4","573.0","23.23K","-0.38%"
"18-05-2016","581.0","582.5","585.0","576.2","21.52K","-1.09%"
"17-05-2016","587.4","583.0","589.5","579.0","25.15K","0.44%"
"16-05-2016","584.8","581.5","589.5","577.8","22.78K","0.67%"
"13-05-2016","580.9","577.8","584.1","575.2","23.21K","0.52%"
"12-05-2016","577.9","590.0","597.8","577.3","32.83K","-2.12%"
"11-05-2016","590.4","585.3","594.6","584.5","31.35K","1.36%"
"10-05-2016","582.5","580.0","587.7","577.2","29.28K","0.59%"
"09-05-2016","579.1","601.4","603.1","578.0","36.48K","-4.19%"
"06-05-2016","604.4","599.0","609.6","598.6","35.56K","1.12%"
"05-05-2016","597.7","629.8","629.8","596.6","47.20K","-5.23%"
"04-05-2016","630.7","633.0","636.7","628.4","31.63K","-0.47%"
"03-05-2016","633.7","629.6","646.7","623.6","54.35K","0.73%"
"02-05-2016","629.1","634.2","636.6","627.1","14.35K","0.08%"
"29-04-2016","628.6","618.0","631.5","611.7","21.20K","2.41%"
"28-04-2016","613.8","608.1","616.5","604.0","21.46K","0.51%"
"27-04-2016","610.7","605.2","614.9","603.5","29.49K","0.21%"
"26-04-2016","609.4","605.3","614.0","598.5","29.87K","0.51%"
"25-04-2016","606.3","603.6","610.9","599.4","27.78K","0.78%"
"22-04-2016","601.6","600.8","622.3","598.2","41.28K","-0.08%"
"21-04-2016","602.1","617.0","633.8","591.3","61.92K","-1.81%"
"20-04-2016","613.2","608.0","618.7","602.5","32.83K","0.51%"
"19-04-2016","610.1","602.1","613.2","596.6","24.22K","0.61%"
"18-04-2016","606.4","593.5","607.4","591.2","25.48K","2.14%"
"15-04-2016","593.7","595.8","596.9","587.1","15.52K","-1.03%"
"14-04-2016","599.9","595.5","600.9","593.0","13.69K","0.60%"
"13-04-2016","596.3","591.0","599.5","588.1","25.68K","1.17%"
"12-04-2016","589.4","570.7","591.9","570.0","30.02K","3.84%"
"11-04-2016","567.6","574.0","577.3","564.0","18.88K","-0.91%"
"08-04-2016","572.8","564.0","575.9","563.4","21.44K","1.90%"
"07-04-2016","562.1","572.9","572.9","560.8","23.76K","-1.92%"
"06-04-2016","573.1","567.5","575.0","565.0","24.11K","0.84%"
"05-04-2016","568.3","557.0","569.2","555.2","24.49K","1.63%"
"04-04-2016","559.2","555.5","560.0","550.0","21.58K","0.59%"
"01-04-2016","555.9","564.3","569.2","554.6","26.71K","0.96%"
"31-03-2016","550.6","558.0","559.3","549.4","20.10K","-1.27%"
"30-03-2016","557.7","564.5","565.6","556.2","24.71K","-1.19%"
"29-03-2016","564.4","577.8","578.2","561.7","27.76K","-2.12%"
"28-03-2016","576.6","579.8","582.9","575.0","11.01K","-0.76%"
"24-03-2016","581.0","577.7","584.0","575.5","10.75K","0.54%"
"23-03-2016","577.9","586.4","586.9","576.6","20.72K","-1.53%"
"22-03-2016","586.9","581.9","589.3","576.2","22.45K","0.48%"
"21-03-2016","584.1","579.3","586.5","570.3","27.83K","1.74%"
"18-03-2016","574.1","592.0","600.0","573.0","33.79K","-2.69%"
"17-03-2016","590.0","582.1","592.0","577.4","38.26K","2.02%"
"16-03-2016","578.3","580.8","583.9","572.2","26.57K","-0.40%"
"15-03-2016","580.6","584.0","588.0","575.2","26.59K","-0.33%"
"14-03-2016","582.5","593.0","596.4","577.3","31.18K","-1.05%"
"11-03-2016","588.7","594.6","598.2","587.3","28.27K","-0.74%"
"10-03-2016","593.1","598.0","599.6","585.7","30.73K","-0.98%"
"09-03-2016","599.0","586.0","601.7","586.0","45.40K","2.97%"
"08-03-2016","581.7","618.0","620.0","580.0","63.22K","-7.30%"
"07-03-2016","627.5","628.9","638.5","624.4","30.12K","0.13%"
"04-03-2016","626.7","607.5","628.1","604.6","51.41K","3.40%"
"03-03-2016","606.1","592.0","607.7","589.8","31.30K","2.75%"
"02-03-2016","589.9","591.6","603.9","588.7","37.54K","-0.29%"
"01-03-2016","591.6","582.0","592.8","580.2","23.52K","2.09%"
"29-02-2016","579.5","577.0","581.4","575.0","15.14K","-0.55%"
"26-02-2016","582.7","576.6","588.9","576.6","26.27K","1.71%"
"25-02-2016","572.9","588.5","590.0","571.6","27.96K","-3.23%"
"24-02-2016","592.0","589.1","593.4","580.9","27.36K","-0.07%"
"23-02-2016","592.4","594.5","600.8","588.6","27.41K","-1.12%"
"22-02-2016","599.1","588.9","602.6","587.3","31.42K","1.17%"
"19-02-2016","592.2","574.5","594.0","574.1","26.95K","3.42%"
"18-02-2016","572.6","574.0","575.0","568.8","20.34K","-0.66%"
"17-02-2016","576.4","570.1","579.8","565.4","24.50K","0.75%"
"16-02-2016","572.1","566.0","573.4","563.2","30.39K","1.36%"
"15-02-2016","564.4","542.0","565.9","542.0","41.88K","5.67%"
"12-02-2016","534.1","524.9","536.4","524.9","31.82K","2.20%"
"11-02-2016","522.6","542.4","543.4","520.5","40.55K","-3.60%"
"10-02-2016","542.1","551.8","556.5","539.2","39.47K","-1.78%"
"09-02-2016","551.9","565.0","569.3","550.7","33.04K","-2.08%"
"08-02-2016","563.6","556.1","566.7","550.2","35.92K","1.46%"
"05-02-2016","555.5","579.0","582.2","547.4","42.74K","-4.22%"
"04-02-2016","580.0","585.0","588.0","575.9","28.03K","-0.31%"
"03-02-2016","581.8","577.9","583.8","577.3","27.02K","1.59%"
"02-02-2016","572.7","582.9","588.0","572.1","29.24K","-1.36%"
"01-02-2016","580.6","587.1","587.1","575.0","27.66K","0.22%"
"29-01-2016","579.3","583.0","584.3","577.2","18.27K","-0.60%"
"28-01-2016","582.8","587.3","590.6","582.0","22.82K","-0.93%"
"27-01-2016","588.3","586.2","595.0","585.3","31.90K","1.82%"
"25-01-2016","577.8","582.5","586.7","577.0","22.75K","-0.87%"
"22-01-2016","582.9","587.9","599.5","581.7","32.89K","-1.57%"
"21-01-2016","592.2","585.4","594.8","575.2","25.64K","1.84%"
"20-01-2016","581.5","580.0","587.2","576.4","27.53K","0.02%"
"19-01-2016","581.4","578.4","591.7","577.9","34.90K","0.43%"
"18-01-2016","578.9","580.0","585.5","576.2","29.98K","1.19%"
"15-01-2016","572.1","577.0","578.0","567.1","34.06K","-1.26%"
"14-01-2016","579.4","560.0","582.9","560.0","39.16K","4.47%"
"13-01-2016","554.6","548.3","559.5","548.3","31.24K","1.63%"
"12-01-2016","545.7","554.0","556.8","544.2","31.73K","-1.18%"
"11-01-2016","552.2","564.6","564.6","551.3","33.50K","-3.09%"
"08-01-2016","569.8","559.8","573.6","559.7","33.89K","1.23%"
"07-01-2016","562.9","575.0","575.0","551.4","44.76K","-2.51%"
"06-01-2016","577.4","570.9","578.6","567.0","34.44K","1.37%"
"05-01-2016","569.6","571.0","578.3","568.8","29.21K","-0.26%"
"04-01-2016","571.1","582.2","582.2","567.5","44.30K","-2.46%"
"01-01-2016","585.5","581.8","588.3","581.3","5.86K","1.68%"
"31-12-2015","575.8","576.1","581.7","573.1","23.62K","0.19%"
"30-12-2015","574.7","575.3","578.7","570.6","29.71K","-0.17%"
"29-12-2015","575.7","563.6","579.7","562.2","45.13K","2.51%"
"28-12-2015","561.6","566.2","567.0","558.8","18.23K","-0.99%"
"24-12-2015","567.2","571.0","571.0","565.3","16.71K","-0.51%"
"23-12-2015","570.1","574.5","577.0","568.2","35.99K","-0.37%"
"22-12-2015","572.2","582.3","587.0","571.5","29.50K","-2.32%"
"21-12-2015","585.8","579.0","590.5","576.5","34.50K","0.84%"
"18-12-2015","580.9","577.9","586.0","575.8","33.33K","1.11%"
"17-12-2015","574.5","584.5","584.5","571.5","29.74K","-2.13%"
"16-12-2015","587.0","578.8","592.9","577.8","39.25K","2.50%"
"15-12-2015","572.7","587.9","588.9","571.8","34.09K","-3.37%"
"14-12-2015","592.7","590.0","593.7","578.3","28.73K","0.61%"
"11-12-2015","589.1","576.6","591.9","575.4","41.15K","2.94%"
"10-12-2015","572.3","582.0","583.7","570.9","37.62K","-1.85%"
"09-12-2015","583.1","582.2","593.2","579.5","37.13K","0.43%"
"08-12-2015","580.6","585.5","588.6","573.0","36.84K","-1.11%"
"07-12-2015","587.1","604.0","610.5","586.0","32.94K","-2.41%"
"04-12-2015","601.6","594.6","613.8","592.3","45.43K","1.09%"
"03-12-2015","595.1","594.0","596.4","581.1","39.03K","-0.13%"
"02-12-2015","595.9","604.0","608.9","594.4","37.38K","-1.13%"
"01-12-2015","602.7","596.2","603.7","588.5","35.00K","2.83%"
"30-11-2015","586.1","580.1","590.8","578.8","23.54K","0.10%"
"27-11-2015","585.5","604.3","606.2","578.6","49.76K","-3.70%"
"26-11-2015","608.0","596.0","618.5","596.0","49.12K","2.69%"
"25-11-2015","592.1","581.4","595.8","572.5","30.02K","1.39%"
"24-11-2015","584.0","550.5","588.7","549.4","64.08K","6.34%"
"23-11-2015","549.2","552.1","559.4","542.4","48.04K","-4.39%"
"20-11-2015","574.4","588.5","598.4","572.1","57.12K","-3.07%"
"19-11-2015","592.6","595.9","600.4","588.7","34.25K","-0.74%"
"18-11-2015","597.0","603.4","609.7","595.4","34.95K","-0.93%"
"17-11-2015","602.6","615.0","617.2","601.6","33.72K","-2.13%"
"16-11-2015","615.7","626.3","629.8","614.4","24.92K","-1.68%"
"13-11-2015","626.2","625.4","630.8","621.2","22.43K","0.50%"
"12-11-2015","623.1","631.0","635.5","622.1","18.01K","-0.97%"
"11-11-2015","629.2","629.8","631.2","627.5","4.30K","-0.93%"
"10-11-2015","635.1","637.0","642.9","629.3","31.50K","-0.52%"
"09-11-2015","638.4","645.2","647.0","637.5","22.66K","-0.50%"
"06-11-2015","641.6","647.5","650.8","640.1","29.05K","-1.19%"
"05-11-2015","649.3","651.4","653.9","639.3","38.00K","-0.37%"
"04-11-2015","651.7","660.3","664.0","649.3","36.69K","-0.59%"
"03-11-2015","655.6","668.5","670.6","654.5","34.70K","-1.89%"
"02-11-2015","668.2","665.0","669.7","662.0","23.78K","1.17%"
"30-10-2015","660.5","675.0","675.0","656.5","20.40K","-2.15%"
"29-10-2015","675.0","681.8","687.0","673.8","25.42K","-1.16%"
"28-10-2015","682.9","684.3","687.5","676.0","27.16K","-0.47%"
"27-10-2015","686.1","677.5","688.4","675.2","22.12K","0.97%"
"26-10-2015","679.5","682.6","686.0","675.1","23.30K","-0.38%"
"23-10-2015","682.1","674.7","691.1","672.6","36.61K","1.28%"
"22-10-2015","673.5","679.5","682.5","672.6","12.62K","-0.07%"
"21-10-2015","674.0","676.3","678.6","667.5","26.11K","-0.68%"
"20-10-2015","678.6","671.5","679.6","668.0","27.55K","0.80%"
"19-10-2015","673.2","684.0","684.0","670.0","27.09K","-1.67%"
"16-10-2015","684.6","686.4","691.3","682.7","20.90K","0.06%"
"15-10-2015","684.2","684.2","692.5","680.7","31.83K","0.40%"
"14-10-2015","681.5","682.9","686.4","676.2","27.13K","0.12%"
"13-10-2015","680.7","680.0","691.4","677.5","31.64K","-0.31%"
"12-10-2015","682.8","684.9","697.2","680.0","39.60K","-0.10%"
"09-10-2015","683.5","668.0","699.9","668.0","73.34K","3.09%"
"08-10-2015","663.0","660.5","665.5","658.2","29.39K","-0.02%"
"07-10-2015","663.1","652.0","670.7","652.0","41.04K","1.89%"
"06-10-2015","650.8","651.6","656.8","645.3","33.57K","0.42%"
"05-10-2015","648.1","672.0","672.2","646.2","47.20K","-2.57%"
"01-10-2015","665.2","683.0","696.9","662.1","57.40K","0.33%"
"30-09-2015","663.0","649.7","668.6","647.6","26.13K","2.06%"
"29-09-2015","649.6","646.0","653.0","638.6","30.60K","0.23%"
"28-09-2015","648.1","656.7","662.0","646.4","29.52K","-1.38%"
"25-09-2015","657.2","652.0","659.0","650.2","16.95K","0.18%"
"24-09-2015","656.0","645.1","658.4","642.2","34.97K","1.67%"
"23-09-2015","645.2","639.4","651.0","637.7","33.60K","1.64%"
"22-09-2015","634.8","644.4","647.9","633.5","39.03K","-1.84%"
"21-09-2015","646.7","644.4","653.9","641.7","41.45K","0.95%"
"18-09-2015","640.6","661.8","661.8","639.0","47.06K","-2.67%"
"17-09-2015","658.2","666.0","666.8","657.0","21.51K","-1.48%"
"16-09-2015","668.1","668.0","683.8","662.2","49.07K","-0.19%"
"15-09-2015","669.4","660.9","670.9","650.5","39.83K","1.70%"
"14-09-2015","658.2","684.0","684.0","656.1","37.37K","-3.88%"
"11-09-2015","684.8","692.0","693.5","681.0","32.01K","-1.20%"
"10-09-2015","693.1","664.6","699.2","664.6","53.07K","3.76%"
"09-09-2015","668.0","671.3","677.0","664.7","37.13K","-0.12%"
"08-09-2015","668.8","652.7","671.0","646.6","39.28K","2.48%"
"07-09-2015","652.6","663.1","667.5","651.7","25.61K","-1.43%"
"04-09-2015","662.1","660.1","664.9","652.0","31.00K","0.12%"
"03-09-2015","661.3","657.3","674.4","657.3","38.32K","0.55%"
"02-09-2015","657.7","654.1","663.2","651.7","31.81K","1.06%"
"01-09-2015","650.8","661.5","662.0","650.0","41.77K","-3.07%"
"31-08-2015","671.4","668.0","671.4","660.7","17.84K","2.72%"
"28-08-2015","653.6","663.9","666.7","642.6","27.95K","-0.97%"
"27-08-2015","660.0","634.6","664.0","632.8","43.53K","4.76%"
"26-08-2015","630.0","633.8","639.7","621.1","42.12K","-0.72%"
"25-08-2015","634.6","639.7","644.0","621.6","50.97K","-0.80%"
"24-08-2015","639.7","666.0","666.0","618.4","71.74K","-5.13%"
"21-08-2015","674.3","679.3","683.5","661.0","38.00K","-0.58%"
"20-08-2015","678.2","677.4","690.8","675.1","37.20K","-0.22%"
"19-08-2015","679.7","681.3","685.4","676.0","29.80K","-0.01%"
"18-08-2015","679.8","694.8","695.8","676.7","35.13K","-2.38%"
"17-08-2015","696.4","694.0","699.7","691.8","26.78K","0.51%"
"14-08-2015","692.9","688.3","694.6","684.2","26.40K","1.36%"
"13-08-2015","683.6","690.1","699.4","682.0","38.57K","-1.23%"
"12-08-2015","692.1","692.0","697.9","670.9","66.78K","0.17%"
"11-08-2015","690.9","713.0","713.4","688.6","51.11K","-3.48%"
"10-08-2015","715.8","695.1","718.8","691.9","39.31K","3.29%"
"07-08-2015","693.0","692.4","702.9","688.7","35.36K","-0.16%"
"06-08-2015","694.1","694.8","702.5","692.3","30.20K","0.26%"
"05-08-2015","692.3","695.0","703.5","691.4","35.48K","-0.55%"
"04-08-2015","696.1","692.8","704.0","691.2","33.00K","0.32%"
"03-08-2015","693.9","708.1","708.1","686.0","47.36K","-0.06%"
"31-07-2015","694.3","705.0","710.4","690.0","32.77K","-1.15%"
"30-07-2015","702.4","717.2","719.0","700.2","37.48K","-1.87%"
"29-07-2015","715.8","719.2","725.0","710.1","36.58K","-0.32%"
"28-07-2015","718.1","709.0","722.4","709.0","37.25K","2.00%"
"27-07-2015","704.0","724.9","724.9","698.6","44.37K","-3.12%"
"24-07-2015","726.7","722.5","730.0","715.6","33.09K","-0.04%"
"23-07-2015","727.0","728.5","732.3","721.0","38.13K","-0.26%"
"22-07-2015","728.9","736.1","740.7","727.6","39.99K","-1.47%"
"21-07-2015","739.8","744.0","761.5","738.5","42.21K","-0.70%"
"20-07-2015","745.0","728.2","747.8","723.5","37.13K","2.34%"
"17-07-2015","728.0","732.7","736.9","725.2","30.89K","-1.10%"
"16-07-2015","736.1","729.0","742.4","727.2","35.90K","0.92%"
"15-07-2015","729.4","740.0","753.8","728.1","55.08K","-1.02%"
"14-07-2015","736.9","735.0","739.9","725.8","39.32K","-0.20%"
"13-07-2015","738.4","706.1","744.0","694.6","75.28K","3.55%"
"10-07-2015","713.1","733.3","739.2","711.3","49.26K","-2.15%"
"09-07-2015","728.8","700.0","734.2","700.0","72.29K","4.44%"
"08-07-2015","697.8","696.4","708.0","666.8","101.64K","0.85%"
"07-07-2015","691.9","737.7","742.8","673.8","102.12K","-6.55%"
"06-07-2015","740.4","760.0","760.0","736.0","52.04K","-2.82%"
"03-07-2015","761.9","772.1","776.0","760.3","39.98K","-1.70%"
"02-07-2015","775.1","773.1","781.9","769.0","42.32K","0.94%"
"01-07-2015","767.9","765.6","774.7","757.0","53.54K","3.42%"
"30-06-2015","742.5","729.4","750.3","710.6","45.93K","-0.89%"
"29-06-2015","749.2","788.0","788.0","744.3","61.54K","-5.21%"
"26-06-2015","790.4","805.5","807.3","788.8","31.91K","-2.12%"
"25-06-2015","807.5","812.7","813.5","799.2","30.50K","-0.23%"
"24-06-2015","809.4","816.5","824.0","808.1","34.60K","-0.91%"
"23-06-2015","816.8","795.0","818.9","795.0","37.66K","3.24%"
"22-06-2015","791.2","806.0","808.4","789.2","32.43K","-1.52%"
"19-06-2015","803.4","812.5","813.7","801.0","25.97K","-0.78%"
"18-06-2015","809.7","824.5","827.4","808.1","33.31K","-1.72%"
"17-06-2015","823.9","817.5","828.9","813.0","33.49K","0.96%"
"16-06-2015","816.1","829.1","831.8","815.1","34.65K","-1.71%"
"15-06-2015","830.3","840.0","840.0","821.6","28.97K","-1.46%"
"12-06-2015","842.6","848.2","848.2","830.2","32.69K","-1.20%"
"11-06-2015","852.8","864.0","866.9","848.7","32.21K","-1.40%"
"10-06-2015","864.9","860.8","874.0","856.2","35.20K","0.83%"
"09-06-2015","857.8","859.3","871.4","856.8","43.06K","-0.16%"
"08-06-2015","859.2","842.0","863.6","840.1","35.28K","2.10%"
"05-06-2015","841.5","829.3","846.6","823.3","32.61K","1.20%"
"04-06-2015","831.5","830.0","834.5","822.4","30.12K","-0.04%"
"03-06-2015","831.8","832.6","838.4","826.6","29.35K","-0.17%"
"02-06-2015","833.2","828.9","839.4","822.7","37.34K","0.36%"
"01-06-2015","830.2","809.5","832.8","801.2","44.14K","2.76%"
"29-05-2015","807.9","809.3","814.3","803.7","18.46K","-0.68%"
"28-05-2015","813.4","825.0","829.0","811.5","33.24K","-1.23%"
"27-05-2015","823.5","816.4","825.0","807.6","32.26K","1.13%"
"26-05-2015","814.3","814.8","828.0","803.6","44.81K","0.17%"
"25-05-2015","812.9","811.0","815.0","806.6","14.08K","0.30%"
"22-05-2015","810.5","828.0","830.0","805.4","50.44K","-2.10%"
"21-05-2015","827.9","835.0","844.4","823.1","42.96K","-0.71%"
"20-05-2015","833.8","827.1","835.8","817.1","47.70K","0.36%"
"19-05-2015","830.8","872.5","873.8","826.3","49.14K","-4.99%"
"18-05-2015","874.4","879.3","889.0","873.6","31.81K","-0.50%"
"15-05-2015","878.8","882.0","891.9","871.0","35.65K","0.24%"
"14-05-2015","876.7","895.0","896.8","875.1","34.49K","-2.39%"
"13-05-2015","898.2","918.2","919.7","895.5","43.42K","-2.49%"
"12-05-2015","921.1","910.2","924.0","902.1","36.03K","0.96%"
"11-05-2015","912.3","916.0","929.0","910.2","37.44K","-0.14%"
"08-05-2015","913.6","912.0","922.3","901.0","41.82K","0.46%"
"07-05-2015","909.4","890.0","913.3","880.4","44.69K","1.90%"
"06-05-2015","892.4","909.7","932.4","886.3","56.77K","-1.63%"
"05-05-2015","907.2","880.0","914.0","873.7","44.93K","2.74%"
"04-05-2015","883.0","880.2","887.8","880.0","8.51K","0.27%"
"01-05-2015","880.6","887.4","893.3","877.7","17.60K","0.13%"
"30-04-2015","879.5","856.0","881.4","856.0","21.08K","3.00%"
"29-04-2015","853.9","844.6","855.7","835.2","26.72K","1.10%"
"28-04-2015","844.6","850.0","856.7","838.2","33.55K","-0.98%"
"27-04-2015","853.0","846.0","867.0","846.0","36.60K","0.89%"
"24-04-2015","845.5","806.5","847.0","805.0","55.25K","5.20%"
"23-04-2015","803.7","796.0","810.0","792.4","29.75K","0.83%"
"22-04-2015","797.1","796.1","805.7","793.7","26.24K","-0.21%"
"21-04-2015","798.8","807.0","813.7","796.0","38.19K","-0.99%"
"20-04-2015","806.8","787.5","809.0","780.7","48.82K","2.50%"
"17-04-2015","787.1","796.0","801.9","786.1","34.33K","-1.11%"
"16-04-2015","795.9","795.0","807.0","793.8","38.61K","0.49%"
"15-04-2015","792.0","787.0","794.7","785.1","29.64K","0.44%"
"14-04-2015","788.5","780.0","790.4","765.7","27.38K","0.83%"
"13-04-2015","782.0","790.3","801.7","778.2","39.24K","-1.24%"
"10-04-2015","791.8","788.1","802.6","787.4","34.59K","1.19%"
"09-04-2015","782.5","794.3","795.4","780.2","32.08K","-1.16%"
"08-04-2015","791.7","789.4","802.8","785.7","37.69K","0.11%"
"07-04-2015","790.8","806.1","816.5","785.5","50.36K","-1.87%"
"06-04-2015","805.9","812.0","821.5","803.7","21.28K","-0.27%"
"02-04-2015","808.1","800.0","816.7","800.0","22.72K","1.83%"
"01-04-2015","793.6","780.0","797.9","775.6","44.33K","1.04%"
"31-03-2015","785.4","803.4","809.1","781.0","22.86K","-1.76%"
"30-03-2015","799.5","827.0","834.4","797.8","42.87K","-3.74%"
"27-03-2015","830.6","858.6","860.9","829.3","35.53K","-3.22%"
"26-03-2015","858.2","860.0","874.9","856.0","33.60K","0.52%"
"25-03-2015","853.8","870.9","872.0","852.0","30.31K","-1.96%"
"24-03-2015","870.9","880.0","886.0","870.1","31.20K","-1.69%"
"23-03-2015","885.9","881.6","893.5","878.2","25.23K","0.66%"
"20-03-2015","880.1","860.0","885.9","856.7","35.15K","2.47%"
"19-03-2015","858.9","854.6","863.5","853.6","27.52K","1.23%"
"18-03-2015","848.5","864.5","864.5","847.3","27.67K","-2.09%"
"17-03-2015","866.6","873.3","875.3","852.4","34.39K","-1.23%"
"16-03-2015","877.4","888.2","893.4","873.0","25.92K","-1.70%"
"14-03-2015","892.6","892.6","892.6","892.6","","-0.02%"
"13-03-2015","892.8","877.8","894.4","875.5","29.98K","1.80%"
"12-03-2015","877.0","868.6","881.4","866.4","33.92K","1.35%"
"11-03-2015","865.3","882.2","893.5","863.5","36.68K","-2.14%"
"10-03-2015","884.2","908.3","908.3","882.7","29.66K","-2.98%"
"09-03-2015","911.4","901.0","920.0","895.5","30.42K","0.80%"
"06-03-2015","904.2","887.9","905.9","882.8","21.15K","2.11%"
"05-03-2015","885.5","869.8","888.9","868.0","32.27K","1.46%"
"04-03-2015","872.8","853.3","874.0","850.2","40.17K","2.65%"
"03-03-2015","850.3","866.9","868.5","848.8","31.79K","-1.82%"
"02-03-2015","866.1","877.9","882.4","865.0","25.43K","-1.01%"
"28-02-2015","874.9","870.6","876.0","866.5","3.80K","1.06%"
"27-02-2015","865.7","879.0","884.6","863.7","11.47K","-1.94%"
"26-02-2015","882.8","885.2","897.4","880.8","22.42K","0.23%"
"25-02-2015","880.8","891.0","895.0","879.5","20.84K","-0.70%"
"24-02-2015","887.0","876.0","899.2","872.4","30.61K","1.17%"
"23-02-2015","876.7","874.4","881.7","865.7","21.10K","0.49%"
"21-02-2015","872.4","872.4","872.4","872.4","","-0.06%"
"20-02-2015","872.9","866.8","880.7","862.3","29.72K","0.88%"
"19-02-2015","865.3","884.3","886.1","864.0","28.77K","-2.02%"
"18-02-2015","883.1","885.0","889.8","874.6","29.77K","0.16%"
"17-02-2015","881.7","905.0","905.0","876.0","23.36K","-2.77%"
"16-02-2015","906.8","909.0","914.9","901.5","21.48K","-0.29%"
"13-02-2015","909.4","917.9","923.8","906.1","24.76K","-0.76%"
"12-02-2015","916.4","917.4","920.7","907.5","25.82K","-0.09%"
"11-02-2015","917.2","922.3","927.7","907.4","25.92K","-0.42%"
"10-02-2015","921.1","942.2","942.2","918.7","23.02K","-2.36%"
"09-02-2015","943.4","938.2","949.0","936.3","18.41K","0.21%"
"06-02-2015","941.4","930.3","944.0","921.1","25.13K","0.62%"
"05-02-2015","935.6","926.0","937.5","913.0","26.61K","0.46%"
"04-02-2015","931.3","945.0","945.0","921.2","32.26K","-1.81%"
"03-02-2015","948.5","945.8","959.0","945.0","21.29K","0.34%"
"02-02-2015","945.3","935.0","953.0","930.1","25.93K","2.94%"
"30-01-2015","918.3","918.0","925.6","912.0","9.74K","-0.30%"
"29-01-2015","921.1","912.6","923.6","906.1","22.30K","0.56%"
"28-01-2015","916.0","902.1","919.9","898.2","28.85K","1.43%"
"27-01-2015","903.1","880.0","907.9","880.0","32.39K","3.45%"
"25-01-2015","873.0","873.0","873.0","873.0","","0.07%"
"23-01-2015","872.4","901.0","909.3","871.0","32.54K","-3.50%"
"22-01-2015","904.0","925.1","933.4","888.8","33.60K","-2.09%"
"21-01-2015","923.3","907.0","928.6","903.6","30.72K","1.29%"
"20-01-2015","911.5","895.0","916.6","892.1","28.38K","2.58%"
"19-01-2015","888.6","905.0","908.6","887.1","20.32K","-2.35%"
"17-01-2015","910.0","910.0","910.0","910.0","","0.05%"
"16-01-2015","909.5","895.0","912.0","890.1","26.45K","2.03%"
"15-01-2015","891.4","894.1","908.0","885.8","27.77K","0.35%"
"14-01-2015","888.3","901.8","909.6","866.1","53.63K","-1.86%"
"13-01-2015","905.1","936.3","936.7","903.6","31.04K","-3.63%"
"12-01-2015","939.2","951.2","951.7","934.6","28.46K","-1.16%"
"09-01-2015","950.2","968.7","977.4","949.4","24.86K","-2.17%"
"08-01-2015","971.3","981.0","981.0","955.1","28.47K","-1.26%"
"07-01-2015","983.7","972.7","986.7","965.0","25.67K","1.40%"
"06-01-2015","970.1","960.0","984.8","956.8","30.59K","0.65%"
"05-01-2015","963.8","947.0","965.3","931.0","36.19K","1.97%"
"02-01-2015","945.2","965.5","969.0","941.0","21.98K","-2.35%"
"01-01-2015","967.9","966.2","970.0","962.1","2.95K","2.48%"
"31-12-2014","944.5","958.8","958.8","942.2","9.82K","-0.80%"
"30-12-2014","952.1","958.7","961.2","937.2","24.64K","-0.44%"
"29-12-2014","956.3","970.0","980.0","955.1","19.17K","-0.94%"
"26-12-2014","965.4","965.9","969.4","960.6","9.68K","0.45%"
"24-12-2014","961.1","984.2","988.6","958.6","18.28K","-1.65%"
"23-12-2014","977.2","988.0","993.2","976.0","18.84K","-1.21%"
"22-12-2014","989.2","994.0","1,000.9","985.1","21.35K","-0.16%"
"19-12-2014","990.8","978.0","997.9","974.0","30.52K","0.99%"
"18-12-2014","981.1","992.0","992.0","961.5","38.88K","-1.15%"
"17-12-2014","992.5","1,024.1","1,024.1","979.1","40.08K","-2.68%"
"16-12-2014","1,019.8","1,043.3","1,043.9","1,016.7","26.95K","-2.55%"
"15-12-2014","1,046.5","1,042.5","1,063.6","1,042.5","22.83K","0.55%"
"12-12-2014","1,040.8","1,018.4","1,048.7","1,018.4","22.21K","2.59%"
"11-12-2014","1,014.5","1,020.2","1,022.3","1,010.6","16.53K","-0.20%"
"10-12-2014","1,016.5","1,025.1","1,032.7","1,015.7","17.73K","-0.99%"
"09-12-2014","1,026.7","1,031.4","1,036.0","1,013.1","25.22K","-0.62%"
"08-12-2014","1,033.1","1,040.1","1,046.7","1,028.1","20.96K","-0.60%"
"05-12-2014","1,039.3","1,059.4","1,066.3","1,037.1","25.46K","-1.87%"
"04-12-2014","1,059.1","1,035.0","1,061.5","1,035.0","25.05K","2.86%"
"03-12-2014","1,029.7","1,009.5","1,035.6","1,006.6","25.15K","2.14%"
"02-12-2014","1,008.1","1,019.0","1,019.0","1,001.3","16.05K","-0.47%"
"01-12-2014","1,012.9","1,005.0","1,016.8","988.1","28.00K","1.58%"
"28-11-2014","997.1","1,008.0","1,008.9","991.3","8.86K","-1.40%"
"27-11-2014","1,011.3","1,010.0","1,017.7","1,008.0","13.26K","0.46%"
"26-11-2014","1,006.7","1,015.7","1,016.3","1,001.2","21.49K","-1.05%"
"25-11-2014","1,017.4","1,024.7","1,026.7","1,007.0","25.38K","-0.49%"
"24-11-2014","1,022.4","1,017.2","1,033.9","1,014.6","26.79K","0.99%"
"21-11-2014","1,012.4","1,010.0","1,026.2","1,006.2","33.50K","0.58%"
"20-11-2014","1,006.6","1,003.1","1,016.8","996.0","33.34K","0.74%"
"19-11-2014","999.2","964.1","1,008.7","964.1","40.53K","3.87%"
"18-11-2014","962.0","972.2","979.4","958.4","23.35K","-1.23%"
"17-11-2014","974.0","965.0","975.3","960.4","19.92K","1.35%"
"16-11-2014","961.0","961.0","961.0","961.0","","-0.17%"
"14-11-2014","962.6","947.4","965.3","944.0","21.62K","1.94%"
"13-11-2014","944.3","957.8","969.7","942.7","23.71K","-1.22%"
"12-11-2014","956.0","950.5","968.8","947.0","25.85K","0.36%"
"11-11-2014","952.6","937.8","954.3","930.5","22.35K","1.55%"
"10-11-2014","938.1","947.0","952.6","931.4","23.34K","-0.50%"
"07-11-2014","942.8","953.1","964.0","940.9","26.83K","-1.02%"
"06-11-2014","952.5","947.0","954.7","939.1","14.04K","0.93%"
"05-11-2014","943.7","933.9","945.4","916.9","30.06K","0.67%"
"04-11-2014","937.4","966.2","966.2","934.8","20.51K","-3.41%"
"03-11-2014","970.5","970.1","975.0","957.4","25.88K","-0.58%"
"31-10-2014","976.2","967.0","989.9","961.0","14.67K","1.21%"
"30-10-2014","964.5","951.0","967.7","938.6","26.57K","0.67%"
"29-10-2014","958.1","952.0","970.8","941.5","37.44K","0.75%"
"28-10-2014","951.0","902.2","954.4","901.2","39.72K","5.62%"
"27-10-2014","900.4","913.7","914.2","899.1","22.20K","-1.42%"
"24-10-2014","913.4","929.1","929.4","911.4","11.76K","-1.89%"
"23-10-2014","931.0","926.0","932.0","922.0","3.58K","-0.19%"
"22-10-2014","932.8","935.0","942.8","928.1","21.91K","-0.40%"
"21-10-2014","936.5","931.8","943.0","922.5","24.60K","0.21%"
"20-10-2014","934.5","965.0","965.0","932.0","27.98K","-2.74%"
"17-10-2014","960.8","956.8","973.9","952.1","26.13K","0.18%"
"16-10-2014","959.1","1,003.0","1,003.0","949.5","36.13K","-4.56%"
"14-10-2014","1,004.9","1,007.0","1,016.2","997.1","25.40K","-0.01%"
"13-10-2014","1,005.0","1,008.0","1,016.8","1,003.2","14.39K","-0.16%"
"10-10-2014","1,006.6","1,018.5","1,021.0","1,002.8","22.48K","-0.84%"
"09-10-2014","1,015.1","1,013.0","1,027.9","1,012.2","22.60K","0.22%"
"08-10-2014","1,012.9","1,040.0","1,041.9","1,008.4","25.00K","-2.92%"
"07-10-2014","1,043.4","1,031.0","1,044.5","1,021.0","23.96K","1.06%"
"06-10-2014","1,032.5","1,028.0","1,036.0","1,018.0","11.12K","0.16%"
"05-10-2014","1,030.8","1,030.8","1,030.8","1,030.8","","0.08%"
"03-10-2014","1,030.0","1,003.0","1,031.8","1,003.0","15.97K","2.79%"
"01-10-2014","1,002.0","1,011.9","1,013.6","982.9","37.62K","-1.80%"
"30-09-2014","1,020.4","1,025.8","1,033.5","1,016.0","10.59K","-0.44%"
"29-09-2014","1,024.9","1,025.2","1,031.5","1,015.7","23.35K","-0.86%"
"27-09-2014","1,033.8","1,033.8","1,033.8","1,033.8","","-0.02%"
"26-09-2014","1,034.0","1,057.2","1,064.5","1,031.5","25.21K","-2.26%"
"25-09-2014","1,057.9","1,059.0","1,065.4","1,048.7","23.16K","-0.23%"
"24-09-2014","1,060.3","1,045.0","1,062.9","1,041.5","30.38K","1.32%"
"23-09-2014","1,046.5","1,030.0","1,048.9","1,023.7","30.99K","1.17%"
"22-09-2014","1,034.4","1,077.2","1,077.2","1,031.1","31.72K","-4.28%"
"19-09-2014","1,080.6","1,088.0","1,090.8","1,078.6","19.01K","-0.41%"
"18-09-2014","1,085.1","1,096.0","1,100.5","1,083.1","27.94K","-1.32%"
"17-09-2014","1,099.6","1,113.0","1,113.8","1,091.6","27.85K","-1.21%"
"16-09-2014","1,113.1","1,109.7","1,115.6","1,085.5","46.28K","0.62%"
"15-09-2014","1,106.2","1,121.3","1,125.8","1,103.6","26.15K","-1.54%"
"13-09-2014","1,123.5","1,123.5","1,123.5","1,123.5","","-0.02%"
"12-09-2014","1,123.7","1,119.0","1,135.6","1,118.1","24.61K","0.55%"
"11-09-2014","1,117.6","1,143.5","1,147.0","1,116.0","28.48K","-2.24%"
"10-09-2014","1,143.2","1,149.6","1,155.7","1,134.0","30.98K","-0.56%"
"09-09-2014","1,149.6","1,200.0","1,200.0","1,147.2","41.69K","-4.38%"
"08-09-2014","1,202.3","1,179.4","1,204.0","1,176.6","29.49K","1.89%"
"05-09-2014","1,180.0","1,173.0","1,180.8","1,167.6","25.24K","0.67%"
"04-09-2014","1,172.2","1,152.0","1,177.0","1,149.0","32.24K","1.62%"
"03-09-2014","1,153.5","1,129.0","1,154.6","1,126.5","30.76K","2.41%"
"02-09-2014","1,126.3","1,136.6","1,139.0","1,125.9","15.01K","-0.71%"
"01-09-2014","1,134.4","1,139.7","1,144.4","1,132.1","16.26K","-0.52%"
"29-08-2014","1,140.3","1,132.0","1,142.3","1,124.1","13.12K","0.97%"
"28-08-2014","1,129.4","1,133.0","1,136.2","1,125.6","7.88K","-0.26%"
"27-08-2014","1,132.3","1,138.4","1,141.0","1,123.3","17.52K","-0.75%"
"26-08-2014","1,140.9","1,132.0","1,143.8","1,131.1","16.76K","0.80%"
"25-08-2014","1,131.8","1,128.1","1,135.5","1,126.1","7.85K","0.26%"
"22-08-2014","1,128.9","1,138.7","1,139.6","1,125.5","14.99K","-0.88%"
"21-08-2014","1,138.9","1,142.2","1,149.0","1,132.5","18.47K","-0.58%"
"20-08-2014","1,145.5","1,129.6","1,152.6","1,127.1","26.87K","1.43%"
"19-08-2014","1,129.4","1,121.4","1,131.8","1,121.1","18.34K","0.58%"
"18-08-2014","1,122.9","1,131.9","1,136.8","1,119.0","23.33K","-0.58%"
"14-08-2014","1,129.4","1,139.0","1,139.9","1,124.0","21.95K","-0.62%"
"13-08-2014","1,136.4","1,150.0","1,150.0","1,132.1","27.27K","-1.40%"
"12-08-2014","1,152.5","1,143.6","1,164.0","1,139.3","28.52K","0.74%"
"11-08-2014","1,144.0","1,136.0","1,146.8","1,127.0","24.49K","1.03%"
"10-08-2014","1,132.3","1,132.3","1,132.3","1,132.3","","-0.05%"
"08-08-2014","1,132.9","1,157.9","1,164.7","1,131.6","26.95K","-2.27%"
"07-08-2014","1,159.2","1,151.0","1,176.0","1,151.0","37.48K","0.85%"
"06-08-2014","1,149.4","1,127.1","1,155.8","1,120.5","33.29K","1.76%"
"05-08-2014","1,129.5","1,133.5","1,136.9","1,124.8","19.98K","-0.20%"
"04-08-2014","1,131.8","1,126.5","1,135.8","1,122.4","20.61K","0.45%"
"01-08-2014","1,126.7","1,133.0","1,139.6","1,121.1","26.31K","-0.43%"
"31-07-2014","1,131.6","1,144.2","1,148.0","1,124.0","12.41K","-1.27%"
"30-07-2014","1,146.1","1,122.0","1,147.3","1,113.3","23.95K","1.96%"
"29-07-2014","1,124.1","1,125.0","1,125.0","1,112.1","15.45K","-0.20%"
"28-07-2014","1,126.4","1,149.4","1,154.3","1,123.2","26.90K","-1.98%"
"27-07-2014","1,149.1","1,149.1","1,149.1","1,149.1","","0.04%"
"25-07-2014","1,148.6","1,146.6","1,161.8","1,142.8","23.85K","-0.11%"
"24-07-2014","1,149.9","1,139.5","1,154.5","1,139.5","20.37K","1.13%"
"23-07-2014","1,137.0","1,143.0","1,146.0","1,132.5","19.02K","-0.75%"
"22-07-2014","1,145.6","1,137.0","1,154.8","1,134.4","29.48K","0.88%"
"21-07-2014","1,135.6","1,119.4","1,137.9","1,110.5","31.16K","1.07%"
"20-07-2014","1,123.6","1,123.6","1,123.6","1,123.6","","0.14%"
"18-07-2014","1,122.0","1,159.5","1,159.5","1,115.8","38.14K","-3.45%"
"17-07-2014","1,162.1","1,153.6","1,164.0","1,145.7","21.78K","0.58%"
"16-07-2014","1,155.4","1,161.4","1,166.0","1,149.7","20.85K","-0.57%"
"15-07-2014","1,162.0","1,160.0","1,165.6","1,154.0","21.79K","0.30%"
"14-07-2014","1,158.5","1,165.5","1,171.7","1,153.0","27.35K","-0.46%"
"13-07-2014","1,163.9","1,163.9","1,163.9","1,163.9","","0.00%"
"12-07-2014","1,163.9","1,163.9","1,163.9","1,163.9","","0.02%"
"11-07-2014","1,163.7","1,161.0","1,167.0","1,145.6","25.58K","0.48%"
"10-07-2014","1,158.1","1,161.0","1,166.3","1,143.2","27.07K","-0.09%"
"09-07-2014","1,159.1","1,178.9","1,183.7","1,158.0","29.64K","-1.89%"
"08-07-2014","1,181.4","1,158.0","1,188.0","1,151.6","35.65K","2.01%"
"07-07-2014","1,158.1","1,155.0","1,164.7","1,144.0","32.56K","0.01%"
"04-07-2014","1,158.0","1,180.0","1,183.3","1,156.6","32.37K","-2.01%"
"03-07-2014","1,181.8","1,179.6","1,193.7","1,175.5","35.65K","0.23%"
"02-07-2014","1,179.1","1,144.0","1,181.4","1,132.4","45.97K","2.66%"
"01-07-2014","1,148.6","1,148.0","1,154.7","1,136.8","24.14K","2.24%"
"30-06-2014","1,123.4","1,128.0","1,131.9","1,121.0","8.69K","-0.52%"
"27-06-2014","1,129.3","1,127.1","1,137.9","1,119.6","26.18K","-0.26%"
"26-06-2014","1,132.3","1,115.0","1,134.6","1,111.7","28.47K","1.53%"
"25-06-2014","1,115.2","1,089.1","1,116.9","1,087.5","26.96K","2.21%"
"24-06-2014","1,091.1","1,100.2","1,103.5","1,086.3","24.60K","-0.84%"
"23-06-2014","1,100.3","1,109.0","1,124.0","1,099.1","27.44K","-0.38%"
"20-06-2014","1,104.5","1,123.0","1,128.9","1,097.3","30.43K","-1.00%"
"19-06-2014","1,115.7","1,112.4","1,122.0","1,071.1","37.86K","0.00%"
"18-06-2014","1,115.7","1,150.7","1,153.4","1,113.6","49.54K","-3.47%"
"17-06-2014","1,155.8","1,126.6","1,157.7","1,117.1","47.54K","2.87%"
"16-06-2014","1,123.6","1,086.9","1,124.8","1,086.9","31.35K","4.00%"
"13-06-2014","1,080.4","1,078.0","1,089.1","1,059.6","34.48K","0.97%"
"12-06-2014","1,070.0","1,079.9","1,082.5","1,047.3","41.71K","-1.11%"
"11-06-2014","1,082.0","1,108.3","1,112.2","1,080.6","39.37K","-2.40%"
"10-06-2014","1,108.6","1,117.0","1,122.0","1,098.1","30.20K","-1.06%"
"09-06-2014","1,120.5","1,108.3","1,129.6","1,100.9","28.79K","0.85%"
"06-06-2014","1,111.1","1,128.7","1,130.8","1,094.6","39.63K","-1.13%"
"05-06-2014","1,123.8","1,139.0","1,139.0","1,120.1","23.97K","-1.13%"
"04-06-2014","1,136.7","1,126.6","1,142.4","1,117.3","32.74K","0.53%"
"03-06-2014","1,130.7","1,149.7","1,154.4","1,129.7","26.62K","-1.89%"
"02-06-2014","1,152.5","1,148.4","1,159.6","1,144.6","23.28K","1.60%"
"30-05-2014","1,134.4","1,114.6","1,140.7","1,108.3","14.24K","1.83%"
"29-05-2014","1,114.0","1,125.1","1,125.1","1,104.5","24.47K","-1.96%"
"28-05-2014","1,136.3","1,161.6","1,169.0","1,131.7","29.51K","-1.79%"
"27-05-2014","1,157.0","1,155.0","1,164.1","1,153.2","19.81K","0.39%"
"26-05-2014","1,152.5","1,145.0","1,155.0","1,142.9","8.79K","0.95%"
"23-05-2014","1,141.6","1,151.5","1,159.8","1,138.3","27.46K","-0.80%"
"22-05-2014","1,150.8","1,148.4","1,159.1","1,130.0","43.32K","1.08%"
"21-05-2014","1,138.5","1,155.0","1,157.4","1,134.6","36.72K","-2.33%"
"20-05-2014","1,165.7","1,173.4","1,173.4","1,136.0","65.72K","-1.49%"
"19-05-2014","1,183.3","1,124.8","1,184.6","1,124.8","48.88K","5.88%"
"16-05-2014","1,117.6","1,103.0","1,137.4","1,103.0","41.99K","0.88%"
"15-05-2014","1,107.9","1,131.6","1,141.4","1,100.7","91.32K","-6.01%"
"14-05-2014","1,178.7","1,240.0","1,240.0","1,169.5","50.82K","-5.26%"
"13-05-2014","1,244.1","1,270.0","1,278.9","1,232.1","89.58K","-1.49%"
"12-05-2014","1,262.9","1,215.0","1,280.0","1,215.0","67.75K","4.42%"
"09-05-2014","1,209.4","1,174.0","1,234.0","1,174.0","83.41K","3.62%"
"08-05-2014","1,167.2","1,125.0","1,188.8","1,125.0","73.66K","4.07%"
"07-05-2014","1,121.6","1,118.4","1,124.7","1,114.5","24.65K","0.59%"
"06-05-2014","1,115.0","1,100.0","1,122.5","1,100.0","31.04K","1.61%"
"05-05-2014","1,097.3","1,098.0","1,100.8","1,093.5","10.57K","-0.35%"
"02-05-2014","1,101.2","1,107.7","1,107.7","1,096.0","23.20K","-0.62%"
"01-05-2014","1,108.1","1,107.0","1,108.9","1,092.8","16.64K","0.44%"
"30-04-2014","1,103.3","1,105.0","1,106.0","1,088.4","12.90K","0.89%"
"29-04-2014","1,093.6","1,103.8","1,107.9","1,081.7","38.01K","-0.46%"
"28-04-2014","1,098.6","1,123.4","1,133.0","1,097.1","34.34K","-1.82%"
"27-04-2014","1,119.0","1,119.0","1,119.0","1,119.0","","0.04%"
"25-04-2014","1,118.5","1,124.1","1,124.1","1,108.5","30.01K","-0.63%"
"23-04-2014","1,125.6","1,116.2","1,129.8","1,098.0","49.49K","0.94%"
"22-04-2014","1,115.1","1,092.0","1,116.1","1,092.0","27.35K","2.53%"
"21-04-2014","1,087.6","1,080.0","1,090.0","1,074.0","12.05K","0.40%"
"17-04-2014","1,083.3","1,081.5","1,090.5","1,071.5","33.49K","0.39%"
"16-04-2014","1,079.1","1,066.1","1,092.5","1,041.0","50.34K","0.60%"
"15-04-2014","1,072.7","1,070.3","1,074.5","1,033.7","55.96K","-0.30%"
"14-04-2014","1,075.9","1,055.0","1,086.9","1,055.0","15.52K","1.89%"
"11-04-2014","1,055.9","1,037.9","1,057.0","1,035.3","36.87K","2.04%"
"10-04-2014","1,034.8","1,010.0","1,037.7","1,010.0","34.76K","2.62%"
"09-04-2014","1,008.4","991.2","1,009.3","987.4","26.36K","1.83%"
"08-04-2014","990.3","994.0","994.1","982.6","13.25K","-0.77%"
"07-04-2014","998.0","982.4","999.7","982.4","21.17K","1.37%"
"05-04-2014","984.5","984.5","984.5","984.5","","0.05%"
"04-04-2014","984.0","987.9","1,001.7","979.2","25.25K","-0.21%"
"03-04-2014","986.1","970.0","987.0","969.6","16.05K","1.50%"
"02-04-2014","971.5","963.5","977.9","958.6","17.49K","0.83%"
"01-04-2014","963.5","956.1","965.1","947.5","18.73K","1.89%"
"31-03-2014","945.6","946.0","954.7","943.7","7.24K","0.16%"
"28-03-2014","944.1","947.0","954.9","941.0","16.56K","-0.19%"
"27-03-2014","945.9","955.9","956.4","943.5","14.16K","-0.78%"
"26-03-2014","953.3","967.0","974.5","945.1","24.25K","-1.67%"
"25-03-2014","969.5","982.7","988.0","967.9","23.17K","-0.82%"
"24-03-2014","977.5","974.0","984.7","966.8","21.43K","-0.07%"
"21-03-2014","978.2","968.9","981.5","967.4","22.27K","1.19%"
"20-03-2014","966.7","991.3","993.3","961.1","35.23K","-2.76%"
"19-03-2014","994.1","991.0","997.9","975.2","32.84K","0.42%"
"18-03-2014","989.9","974.0","990.8","974.0","21.99K","1.76%"
"17-03-2014","972.8","975.8","976.9","966.8","9.95K","0.64%"
"14-03-2014","966.6","967.9","978.6","963.7","28.62K","-0.33%"
"13-03-2014","969.8","952.6","971.5","952.1","24.11K","1.52%"
"12-03-2014","955.3","946.0","963.4","939.3","35.56K","0.92%"
"11-03-2014","946.6","947.1","961.7","942.5","32.98K","0.14%"
"10-03-2014","945.3","934.0","946.7","910.5","37.57K","0.94%"
"07-03-2014","936.5","945.3","950.8","932.2","32.98K","-1.11%"
"06-03-2014","947.0","932.4","952.4","927.1","29.10K","1.39%"
"05-03-2014","934.0","937.0","949.5","932.5","24.16K","-0.49%"
"04-03-2014","938.6","913.8","942.2","910.6","29.78K","2.44%"
"03-03-2014","916.2","907.1","917.0","903.1","23.80K","1.19%"
"28-02-2014","905.4","893.5","917.9","892.0","8.13K","1.37%"
"27-02-2014","893.2","883.3","894.8","879.0","7.93K","0.98%"
"26-02-2014","884.5","883.9","891.3","881.7","12.42K","0.19%"
"25-02-2014","882.8","889.7","890.8","878.5","12.58K","-0.68%"
"24-02-2014","888.8","888.0","890.0","878.2","12.71K","0.03%"
"21-02-2014","888.5","892.1","897.9","888.1","13.25K","-0.27%"
"20-02-2014","890.9","900.5","900.5","890.1","12.49K","-1.18%"
"19-02-2014","901.5","902.2","910.8","899.7","16.46K","0.27%"
"18-02-2014","899.1","890.0","903.9","886.1","21.87K","1.26%"
"17-02-2014","887.9","885.9","893.8","885.6","12.88K","0.81%"
"14-02-2014","880.8","883.1","886.8","879.5","14.03K","-0.11%"
"13-02-2014","881.8","891.0","897.6","878.2","21.96K","-0.89%"
"12-02-2014","889.7","882.4","894.7","882.4","21.71K","1.17%"
"11-02-2014","879.4","882.0","886.7","875.1","17.86K","-0.48%"
"10-02-2014","883.6","881.2","894.7","881.2","17.52K","0.53%"
"07-02-2014","878.9","870.1","883.8","870.0","16.68K","1.12%"
"06-02-2014","869.2","866.8","877.1","863.0","19.26K","0.53%"
"05-02-2014","864.6","867.9","876.8","862.8","15.69K","0.02%"
"04-02-2014","864.4","870.3","877.5","861.7","15.79K","-0.73%"
"03-02-2014","870.8","876.2","887.9","867.6","13.15K","1.94%"
"31-01-2014","854.2","859.4","860.1","853.5","5.49K","-0.59%"
"30-01-2014","859.3","875.2","877.9","858.0","11.12K","-1.97%"
"29-01-2014","876.6","884.5","888.6","875.5","15.57K","-1.07%"
"28-01-2014","886.1","898.2","898.2","882.0","13.58K","-0.89%"
"27-01-2014","894.1","902.0","907.5","892.4","17.07K","-1.38%"
"24-01-2014","906.6","907.4","913.6","900.3","20.75K","0.13%"
"23-01-2014","905.4","910.2","914.5","892.3","24.37K","-0.76%"
"22-01-2014","912.3","912.8","914.5","905.7","16.45K","0.01%"
"21-01-2014","912.2","892.1","912.7","888.2","21.60K","1.92%"
"20-01-2014","895.0","895.5","896.7","881.8","20.92K","-0.36%"
"17-01-2014","898.2","898.0","906.8","889.7","20.74K","0.10%"
"16-01-2014","897.3","896.9","903.8","887.0","20.01K","0.46%"
"15-01-2014","893.2","879.7","898.0","873.3","19.65K","1.27%"
"14-01-2014","882.0","878.0","885.5","877.3","10.13K","0.81%"
"13-01-2014","874.9","852.2","875.8","852.2","23.92K","2.76%"
"10-01-2014","851.4","833.1","852.5","831.1","23.69K","2.31%"
"09-01-2014","832.2","838.0","840.4","830.4","13.01K","-0.76%"
"08-01-2014","838.6","843.7","847.0","837.7","14.94K","-0.51%"
"07-01-2014","842.9","852.0","853.6","840.2","18.06K","-0.96%"
"06-01-2014","851.1","867.5","869.3","847.1","20.67K","-1.62%"
"04-01-2014","865.1","865.1","865.1","865.1","","0.00%"
"03-01-2014","865.1","873.1","875.0","863.5","13.91K","-1.15%"
"02-01-2014","875.2","869.9","880.5","862.6","20.39K","1.05%"
"01-01-2014","866.1","867.0","869.9","863.0","2.43K","0.80%"