"Date","Price","Open","High","Low","Vol.","Change %"
"30-08-2024","275.00","275.00","275.40","275.00","0.00K","2.38%"
"29-08-2024","268.60","268.60","271.35","265.30","0.02K","0.00%"
"28-08-2024","268.60","271.50","271.50","268.10","0.04K","-0.76%"
"27-08-2024","270.65","268.90","272.35","268.90","0.03K","0.52%"
"26-08-2024","269.25","268.55","269.90","266.50","0.34K","0.75%"
"23-08-2024","267.25","267.25","268.45","265.05","2.25K","0.74%"
"22-08-2024","265.30","267.65","269.50","264.25","3.57K","-0.62%"
"21-08-2024","266.95","265.10","268.15","265.10","3.29K","0.89%"
"20-08-2024","264.60","263.80","267.35","261.75","3.41K","0.23%"
"19-08-2024","264.00","263.75","265.70","263.25","2.42K","0.67%"
"16-08-2024","262.25","258.10","263.35","258.10","3.43K","1.98%"
"14-08-2024","257.15","256.20","260.70","255.40","4.08K","0.49%"
"13-08-2024","255.90","258.45","258.60","254.80","4.12K","-1.60%"
"12-08-2024","260.05","257.45","262.25","257.10","3.88K","0.91%"
"09-08-2024","257.70","253.50","258.75","253.05","4.55K","2.51%"
"08-08-2024","251.40","246.00","251.80","245.35","4.24K","2.65%"
"07-08-2024","244.90","245.75","246.40","243.55","2.98K","-1.03%"
"06-08-2024","247.45","247.50","247.90","244.60","4.24K","-0.12%"
"05-08-2024","247.75","251.80","252.70","242.70","6.55K","-1.43%"
"02-08-2024","251.35","250.40","254.10","250.15","3.57K","0.38%"
"01-08-2024","250.40","254.25","255.00","249.65","3.98K","-0.83%"
"31-07-2024","252.50","252.50","253.00","249.80","0.04K","1.79%"
"30-07-2024","248.05","247.15","248.35","247.15","0.03K","-0.86%"
"29-07-2024","250.20","255.00","255.00","246.75","0.02K","-1.71%"
"26-07-2024","254.55","260.40","260.60","250.50","0.12K","-1.16%"
"25-07-2024","257.55","262.80","262.80","254.55","0.42K","-0.56%"
"24-07-2024","259.00","258.95","263.00","257.30","2.04K","-0.19%"
"23-07-2024","259.50","262.70","263.50","255.90","2.58K","-1.61%"
"22-07-2024","263.75","262.00","265.10","257.95","3.37K","1.07%"
"19-07-2024","260.95","266.30","269.80","260.50","3.77K","-1.90%"
"18-07-2024","266.00","266.90","269.00","265.05","3.44K","-0.39%"
"17-07-2024","267.05","269.00","269.80","266.60","1.74K","-1.06%"
"16-07-2024","269.90","274.15","274.85","268.80","3.48K","-1.53%"
"15-07-2024","274.10","273.50","275.40","272.20","2.62K","0.29%"
"12-07-2024","273.30","272.35","273.55","270.25","3.61K","0.11%"
"11-07-2024","273.00","275.30","276.90","272.70","3.56K","-0.22%"
"10-07-2024","273.60","271.15","274.40","270.10","3.27K","0.70%"
"09-07-2024","271.70","271.30","273.75","270.75","2.37K","0.06%"
"08-07-2024","271.55","276.25","276.25","271.35","3.15K","-1.49%"
"05-07-2024","275.65","274.50","277.25","274.50","3.16K","0.36%"
"04-07-2024","274.65","272.90","275.65","272.75","3.28K","0.68%"
"03-07-2024","272.80","268.10","273.50","267.75","4.04K","2.34%"
"02-07-2024","266.55","268.15","272.00","266.25","2.82K","0.43%"
"01-07-2024","265.40","264.95","268.45","263.50","4.56K","-3.72%"
"28-06-2024","275.65","272.90","286.00","272.90","0.04K","-0.25%"
"27-06-2024","276.35","269.00","277.65","268.00","0.04K","3.37%"
"26-06-2024","267.35","264.35","269.35","264.00","0.09K","1.67%"
"25-06-2024","262.95","262.05","263.50","260.10","0.05K","1.49%"
"24-06-2024","259.10","262.80","264.25","259.00","0.68K","-1.48%"
"21-06-2024","263.00","261.65","263.40","260.50","2.69K","0.36%"
"20-06-2024","262.05","260.25","263.15","259.90","2.73K","0.46%"
"19-06-2024","260.85","260.30","262.00","259.50","2.98K","0.64%"
"18-06-2024","259.20","258.75","259.60","255.20","3.79K","0.62%"
"17-06-2024","257.60","256.00","258.35","255.15","1.95K","0.88%"
"14-06-2024","255.35","258.20","259.65","253.15","5.18K","-1.75%"
"13-06-2024","259.90","258.05","261.80","257.30","4.46K","-0.12%"
"12-06-2024","260.20","254.00","261.60","253.45","6.35K","3.07%"
"11-06-2024","252.45","255.95","256.75","250.45","5.09K","-1.44%"
"10-06-2024","256.15","249.00","256.75","247.00","5.32K","2.26%"
"07-06-2024","250.50","261.80","262.75","249.00","6.32K","-4.32%"
"06-06-2024","261.80","259.90","262.20","258.65","3.97K","1.34%"
"05-06-2024","258.35","261.25","261.50","256.30","4.73K","-1.24%"
"04-06-2024","261.60","263.50","265.15","260.00","3.85K","-0.11%"
"03-06-2024","261.90","262.80","265.80","260.95","4.44K","-3.11%"
"31-05-2024","270.30","274.95","274.95","270.00","0.01K","-0.17%"
"30-05-2024","270.75","273.65","274.00","269.65","0.04K","-1.38%"
"29-05-2024","274.55","276.30","278.00","274.55","0.05K","0.07%"
"28-05-2024","274.35","274.55","276.00","273.10","0.18K","0.55%"
"27-05-2024","272.85","274.20","276.30","272.20","0.57K","-0.49%"
"24-05-2024","274.20","272.85","275.40","270.15","2.93K","0.86%"
"23-05-2024","271.85","272.65","274.15","267.50","3.55K","0.04%"
"22-05-2024","271.75","275.70","277.85","270.70","4.30K","-1.29%"
"21-05-2024","275.30","273.30","279.80","272.90","4.05K","0.09%"
"20-05-2024","275.05","267.10","275.45","267.10","2.30K","3.13%"
"17-05-2024","266.70","263.10","266.85","261.15","3.94K","2.09%"
"16-05-2024","261.25","263.40","264.00","260.10","3.48K","-0.27%"
"15-05-2024","261.95","266.55","267.35","260.80","5.84K","-0.78%"
"14-05-2024","264.00","264.50","265.95","263.00","4.57K","-0.45%"
"13-05-2024","265.20","260.35","266.20","260.15","4.46K","1.49%"
"10-05-2024","261.30","259.05","262.75","258.75","4.81K","0.97%"
"09-05-2024","258.80","258.05","259.90","255.30","4.78K","0.23%"
"08-05-2024","258.20","260.30","261.50","254.80","7.17K","-1.49%"
"07-05-2024","262.10","258.55","263.80","258.55","5.85K","1.16%"
"06-05-2024","259.10","257.70","259.95","256.00","1.55K","0.50%"
"03-05-2024","257.80","256.70","258.60","254.80","4.47K","0.37%"
"02-05-2024","256.85","255.00","258.15","252.20","7.22K","1.22%"
"01-05-2024","253.75","254.35","255.85","251.70","3.05K","-1.61%"
"30-04-2024","257.90","260.75","260.75","257.65","0.03K","-0.79%"
"29-04-2024","259.95","253.10","261.80","252.55","0.02K","3.18%"
"26-04-2024","251.95","252.10","254.00","248.00","0.02K","0.54%"
"25-04-2024","250.60","246.05","252.70","246.00","0.02K","2.33%"
"24-04-2024","244.90","249.00","252.00","244.40","0.81K","-1.11%"
"23-04-2024","247.65","247.00","249.45","244.50","2.79K","-0.72%"
"22-04-2024","249.45","252.05","252.05","247.65","3.80K","-0.48%"
"19-04-2024","250.65","249.00","250.95","247.35","3.76K","1.25%"
"18-04-2024","247.55","248.15","250.60","244.85","4.87K","-0.14%"
"17-04-2024","247.90","243.45","249.50","243.45","3.38K","2.04%"
"16-04-2024","242.95","242.65","244.60","239.20","5.63K","-0.74%"
"15-04-2024","244.75","246.40","249.25","239.40","7.62K","-0.59%"
"12-04-2024","246.20","245.80","251.20","245.75","6.40K","1.11%"
"11-04-2024","243.50","241.90","243.95","240.70","2.73K","0.33%"
"10-04-2024","242.70","239.00","245.55","237.65","7.75K","1.65%"
"09-04-2024","238.75","234.15","240.95","234.05","5.54K","1.34%"
"08-04-2024","235.60","230.40","236.40","229.75","4.78K","1.29%"
"05-04-2024","232.60","232.55","234.35","231.05","3.25K","-0.45%"
"04-04-2024","233.65","225.55","234.45","225.05","6.16K","3.91%"
"03-04-2024","224.85","221.50","225.45","218.50","5.31K","2.16%"
"02-04-2024","220.10","218.00","222.55","217.80","3.67K","1.10%"
"01-04-2024","217.70","216.95","218.55","216.95","0.95K","1.28%"
"28-03-2024","214.95","215.65","215.65","214.95","0.02K","0.58%"
"27-03-2024","213.70","213.80","214.20","213.25","0.03K","-1.02%"
"26-03-2024","215.90","218.65","218.65","214.75","0.04K","-1.26%"
"25-03-2024","218.65","218.50","219.60","218.30","0.01K","0.48%"
"22-03-2024","217.60","218.50","218.50","217.30","0.91K","-0.82%"
"21-03-2024","219.40","219.30","221.45","218.60","3.54K","0.32%"
"20-03-2024","218.70","218.45","219.45","217.70","2.38K","0.34%"
"19-03-2024","217.95","220.15","221.25","217.55","3.50K","-1.36%"
"18-03-2024","220.95","222.35","223.90","220.40","3.06K","-0.76%"
"15-03-2024","222.65","224.00","225.15","221.45","3.89K","-0.22%"
"14-03-2024","223.15","224.75","225.95","222.20","3.30K","-0.58%"
"13-03-2024","224.45","223.35","225.10","223.25","2.73K","0.63%"
"12-03-2024","223.05","223.35","225.30","221.25","3.48K","-0.16%"
"11-03-2024","223.40","219.85","223.85","219.85","2.68K","1.06%"
"08-03-2024","221.05","222.60","223.30","219.70","2.36K","-0.16%"
"07-03-2024","221.40","219.00","222.30","218.80","3.53K","1.28%"
"06-03-2024","218.60","217.10","219.30","217.10","2.27K","0.69%"
"05-03-2024","217.10","216.35","218.40","216.15","2.46K","0.28%"
"04-03-2024","216.50","213.70","218.10","213.25","3.82K","0.98%"
"01-03-2024","214.40","214.60","215.05","212.75","2.59K","-0.95%"
"29-02-2024","216.45","216.80","216.80","216.05","0.00K","1.60%"
"28-02-2024","213.05","215.25","217.00","211.90","0.04K","-1.84%"
"27-02-2024","217.05","217.00","217.90","216.75","0.01K","0.16%"
"26-02-2024","216.70","221.65","221.70","216.00","0.07K","0.14%"
"23-02-2024","216.40","214.25","218.70","213.50","0.71K","1.07%"
"22-02-2024","214.10","213.15","214.85","212.15","1.89K","0.33%"
"21-02-2024","213.40","213.40","214.85","212.80","2.36K","0.64%"
"20-02-2024","212.05","214.85","215.00","211.50","3.57K","-1.71%"
"19-02-2024","215.75","214.20","216.50","213.75","4.11K","0.68%"
"16-02-2024","214.30","210.80","214.90","210.60","4.56K","1.64%"
"15-02-2024","210.85","207.95","211.10","207.80","3.18K","1.52%"
"14-02-2024","207.70","206.40","208.25","205.90","2.91K","0.48%"
"13-02-2024","206.70","210.00","210.25","206.20","3.78K","-0.91%"
"12-02-2024","208.60","207.10","209.90","204.65","4.42K","0.48%"
"09-02-2024","207.60","209.60","209.95","206.55","4.33K","-1.07%"
"08-02-2024","209.85","215.65","216.80","209.30","4.85K","-2.51%"
"07-02-2024","215.25","217.55","217.55","214.95","2.43K","-1.06%"
"06-02-2024","217.55","217.10","218.75","216.70","2.39K","0.25%"
"05-02-2024","217.00","218.40","218.80","216.55","2.51K","-0.94%"
"02-02-2024","219.05","220.50","221.05","218.35","2.94K","-0.84%"
"01-02-2024","220.90","223.90","223.95","220.50","3.79K","-3.41%"
"31-01-2024","228.70","226.85","226.85","226.85","0.00K","0.75%"
"30-01-2024","227.00","227.00","227.00","227.00","0.00K","-0.20%"
"29-01-2024","227.45","227.70","227.70","227.10","0.02K","-0.11%"
"25-01-2024","227.70","225.75","229.05","225.75","0.05K","1.07%"
"24-01-2024","225.30","222.40","225.70","222.40","0.78K","1.58%"
"23-01-2024","221.80","220.10","223.05","219.80","3.14K","1.12%"
"22-01-2024","219.35","219.00","219.90","218.40","1.17K","-0.18%"
"19-01-2024","219.75","219.55","220.80","218.75","2.09K","0.14%"
"18-01-2024","219.45","220.50","221.00","218.45","2.46K","-0.41%"
"17-01-2024","220.35","224.40","224.55","219.90","3.57K","-1.98%"
"16-01-2024","224.80","225.65","225.90","224.05","2.37K","-0.35%"
"15-01-2024","225.60","223.35","227.00","223.20","4.51K","1.14%"
"12-01-2024","223.05","223.40","224.10","222.15","3.05K","-0.13%"
"11-01-2024","223.35","223.35","224.45","222.75","2.19K","0.22%"
"10-01-2024","222.85","223.80","224.60","222.20","2.94K","-0.27%"
"09-01-2024","223.45","223.25","225.10","222.75","3.81K","-0.02%"
"08-01-2024","223.50","224.95","225.45","222.80","4.19K","-0.89%"
"05-01-2024","225.50","226.05","227.40","225.10","3.62K","-0.11%"
"04-01-2024","225.75","227.45","228.30","224.85","3.47K","-1.18%"
"03-01-2024","228.45","230.00","230.60","226.95","3.56K","-0.91%"
"02-01-2024","230.55","231.95","233.25","229.00","4.76K","-1.12%"
"01-01-2024","233.15","233.00","233.85","232.60","0.30K","1.52%"
"29-12-2023","229.65","230.25","230.90","229.40","0.02K","-0.50%"
"28-12-2023","230.80","230.00","231.20","229.35","0.03K","0.70%"
"27-12-2023","229.20","227.00","229.85","226.60","0.04K","1.24%"
"26-12-2023","226.40","225.90","228.05","225.90","0.05K","0.27%"
"22-12-2023","225.80","224.15","226.50","223.90","0.75K","1.03%"
"21-12-2023","223.50","225.10","225.85","222.65","2.93K","-0.84%"
"20-12-2023","225.40","226.90","228.35","225.00","2.87K","-0.31%"
"19-12-2023","226.10","224.00","226.65","223.40","2.82K","0.94%"
"18-12-2023","224.00","223.00","224.60","222.30","3.14K","0.36%"
"15-12-2023","223.20","222.60","223.70","222.00","2.32K","0.65%"
"14-12-2023","221.75","218.90","222.85","218.90","3.92K","1.63%"
"13-12-2023","218.20","217.85","218.80","216.75","2.52K","-0.02%"
"12-12-2023","218.25","218.00","219.90","217.90","3.38K","0.51%"
"11-12-2023","217.15","216.35","217.80","214.95","2.88K","0.28%"
"08-12-2023","216.55","218.60","219.50","216.40","4.28K","-0.48%"
"07-12-2023","217.60","219.00","219.95","217.20","2.82K","-0.57%"
"06-12-2023","218.85","219.50","221.75","218.10","3.74K","0.09%"
"05-12-2023","218.65","220.15","220.35","218.20","3.93K","-0.84%"
"04-12-2023","220.50","225.30","225.30","220.30","3.25K","-2.13%"
"01-12-2023","225.30","224.05","225.75","221.65","4.33K","-0.66%"
"30-11-2023","226.80","223.30","223.30","223.30","0.00K","0.53%"
"29-11-2023","225.60","225.00","226.35","225.00","0.05K","-0.11%"
"28-11-2023","225.85","226.50","226.90","225.25","0.03K","0.27%"
"27-11-2023","225.25","228.65","228.70","224.80","0.04K","-0.49%"
"24-11-2023","226.35","225.50","227.55","225.45","0.81K","0.56%"
"23-11-2023","225.10","223.35","225.95","223.35","2.21K","0.76%"
"22-11-2023","223.40","225.00","225.00","222.80","2.24K","-1.28%"
"21-11-2023","226.30","227.95","228.10","225.20","2.42K","-0.72%"
"20-11-2023","227.95","228.45","229.60","226.90","2.99K","0.35%"
"17-11-2023","227.15","228.15","228.90","226.50","3.38K","-0.46%"
"16-11-2023","228.20","230.95","231.45","227.30","5.32K","-1.93%"
"15-11-2023","232.70","230.45","233.90","229.30","3.47K","1.31%"
"14-11-2023","229.70","226.80","230.25","226.50","2.19K","1.17%"
"13-11-2023","227.05","227.35","228.05","226.05","2.24K","-0.48%"
"12-11-2023","228.15","227.35","228.15","227.25","0.13K","0.42%"
"10-11-2023","227.20","228.25","230.00","226.20","3.36K","-0.66%"
"09-11-2023","228.70","228.30","229.65","227.25","2.00K","0.11%"
"08-11-2023","228.45","227.35","230.10","226.75","3.82K","0.75%"
"07-11-2023","226.75","225.50","226.95","225.05","2.56K","0.11%"
"06-11-2023","226.50","223.50","227.45","223.35","4.26K","1.32%"
"03-11-2023","223.55","222.00","224.15","221.55","3.79K","0.81%"
"02-11-2023","221.75","222.70","224.90","221.50","4.34K","-0.20%"
"01-11-2023","222.20","219.10","227.00","218.25","10.07K","1.23%"
"31-10-2023","219.50","219.85","220.10","219.00","0.01K","-0.66%"
"30-10-2023","220.95","221.65","221.65","220.00","0.01K","0.00%"
"27-10-2023","220.95","220.60","221.30","220.60","20.00K","0.73%"
"26-10-2023","219.35","221.45","221.45","218.70","0.15K","-0.54%"
"25-10-2023","220.55","219.45","221.45","219.20","1.02K","0.66%"
"24-10-2023","219.10","218.10","219.55","218.00","1.61K","0.09%"
"23-10-2023","218.90","218.60","219.00","217.75","1.98K","-0.34%"
"20-10-2023","219.65","218.25","220.00","217.40","2.21K","0.37%"
"19-10-2023","218.85","218.90","219.40","218.00","1.94K","-0.34%"
"18-10-2023","219.60","219.80","220.60","219.15","2.37K","0.32%"
"17-10-2023","218.90","219.30","219.45","217.30","3.39K","-0.57%"
"16-10-2023","220.15","220.20","221.55","220.15","1.17K","0.00%"
"13-10-2023","220.15","220.25","220.85","219.65","2.43K","-0.02%"
"12-10-2023","220.20","221.85","222.20","220.10","3.19K","-0.50%"
"11-10-2023","221.30","221.45","223.00","220.85","2.98K","-0.09%"
"10-10-2023","221.50","222.20","222.45","220.40","3.69K","-0.87%"
"09-10-2023","223.45","225.00","225.45","222.10","3.53K","0.27%"
"06-10-2023","222.85","221.75","224.00","221.10","3.53K","0.63%"
"05-10-2023","221.45","222.50","223.20","221.10","3.00K","-0.32%"
"04-10-2023","222.15","223.30","224.85","221.55","4.44K","-0.83%"
"03-10-2023","224.00","227.05","227.50","223.10","7.45K","-2.55%"
"29-09-2023","229.85","230.10","230.10","229.85","0.01K","1.73%"
"28-09-2023","225.95","220.95","227.00","220.95","0.02K","2.45%"
"27-09-2023","220.55","221.90","222.90","220.25","0.04K","-0.59%"
"26-09-2023","221.85","226.60","226.60","221.00","0.13K","-0.29%"
"25-09-2023","222.50","223.00","224.30","222.05","1.23K","-0.78%"
"22-09-2023","224.25","223.35","224.95","222.70","3.45K","0.70%"
"21-09-2023","222.70","222.80","223.25","219.60","4.37K","-0.58%"
"20-09-2023","224.00","221.15","225.00","220.20","4.65K","1.06%"
"19-09-2023","221.65","223.30","223.70","221.20","2.83K","-1.38%"
"18-09-2023","224.75","223.35","225.00","223.00","2.83K","0.63%"
"15-09-2023","223.35","226.90","227.60","223.00","4.46K","-1.15%"
"14-09-2023","225.95","223.95","227.15","223.95","4.29K","1.07%"
"13-09-2023","223.55","220.30","224.00","219.70","3.99K","1.29%"
"12-09-2023","220.70","222.70","223.35","219.95","3.12K","-0.70%"
"11-09-2023","222.25","217.60","223.20","217.60","5.44K","2.21%"
"08-09-2023","217.45","220.35","220.35","216.35","4.67K","-2.03%"
"07-09-2023","221.95","220.10","222.40","219.20","3.29K","0.54%"
"06-09-2023","220.75","221.90","221.90","219.20","2.62K","0.11%"
"05-09-2023","220.50","221.05","221.85","218.85","3.38K","0.09%"
"04-09-2023","220.30","220.85","221.25","219.40","2.35K","-0.23%"
"01-09-2023","220.80","218.60","221.65","218.60","5.55K","2.27%"
"31-08-2023","215.90","216.05","216.05","215.85","0.00K","-0.62%"
"30-08-2023","217.25","216.90","217.80","216.90","0.01K","0.72%"
"29-08-2023","215.70","214.85","216.65","214.50","0.04K","0.89%"
"28-08-2023","213.80","215.10","216.55","213.45","0.25K","0.02%"
"25-08-2023","213.75","212.70","214.55","212.00","0.99K","0.45%"
"24-08-2023","212.80","212.35","213.65","211.55","3.31K","0.31%"
"23-08-2023","212.15","212.35","212.55","210.95","2.53K","0.43%"
"22-08-2023","211.25","210.35","212.60","209.85","3.17K","0.48%"
"21-08-2023","210.25","210.25","210.70","208.25","3.70K","0.36%"
"18-08-2023","209.50","210.50","210.65","207.95","4.18K","-0.31%"
"17-08-2023","210.15","208.65","212.25","207.75","4.89K","0.02%"
"16-08-2023","210.10","212.95","212.95","208.75","5.07K","-2.14%"
"14-08-2023","214.70","216.65","216.65","213.70","4.01K","-1.26%"
"11-08-2023","217.45","220.60","220.80","217.00","4.29K","-1.70%"
"10-08-2023","221.20","222.90","223.95","220.20","3.71K","-0.74%"
"09-08-2023","222.85","222.50","224.10","221.70","3.82K","0.63%"
"08-08-2023","221.45","222.80","223.45","218.90","4.86K","-0.90%"
"07-08-2023","223.45","223.40","224.45","222.35","2.92K","-0.36%"
"04-08-2023","224.25","222.80","224.50","221.70","4.00K","0.34%"
"03-08-2023","223.50","221.80","223.70","219.55","4.52K","0.47%"
"02-08-2023","222.45","225.85","226.30","221.55","4.59K","-1.87%"
"01-08-2023","226.70","226.85","228.45","224.65","4.68K","1.23%"
"31-07-2023","223.95","221.55","224.60","218.75","0.03K","1.70%"
"28-07-2023","220.20","218.35","220.95","218.35","0.02K","1.15%"
"27-07-2023","217.70","219.50","221.00","217.20","0.06K","-0.05%"
"26-07-2023","217.80","217.45","218.15","216.95","0.14K","0.35%"
"25-07-2023","217.05","213.90","217.60","213.60","1.12K","1.71%"
"24-07-2023","213.40","213.20","213.80","210.65","3.16K","0.33%"
"21-07-2023","212.70","213.95","214.75","212.25","2.36K","-0.16%"
"20-07-2023","213.05","212.35","215.20","212.05","3.82K","0.40%"
"19-07-2023","212.20","213.20","213.95","211.60","3.16K","-0.89%"
"18-07-2023","214.10","214.75","215.30","212.70","3.10K","-0.37%"
"17-07-2023","214.90","216.95","216.95","213.85","3.17K","-1.26%"
"14-07-2023","217.65","220.25","220.50","217.10","3.27K","-0.91%"
"13-07-2023","219.65","217.00","220.45","217.00","4.58K","1.29%"
"12-07-2023","216.85","214.25","217.00","213.10","5.04K","1.21%"
"11-07-2023","214.25","215.20","216.70","213.80","3.99K","-0.12%"
"10-07-2023","214.50","214.00","215.50","213.50","2.70K","0.00%"
"07-07-2023","214.50","215.00","215.40","213.55","3.40K","-0.23%"
"06-07-2023","215.00","213.90","215.70","213.40","3.81K","0.49%"
"05-07-2023","213.95","214.95","216.05","213.15","3.55K","-0.83%"
"04-07-2023","215.75","213.25","216.50","212.15","3.37K","1.24%"
"03-07-2023","213.10","214.95","214.95","212.20","2.95K","0.73%"
"30-06-2023","211.55","211.60","212.20","210.00","0.01K","0.76%"
"29-06-2023","209.95","209.70","210.35","209.20","0.02K","-0.52%"
"28-06-2023","211.05","211.00","211.20","210.90","0.02K","-0.64%"
"27-06-2023","212.40","210.25","213.40","210.25","0.08K","1.55%"
"26-06-2023","209.15","212.75","213.15","208.05","0.93K","-1.76%"
"23-06-2023","212.90","213.85","215.40","212.35","2.75K","-1.48%"
"22-06-2023","216.10","217.65","219.70","214.80","3.72K","-0.53%"
"21-06-2023","217.25","216.00","217.95","213.40","3.87K","1.00%"
"20-06-2023","215.10","219.15","219.15","215.00","3.72K","-1.89%"
"19-06-2023","219.25","220.95","221.20","218.85","2.84K","-1.17%"
"16-06-2023","221.85","222.80","224.70","221.35","3.64K","-0.16%"
"15-06-2023","222.20","220.70","222.55","219.00","4.90K","0.57%"
"14-06-2023","220.95","216.35","221.45","216.10","6.43K","2.82%"
"13-06-2023","214.90","212.55","215.80","212.50","3.71K","1.54%"
"12-06-2023","211.65","213.80","214.15","210.95","3.54K","-1.21%"
"09-06-2023","214.25","215.45","217.35","214.00","4.30K","-0.67%"
"08-06-2023","215.70","213.45","216.40","212.95","3.78K","0.61%"
"07-06-2023","214.40","210.65","215.45","210.30","4.82K","1.73%"
"06-06-2023","210.75","208.50","211.15","208.25","3.87K","1.27%"
"05-06-2023","208.10","207.65","208.70","206.45","2.90K","-0.45%"
"02-06-2023","209.05","207.75","211.15","207.50","4.28K","0.89%"
"01-06-2023","207.20","207.40","209.40","205.85","4.69K","0.97%"
"31-05-2023","205.20","205.60","205.60","204.25","0.01K","-3.09%"
"30-05-2023","211.75","211.75","211.75","211.75","","0.00%"
"29-05-2023","211.75","210.45","212.80","210.20","0.04K","1.17%"
"26-05-2023","209.30","208.50","209.95","206.60","0.15K","2.90%"
"25-05-2023","203.40","204.45","206.95","201.65","1.35K","-1.76%"
"24-05-2023","207.05","212.50","213.25","206.55","3.79K","-3.59%"
"23-05-2023","214.75","220.45","221.00","214.35","3.31K","-2.92%"
"22-05-2023","221.20","222.95","224.40","221.00","2.64K","-1.80%"
"19-05-2023","225.25","223.50","226.60","222.85","4.03K","0.92%"
"18-05-2023","223.20","227.45","227.45","222.95","3.77K","-1.70%"
"17-05-2023","227.05","225.45","228.35","224.50","3.67K","0.75%"
"16-05-2023","225.35","228.65","228.70","225.05","3.47K","-1.62%"
"15-05-2023","229.05","227.70","231.40","227.70","3.46K","-0.33%"
"12-05-2023","229.80","230.95","231.05","227.60","3.86K","-0.35%"
"11-05-2023","230.60","235.70","236.00","230.35","4.22K","-2.16%"
"10-05-2023","235.70","238.55","238.55","235.20","3.00K","-1.11%"
"09-05-2023","238.35","239.30","239.30","237.05","2.24K","-0.17%"
"08-05-2023","238.75","239.65","240.10","238.20","1.72K","0.25%"
"05-05-2023","238.15","235.40","238.95","235.05","3.79K","1.30%"
"04-05-2023","235.10","236.00","236.85","232.75","3.74K","0.43%"
"03-05-2023","234.10","232.40","235.45","231.50","3.00K","0.67%"
"02-05-2023","232.55","237.35","238.00","232.25","4.51K","-1.79%"
"01-05-2023","236.80","236.75","238.90","236.05","1.18K","0.94%"
"28-04-2023","234.60","234.80","235.45","233.85","0.02K","0.62%"
"27-04-2023","233.15","231.90","235.30","230.70","0.01K","-0.17%"
"26-04-2023","233.55","232.80","234.30","231.25","0.02K","0.34%"
"25-04-2023","232.75","236.85","237.10","230.35","0.19K","-0.94%"
"24-04-2023","234.95","240.15","240.15","234.35","1.61K","-2.49%"
"21-04-2023","240.95","245.20","246.00","240.25","3.42K","-2.11%"
"20-04-2023","246.15","247.80","248.35","244.50","3.29K","-0.87%"
"19-04-2023","248.30","252.80","254.75","247.25","3.97K","-1.94%"
"18-04-2023","253.20","251.60","254.60","251.20","2.74K","0.78%"
"17-04-2023","251.25","252.10","254.20","250.20","2.55K","-0.26%"
"14-04-2023","251.90","252.25","256.00","251.70","2.17K","0.32%"
"13-04-2023","251.10","247.35","251.55","246.85","3.55K","1.41%"
"12-04-2023","247.60","246.20","247.80","244.20","3.63K","0.47%"
"11-04-2023","246.45","247.35","249.70","245.25","3.58K","-0.71%"
"10-04-2023","248.20","247.50","248.90","245.10","1.74K","0.36%"
"06-04-2023","247.30","248.95","249.25","246.40","2.81K","-0.60%"
"05-04-2023","248.80","252.00","252.20","247.40","3.36K","-1.33%"
"04-04-2023","252.15","255.25","255.35","251.30","2.28K","-1.52%"
"03-04-2023","256.05","256.15","258.30","255.45","2.24K","0.79%"
"31-03-2023","254.05","257.70","257.70","251.85","0.02K","-1.36%"
"30-03-2023","257.55","257.55","257.55","257.55","","0.00%"
"29-03-2023","257.55","255.40","259.45","255.40","0.01K","0.84%"
"28-03-2023","255.40","254.00","255.65","252.50","0.08K","1.09%"
"27-03-2023","252.65","252.85","254.40","251.15","1.43K","-0.10%"
"24-03-2023","252.90","256.40","257.45","252.35","2.69K","-1.17%"
"23-03-2023","255.90","253.55","256.65","252.55","2.98K","0.57%"
"22-03-2023","254.45","253.50","255.50","252.70","2.63K","0.08%"
"21-03-2023","254.25","256.40","257.45","253.05","2.67K","-0.78%"
"20-03-2023","256.25","257.00","257.00","254.40","2.67K","-0.47%"
"17-03-2023","257.45","258.25","259.25","256.80","3.25K","0.80%"
"16-03-2023","255.40","255.60","256.10","252.35","4.25K","-0.80%"
"15-03-2023","257.45","260.20","260.60","254.15","5.36K","-0.87%"
"14-03-2023","259.70","261.30","262.90","259.20","4.54K","-1.01%"
"13-03-2023","262.35","261.70","262.60","256.90","6.19K","0.87%"
"10-03-2023","260.10","261.25","262.30","258.15","5.78K","-1.10%"
"09-03-2023","263.00","262.30","264.20","261.40","3.33K","-0.17%"
"08-03-2023","263.45","262.75","264.45","259.10","5.39K","0.42%"
"07-03-2023","262.35","265.70","266.00","262.05","2.53K","-2.07%"
"06-03-2023","267.90","267.75","268.60","265.05","4.77K","-0.22%"
"03-03-2023","268.50","269.95","272.00","268.25","5.49K","-0.11%"
"02-03-2023","268.80","273.70","276.60","268.25","6.99K","-2.34%"
"01-03-2023","275.25","269.45","276.00","269.45","7.04K","3.09%"
"28-02-2023","267.00","267.00","267.00","267.00","0.00K","-0.76%"
"27-02-2023","269.05","267.30","269.30","264.00","0.05K","0.22%"
"24-02-2023","268.45","272.70","274.40","266.00","0.08K","-1.61%"
"23-02-2023","272.85","274.40","276.90","271.15","0.12K","-1.37%"
"22-02-2023","276.65","273.95","277.05","271.40","1.03K","0.75%"
"21-02-2023","274.60","274.30","276.95","273.50","3.47K","-0.15%"
"20-02-2023","275.00","272.55","275.65","269.50","4.56K","1.31%"
"17-02-2023","271.45","268.60","272.10","267.10","4.59K","0.80%"
"16-02-2023","269.30","269.85","270.85","266.75","5.25K","0.19%"
"15-02-2023","268.80","273.05","273.05","268.05","5.71K","-2.17%"
"14-02-2023","274.75","274.80","277.85","273.60","6.75K","-0.24%"
"13-02-2023","275.40","270.70","276.50","267.45","7.91K","1.85%"
"10-02-2023","270.40","276.00","276.90","270.05","5.19K","-2.59%"
"09-02-2023","277.60","277.75","280.00","275.65","5.61K","-0.20%"
"08-02-2023","278.15","281.95","284.20","276.45","6.43K","-2.06%"
"07-02-2023","284.00","278.50","284.60","273.50","7.75K","2.31%"
"06-02-2023","277.60","284.35","285.50","275.70","5.40K","-2.55%"
"03-02-2023","284.85","293.45","294.45","283.25","5.96K","-3.18%"
"02-02-2023","294.20","292.25","296.20","289.45","5.77K","1.47%"
"01-02-2023","289.95","296.35","298.20","288.00","4.94K","-1.99%"
"31-01-2023","295.85","297.15","297.15","295.35","0.01K","-0.55%"
"30-01-2023","297.50","298.10","299.20","296.15","0.03K","-0.40%"
"27-01-2023","298.70","304.20","304.45","297.00","0.07K","-0.68%"
"25-01-2023","300.75","300.95","303.00","298.35","0.18K","0.13%"
"24-01-2023","300.35","296.70","301.35","295.00","0.82K","0.42%"
"23-01-2023","299.10","297.05","300.90","295.15","3.34K","1.15%"
"20-01-2023","295.70","295.85","297.95","293.90","5.13K","0.08%"
"19-01-2023","295.45","288.95","296.55","287.95","6.10K","2.06%"
"18-01-2023","289.50","286.85","293.65","286.45","6.48K","0.78%"
"17-01-2023","287.25","286.50","287.75","285.20","3.34K","0.16%"
"16-01-2023","286.80","287.35","290.80","286.10","3.98K","-0.61%"
"13-01-2023","288.55","283.60","289.65","283.60","5.42K","2.09%"
"12-01-2023","282.65","280.30","283.15","278.35","6.11K","0.59%"
"11-01-2023","281.00","279.50","281.70","278.05","4.58K","0.54%"
"10-01-2023","279.50","280.80","282.45","277.80","4.91K","-0.46%"
"09-01-2023","280.80","272.80","285.85","272.80","8.39K","3.58%"
"06-01-2023","271.10","271.35","271.95","267.05","4.96K","0.37%"
"05-01-2023","270.10","268.80","271.90","267.55","4.93K","0.50%"
"04-01-2023","268.75","268.25","269.50","265.55","3.68K","-0.15%"
"03-01-2023","269.15","270.45","272.00","268.50","5.01K","-0.31%"
"02-01-2023","270.00","267.00","270.30","266.10","1.14K","0.78%"
"30-12-2022","267.90","267.90","267.90","267.90","","0.00%"
"29-12-2022","267.90","268.25","268.25","267.00","0.01K","-1.54%"
"28-12-2022","272.10","274.50","276.00","270.00","0.20K","-0.49%"
"27-12-2022","273.45","268.25","274.00","267.85","0.17K","2.19%"
"26-12-2022","267.60","265.00","268.90","265.00","0.63K","0.26%"
"23-12-2022","266.90","263.15","268.00","263.15","3.30K","0.98%"
"22-12-2022","264.30","269.95","270.65","264.00","3.91K","-1.86%"
"21-12-2022","269.30","274.40","276.45","268.65","4.85K","-1.86%"
"20-12-2022","274.40","269.75","275.25","267.30","5.02K","1.54%"
"19-12-2022","270.25","274.10","274.20","269.05","4.73K","-1.04%"
"16-12-2022","273.10","280.70","280.90","271.85","6.36K","-2.67%"
"15-12-2022","280.60","284.45","285.95","280.00","6.25K","-1.94%"
"14-12-2022","286.15","289.95","291.95","284.70","5.97K","-1.31%"
"13-12-2022","289.95","292.55","292.55","287.50","6.59K","0.19%"
"12-12-2022","289.40","284.65","290.55","283.50","5.63K","0.92%"
"09-12-2022","286.75","286.40","287.40","283.20","4.10K","0.76%"
"08-12-2022","284.60","282.95","287.45","282.30","5.06K","0.32%"
"07-12-2022","283.70","278.85","284.50","274.40","6.22K","2.12%"
"06-12-2022","277.80","275.80","281.50","274.80","4.75K","1.17%"
"05-12-2022","274.60","273.35","277.80","273.35","3.67K","0.77%"
"02-12-2022","272.50","271.00","273.25","267.90","4.65K","0.53%"
"01-12-2022","271.05","271.00","272.45","269.20","4.20K","2.81%"
"30-11-2022","263.65","262.80","265.50","262.10","0.02K","0.34%"
"29-11-2022","262.75","264.35","264.35","261.95","0.01K","0.25%"
"28-11-2022","262.10","262.55","265.00","258.70","0.03K","-0.06%"
"25-11-2022","262.25","261.05","263.05","261.05","0.10K","1.02%"
"24-11-2022","259.60","261.25","262.40","257.55","0.92K","-0.33%"
"23-11-2022","260.45","261.95","262.25","259.20","3.16K","-0.02%"
"22-11-2022","260.50","260.80","263.40","258.25","4.25K","-0.31%"
"21-11-2022","261.30","268.10","268.10","258.20","4.90K","-3.26%"
"18-11-2022","270.10","269.45","272.50","267.25","5.17K","0.67%"
"17-11-2022","268.30","271.70","272.55","266.90","4.89K","-1.52%"
"16-11-2022","272.45","275.80","278.95","270.55","5.93K","-1.18%"
"15-11-2022","275.70","279.80","281.65","274.05","6.59K","-0.74%"
"14-11-2022","277.75","271.05","279.55","270.70","7.68K","2.97%"
"11-11-2022","269.75","262.50","272.95","262.50","11.92K","3.59%"
"10-11-2022","260.40","261.50","262.50","256.00","6.81K","0.06%"
"09-11-2022","260.25","264.60","267.00","259.05","6.92K","-2.01%"
"08-11-2022","265.60","262.25","267.25","262.20","3.82K","0.49%"
"07-11-2022","264.30","263.30","270.00","261.20","8.06K","-0.34%"
"04-11-2022","265.20","256.20","266.10","256.00","12.66K","4.59%"
"03-11-2022","253.55","256.15","257.30","248.30","7.34K","-0.88%"
"02-11-2022","255.80","257.30","259.20","254.25","5.82K","-0.14%"
"01-11-2022","256.15","252.80","257.00","251.10","7.52K","-0.37%"
"31-10-2022","257.10","258.30","258.30","253.60","0.01K","-2.67%"
"28-10-2022","264.15","265.50","266.30","260.00","0.18K","-1.71%"
"27-10-2022","268.75","269.95","271.00","268.00","0.03K","0.43%"
"26-10-2022","267.60","267.55","268.50","266.50","0.01K","1.06%"
"25-10-2022","264.80","272.65","273.30","263.30","1.11K","-2.91%"
"24-10-2022","272.75","272.80","273.70","271.70","0.37K","0.68%"
"21-10-2022","270.90","272.25","274.35","269.55","4.06K","-0.82%"
"20-10-2022","273.15","273.00","274.10","268.60","5.17K","1.34%"
"19-10-2022","269.55","266.95","270.75","264.65","5.23K","1.43%"
"18-10-2022","265.75","265.10","266.70","262.55","6.28K","0.45%"
"17-10-2022","264.55","269.90","270.60","263.80","5.61K","-1.89%"
"14-10-2022","269.65","272.30","276.20","269.20","7.77K","-0.53%"
"13-10-2022","271.10","272.80","273.00","266.00","7.80K","-0.26%"
"12-10-2022","271.80","270.30","274.10","267.50","7.05K","0.17%"
"11-10-2022","271.35","275.30","275.70","269.35","6.93K","-1.42%"
"10-10-2022","275.25","276.00","278.65","273.80","6.13K","-0.58%"
"07-10-2022","276.85","283.30","283.30","275.40","6.61K","-1.97%"
"06-10-2022","282.40","281.30","289.75","281.30","8.07K","0.37%"
"05-10-2022","281.35","275.65","288.20","273.35","6.67K","1.11%"
"04-10-2022","278.25","269.20","279.00","268.60","9.16K","3.69%"
"03-10-2022","268.35","274.00","274.00","267.40","7.56K","-0.94%"
"30-09-2022","270.90","270.55","271.10","270.55","0.01K","2.03%"
"29-09-2022","265.50","265.50","265.50","265.50","0.00K","1.74%"
"28-09-2022","260.95","260.95","260.95","260.95","0.00K","-0.31%"
"27-09-2022","261.75","267.50","267.50","260.80","0.03K","-0.81%"
"26-09-2022","263.90","272.45","272.70","263.35","0.61K","-3.49%"
"23-09-2022","273.45","281.80","281.80","272.35","3.24K","-3.10%"
"22-09-2022","282.20","280.90","283.45","279.50","4.32K","1.40%"
"21-09-2022","278.30","280.30","281.35","277.30","4.32K","-0.55%"
"20-09-2022","279.85","282.50","284.70","279.25","4.54K","-0.78%"
"19-09-2022","282.05","281.65","283.50","278.00","3.86K","0.09%"
"16-09-2022","281.80","282.60","282.80","274.50","5.87K","-0.56%"
"15-09-2022","283.40","288.40","291.15","281.70","5.17K","-1.24%"
"14-09-2022","286.95","286.00","287.60","281.55","4.61K","0.63%"
"13-09-2022","285.15","287.60","292.55","284.65","5.80K","-0.30%"
"12-09-2022","286.00","285.00","288.40","284.20","4.21K","0.26%"
"09-09-2022","285.25","288.50","291.70","282.30","6.49K","0.64%"
"08-09-2022","283.45","281.90","285.30","281.25","4.36K","0.98%"
"07-09-2022","280.70","283.00","283.80","278.90","4.52K","-1.75%"
"06-09-2022","285.70","288.45","291.70","283.40","4.91K","-0.73%"
"05-09-2022","287.80","285.40","290.40","285.40","4.35K","1.34%"
"02-09-2022","284.00","293.00","293.25","281.95","6.40K","-2.72%"
"01-09-2022","291.95","308.70","308.70","290.90","6.27K","-5.79%"
"31-08-2022","309.90","309.05","311.55","307.50","1.86K","-1.27%"
"30-08-2022","313.90","313.70","316.00","313.50","0.02K","-0.74%"
"29-08-2022","316.25","316.15","317.75","314.40","0.01K","-0.85%"
"26-08-2022","318.95","319.20","321.70","315.70","0.02K","0.49%"
"25-08-2022","317.40","316.15","318.55","314.60","0.05K","1.47%"
"24-08-2022","312.80","311.95","317.85","311.50","0.54K","-0.21%"
"23-08-2022","313.45","315.50","317.80","312.00","4.04K","-0.63%"
"22-08-2022","315.45","315.35","316.85","312.45","4.07K","0.13%"
"19-08-2022","315.05","315.00","318.90","311.80","6.75K","0.11%"
"18-08-2022","314.70","316.55","317.90","310.50","7.14K","-0.85%"
"17-08-2022","317.40","323.70","328.50","315.00","7.71K","-2.10%"
"16-08-2022","324.20","320.90","340.00","319.50","9.50K","0.53%"
"12-08-2022","322.50","325.50","328.20","318.25","6.41K","-1.47%"
"11-08-2022","327.30","320.70","329.30","318.55","5.50K","2.17%"
"10-08-2022","320.35","314.10","321.20","313.15","6.05K","1.65%"
"09-08-2022","315.15","309.45","317.40","309.45","3.87K","2.52%"
"08-08-2022","307.40","305.85","310.30","304.00","4.47K","-0.79%"
"05-08-2022","309.85","308.70","313.20","302.25","8.16K","0.50%"
"04-08-2022","308.30","294.80","312.15","294.35","8.88K","4.69%"
"03-08-2022","294.50","293.40","296.15","290.60","4.18K","0.68%"
"02-08-2022","292.50","296.70","298.20","292.20","4.64K","-1.99%"
"01-08-2022","298.45","293.75","299.05","291.85","5.47K","2.98%"
"29-07-2022","289.80","285.75","291.15","285.70","0.20K","1.74%"
"28-07-2022","284.85","282.00","286.50","282.00","0.31K","2.57%"
"27-07-2022","277.70","279.50","282.00","276.85","0.08K","-0.50%"
"26-07-2022","279.10","280.60","282.00","278.40","0.12K","0.69%"
"25-07-2022","277.20","276.20","278.95","275.00","0.58K","-0.13%"
"22-07-2022","277.55","275.60","278.30","273.10","3.64K","1.15%"
"21-07-2022","274.40","275.70","275.70","270.20","4.28K","-0.87%"
"20-07-2022","276.80","275.10","279.40","273.10","4.44K","1.63%"
"19-07-2022","272.35","274.00","274.00","269.05","4.45K","-1.22%"
"18-07-2022","275.70","272.90","277.80","271.45","3.53K","2.21%"
"15-07-2022","269.75","262.60","271.00","260.65","5.77K","2.14%"
"14-07-2022","264.10","269.75","269.80","261.90","5.57K","-2.29%"
"13-07-2022","270.30","271.65","274.35","265.10","7.79K","-1.22%"
"12-07-2022","273.65","276.00","277.90","272.60","5.24K","-0.89%"
"11-07-2022","276.10","277.40","280.50","272.80","5.69K","-1.00%"
"08-07-2022","278.90","278.95","281.15","274.40","4.24K","-0.50%"
"07-07-2022","280.30","274.90","282.55","273.05","6.70K","2.52%"
"06-07-2022","273.40","270.30","276.80","266.40","7.10K","0.46%"
"05-07-2022","272.15","283.10","283.40","268.50","7.01K","-3.36%"
"04-07-2022","281.60","279.00","283.40","275.65","4.83K","1.73%"
"01-07-2022","276.80","288.30","288.90","274.00","7.30K","-6.94%"
"30-06-2022","297.45","297.50","297.50","297.40","0.01K","-1.38%"
"29-06-2022","301.60","304.00","304.00","301.00","0.01K","-0.54%"
"28-06-2022","303.25","301.30","304.50","301.30","0.01K","1.35%"
"27-06-2022","299.20","300.50","301.00","296.00","0.03K","0.71%"
"24-06-2022","297.10","310.45","312.15","295.60","0.40K","-4.35%"
"23-06-2022","310.60","315.00","317.60","307.50","3.28K","-1.96%"
"22-06-2022","316.80","315.25","318.95","310.80","4.39K","0.21%"
"21-06-2022","316.15","313.55","319.35","310.75","4.67K","1.23%"
"20-06-2022","312.30","311.00","313.60","306.80","4.37K","0.31%"
"17-06-2022","311.35","317.70","317.70","310.00","4.42K","-1.49%"
"16-06-2022","316.05","319.00","322.95","309.75","7.51K","-0.36%"
"15-06-2022","317.20","314.00","318.45","312.80","4.36K","2.37%"
"14-06-2022","309.85","317.15","319.00","308.55","4.57K","-1.87%"
"13-06-2022","315.75","320.05","320.45","309.65","5.22K","-1.62%"
"10-06-2022","320.95","324.60","325.30","320.05","3.15K","-1.29%"
"09-06-2022","325.15","329.60","330.75","323.10","3.88K","-1.48%"
"08-06-2022","330.05","328.25","331.15","325.90","3.58K","0.98%"
"07-06-2022","326.85","333.80","333.80","323.80","4.10K","-1.77%"
"06-06-2022","332.75","336.10","337.95","329.80","4.25K","-0.79%"
"03-06-2022","335.40","339.80","339.80","332.50","2.26K","-0.45%"
"02-06-2022","336.90","330.60","338.00","330.25","2.93K","1.84%"
"01-06-2022","330.80","332.80","334.80","329.00","4.38K","-1.84%"
"31-05-2022","337.00","336.30","337.35","336.30","0.01K","0.69%"
"30-05-2022","334.70","331.65","336.10","331.65","0.01K","1.90%"
"27-05-2022","328.45","324.15","330.50","323.40","0.02K","2.19%"
"26-05-2022","321.40","322.50","323.05","318.30","0.07K","-0.45%"
"25-05-2022","322.85","324.35","325.60","319.80","0.40K","-0.43%"
"24-05-2022","324.25","325.75","327.05","321.75","2.38K","-0.72%"
"23-05-2022","326.60","319.40","327.65","319.05","3.67K","2.32%"
"20-05-2022","319.20","319.80","324.45","316.90","4.70K","-0.27%"
"19-05-2022","320.05","310.00","320.45","307.90","5.03K","3.09%"
"18-05-2022","310.45","314.90","315.95","308.00","4.20K","-1.66%"
"17-05-2022","315.70","312.75","322.35","312.30","4.38K","1.36%"
"16-05-2022","311.45","309.30","312.35","306.15","4.83K","1.04%"
"13-05-2022","308.25","308.40","309.60","301.00","4.41K","0.64%"
"12-05-2022","306.30","315.00","315.00","303.75","5.60K","-3.30%"
"11-05-2022","316.75","311.40","320.00","310.75","4.29K","2.05%"
"10-05-2022","310.40","314.90","317.80","308.10","5.58K","-0.86%"
"09-05-2022","313.10","324.95","325.95","309.50","6.15K","-3.99%"
"06-05-2022","326.10","329.10","329.10","321.25","4.14K","-1.35%"
"05-05-2022","330.55","339.30","341.50","328.55","4.43K","-1.33%"
"04-05-2022","335.00","330.90","336.70","328.40","3.76K","1.48%"
"03-05-2022","330.10","334.25","340.00","329.10","2.52K","-0.81%"
"02-05-2022","332.80","341.60","342.10","323.00","3.40K","-6.57%"
"29-04-2022","356.20","353.60","358.00","353.60","0.00K","0.04%"
"28-04-2022","356.05","364.70","364.70","354.00","0.07K","-1.22%"
"27-04-2022","360.45","364.30","368.70","359.70","0.10K","-1.06%"
"26-04-2022","364.30","364.00","366.50","360.00","0.06K","0.69%"
"25-04-2022","361.80","371.10","373.00","361.00","0.66K","-3.18%"
"22-04-2022","373.70","373.00","377.45","370.75","3.21K","0.09%"
"21-04-2022","373.35","371.15","375.70","366.00","3.51K","0.28%"
"20-04-2022","372.30","378.95","379.75","369.65","3.98K","-1.99%"
"19-04-2022","379.85","382.70","382.70","372.60","4.60K","-0.48%"
"18-04-2022","381.70","372.80","383.40","371.80","2.56K","2.41%"
"14-04-2022","372.70","372.40","373.20","368.50","2.13K","-0.04%"
"13-04-2022","372.85","373.20","379.40","371.20","5.31K","0.73%"
"12-04-2022","370.15","361.85","371.50","359.35","5.30K","3.16%"
"11-04-2022","358.80","358.30","363.90","356.35","4.94K","-0.08%"
"08-04-2022","359.10","349.25","359.80","349.05","5.19K","2.85%"
"07-04-2022","349.15","353.25","354.65","348.10","4.40K","-1.27%"
"06-04-2022","353.65","351.00","356.25","350.65","2.98K","0.34%"
"05-04-2022","352.45","352.80","359.00","349.65","5.16K","0.86%"
"04-04-2022","349.45","357.80","363.05","345.35","5.91K","-1.87%"
"01-04-2022","356.10","343.80","358.15","342.50","5.08K","2.39%"
"31-03-2022","347.80","350.00","350.50","345.00","0.01K","1.68%"
"30-03-2022","342.05","338.00","346.50","337.00","0.01K","-0.03%"
"29-03-2022","342.15","344.00","346.50","340.00","0.02K","0.37%"
"28-03-2022","340.90","337.60","344.00","337.00","0.07K","0.86%"
"25-03-2022","338.00","335.00","338.70","334.80","0.21K","1.29%"
"24-03-2022","333.70","343.25","347.65","332.20","2.86K","-3.55%"
"23-03-2022","346.00","326.65","347.90","326.50","4.32K","6.30%"
"22-03-2022","325.50","326.10","329.30","323.60","3.46K","-0.46%"
"21-03-2022","327.00","320.00","328.45","320.00","3.97K","2.22%"
"18-03-2022","319.90","321.30","321.65","318.55","1.50K","0.42%"
"17-03-2022","318.55","319.80","322.90","311.40","4.39K","0.52%"
"16-03-2022","316.90","313.50","320.55","313.50","3.21K","0.76%"
"15-03-2022","314.50","315.15","316.00","309.15","3.84K","-0.21%"
"14-03-2022","315.15","318.10","321.00","311.00","3.20K","-0.99%"
"11-03-2022","318.30","320.40","323.75","316.10","2.41K","-0.08%"
"10-03-2022","318.55","318.05","329.90","314.10","4.05K","1.18%"
"09-03-2022","314.85","334.70","338.50","310.40","5.14K","-5.45%"
"08-03-2022","333.00","342.30","376.65","318.35","8.14K","-0.98%"
"07-03-2022","336.30","341.70","353.45","329.50","8.13K","0.30%"
"04-03-2022","335.30","330.50","335.70","327.75","6.07K","2.04%"
"03-03-2022","328.60","327.60","331.95","323.10","5.98K","2.58%"
"02-03-2022","320.35","312.10","324.20","311.90","6.10K","2.25%"
"01-03-2022","313.30","304.45","315.05","304.45","2.72K","3.26%"
"28-02-2022","303.40","304.00","306.00","301.75","0.02K","0.78%"
"25-02-2022","301.05","301.75","301.75","299.45","0.01K","-0.61%"
"24-02-2022","302.90","298.30","305.00","298.30","0.02K","2.00%"
"23-02-2022","296.95","298.55","299.70","296.15","0.07K","-0.35%"
"22-02-2022","298.00","295.20","300.55","294.50","0.53K","1.12%"
"21-02-2022","294.70","296.50","297.10","293.20","2.22K","-0.62%"
"18-02-2022","296.55","298.55","301.95","295.45","3.44K","-0.95%"
"17-02-2022","299.40","299.30","299.70","295.85","3.47K","0.64%"
"16-02-2022","297.50","297.00","300.70","296.65","3.53K","-0.45%"
"15-02-2022","298.85","301.00","301.00","297.70","3.48K","-0.37%"
"14-02-2022","299.95","306.65","308.45","298.75","5.17K","-1.58%"
"11-02-2022","304.75","308.00","308.50","303.00","4.36K","-1.26%"
"10-02-2022","308.65","304.95","311.45","304.15","4.68K","1.26%"
"09-02-2022","304.80","300.80","305.65","299.30","3.50K","1.50%"
"08-02-2022","300.30","302.95","304.65","298.55","4.25K","-0.69%"
"07-02-2022","302.40","298.35","302.70","297.60","3.93K","1.24%"
"04-02-2022","298.70","297.80","299.50","297.00","2.05K","0.44%"
"03-02-2022","297.40","298.20","299.65","296.25","2.60K","-0.65%"
"02-02-2022","299.35","297.75","300.35","296.55","3.64K","0.62%"
"01-02-2022","297.50","295.60","299.40","295.20","2.78K","-0.62%"
"31-01-2022","299.35","303.85","303.85","296.80","0.01K","-0.03%"
"28-01-2022","299.45","300.25","300.25","298.70","0.04K","-0.55%"
"27-01-2022","301.10","296.60","301.70","296.55","0.04K","1.84%"
"25-01-2022","295.65","294.50","297.25","294.40","0.11K","0.92%"
"24-01-2022","292.95","295.10","296.35","292.65","0.95K","-1.74%"
"21-01-2022","298.15","298.60","299.80","294.40","3.40K","-0.68%"
"20-01-2022","300.20","295.00","300.80","294.40","4.07K","2.00%"
"19-01-2022","294.30","292.00","295.60","291.90","3.31K","0.94%"
"18-01-2022","291.55","287.95","293.50","287.90","3.78K","1.23%"
"17-01-2022","288.00","287.45","289.25","286.75","2.39K","-0.07%"
"14-01-2022","288.20","289.35","293.20","287.00","4.35K","-0.48%"
"13-01-2022","289.60","288.10","290.80","287.50","3.22K","0.19%"
"12-01-2022","289.05","288.75","292.45","288.25","4.50K","-0.14%"
"11-01-2022","289.45","286.60","290.35","285.75","4.41K","1.08%"
"10-01-2022","286.35","288.30","289.20","285.65","3.32K","-0.50%"
"07-01-2022","287.80","289.60","292.20","286.80","5.04K","-0.57%"
"06-01-2022","289.45","289.90","290.45","286.45","4.83K","-0.14%"
"05-01-2022","289.85","290.50","292.70","289.50","4.93K","-0.63%"
"04-01-2022","291.70","286.70","293.75","286.00","5.72K","1.83%"
"03-01-2022","286.45","287.65","289.15","285.25","3.10K","0.40%"
"31-12-2021","285.30","285.15","286.85","285.00","0.04K","-0.37%"
"30-12-2021","286.35","286.25","287.30","285.85","0.05K","0.23%"
"29-12-2021","285.70","281.85","286.50","281.55","0.07K","-0.57%"
"28-12-2021","287.35","290.75","290.90","286.30","0.07K","-0.64%"
"27-12-2021","289.20","288.25","290.70","287.10","0.48K","0.43%"
"24-12-2021","287.95","287.50","290.45","285.55","2.17K","-0.07%"
"23-12-2021","288.15","288.50","291.85","287.10","3.80K","-0.81%"
"22-12-2021","290.50","286.10","291.70","284.55","4.28K","1.57%"
"21-12-2021","286.00","278.90","287.00","278.90","5.13K","2.45%"
"20-12-2021","279.15","282.40","282.40","277.00","3.31K","-1.15%"
"17-12-2021","282.40","288.40","288.95","281.65","5.40K","-2.15%"
"16-12-2021","288.60","277.55","290.90","276.80","7.86K","4.08%"
"15-12-2021","277.30","275.15","277.90","271.00","5.16K","0.47%"
"14-12-2021","276.00","279.00","279.75","275.60","3.64K","-0.99%"
"13-12-2021","278.75","278.15","280.70","276.35","3.44K","0.54%"
"10-12-2021","277.25","276.10","278.65","276.00","2.99K","0.02%"
"09-12-2021","277.20","277.00","279.95","275.25","4.76K","-0.20%"
"08-12-2021","277.75","272.60","278.50","272.00","4.11K","2.00%"
"07-12-2021","272.30","268.25","275.25","268.00","4.34K","1.17%"
"06-12-2021","269.15","268.05","269.60","265.55","2.79K","0.09%"
"03-12-2021","268.90","268.90","271.95","267.80","3.44K","0.30%"
"02-12-2021","268.10","270.10","272.75","266.55","4.53K","-0.20%"
"01-12-2021","268.65","271.50","273.90","268.25","4.19K","-2.31%"
"30-11-2021","275.00","271.20","275.90","270.70","0.03K","0.90%"
"29-11-2021","272.55","271.00","273.15","270.00","0.06K","1.23%"
"26-11-2021","269.25","274.50","274.60","267.00","0.04K","-2.53%"
"25-11-2021","276.25","274.30","276.75","273.50","0.08K","0.93%"
"24-11-2021","273.70","273.60","277.65","271.65","0.49K","0.18%"
"23-11-2021","273.20","276.20","278.80","272.85","2.63K","-1.18%"
"22-11-2021","276.45","265.50","277.35","264.50","3.85K","3.81%"
"19-11-2021","266.30","264.00","268.50","264.00","1.54K","0.45%"
"18-11-2021","265.10","262.10","266.45","259.55","3.22K","0.36%"
"17-11-2021","264.15","274.00","274.00","262.30","4.24K","-2.94%"
"16-11-2021","272.15","273.25","273.25","269.10","3.32K","0.15%"
"15-11-2021","271.75","275.60","276.50","270.20","3.40K","-1.97%"
"12-11-2021","277.20","278.25","279.25","275.45","2.29K","-0.20%"
"11-11-2021","277.75","278.50","280.75","276.60","2.72K","0.18%"
"10-11-2021","277.25","276.80","281.50","276.15","2.89K","-0.11%"
"09-11-2021","277.55","276.50","281.00","275.00","3.44K","-0.16%"
"08-11-2021","278.00","272.00","279.95","270.60","3.54K","1.79%"
"05-11-2021","273.10","270.55","274.50","268.50","2.16K","-1.14%"
"04-11-2021","276.25","280.70","280.70","275.05","0.41K","-0.91%"
"03-11-2021","278.80","283.00","285.60","277.00","3.48K","-1.64%"
"02-11-2021","283.45","283.45","285.65","280.75","2.52K","-0.74%"
"01-11-2021","285.55","287.80","289.80","282.65","3.43K","2.00%"
"29-10-2021","279.95","281.30","281.30","279.00","0.01K","-0.94%"
"28-10-2021","282.60","280.40","283.50","280.25","0.03K","1.22%"
"27-10-2021","279.20","281.00","281.00","273.85","0.06K","-0.91%"
"26-10-2021","281.75","281.25","285.20","281.00","0.07K","-0.51%"
"25-10-2021","283.20","287.65","290.25","280.00","0.41K","-0.37%"
"22-10-2021","284.25","287.75","289.55","278.35","2.70K","-0.49%"
"21-10-2021","285.65","299.35","303.70","282.40","4.13K","-5.43%"
"20-10-2021","302.05","293.45","303.80","291.40","5.79K","1.84%"
"19-10-2021","296.60","309.95","312.45","293.00","7.88K","-3.83%"
"18-10-2021","308.40","325.00","326.80","307.20","5.58K","-4.37%"
"15-10-2021","322.50","306.15","324.55","306.15","9.18K","9.54%"
"14-10-2021","294.40","293.60","299.25","289.15","10.29K","4.27%"
"13-10-2021","282.35","269.30","283.40","269.30","8.80K","5.10%"
"12-10-2021","268.65","267.30","271.75","266.30","4.79K","-0.20%"
"11-10-2021","269.20","266.60","274.15","265.00","6.71K","0.11%"
"08-10-2021","268.90","260.50","270.25","260.50","6.30K","3.36%"
"07-10-2021","260.15","256.60","260.45","255.80","3.58K","1.50%"
"06-10-2021","256.30","257.55","259.30","255.50","3.84K","-0.72%"
"05-10-2021","258.15","256.85","258.75","254.95","3.65K","0.51%"
"04-10-2021","256.85","253.80","257.35","253.80","2.97K","1.48%"
"01-10-2021","253.10","251.60","254.90","250.05","2.99K","-4.49%"
"30-09-2021","265.00","270.95","270.95","263.00","0.04K","-1.17%"
"29-09-2021","268.15","268.00","270.95","267.05","0.03K","0.06%"
"28-09-2021","268.00","268.00","268.00","267.25","0.04K","0.00%"
"27-09-2021","268.00","272.00","272.00","267.70","0.09K","-2.12%"
"24-09-2021","273.80","266.80","276.95","265.10","0.45K","2.82%"
"23-09-2021","266.30","259.15","268.40","256.55","2.98K","3.16%"
"22-09-2021","258.15","256.95","259.50","255.60","4.61K","0.70%"
"21-09-2021","256.35","253.85","258.45","253.20","4.67K","1.10%"
"20-09-2021","253.55","254.30","255.45","252.40","3.94K","-1.05%"
"17-09-2021","256.25","255.25","259.60","254.70","6.75K","0.71%"
"16-09-2021","254.45","254.10","255.35","252.10","4.99K","0.06%"
"15-09-2021","254.30","252.00","255.80","251.95","5.06K","1.15%"
"14-09-2021","251.40","252.45","252.45","248.85","4.17K","-0.65%"
"13-09-2021","253.05","254.00","255.40","251.35","4.32K","-0.80%"
"10-09-2021","255.10","253.00","256.75","253.00","3.30K","1.15%"
"09-09-2021","252.20","252.25","253.30","251.45","2.73K","0.38%"
"08-09-2021","251.25","248.90","253.35","248.90","3.56K","0.92%"
"07-09-2021","248.95","246.10","250.25","245.50","4.09K","1.08%"
"06-09-2021","246.30","245.70","246.85","245.60","1.88K","0.47%"
"03-09-2021","245.15","244.60","245.80","244.55","2.36K","0.49%"
"02-09-2021","243.95","243.60","245.00","243.25","2.81K","0.35%"
"01-09-2021","243.10","244.55","244.75","242.40","3.16K","-2.04%"
"31-08-2021","248.15","247.60","251.00","247.50","0.01K","-0.18%"
"30-08-2021","248.60","247.55","249.15","247.50","0.01K","-0.16%"
"27-08-2021","249.00","248.95","249.50","247.70","0.02K","-0.02%"
"26-08-2021","249.05","248.65","249.85","246.00","0.04K","0.20%"
"25-08-2021","248.55","249.80","250.80","248.20","0.28K","-0.44%"
"24-08-2021","249.65","247.30","250.25","246.60","2.82K","1.01%"
"23-08-2021","247.15","247.40","248.30","246.05","2.27K","0.39%"
"20-08-2021","246.20","246.35","247.90","244.90","3.22K","0.55%"
"19-08-2021","244.85","244.55","246.60","242.95","2.70K","-0.93%"
"18-08-2021","247.15","249.55","250.20","246.10","4.13K","-0.58%"
"17-08-2021","248.60","250.75","251.75","248.20","4.44K","-0.64%"
"16-08-2021","250.20","249.45","250.75","247.80","3.65K","0.04%"
"13-08-2021","250.10","248.65","251.60","247.70","4.04K","0.62%"
"12-08-2021","248.55","251.90","252.15","247.50","4.84K","-1.19%"
"11-08-2021","251.55","248.50","251.95","247.85","4.90K","1.21%"
"10-08-2021","248.55","246.15","249.30","245.75","4.10K","1.47%"
"09-08-2021","244.95","246.50","247.20","243.90","3.94K","-0.85%"
"06-08-2021","247.05","248.50","249.75","245.35","4.85K","-0.52%"
"05-08-2021","248.35","245.25","249.10","245.10","4.85K","1.57%"
"04-08-2021","244.50","245.55","245.75","243.90","4.45K","-0.27%"
"03-08-2021","245.15","247.10","247.25","243.80","6.20K","-1.13%"
"02-08-2021","247.95","247.90","249.80","247.65","5.97K","-0.16%"
"30-07-2021","248.35","252.00","252.00","248.00","0.07K","-1.10%"
"29-07-2021","251.10","252.20","252.60","250.25","0.04K","-0.40%"
"28-07-2021","252.10","253.75","253.75","249.50","0.08K","0.72%"
"27-07-2021","250.30","251.50","251.70","250.05","0.11K","-0.56%"
"26-07-2021","251.70","248.20","251.80","247.60","0.44K","1.59%"
"23-07-2021","247.75","243.45","249.75","243.10","4.55K","2.06%"
"22-07-2021","242.75","241.75","243.45","241.55","3.52K","0.41%"
"21-07-2021","241.75","242.10","242.10","241.00","1.74K","-0.41%"
"20-07-2021","242.75","243.45","243.90","241.40","5.51K","0.14%"
"19-07-2021","242.40","243.85","243.90","240.35","6.59K","-0.59%"
"16-07-2021","243.85","242.55","244.20","241.90","6.03K","0.85%"
"15-07-2021","241.80","239.75","242.45","239.50","5.81K","1.09%"
"14-07-2021","239.20","239.00","240.90","238.55","4.68K","-0.35%"
"13-07-2021","240.05","241.20","241.60","238.45","5.75K","-0.29%"
"12-07-2021","240.75","241.80","241.95","240.00","5.77K","-0.68%"
"09-07-2021","242.40","240.10","243.60","240.10","6.48K","1.08%"
"08-07-2021","239.80","239.30","240.30","237.65","6.17K","-0.17%"
"07-07-2021","240.20","238.60","241.00","238.10","5.71K","0.90%"
"06-07-2021","238.05","239.15","241.45","236.30","8.29K","-0.08%"
"05-07-2021","238.25","238.10","240.75","237.50","5.00K","0.13%"
"02-07-2021","237.95","238.20","239.20","236.60","5.21K","0.06%"
"01-07-2021","237.80","239.80","240.95","237.05","6.62K","-1.33%"
"30-06-2021","241.00","242.75","242.75","240.00","0.01K","1.75%"
"29-06-2021","236.85","237.00","237.00","236.00","0.01K","0.02%"
"28-06-2021","236.80","237.90","237.90","235.40","0.02K","0.40%"
"25-06-2021","235.85","240.00","240.30","235.80","0.11K","-1.44%"
"24-06-2021","239.30","235.80","239.85","234.75","0.54K","1.14%"
"23-06-2021","236.60","231.65","237.90","230.60","5.28K","1.92%"
"22-06-2021","232.15","232.40","234.40","231.60","6.57K","-0.02%"
"21-06-2021","232.20","230.30","232.90","228.60","6.66K","0.83%"
"18-06-2021","230.30","235.10","235.40","229.10","8.87K","-1.39%"
"17-06-2021","233.55","241.05","241.60","233.20","10.36K","-3.03%"
"16-06-2021","240.85","240.45","241.70","236.95","9.64K","0.17%"
"15-06-2021","240.45","239.20","241.60","236.40","9.28K","-0.93%"
"14-06-2021","242.70","242.00","244.10","241.00","6.80K","0.27%"
"11-06-2021","242.05","238.15","242.35","237.35","7.40K","1.87%"
"10-06-2021","237.60","237.00","238.45","235.40","6.51K","-0.19%"
"09-06-2021","238.05","237.50","239.20","237.20","5.69K","0.13%"
"08-06-2021","237.75","236.55","238.15","234.90","7.58K","0.19%"
"07-06-2021","237.30","236.30","237.85","233.40","7.87K","0.27%"
"04-06-2021","236.65","235.70","238.20","235.55","6.30K","0.40%"
"03-06-2021","235.70","241.25","241.80","234.85","9.53K","-2.48%"
"02-06-2021","241.70","240.40","242.95","240.40","7.63K","1.05%"
"01-06-2021","239.20","238.30","240.90","238.15","7.48K","1.08%"
"31-05-2021","236.65","236.70","240.80","236.00","0.10K","0.40%"
"28-05-2021","235.70","236.10","236.65","233.50","0.09K","-0.13%"
"27-05-2021","236.00","232.10","237.15","232.10","0.05K","2.05%"
"26-05-2021","231.25","232.55","232.55","230.40","0.08K","0.11%"
"25-05-2021","231.00","229.10","231.70","227.80","0.53K","0.76%"
"24-05-2021","229.25","227.75","231.00","226.80","7.13K","-0.82%"
"21-05-2021","231.15","231.35","234.30","230.25","11.58K","0.11%"
"20-05-2021","230.90","231.15","233.20","229.90","9.86K","-0.26%"
"19-05-2021","231.50","236.55","236.95","229.55","12.45K","-2.89%"
"18-05-2021","238.40","241.15","243.30","237.90","11.69K","0.08%"
"17-05-2021","238.20","232.25","238.75","231.55","10.14K","3.05%"
"14-05-2021","231.15","229.75","231.80","227.50","9.19K","0.65%"
"13-05-2021","229.65","232.70","232.70","227.90","6.33K","-1.82%"
"12-05-2021","233.90","236.00","237.50","232.90","10.80K","-1.04%"
"11-05-2021","236.35","236.70","237.95","235.00","9.43K","0.57%"
"10-05-2021","235.00","238.50","240.50","234.25","12.03K","-0.95%"
"07-05-2021","237.25","233.50","237.50","232.95","11.62K","2.04%"
"06-05-2021","232.50","231.05","233.35","230.45","9.27K","0.02%"
"05-05-2021","232.45","236.35","237.10","230.75","11.14K","-1.02%"
"04-05-2021","234.85","233.70","237.70","233.40","10.42K","0.30%"
"03-05-2021","234.15","232.05","234.80","232.05","5.87K","0.75%"
"30-04-2021","232.40","231.50","233.90","230.40","0.18K","0.32%"
"29-04-2021","231.65","238.50","238.50","231.50","0.06K","-2.81%"
"28-04-2021","238.35","236.15","238.95","236.00","0.07K","-0.42%"
"27-04-2021","239.35","239.95","240.20","235.50","0.16K","-0.23%"
"26-04-2021","239.90","233.80","240.65","232.00","0.44K","2.96%"
"23-04-2021","233.00","229.20","234.25","228.00","4.54K","1.86%"
"22-04-2021","228.75","226.75","229.70","225.80","8.63K","0.57%"
"21-04-2021","227.45","228.20","229.00","225.40","5.14K","-0.31%"
"20-04-2021","228.15","230.25","233.00","227.60","10.01K","-0.52%"
"19-04-2021","229.35","228.20","231.45","228.20","7.04K","0.55%"
"16-04-2021","228.10","229.00","229.95","227.40","6.13K","-0.70%"
"15-04-2021","229.70","226.95","230.05","226.75","6.05K","0.86%"
"14-04-2021","227.75","224.75","228.25","224.75","4.06K","1.56%"
"13-04-2021","224.25","221.50","224.70","221.50","5.58K","1.40%"
"12-04-2021","221.15","226.30","226.30","220.70","6.87K","-2.88%"
"09-04-2021","227.70","229.05","229.55","226.95","9.02K","-1.04%"
"08-04-2021","230.10","226.50","230.60","226.45","8.77K","1.61%"
"07-04-2021","226.45","223.10","227.15","223.05","7.13K","1.25%"
"06-04-2021","223.65","220.80","224.25","220.80","6.89K","1.82%"
"05-04-2021","219.65","218.60","220.80","218.15","3.57K","0.62%"
"01-04-2021","218.30","219.90","221.10","217.70","6.93K","-0.77%"
"31-03-2021","220.00","220.00","220.00","220.00","0.00K","1.03%"
"30-03-2021","217.75","219.65","220.75","217.75","0.15K","-0.68%"
"29-03-2021","219.25","218.95","219.90","218.95","0.00K","-0.23%"
"26-03-2021","219.75","216.50","219.85","216.50","0.15K","1.97%"
"25-03-2021","215.50","215.85","216.65","213.55","0.67K","-0.19%"
"24-03-2021","215.90","218.15","219.30","215.55","5.32K","-0.85%"
"23-03-2021","217.75","220.20","220.20","217.25","6.91K","-1.67%"
"22-03-2021","221.45","220.90","221.85","219.80","6.54K","0.89%"
"19-03-2021","219.50","217.00","220.10","215.15","8.83K","1.41%"
"18-03-2021","216.45","219.00","219.45","215.80","7.56K","-1.32%"
"17-03-2021","219.35","217.10","219.55","217.05","7.85K","1.18%"
"16-03-2021","216.80","219.90","220.05","216.40","8.17K","-1.70%"
"15-03-2021","220.55","216.15","220.95","215.85","9.02K","2.53%"
"12-03-2021","215.10","218.35","218.35","213.70","8.26K","-1.24%"
"11-03-2021","217.80","214.65","218.35","214.60","5.29K","2.61%"
"10-03-2021","212.25","214.95","215.60","212.05","8.81K","-1.58%"
"09-03-2021","215.65","218.00","219.40","214.50","10.55K","-1.69%"
"08-03-2021","219.35","218.30","219.55","215.90","9.22K","0.57%"
"05-03-2021","218.10","214.70","218.75","214.40","9.97K","1.49%"
"04-03-2021","214.90","218.00","218.45","210.50","19.00K","-1.10%"
"03-03-2021","217.30","221.70","223.60","217.00","10.17K","-2.86%"
"02-03-2021","223.70","220.30","224.70","218.55","10.54K","2.24%"
"01-03-2021","218.80","222.20","222.65","218.45","7.40K","-2.30%"
"26-02-2021","223.95","228.05","229.75","223.60","0.15K","-2.82%"
"25-02-2021","230.45","230.00","232.50","227.90","0.02K","1.34%"
"24-02-2021","227.40","230.00","231.15","227.10","0.11K","-2.28%"
"23-02-2021","232.70","239.55","239.90","231.70","0.12K","-2.08%"
"22-02-2021","237.65","237.00","241.00","235.90","0.74K","1.41%"
"19-02-2021","234.35","233.90","236.00","231.70","10.06K","0.11%"
"18-02-2021","234.10","228.10","234.55","228.10","9.85K","2.88%"
"17-02-2021","227.55","227.30","228.95","225.55","9.47K","-0.48%"
"16-02-2021","228.65","226.50","229.10","225.10","10.33K","0.95%"
"15-02-2021","226.50","224.70","226.75","224.35","10.24K","0.98%"
"12-02-2021","224.30","222.70","224.90","221.10","13.47K","1.10%"
"11-02-2021","221.85","216.45","222.15","216.20","13.40K","2.28%"
"10-02-2021","216.90","215.40","217.70","214.20","14.56K","0.88%"
"09-02-2021","215.00","211.25","215.40","211.00","10.57K","1.97%"
"08-02-2021","210.85","212.00","213.40","210.55","9.21K","-0.92%"
"05-02-2021","212.80","210.00","212.95","210.00","8.79K","1.60%"
"04-02-2021","209.45","209.10","210.40","207.80","11.13K","0.14%"
"03-02-2021","209.15","205.20","209.40","204.75","11.64K","1.70%"
"02-02-2021","205.65","204.50","206.30","203.30","9.79K","-0.02%"
"01-02-2021","205.70","208.10","208.35","203.90","8.15K","0.46%"
"29-01-2021","204.75","204.75","204.75","204.75","11.71K","0.00%"
"28-01-2021","204.75","201.45","205.00","201.45","0.02K","-2.41%"
"27-01-2021","209.80","210.75","212.90","207.90","0.01K","-2.94%"
"25-01-2021","216.15","217.00","217.60","215.50","0.05K","0.65%"
"22-01-2021","214.75","215.00","216.40","211.30","1.11K","-0.65%"
"21-01-2021","216.15","218.75","220.00","215.20","7.73K","-1.08%"
"20-01-2021","218.50","216.40","218.70","215.95","8.62K","0.62%"
"19-01-2021","217.15","214.50","217.45","214.50","8.91K","1.52%"
"18-01-2021","213.90","214.00","215.15","213.10","7.32K","0.21%"
"15-01-2021","213.45","218.40","218.90","213.15","11.19K","-1.88%"
"14-01-2021","217.55","217.50","218.40","214.70","9.69K","-0.50%"
"13-01-2021","218.65","219.35","220.25","218.20","11.14K","-0.16%"
"12-01-2021","219.00","217.80","220.40","217.55","9.12K","1.01%"
"11-01-2021","216.80","220.05","220.95","216.35","11.98K","-1.81%"
"08-01-2021","220.80","226.10","226.30","220.00","13.53K","-2.60%"
"07-01-2021","226.70","224.50","226.90","223.80","12.79K","1.18%"
"06-01-2021","224.05","221.55","224.35","220.80","13.81K","1.43%"
"05-01-2021","220.90","219.40","221.15","218.55","10.61K","1.14%"
"04-01-2021","218.40","215.95","219.25","215.95","9.51K","1.63%"
"01-01-2021","214.90","214.20","215.50","214.15","0.99K","-0.16%"
"31-12-2020","215.25","217.00","217.00","215.00","0.01K","-0.71%"
"30-12-2020","216.80","217.40","217.55","216.20","0.01K","-0.53%"
"29-12-2020","217.95","221.00","221.00","216.80","0.07K","-2.35%"
"28-12-2020","223.20","221.90","223.80","221.90","0.04K","1.27%"
"24-12-2020","220.40","219.30","222.00","218.00","0.53K","0.30%"
"23-12-2020","219.75","217.45","221.35","215.20","9.00K","1.06%"
"22-12-2020","217.45","221.60","221.75","216.75","10.95K","-1.76%"
"21-12-2020","221.35","223.75","225.65","217.65","15.18K","-0.65%"
"18-12-2020","222.80","223.05","224.10","222.20","8.23K","0.41%"
"17-12-2020","221.90","220.60","223.50","220.50","9.74K","0.96%"
"16-12-2020","219.80","219.90","221.85","219.50","9.47K","0.18%"
"15-12-2020","219.40","219.80","221.75","218.50","9.35K","-0.27%"
"14-12-2020","220.00","218.20","220.15","217.40","10.26K","1.69%"
"11-12-2020","216.35","221.80","222.45","216.00","12.66K","-2.63%"
"10-12-2020","222.20","221.30","223.85","219.35","10.59K","0.16%"
"09-12-2020","221.85","220.00","222.40","219.05","9.67K","1.81%"
"08-12-2020","217.90","217.95","218.50","216.00","8.32K","-0.07%"
"07-12-2020","218.05","214.40","218.35","212.40","13.77K","1.70%"
"04-12-2020","214.40","215.45","216.90","213.85","9.02K","-0.07%"
"03-12-2020","214.55","215.00","216.15","213.65","12.08K","0.02%"
"02-12-2020","214.50","216.70","217.80","212.10","12.37K","-0.72%"
"01-12-2020","216.05","220.85","221.85","214.75","11.54K","-1.88%"
"30-11-2020","220.20","221.55","224.35","219.55","8.35K","0.57%"
"27-11-2020","218.95","219.00","220.80","218.25","0.03K","0.02%"
"26-11-2020","218.90","219.85","219.85","218.25","0.01K","0.53%"
"25-11-2020","217.75","218.00","218.90","216.25","0.03K","0.25%"
"24-11-2020","217.20","217.90","219.80","215.00","0.08K","0.60%"
"23-11-2020","215.90","224.70","224.90","214.15","1.90K","-4.17%"
"20-11-2020","225.30","221.80","225.95","221.80","9.85K","1.56%"
"19-11-2020","221.85","219.20","222.10","218.10","14.73K","0.68%"
"18-11-2020","220.35","218.05","221.00","218.05","13.23K","2.04%"
"17-11-2020","215.95","214.00","216.25","212.80","9.20K","1.15%"
"16-11-2020","213.50","212.50","213.75","212.10","5.27K","0.95%"
"14-11-2020","211.50","212.00","212.00","211.15","0.42K","0.14%"
"13-11-2020","211.20","209.15","211.90","209.00","8.44K","0.62%"
"12-11-2020","209.90","209.25","210.15","208.30","9.63K","0.19%"
"11-11-2020","209.50","210.60","211.25","207.40","11.90K","-0.52%"
"10-11-2020","210.60","209.85","210.85","208.50","12.78K","0.36%"
"09-11-2020","209.85","209.00","211.65","208.85","11.41K","0.77%"
"06-11-2020","208.25","205.75","208.55","205.25","11.26K","1.04%"
"05-11-2020","206.10","205.15","206.90","205.00","10.27K","0.32%"
"04-11-2020","205.45","203.60","206.00","201.60","15.03K","0.54%"
"03-11-2020","204.35","203.45","205.00","202.60","11.27K","0.76%"
"02-11-2020","202.80","203.15","203.95","201.50","10.52K","-4.43%"
"30-10-2020","212.20","212.00","214.00","210.70","0.07K","0.09%"
"29-10-2020","212.00","211.50","212.00","210.00","0.05K","1.15%"
"28-10-2020","209.60","210.40","212.90","209.10","0.11K","0.53%"
"27-10-2020","208.50","208.00","209.25","207.65","0.09K","0.22%"
"26-10-2020","208.05","208.05","209.50","207.15","0.64K","0.29%"
"23-10-2020","207.45","205.15","209.05","203.50","11.60K","1.17%"
"22-10-2020","205.05","203.80","205.50","202.30","12.39K","0.00%"
"21-10-2020","205.05","200.25","205.60","200.25","12.62K","2.29%"
"20-10-2020","200.45","195.75","201.00","195.40","13.29K","2.04%"
"19-10-2020","196.45","195.00","197.75","194.95","9.15K","1.45%"
"16-10-2020","193.65","193.90","194.25","192.50","10.12K","-0.26%"
"15-10-2020","194.15","191.90","194.55","189.60","14.46K","1.33%"
"14-10-2020","191.60","195.40","196.25","190.15","13.19K","-1.69%"
"13-10-2020","194.90","196.60","197.80","194.70","12.87K","-1.69%"
"12-10-2020","198.25","196.05","198.70","195.95","10.20K","1.56%"
"09-10-2020","195.20","192.20","196.50","192.20","9.87K","1.83%"
"08-10-2020","191.70","190.00","192.40","189.60","11.12K","0.60%"
"07-10-2020","190.55","188.80","193.10","187.55","15.56K","0.40%"
"06-10-2020","189.80","186.00","190.05","185.70","11.88K","2.02%"
"05-10-2020","186.05","181.20","186.35","181.20","10.41K","1.14%"
"01-10-2020","183.95","191.10","191.75","182.30","14.08K","-6.93%"
"30-09-2020","197.65","201.00","201.00","197.00","0.06K","-1.64%"
"29-09-2020","200.95","196.20","201.15","195.50","0.10K","2.89%"
"28-09-2020","195.30","196.00","196.15","194.40","0.05K","0.31%"
"25-09-2020","194.70","193.00","195.05","192.00","0.06K","0.72%"
"24-09-2020","193.30","193.80","196.00","191.10","1.47K","-0.49%"
"23-09-2020","194.25","193.50","195.45","191.95","10.03K","0.15%"
"22-09-2020","193.95","193.75","195.45","192.35","11.27K","0.67%"
"21-09-2020","192.65","197.30","197.50","190.60","13.03K","-2.63%"
"18-09-2020","197.85","195.50","198.15","195.50","10.72K","1.31%"
"17-09-2020","195.30","194.50","195.70","192.35","12.62K","-0.03%"
"16-09-2020","195.35","194.65","195.75","193.85","13.27K","0.54%"
"15-09-2020","194.30","192.55","196.20","192.55","14.96K","1.07%"
"14-09-2020","192.25","192.00","192.95","191.30","12.03K","0.05%"
"11-09-2020","192.15","187.75","192.45","186.70","15.70K","2.53%"
"10-09-2020","187.40","188.35","188.45","185.60","13.15K","-0.56%"
"09-09-2020","188.45","190.00","190.00","187.00","11.22K","-0.37%"
"08-09-2020","189.15","194.15","195.15","188.75","15.16K","-3.12%"
"07-09-2020","195.25","194.20","195.75","193.05","9.99K","0.54%"
"04-09-2020","194.20","194.50","194.50","192.70","12.45K","0.23%"
"03-09-2020","193.75","197.80","197.80","193.40","13.88K","-1.42%"
"02-09-2020","196.55","197.80","199.00","196.10","10.90K","-0.68%"
"01-09-2020","197.90","197.00","199.40","197.00","12.33K","0.28%"
"31-08-2020","197.35","196.55","199.65","196.55","0.04K","-0.28%"
"28-08-2020","197.90","198.30","198.90","197.50","0.02K","1.31%"
"27-08-2020","195.35","197.50","198.00","195.10","0.06K","-0.59%"
"26-08-2020","196.50","196.00","197.95","194.50","0.10K","0.77%"
"25-08-2020","195.00","192.70","195.55","192.70","1.46K","1.27%"
"24-08-2020","192.55","194.10","195.45","192.00","10.21K","-0.52%"
"21-08-2020","193.55","197.75","199.30","190.75","17.22K","-1.83%"
"20-08-2020","197.15","197.65","198.55","195.25","14.38K","-0.20%"
"19-08-2020","197.55","194.00","198.90","193.60","14.35K","1.88%"
"18-08-2020","193.90","192.50","195.20","191.90","13.12K","0.88%"
"17-08-2020","192.20","188.15","192.65","188.15","11.16K","2.62%"
"14-08-2020","187.30","187.70","189.40","186.95","10.30K","-0.03%"
"13-08-2020","187.35","189.00","189.55","186.00","11.57K","-0.87%"
"12-08-2020","189.00","188.90","190.20","186.65","12.49K","-0.84%"
"11-08-2020","190.60","189.80","191.00","187.80","13.47K","0.58%"
"10-08-2020","189.50","188.50","190.75","187.65","11.58K","0.11%"
"07-08-2020","189.30","190.95","191.90","188.80","14.91K","-1.02%"
"06-08-2020","191.25","189.55","192.20","189.55","14.08K","0.98%"
"05-08-2020","189.40","185.30","191.95","185.30","15.76K","2.05%"
"04-08-2020","185.60","183.85","186.45","183.60","12.08K","0.60%"
"03-08-2020","184.50","183.55","185.80","182.35","12.11K","-1.18%"
"31-07-2020","186.70","186.00","188.90","185.10","0.01K","1.80%"
"30-07-2020","183.40","187.30","187.30","182.75","0.02K","0.82%"
"29-07-2020","181.90","180.75","184.65","179.25","0.01K","2.42%"
"28-07-2020","177.60","177.95","179.90","176.55","0.01K","0.34%"
"27-07-2020","177.00","175.70","178.85","174.55","0.50K","1.67%"
"24-07-2020","174.10","174.80","176.15","173.50","9.88K","-1.30%"
"23-07-2020","176.40","173.20","176.75","172.75","11.30K","2.11%"
"22-07-2020","172.75","176.15","177.45","171.65","14.78K","-2.07%"
"21-07-2020","176.40","174.85","177.15","174.85","11.04K","0.77%"
"20-07-2020","175.05","173.10","175.65","172.75","9.77K","0.95%"
"17-07-2020","173.40","175.40","175.75","173.00","11.75K","-1.48%"
"16-07-2020","176.00","173.10","176.40","172.60","13.08K","1.18%"
"15-07-2020","173.95","172.95","175.00","172.05","14.24K","0.72%"
"14-07-2020","172.70","175.70","175.70","171.80","12.28K","-2.48%"
"13-07-2020","177.10","173.80","177.55","172.30","14.10K","3.08%"
"10-07-2020","171.80","168.45","172.20","167.60","12.48K","2.20%"
"09-07-2020","168.10","168.15","169.90","167.70","12.46K","0.09%"
"08-07-2020","167.95","164.50","168.20","164.25","12.90K","1.97%"
"07-07-2020","164.70","163.85","165.60","163.00","9.86K","0.37%"
"06-07-2020","164.10","162.50","164.45","162.50","7.92K","1.27%"
"03-07-2020","162.05","162.70","163.15","161.50","8.27K","-0.34%"
"02-07-2020","162.60","164.35","165.20","162.35","9.06K","-1.00%"
"01-07-2020","164.25","164.05","164.70","162.80","8.55K","-1.47%"
"30-06-2020","166.70","170.00","170.00","164.10","0.01K","0.79%"
"29-06-2020","165.40","165.00","167.80","164.20","0.02K","-0.39%"
"26-06-2020","166.05","166.20","167.00","165.00","0.01K","1.44%"
"25-06-2020","163.70","162.30","165.50","161.40","0.09K","1.61%"
"24-06-2020","161.10","161.30","162.75","160.70","1.38K","-0.22%"
"23-06-2020","161.45","162.80","162.90","161.05","6.93K","-0.98%"
"22-06-2020","163.05","163.00","163.80","162.30","9.26K","0.18%"
"19-06-2020","162.75","161.20","163.45","161.15","10.72K","0.65%"
"18-06-2020","161.70","159.65","161.90","159.10","9.80K","1.03%"
"17-06-2020","160.05","159.10","160.35","157.70","11.15K","0.57%"
"16-06-2020","159.15","159.75","161.75","158.75","10.88K","-0.09%"
"15-06-2020","159.30","159.60","159.60","157.10","10.04K","-0.22%"
"12-06-2020","159.65","161.00","161.55","159.00","10.45K","-0.59%"
"11-06-2020","160.60","164.90","164.90","160.25","12.28K","-2.28%"
"10-06-2020","164.35","162.85","165.25","162.60","11.86K","0.61%"
"09-06-2020","163.35","164.00","164.95","162.80","9.66K","-0.58%"
"08-06-2020","164.30","163.50","165.35","163.25","11.77K","0.00%"
"05-06-2020","164.30","161.10","165.40","161.10","13.30K","1.77%"
"04-06-2020","161.45","160.15","161.95","158.65","11.68K","0.91%"
"03-06-2020","160.00","159.55","161.10","158.80","11.62K","0.03%"
"02-06-2020","159.95","160.20","162.35","159.10","12.27K","-0.78%"
"01-06-2020","161.20","158.40","161.80","157.20","13.56K","0.62%"
"29-05-2020","160.20","160.00","161.00","157.05","0.06K","1.36%"
"28-05-2020","158.05","158.50","159.00","156.55","0.10K","0.22%"
"27-05-2020","157.70","160.00","160.00","156.00","0.31K","-1.96%"
"26-05-2020","160.85","158.00","161.50","156.00","1.12K","0.34%"
"25-05-2020","160.30","159.00","160.95","157.60","2.35K","1.49%"
"22-05-2020","157.95","154.30","159.45","153.35","36.09K","2.10%"
"21-05-2020","154.70","158.10","158.30","153.20","44.96K","-2.40%"
"20-05-2020","158.50","157.15","158.85","155.60","41.76K","0.67%"
"19-05-2020","157.45","157.00","158.70","156.70","42.52K","-0.16%"
"18-05-2020","157.70","154.50","158.30","154.05","39.82K","2.47%"
"15-05-2020","153.90","154.60","155.00","153.30","42.26K","-0.71%"
"14-05-2020","155.00","152.40","155.40","150.85","49.40K","1.81%"
"13-05-2020","152.25","153.30","153.70","151.75","37.12K","-0.56%"
"12-05-2020","153.10","156.35","156.45","152.60","40.54K","-2.23%"
"11-05-2020","156.60","154.90","156.90","154.45","40.14K","1.49%"
"08-05-2020","154.30","154.60","154.90","153.35","29.54K","-0.03%"
"07-05-2020","154.35","153.50","155.20","152.80","42.01K","0.59%"
"06-05-2020","153.45","151.80","153.85","151.50","42.64K","1.45%"
"05-05-2020","151.25","150.80","151.60","149.20","37.48K","0.97%"
"04-05-2020","149.80","149.30","150.80","148.55","30.83K","-0.40%"
"01-05-2020","150.40","151.30","151.30","148.55","30.63K","-1.38%"
"30-04-2020","152.50","152.60","153.20","150.70","0.10K","-0.16%"
"29-04-2020","152.75","156.70","156.70","152.00","0.06K","0.00%"
"28-04-2020","152.75","149.45","154.50","148.20","0.23K","2.79%"
"27-04-2020","148.60","153.60","153.60","147.70","0.69K","-1.30%"
"24-04-2020","150.55","150.35","152.80","147.00","3.47K","2.52%"
"23-04-2020","146.85","151.00","151.95","145.50","44.22K","-2.68%"
"22-04-2020","150.90","146.20","153.95","141.90","45.14K","3.25%"
"21-04-2020","146.15","152.00","152.00","143.35","30.24K","-4.16%"
"20-04-2020","152.50","152.90","154.00","151.95","21.63K","-0.26%"
"17-04-2020","152.90","152.25","154.70","152.00","26.47K","0.43%"
"16-04-2020","152.25","150.00","152.75","150.00","21.27K","1.43%"
"15-04-2020","150.10","150.40","153.00","148.80","26.12K","0.17%"
"13-04-2020","149.85","148.60","150.25","148.45","11.65K","0.47%"
"09-04-2020","149.15","148.60","149.60","148.60","22.60K","0.37%"
"08-04-2020","148.60","149.20","149.20","147.80","21.55K","-0.50%"
"07-04-2020","149.35","147.75","149.90","147.75","23.41K","1.74%"
"03-04-2020","146.80","145.80","147.45","145.60","31.69K","0.86%"
"01-04-2020","145.55","145.50","146.00","143.50","30.45K","-3.55%"
"31-03-2020","150.90","148.85","151.70","148.85","0.03K","5.41%"
"30-03-2020","143.15","148.40","148.40","142.00","0.10K","-0.28%"
"27-03-2020","143.55","150.65","150.65","142.00","0.08K","-1.07%"
"26-03-2020","145.10","140.05","145.90","140.05","0.18K","3.38%"
"25-03-2020","140.35","142.00","143.90","138.70","2.50K","-2.80%"
"24-03-2020","144.40","144.00","149.30","142.50","31.46K","0.45%"
"23-03-2020","143.75","142.00","146.00","134.60","45.94K","0.42%"
"20-03-2020","143.15","143.00","150.60","141.80","67.43K","0.17%"
"19-03-2020","142.90","138.80","149.70","123.60","83.14K","1.93%"
"18-03-2020","140.20","147.60","148.05","138.80","59.98K","-4.66%"
"17-03-2020","147.05","148.25","149.75","146.25","44.17K","-0.84%"
"16-03-2020","148.30","151.85","151.85","147.50","55.36K","-2.31%"
"13-03-2020","151.80","151.90","155.50","149.30","66.51K","-0.07%"
"12-03-2020","151.90","154.80","155.45","151.15","57.49K","-2.32%"
"11-03-2020","155.50","154.70","157.40","154.10","41.07K","0.23%"
"10-03-2020","155.15","157.55","158.45","154.50","27.47K","-0.77%"
"09-03-2020","156.35","155.05","157.50","149.85","46.19K","0.03%"
"06-03-2020","156.30","157.25","157.25","154.90","38.91K","-0.92%"
"05-03-2020","157.75","155.90","158.15","155.90","41.60K","1.58%"
"04-03-2020","155.30","153.70","155.85","153.45","40.67K","0.75%"
"03-03-2020","154.15","156.65","157.85","153.05","52.33K","-1.34%"
"02-03-2020","156.25","154.80","158.30","154.80","51.43K","2.90%"
"28-02-2020","151.85","151.20","154.30","149.60","0.19K","-0.82%"
"27-02-2020","153.10","154.15","156.40","151.70","0.20K","-1.73%"
"26-02-2020","155.80","153.90","157.15","153.00","0.61K","0.52%"
"25-02-2020","155.00","151.50","155.95","149.50","3.69K","2.14%"
"24-02-2020","151.75","162.00","162.00","151.35","15.74K","-6.67%"
"21-02-2020","162.60","164.90","164.95","162.00","27.90K","-1.51%"
"20-02-2020","165.10","166.60","166.90","164.80","46.02K","-0.93%"
"19-02-2020","166.65","167.90","168.45","166.15","51.01K","-0.60%"
"18-02-2020","167.65","167.90","168.20","166.65","49.88K","-0.30%"
"17-02-2020","168.15","168.40","169.20","167.55","45.07K","0.21%"
"14-02-2020","167.80","169.25","169.85","167.15","51.39K","-1.12%"
"13-02-2020","169.70","168.30","170.70","167.70","56.93K","0.98%"
"12-02-2020","168.05","168.75","168.75","167.20","41.84K","-0.15%"
"11-02-2020","168.30","168.20","169.00","166.80","65.16K","0.33%"
"10-02-2020","167.75","170.50","170.85","166.35","52.72K","-1.24%"
"07-02-2020","169.85","172.65","172.65","169.55","48.43K","-1.36%"
"06-02-2020","172.20","174.20","174.60","171.00","52.50K","-0.86%"
"05-02-2020","173.70","172.00","174.65","171.40","53.13K","1.31%"
"04-02-2020","171.45","170.80","173.10","170.25","61.29K","0.65%"
"03-02-2020","170.35","174.60","176.00","170.15","50.78K","-2.10%"
"01-02-2020","174.00","175.00","175.00","173.80","6.02K","-0.17%"
"31-01-2020","174.30","176.10","177.75","173.00","0.15K","-0.51%"
"30-01-2020","175.20","175.60","175.60","175.10","0.13K","-0.99%"
"29-01-2020","176.95","178.35","181.50","175.30","0.21K","-0.23%"
"28-01-2020","177.35","175.25","178.00","175.20","0.81K","1.11%"
"27-01-2020","175.40","177.65","178.70","174.50","5.55K","-2.01%"
"24-01-2020","179.00","181.30","181.30","178.50","28.05K","-0.97%"
"23-01-2020","180.75","181.45","181.85","180.30","41.64K","-0.19%"
"22-01-2020","181.10","184.05","184.35","180.60","39.58K","-1.71%"
"21-01-2020","184.25","182.05","184.45","181.25","40.02K","0.93%"
"20-01-2020","182.55","183.70","184.60","182.25","32.17K","-0.76%"
"17-01-2020","183.95","182.95","184.20","182.80","29.95K","0.60%"
"16-01-2020","182.85","181.85","183.80","181.45","41.36K","0.61%"
"15-01-2020","181.75","182.30","182.40","180.80","34.01K","-0.22%"
"14-01-2020","182.15","182.20","182.65","181.25","33.59K","-0.03%"
"13-01-2020","182.20","180.90","182.55","180.50","36.30K","0.66%"
"10-01-2020","181.00","181.80","181.80","180.10","28.98K","-0.14%"
"09-01-2020","181.25","183.25","183.65","181.00","42.21K","-1.09%"
"08-01-2020","183.25","183.30","184.80","183.00","41.84K","0.14%"
"07-01-2020","183.00","181.55","183.75","180.85","36.54K","0.85%"
"06-01-2020","181.45","180.45","182.40","180.45","32.72K","0.69%"
"03-01-2020","180.20","180.50","181.15","178.85","41.83K","-0.19%"
"02-01-2020","180.55","179.70","181.00","179.55","30.18K","0.58%"
"01-01-2020","179.50","179.20","180.00","178.85","9.90K","-0.14%"
"31-12-2019","179.75","180.90","180.90","179.10","0.00K","-0.64%"
"30-12-2019","180.90","181.05","181.05","180.55","0.01K","-0.06%"
"27-12-2019","181.00","177.95","183.60","177.95","0.05K","1.94%"
"26-12-2019","177.55","176.55","178.10","175.35","0.16K","0.74%"
"24-12-2019","176.25","181.15","181.50","176.00","2.68K","-2.49%"
"23-12-2019","180.75","182.60","182.70","180.30","6.49K","-1.31%"
"20-12-2019","183.15","183.55","183.55","182.60","5.71K","-0.30%"
"19-12-2019","183.70","183.65","184.05","183.05","6.13K","0.11%"
"18-12-2019","183.50","183.60","184.50","182.80","7.76K","0.49%"
"17-12-2019","182.60","182.60","183.90","182.35","9.12K","0.00%"
"16-12-2019","182.60","182.05","182.90","181.65","7.94K","0.55%"
"13-12-2019","181.60","183.10","184.50","181.35","14.06K","-0.60%"
"12-12-2019","182.70","181.90","183.70","181.65","11.57K","0.80%"
"11-12-2019","181.25","181.80","182.80","181.05","10.29K","-0.19%"
"10-12-2019","181.60","183.35","183.35","181.35","8.52K","-0.60%"
"09-12-2019","182.70","183.25","184.30","181.80","11.72K","-0.22%"
"06-12-2019","183.10","183.20","184.50","182.55","10.95K","0.19%"
"05-12-2019","182.75","183.75","184.95","182.10","10.81K","-0.68%"
"04-12-2019","184.00","181.75","184.50","181.65","12.60K","1.41%"
"03-12-2019","181.45","182.80","182.80","180.55","12.25K","-0.41%"
"02-12-2019","182.20","185.60","185.60","181.95","9.70K","-2.07%"
"29-11-2019","186.05","187.55","188.00","183.85","0.03K","-1.14%"
"28-11-2019","188.20","189.15","189.20","187.30","0.01K","0.16%"
"27-11-2019","187.90","188.25","188.95","187.70","0.05K","-0.34%"
"26-11-2019","188.55","187.30","190.30","186.75","0.37K","0.91%"
"25-11-2019","186.85","188.45","189.70","186.50","1.44K","-0.85%"
"22-11-2019","188.45","186.55","189.40","185.80","10.69K","1.02%"
"21-11-2019","186.55","187.50","187.50","185.55","9.17K","-0.48%"
"20-11-2019","187.45","189.90","189.90","187.20","9.69K","-1.11%"
"19-11-2019","189.55","191.60","191.75","188.95","11.65K","-1.02%"
"18-11-2019","191.50","192.60","192.95","191.15","8.30K","-0.42%"
"15-11-2019","192.30","194.00","194.00","192.00","9.46K","-0.36%"
"14-11-2019","193.00","193.05","194.45","192.10","12.78K","-0.21%"
"13-11-2019","193.40","194.95","194.95","192.70","9.67K","-0.87%"
"12-11-2019","195.10","195.85","196.10","194.80","5.55K","-0.38%"
"11-11-2019","195.85","194.70","196.25","193.75","10.43K","0.59%"
"08-11-2019","194.70","193.00","195.25","192.70","11.91K","0.83%"
"07-11-2019","193.10","190.05","193.55","189.70","12.27K","1.52%"
"06-11-2019","190.20","190.05","190.90","189.00","12.85K","0.16%"
"05-11-2019","189.90","190.65","192.60","189.60","12.91K","-0.52%"
"04-11-2019","190.90","190.60","191.80","188.40","9.78K","0.58%"
"01-11-2019","189.80","188.10","190.10","187.75","10.28K","0.58%"
"31-10-2019","188.70","189.90","189.90","187.00","0.02K","0.27%"
"30-10-2019","188.20","189.75","190.00","187.20","0.15K","-0.29%"
"29-10-2019","188.75","189.20","189.30","188.15","0.05K","-0.19%"
"28-10-2019","189.10","188.45","189.60","187.90","0.07K","0.59%"
"27-10-2019","188.00","187.95","188.70","187.50","0.05K","0.13%"
"25-10-2019","187.75","185.35","189.70","184.35","3.24K","1.08%"
"24-10-2019","185.75","185.75","186.35","185.25","8.51K","0.03%"
"23-10-2019","185.70","184.45","186.00","184.30","9.22K","0.62%"
"22-10-2019","184.55","185.00","186.15","184.10","9.74K","-0.67%"
"21-10-2019","185.80","186.25","186.30","185.50","4.48K","0.32%"
"18-10-2019","185.20","184.60","185.95","184.55","11.26K","0.19%"
"17-10-2019","184.85","184.55","185.55","183.80","12.42K","-0.16%"
"16-10-2019","185.15","186.80","186.80","184.80","13.57K","-0.96%"
"15-10-2019","186.95","186.85","187.90","186.40","12.28K","-0.03%"
"14-10-2019","187.00","186.80","187.70","185.60","14.65K","-0.27%"
"11-10-2019","187.50","185.05","188.00","185.00","16.16K","1.13%"
"10-10-2019","185.40","182.60","186.30","182.10","18.74K","1.59%"
"09-10-2019","182.50","181.60","182.65","180.50","16.23K","0.50%"
"08-10-2019","181.60","180.25","181.85","179.70","7.90K","0.44%"
"07-10-2019","180.80","182.10","182.45","180.30","11.37K","-0.50%"
"04-10-2019","181.70","181.00","182.25","179.75","15.29K","0.64%"
"03-10-2019","180.55","182.35","182.60","179.10","14.95K","-0.80%"
"01-10-2019","182.00","184.85","185.90","181.35","18.45K","1.42%"
"30-09-2019","179.45","179.10","180.20","179.10","0.29K","0.11%"
"27-09-2019","179.25","181.15","181.55","178.95","0.37K","-0.75%"
"26-09-2019","180.60","180.00","181.85","178.95","0.95K","0.42%"
"25-09-2019","179.85","181.00","181.00","178.10","2.30K","0.00%"
"24-09-2019","179.85","183.50","183.50","179.40","6.54K","-1.91%"
"23-09-2019","183.35","183.40","184.10","182.10","12.07K","0.14%"
"20-09-2019","183.10","184.15","185.20","182.75","13.61K","-0.57%"
"19-09-2019","184.15","184.65","186.10","182.90","14.85K","0.24%"
"18-09-2019","183.70","185.20","185.85","183.40","15.19K","-0.73%"
"17-09-2019","185.05","185.80","186.40","184.30","14.14K","-0.67%"
"16-09-2019","186.30","187.30","189.25","185.70","15.79K","-0.75%"
"13-09-2019","187.70","185.50","188.20","185.05","14.54K","1.51%"
"12-09-2019","184.90","187.00","187.65","183.30","19.09K","-0.80%"
"11-09-2019","186.40","187.30","189.10","186.00","15.83K","-0.56%"
"10-09-2019","187.45","184.20","187.95","184.20","9.71K","1.52%"
"09-09-2019","184.65","184.20","185.80","183.70","14.03K","-0.11%"
"06-09-2019","184.85","187.50","188.05","183.80","17.53K","-1.54%"
"05-09-2019","187.75","186.50","189.70","185.70","18.95K","0.24%"
"04-09-2019","187.30","181.80","187.75","181.20","20.71K","3.37%"
"03-09-2019","181.20","182.55","184.05","180.65","18.17K","-1.06%"
"02-09-2019","183.15","184.50","184.50","181.35","6.72K","2.52%"
"30-08-2019","178.65","180.80","180.95","178.50","0.24K","-0.89%"
"29-08-2019","180.25","181.00","182.10","179.90","0.31K","-0.44%"
"28-08-2019","181.05","180.95","182.50","179.95","0.69K","-0.03%"
"27-08-2019","181.10","180.40","181.55","179.70","1.17K","0.33%"
"26-08-2019","180.50","181.75","183.65","179.50","3.66K","-0.69%"
"23-08-2019","181.75","184.70","185.20","181.20","13.04K","-1.44%"
"22-08-2019","184.40","184.55","185.80","184.05","14.50K","-0.78%"
"21-08-2019","185.85","183.30","186.00","183.05","15.53K","1.59%"
"20-08-2019","182.95","183.50","183.85","182.25","12.63K","-0.54%"
"19-08-2019","183.95","184.55","184.55","182.30","13.21K","0.22%"
"16-08-2019","183.55","184.60","185.25","182.80","12.78K","-0.46%"
"14-08-2019","184.40","186.45","187.55","183.55","16.37K","-1.94%"
"13-08-2019","188.05","184.90","188.70","183.90","16.99K","1.51%"
"12-08-2019","185.25","183.60","186.40","182.30","9.13K","1.84%"
"09-08-2019","181.90","185.20","185.60","181.60","20.66K","-1.91%"
"08-08-2019","185.45","185.70","185.95","183.60","15.07K","0.24%"
"07-08-2019","185.00","188.10","188.10","183.80","17.45K","-1.52%"
"06-08-2019","187.85","189.50","189.50","187.65","11.42K","-0.50%"
"05-08-2019","188.80","188.95","190.10","187.50","14.34K","0.19%"
"02-08-2019","188.45","190.00","190.80","187.70","14.15K","-0.66%"
"01-08-2019","189.70","192.25","192.25","189.30","15.20K","0.61%"
"31-07-2019","188.55","189.20","189.75","187.80","0.14K","-0.68%"
"30-07-2019","189.85","190.80","191.45","189.20","0.24K","-0.65%"
"29-07-2019","191.10","189.65","191.45","188.85","0.64K","0.42%"
"26-07-2019","190.30","191.10","191.85","189.85","1.96K","-0.63%"
"25-07-2019","191.50","193.70","193.70","191.10","4.67K","-1.39%"
"24-07-2019","194.20","192.60","195.00","191.85","10.71K","1.22%"
"23-07-2019","191.85","191.40","193.35","190.15","14.76K","0.47%"
"22-07-2019","190.95","192.40","192.40","189.60","15.48K","0.18%"
"19-07-2019","190.60","193.40","194.35","189.65","20.19K","-0.96%"
"18-07-2019","192.45","195.25","196.35","190.30","17.55K","-0.98%"
"17-07-2019","194.35","194.50","195.20","193.85","14.40K","-0.28%"
"16-07-2019","194.90","193.95","195.70","193.30","17.37K","0.41%"
"15-07-2019","194.10","193.70","194.75","193.00","15.12K","0.10%"
"12-07-2019","193.90","192.65","194.20","191.85","16.94K","0.81%"
"11-07-2019","192.35","192.00","194.40","191.75","21.40K","-0.26%"
"10-07-2019","192.85","190.90","193.10","190.85","20.78K","1.31%"
"09-07-2019","190.35","192.35","192.35","190.10","21.97K","-0.81%"
"08-07-2019","191.90","193.50","194.20","191.55","23.59K","-1.03%"
"05-07-2019","193.90","195.00","195.90","192.60","21.16K","-0.44%"
"04-07-2019","194.75","197.50","197.70","194.40","21.86K","-1.29%"
"03-07-2019","197.30","199.25","199.40","197.05","22.16K","-0.88%"
"02-07-2019","199.05","197.70","199.40","196.70","24.31K","0.40%"
"01-07-2019","198.25","200.65","202.50","197.60","21.22K","0.13%"
"28-06-2019","198.00","196.60","199.50","194.90","0.20K","0.81%"
"27-06-2019","196.40","198.95","198.95","196.00","0.58K","-0.96%"
"26-06-2019","198.30","201.65","202.40","197.70","1.91K","-1.54%"
"25-06-2019","201.40","200.60","203.95","200.60","3.49K","0.00%"
"24-06-2019","201.40","200.30","202.00","198.75","6.67K","1.00%"
"21-06-2019","199.40","204.70","204.90","198.10","18.53K","-2.28%"
"20-06-2019","204.05","205.90","207.95","203.70","17.70K","-0.66%"
"19-06-2019","205.40","206.90","207.90","205.15","16.33K","-1.25%"
"18-06-2019","208.00","205.00","208.25","204.20","24.64K","1.24%"
"17-06-2019","205.45","203.35","205.60","202.10","19.76K","0.86%"
"14-06-2019","203.70","203.50","204.90","203.20","14.31K","-0.05%"
"13-06-2019","203.80","205.00","205.90","203.45","18.96K","-1.19%"
"12-06-2019","206.25","206.05","207.40","205.15","17.63K","-0.34%"
"11-06-2019","206.95","205.00","207.70","204.40","20.91K","1.47%"
"10-06-2019","203.95","204.95","205.50","203.40","18.81K","0.32%"
"07-06-2019","203.30","205.00","206.40","202.75","24.86K","-0.71%"
"06-06-2019","204.75","202.30","205.50","202.30","22.06K","1.54%"
"05-06-2019","201.65","203.60","203.65","201.10","11.45K","-0.62%"
"04-06-2019","202.90","201.00","204.65","199.85","22.99K","0.62%"
"03-06-2019","201.65","207.25","207.25","201.20","20.21K","-1.32%"
"31-05-2019","204.35","209.70","210.70","203.40","0.38K","-3.06%"
"30-05-2019","210.80","211.05","212.00","209.90","0.44K","0.21%"
"29-05-2019","210.35","209.00","211.90","209.00","1.53K","-0.45%"
"28-05-2019","211.30","215.20","215.20","210.10","3.37K","-1.61%"
"27-05-2019","214.75","214.60","215.55","213.60","5.98K","0.37%"
"24-05-2019","213.95","210.55","215.00","210.50","17.16K","1.52%"
"23-05-2019","210.75","211.60","211.60","208.80","14.45K","-0.38%"
"22-05-2019","211.55","213.75","213.75","211.35","14.96K","-1.03%"
"21-05-2019","213.75","213.00","214.35","212.25","16.43K","0.49%"
"20-05-2019","212.70","215.00","215.00","211.45","11.88K","-1.23%"
"17-05-2019","215.35","217.00","217.00","215.00","15.82K","-0.85%"
"16-05-2019","217.20","216.30","218.00","216.30","16.33K","0.09%"
"15-05-2019","217.00","214.45","217.20","213.00","17.98K","1.45%"
"14-05-2019","213.90","213.10","214.45","212.50","17.52K","0.59%"
"13-05-2019","212.65","214.65","215.30","212.20","17.98K","-1.25%"
"10-05-2019","215.35","215.10","216.00","213.30","19.90K","0.12%"
"09-05-2019","215.10","213.80","215.40","212.55","20.92K","0.47%"
"08-05-2019","214.10","215.90","216.90","213.80","20.97K","-0.95%"
"07-05-2019","216.15","218.00","219.40","215.75","20.93K","-1.35%"
"06-05-2019","219.10","219.25","219.60","217.20","13.38K","-0.45%"
"03-05-2019","220.10","218.05","221.60","217.10","24.01K","0.96%"
"02-05-2019","218.00","219.75","219.75","217.10","21.83K","-0.80%"
"01-05-2019","219.75","223.45","223.45","219.50","11.12K","-1.08%"
"30-04-2019","222.15","230.55","231.65","220.15","1.19K","-2.89%"
"26-04-2019","228.75","231.90","233.40","228.25","3.24K","-1.32%"
"25-04-2019","231.80","227.80","232.05","227.40","5.06K","1.73%"
"24-04-2019","227.85","223.80","228.50","222.50","8.71K","1.95%"
"23-04-2019","223.50","225.80","226.80","222.65","12.86K","-1.43%"
"22-04-2019","226.75","225.40","227.70","225.40","9.41K","0.58%"
"18-04-2019","225.45","225.80","226.00","223.20","20.83K","-0.51%"
"17-04-2019","226.60","224.95","227.25","224.95","12.26K","0.85%"
"16-04-2019","224.70","228.45","229.10","224.40","23.03K","-2.01%"
"15-04-2019","229.30","229.10","230.50","227.85","22.55K","-0.24%"
"12-04-2019","229.85","224.50","230.15","224.15","25.25K","2.27%"
"11-04-2019","224.75","224.05","233.65","223.10","27.58K","0.02%"
"10-04-2019","224.70","224.75","225.15","223.35","24.93K","0.22%"
"09-04-2019","224.20","227.05","227.45","223.95","26.97K","-1.65%"
"08-04-2019","227.95","228.00","229.30","227.10","25.66K","0.18%"
"05-04-2019","227.55","225.95","227.90","225.40","25.15K","0.55%"
"04-04-2019","226.30","226.10","227.60","224.20","28.68K","0.13%"
"03-04-2019","226.00","220.95","226.75","220.90","28.12K","2.19%"
"02-04-2019","221.15","224.25","224.25","220.20","23.53K","-1.12%"
"01-04-2019","223.65","224.00","227.85","222.15","22.42K","9.04%"
"29-03-2019","205.10","203.35","206.90","203.35","8.61K","1.03%"
"28-03-2019","203.00","202.80","204.30","202.60","23.34K","-0.12%"
"27-03-2019","203.25","201.40","203.80","200.20","32.39K","0.52%"
"26-03-2019","202.20","198.15","202.40","197.85","29.37K","1.81%"
"25-03-2019","198.60","196.65","198.80","195.10","27.53K","0.79%"
"22-03-2019","197.05","196.95","199.40","196.05","30.20K","-0.18%"
"21-03-2019","197.40","199.50","199.85","197.10","17.13K","-0.98%"
"20-03-2019","199.35","197.10","200.00","196.65","29.63K","1.17%"
"19-03-2019","197.05","193.45","197.35","192.50","32.67K","2.15%"
"18-03-2019","192.90","194.50","194.65","192.25","28.14K","-0.90%"
"15-03-2019","194.65","199.30","199.50","194.40","38.80K","-2.11%"
"14-03-2019","198.85","199.15","200.80","197.20","37.48K","-0.45%"
"13-03-2019","199.75","200.50","200.70","197.85","37.29K","0.05%"
"12-03-2019","199.65","194.60","200.00","193.45","39.42K","3.23%"
"11-03-2019","193.40","192.00","194.90","191.85","32.54K","1.02%"
"08-03-2019","191.45","192.75","192.75","189.15","30.83K","-0.65%"
"07-03-2019","192.70","196.35","197.05","192.60","32.82K","-2.13%"
"06-03-2019","196.90","197.10","198.50","196.25","28.31K","-0.76%"
"05-03-2019","198.40","197.05","198.75","195.35","28.93K","1.10%"
"04-03-2019","196.25","198.00","198.75","196.05","15.55K","-1.68%"
"01-03-2019","199.60","197.00","201.05","197.00","31.05K","0.60%"
"28-02-2019","198.40","196.90","198.80","196.20","9.43K","0.23%"
"27-02-2019","197.95","196.15","198.30","195.70","23.99K","0.53%"
"26-02-2019","196.90","193.50","197.10","190.85","31.95K","1.65%"
"25-02-2019","193.70","194.45","196.10","193.30","27.00K","-0.41%"
"22-02-2019","194.50","191.95","195.10","191.00","30.52K","1.33%"
"21-02-2019","191.95","192.00","193.70","190.75","26.98K","-0.95%"
"20-02-2019","193.80","192.00","194.20","191.20","25.68K","1.20%"
"19-02-2019","191.50","189.85","191.80","189.20","27.90K","0.79%"
"18-02-2019","190.00","189.95","190.70","187.35","28.74K","-0.24%"
"15-02-2019","190.45","184.65","190.80","184.20","35.20K","3.48%"
"14-02-2019","184.05","185.30","187.30","183.80","26.20K","-0.70%"
"13-02-2019","185.35","185.15","185.90","183.40","28.77K","0.54%"
"12-02-2019","184.35","188.30","188.65","184.10","28.75K","-2.28%"
"11-02-2019","188.65","191.20","191.20","188.25","25.94K","-2.13%"
"08-02-2019","192.75","193.25","194.35","191.30","25.87K","-0.87%"
"07-02-2019","194.45","195.15","196.70","193.90","27.65K","-0.21%"
"06-02-2019","194.85","197.20","198.15","193.00","33.38K","-1.09%"
"05-02-2019","197.00","202.70","203.35","196.40","36.63K","-2.67%"
"04-02-2019","202.40","199.60","202.70","199.60","28.01K","1.45%"
"01-02-2019","199.50","194.35","200.10","193.55","32.07K","3.29%"
"31-01-2019","193.15","191.45","194.20","190.90","12.14K","0.36%"
"30-01-2019","192.45","190.70","192.60","189.80","24.45K","1.02%"
"29-01-2019","190.50","190.50","192.50","190.05","25.11K","-0.18%"
"28-01-2019","190.85","190.70","193.40","190.40","28.39K","-0.18%"
"25-01-2019","191.20","185.40","191.35","185.25","30.62K","1.76%"
"24-01-2019","187.90","187.05","188.80","186.20","27.60K","-0.03%"
"23-01-2019","187.95","185.95","188.55","185.95","27.29K","1.10%"
"22-01-2019","185.90","184.10","187.70","183.35","29.89K","0.62%"
"21-01-2019","184.75","185.50","186.20","183.25","21.50K","-0.30%"
"18-01-2019","185.30","181.45","186.15","181.45","31.06K","2.04%"
"17-01-2019","181.60","178.60","182.10","177.80","27.16K","1.71%"
"16-01-2019","178.55","176.60","178.95","176.60","24.73K","1.59%"
"15-01-2019","175.75","176.55","177.55","175.45","19.00K","-0.28%"
"14-01-2019","176.25","175.30","177.00","174.15","22.72K","0.00%"
"11-01-2019","176.25","175.20","176.75","174.50","26.00K","1.26%"
"10-01-2019","174.05","176.30","177.30","172.15","31.99K","-1.42%"
"09-01-2019","176.55","176.15","178.55","175.25","28.17K","0.51%"
"08-01-2019","175.65","175.55","177.75","174.85","27.25K","-0.26%"
"07-01-2019","176.10","172.15","176.40","171.65","28.08K","2.65%"
"04-01-2019","171.55","170.90","173.50","170.25","28.23K","0.85%"
"03-01-2019","170.10","171.45","171.50","167.20","27.98K","0.35%"
"02-01-2019","169.50","172.10","172.75","168.85","31.68K","-1.51%"
"01-01-2019","172.10","172.35","172.45","171.60","3.31K","-1.06%"
"31-12-2018","173.95","175.15","176.25","173.40","7.82K","0.09%"
"28-12-2018","173.80","179.20","180.00","173.45","21.22K","-2.85%"
"27-12-2018","178.90","179.00","179.85","176.80","21.94K","0.08%"
"26-12-2018","178.75","176.30","179.40","175.50","13.67K","0.99%"
"24-12-2018","177.00","178.25","178.65","176.05","16.67K","-0.20%"
"21-12-2018","177.35","180.70","181.40","177.10","21.51K","-1.66%"
"20-12-2018","180.35","181.05","181.90","179.30","22.36K","-0.77%"
"19-12-2018","181.75","179.25","182.30","178.70","25.28K","1.39%"
"18-12-2018","179.25","184.60","184.60","179.05","28.43K","-2.90%"
"17-12-2018","184.60","184.75","185.65","182.70","24.88K","0.65%"
"14-12-2018","183.40","186.00","186.00","183.05","27.84K","-1.69%"
"13-12-2018","186.55","188.70","188.95","185.90","22.49K","-0.13%"
"12-12-2018","186.80","189.50","190.45","186.60","26.18K","-2.07%"
"11-12-2018","190.75","189.50","191.90","188.10","23.60K","0.55%"
"10-12-2018","189.70","186.95","191.25","186.15","23.94K","0.90%"
"07-12-2018","188.00","187.30","190.65","187.00","28.32K","0.45%"
"06-12-2018","187.15","187.60","188.15","184.95","27.45K","-0.82%"
"05-12-2018","188.70","186.30","189.00","184.65","27.40K","1.34%"
"04-12-2018","186.20","184.55","188.45","184.35","26.95K","0.46%"
"03-12-2018","185.35","182.00","186.35","182.00","28.89K","1.65%"
"30-11-2018","182.35","179.95","183.40","178.30","9.06K","2.04%"
"29-11-2018","178.70","178.20","180.05","177.25","21.20K","-0.89%"
"28-11-2018","180.30","176.90","180.90","174.50","31.20K","2.12%"
"27-11-2018","176.55","177.30","177.50","175.55","25.73K","-1.83%"
"26-11-2018","179.85","182.25","182.70","177.25","26.28K","-1.15%"
"23-11-2018","181.95","185.80","185.80","180.50","17.27K","-3.06%"
"22-11-2018","187.70","186.70","187.95","185.50","19.38K","0.21%"
"21-11-2018","187.30","185.90","187.90","184.90","22.97K","0.75%"
"20-11-2018","185.90","190.20","190.85","184.80","26.09K","-2.18%"
"19-11-2018","190.05","191.70","193.55","188.60","24.73K","-1.12%"
"16-11-2018","192.20","188.90","192.85","187.25","26.22K","2.07%"
"15-11-2018","188.30","185.05","191.30","185.05","33.38K","2.03%"
"14-11-2018","184.55","183.35","184.90","181.35","22.22K","0.33%"
"13-11-2018","183.95","184.85","188.15","183.35","24.92K","-0.81%"
"12-11-2018","185.45","185.55","186.95","183.50","24.99K","0.11%"
"09-11-2018","185.25","185.35","187.30","183.25","23.41K","-0.05%"
"08-11-2018","185.35","180.95","186.10","180.70","14.79K","1.73%"
"07-11-2018","182.20","182.00","182.85","182.00","2.45K","-0.82%"
"06-11-2018","183.70","187.15","188.40","183.40","23.39K","-1.66%"
"05-11-2018","186.80","188.75","189.25","185.20","25.86K","-0.98%"
"02-11-2018","188.65","188.05","192.10","187.55","31.07K","0.00%"
"01-11-2018","188.65","188.85","190.85","187.40","30.16K","-1.39%"
"31-10-2018","191.30","189.20","194.30","189.20","11.67K","-0.21%"
"30-10-2018","191.70","196.35","196.70","191.10","26.43K","-2.29%"
"29-10-2018","196.20","197.90","198.90","196.00","22.90K","-1.13%"
"26-10-2018","198.45","196.80","198.75","195.30","23.35K","0.30%"
"25-10-2018","197.85","198.00","198.75","195.60","23.31K","-0.58%"
"24-10-2018","199.00","201.00","202.95","198.30","29.86K","-0.30%"
"23-10-2018","199.60","199.70","200.95","198.00","31.23K","-0.32%"
"22-10-2018","200.25","197.60","200.45","197.40","28.20K","1.86%"
"19-10-2018","196.60","199.50","200.95","196.10","25.52K","-1.87%"
"18-10-2018","200.35","199.10","201.30","198.00","17.10K","0.53%"
"17-10-2018","199.30","194.45","199.65","193.70","36.74K","2.84%"
"16-10-2018","193.80","193.80","195.15","191.80","25.90K","-0.21%"
"15-10-2018","194.20","197.60","199.20","193.80","30.10K","-1.77%"
"12-10-2018","197.70","195.90","199.65","195.75","32.00K","0.71%"
"11-10-2018","196.30","195.50","198.30","193.70","36.07K","0.05%"
"10-10-2018","196.20","203.00","203.25","195.55","32.51K","-3.30%"
"09-10-2018","202.90","198.35","204.15","198.25","36.80K","2.29%"
"08-10-2018","198.35","197.20","198.75","193.30","33.10K","0.20%"
"05-10-2018","197.95","194.75","198.25","193.70","30.43K","1.12%"
"04-10-2018","195.75","199.20","200.35","195.45","33.93K","-1.95%"
"03-10-2018","199.65","198.00","199.95","194.40","38.48K","1.29%"
"01-10-2018","197.10","191.80","197.45","190.40","40.15K","5.60%"
"28-09-2018","186.65","185.65","186.90","184.70","11.18K","1.33%"
"27-09-2018","184.20","185.00","186.95","182.40","34.87K","-0.91%"
"26-09-2018","185.90","183.45","186.30","182.10","34.39K","1.36%"
"25-09-2018","183.40","182.60","185.20","181.85","31.02K","-0.22%"
"24-09-2018","183.80","181.45","186.80","180.40","33.03K","0.82%"
"21-09-2018","182.30","177.00","183.70","176.10","39.17K","3.14%"
"20-09-2018","176.75","175.00","176.90","174.85","17.60K","1.38%"
"19-09-2018","174.35","172.00","175.95","172.00","35.64K","1.45%"
"18-09-2018","171.85","168.95","172.10","168.90","32.72K","2.02%"
"17-09-2018","168.45","165.80","169.00","165.80","28.26K","1.29%"
"14-09-2018","166.30","169.80","170.30","166.00","31.44K","-1.28%"
"13-09-2018","168.45","171.50","172.40","168.20","18.85K","-2.29%"
"12-09-2018","172.40","170.50","172.65","169.65","36.67K","2.01%"
"11-09-2018","169.00","173.90","173.90","168.45","35.30K","-2.14%"
"10-09-2018","172.70","174.90","175.95","172.40","31.33K","-0.66%"
"07-09-2018","173.85","176.00","176.25","173.30","38.62K","-1.50%"
"06-09-2018","176.50","175.50","178.85","175.50","32.28K","1.23%"
"05-09-2018","174.35","173.90","176.25","173.10","25.76K","0.61%"
"04-09-2018","173.30","176.25","177.25","172.70","32.00K","-1.79%"
"03-09-2018","176.45","175.25","177.15","174.10","23.93K","-0.45%"
"31-08-2018","177.25","176.80","178.90","176.70","12.23K","1.29%"
"30-08-2018","175.00","177.40","178.35","173.25","33.17K","-1.69%"
"29-08-2018","178.00","177.35","178.45","175.80","28.43K","0.17%"
"28-08-2018","177.70","178.40","180.50","177.55","30.28K","-0.28%"
"27-08-2018","178.20","176.90","178.70","176.90","8.32K","0.14%"
"24-08-2018","177.95","176.00","178.90","174.30","35.84K","2.12%"
"23-08-2018","174.25","171.35","174.55","171.10","25.96K","0.69%"
"22-08-2018","173.05","172.00","173.20","170.65","16.32K","1.26%"
"21-08-2018","170.90","167.75","171.70","167.70","34.53K","2.30%"
"20-08-2018","167.05","166.95","168.65","166.50","29.23K","-0.57%"
"17-08-2018","168.00","166.20","168.40","163.80","39.06K","0.66%"
"16-08-2018","166.90","170.50","170.50","164.95","46.69K","-2.85%"
"14-08-2018","171.80","174.10","174.80","171.55","30.90K","-1.07%"
"13-08-2018","173.65","177.25","178.45","173.40","34.40K","-1.56%"
"10-08-2018","176.40","180.25","180.25","176.20","33.57K","-1.92%"
"09-08-2018","179.85","181.30","185.10","179.65","35.71K","-0.61%"
"08-08-2018","180.95","180.90","182.10","180.35","26.77K","0.22%"
"07-08-2018","180.55","178.70","181.20","178.70","26.77K","1.09%"
"06-08-2018","178.60","180.25","180.25","177.10","26.77K","-1.13%"
"03-08-2018","180.65","177.70","182.10","176.50","37.09K","1.52%"
"02-08-2018","177.95","176.00","178.90","174.40","32.30K","1.48%"
"01-08-2018","175.35","180.50","180.50","175.00","34.43K","-2.83%"
"31-07-2018","180.45","179.05","181.75","178.30","12.52K","1.38%"
"30-07-2018","178.00","179.40","179.60","176.55","28.71K","-1.36%"
"27-07-2018","180.45","178.90","180.90","177.70","27.01K","0.33%"
"26-07-2018","179.85","179.65","180.95","178.45","28.12K","0.03%"
"25-07-2018","179.80","180.70","182.40","179.10","33.33K","-0.72%"
"24-07-2018","181.10","178.10","183.30","177.45","34.02K","2.11%"
"23-07-2018","177.35","182.00","182.00","177.20","32.17K","-1.12%"
"20-07-2018","179.35","177.90","182.55","177.30","39.07K","0.17%"
"19-07-2018","179.05","180.10","181.35","174.00","45.98K","-1.16%"
"18-07-2018","181.15","173.25","181.50","172.35","41.43K","4.71%"
"17-07-2018","173.00","172.40","174.75","170.90","35.18K","1.29%"
"16-07-2018","170.80","177.65","177.65","170.70","34.04K","-3.94%"
"13-07-2018","177.80","175.75","178.30","174.40","29.61K","0.54%"
"12-07-2018","176.85","177.30","180.40","175.20","36.57K","-0.14%"
"11-07-2018","177.10","180.30","180.30","173.60","33.11K","-2.34%"
"10-07-2018","181.35","186.25","186.85","180.15","41.98K","-2.26%"
"09-07-2018","185.55","191.60","191.70","185.35","40.87K","-2.65%"
"06-07-2018","190.60","187.70","190.95","186.30","37.87K","1.76%"
"05-07-2018","187.30","187.30","190.20","185.35","36.93K","-0.27%"
"04-07-2018","187.80","194.00","194.50","186.55","35.81K","-2.62%"
"03-07-2018","192.85","196.85","197.55","192.60","29.29K","-1.78%"
"02-07-2018","196.35","198.30","199.85","196.20","25.38K","-2.07%"
"29-06-2018","200.50","201.55","202.30","198.25","10.20K","-0.82%"
"28-06-2018","202.15","201.25","204.90","199.65","29.31K","0.35%"
"27-06-2018","201.45","197.40","203.75","196.25","33.16K","1.92%"
"26-06-2018","197.65","197.45","198.15","194.85","23.45K","0.41%"
"25-06-2018","196.85","200.95","200.95","196.55","27.84K","-2.72%"
"22-06-2018","202.35","200.00","202.75","199.45","23.65K","0.37%"
"21-06-2018","201.60","207.20","207.40","200.40","30.18K","-2.35%"
"20-06-2018","206.45","206.60","207.45","204.80","20.90K","0.24%"
"19-06-2018","205.95","210.45","210.65","205.70","27.83K","-2.35%"
"18-06-2018","210.90","211.20","212.30","210.10","19.92K","-0.52%"
"15-06-2018","212.00","216.75","217.10","211.55","26.29K","-2.35%"
"14-06-2018","217.10","217.75","218.50","214.75","21.67K","-0.69%"
"13-06-2018","218.60","217.05","219.15","216.20","20.01K","0.53%"
"12-06-2018","217.45","217.20","218.55","216.50","20.08K","-0.25%"
"11-06-2018","218.00","216.55","218.40","215.35","20.74K","0.28%"
"08-06-2018","217.40","214.15","217.60","213.90","22.59K","1.19%"
"07-06-2018","214.85","214.30","216.15","213.40","18.12K","0.40%"
"06-06-2018","214.00","214.65","217.00","213.80","22.06K","-0.74%"
"05-06-2018","215.60","210.40","216.10","209.90","28.07K","2.35%"
"04-06-2018","210.65","207.90","210.75","205.80","22.39K","1.42%"
"01-06-2018","207.70","209.10","209.65","207.05","18.62K","-0.81%"
"31-05-2018","209.40","211.80","213.10","208.20","10.83K","-1.37%"
"30-05-2018","212.30","208.00","212.50","206.05","25.61K","1.46%"
"29-05-2018","209.25","207.45","210.90","207.45","20.28K","1.16%"
"28-05-2018","206.85","207.65","208.55","206.35","5.64K","-0.10%"
"25-05-2018","207.05","207.65","209.15","206.65","16.95K","-0.46%"
"24-05-2018","208.00","207.20","208.20","206.30","15.94K","0.34%"
"23-05-2018","207.30","208.40","208.70","205.40","20.81K","-0.05%"
"22-05-2018","207.40","209.75","210.10","207.20","22.41K","-1.85%"
"21-05-2018","211.30","211.40","212.40","210.45","14.52K","0.09%"
"18-05-2018","211.10","209.75","211.35","209.50","17.71K","0.45%"
"17-05-2018","210.15","209.15","210.50","207.40","19.73K","0.74%"
"16-05-2018","208.60","208.60","209.80","207.80","16.79K","0.02%"
"15-05-2018","208.55","207.15","209.85","206.80","19.66K","1.09%"
"14-05-2018","206.30","207.35","208.05","204.95","19.34K","-0.91%"
"11-05-2018","208.20","207.30","208.90","206.70","14.85K","0.65%"
"10-05-2018","206.85","208.00","209.20","206.65","19.59K","-0.70%"
"09-05-2018","208.30","207.50","209.30","207.05","17.22K","0.73%"
"08-05-2018","206.80","208.40","209.90","204.65","24.83K","-0.55%"
"07-05-2018","207.95","206.00","208.15","206.00","11.90K","1.27%"
"04-05-2018","205.35","201.30","205.50","198.70","26.67K","2.50%"
"03-05-2018","200.35","205.30","205.80","200.00","26.55K","-1.89%"
"02-05-2018","204.20","206.80","208.40","204.00","20.37K","-0.66%"
"01-05-2018","205.55","208.00","208.75","204.70","11.85K","-3.29%"
"30-04-2018","212.55","211.20","218.05","209.20","8.20K","1.36%"
"27-04-2018","209.70","209.20","211.15","207.05","17.88K","-0.17%"
"26-04-2018","210.05","208.65","210.45","206.05","20.68K","0.02%"
"25-04-2018","210.00","214.05","214.45","209.45","20.12K","-1.45%"
"24-04-2018","213.10","214.80","216.25","212.60","16.98K","-0.84%"
"23-04-2018","214.90","215.20","216.30","212.40","17.09K","0.12%"
"20-04-2018","214.65","213.20","215.95","211.65","16.55K","0.85%"
"19-04-2018","212.85","214.75","216.50","210.80","20.27K","-0.72%"
"18-04-2018","214.40","207.75","216.35","206.90","25.13K","3.05%"
"17-04-2018","208.05","206.30","208.30","204.80","21.22K","1.39%"
"16-04-2018","205.20","203.80","206.85","202.30","20.70K","1.23%"
"13-04-2018","202.70","203.40","205.20","202.55","21.76K","0.30%"
"12-04-2018","202.10","210.20","210.20","201.65","34.54K","-3.99%"
"11-04-2018","210.50","211.25","212.55","210.15","21.50K","-0.38%"
"10-04-2018","211.30","209.80","211.55","209.65","21.90K","1.17%"
"09-04-2018","208.85","210.05","210.40","208.50","21.52K","-1.16%"
"06-04-2018","211.30","210.25","211.55","208.65","23.71K","0.17%"
"05-04-2018","210.95","211.45","212.45","208.15","32.69K","-0.54%"
"04-04-2018","212.10","213.45","213.45","210.60","25.56K","-0.80%"
"03-04-2018","213.80","214.65","214.75","212.50","23.07K","-0.37%"
"02-04-2018","214.60","214.70","215.25","213.65","7.40K","0.40%"
"29-03-2018","213.75","216.00","216.10","213.40","11.49K","-0.67%"
"28-03-2018","215.20","213.40","215.55","213.05","10.60K","0.58%"
"27-03-2018","213.95","213.50","215.65","212.55","22.97K","0.85%"
"26-03-2018","212.15","208.30","212.40","207.65","24.57K","1.39%"
"23-03-2018","209.25","209.70","209.75","207.40","28.38K","-0.12%"
"22-03-2018","209.50","212.50","212.90","208.00","25.28K","-1.25%"
"21-03-2018","212.15","209.50","212.65","208.25","29.63K","1.29%"
"20-03-2018","209.45","211.80","212.35","208.95","28.17K","-1.57%"
"19-03-2018","212.80","211.55","213.90","209.85","27.82K","0.28%"
"16-03-2018","212.20","209.55","212.80","209.35","26.95K","1.10%"
"15-03-2018","209.90","209.80","210.40","208.30","24.23K","0.70%"
"14-03-2018","208.45","213.95","214.90","208.10","30.33K","-2.32%"
"13-03-2018","213.40","211.55","213.70","210.90","24.49K","1.47%"
"12-03-2018","210.30","213.25","213.55","209.90","23.70K","-1.89%"
"09-03-2018","214.35","208.90","214.65","207.75","34.60K","1.85%"
"08-03-2018","210.45","213.35","213.60","209.55","30.45K","-1.17%"
"07-03-2018","212.95","215.90","216.15","212.30","25.72K","-1.00%"
"06-03-2018","215.10","215.65","217.50","213.65","28.99K","-0.30%"
"05-03-2018","215.75","219.75","220.15","214.15","30.02K","-2.00%"
"02-03-2018","220.15","222.40","222.90","219.55","10.93K","-1.23%"
"01-03-2018","222.90","226.25","226.85","220.65","27.26K","-2.09%"
"28-02-2018","227.65","229.35","229.75","227.40","9.57K","-0.50%"
"27-02-2018","228.80","231.00","231.65","228.25","18.64K","-1.00%"
"26-02-2018","231.10","229.95","231.70","229.25","15.62K","0.68%"
"23-02-2018","229.55","230.10","230.30","227.40","21.71K","-0.82%"
"22-02-2018","231.45","229.20","231.65","226.00","24.23K","0.35%"
"21-02-2018","230.65","230.50","231.05","228.90","17.78K","-0.32%"
"20-02-2018","231.40","230.20","232.70","229.70","20.07K","0.26%"
"19-02-2018","230.80","231.00","231.45","229.70","15.00K","0.02%"
"16-02-2018","230.75","230.00","231.85","229.30","18.35K","0.44%"
"15-02-2018","229.75","229.00","230.75","226.80","22.47K","0.09%"
"14-02-2018","229.55","223.50","229.80","222.55","29.50K","2.62%"
"13-02-2018","223.70","220.15","224.30","220.15","14.29K","2.33%"
"12-02-2018","218.60","219.25","219.90","218.00","17.61K","0.21%"
"09-02-2018","218.15","220.85","220.85","216.60","28.84K","-1.60%"
"08-02-2018","221.70","220.00","222.00","217.70","25.25K","1.21%"
"07-02-2018","219.05","224.95","225.55","217.60","23.48K","-2.14%"
"06-02-2018","223.85","228.65","228.65","223.45","23.15K","-1.71%"
"05-02-2018","227.75","226.40","228.70","225.40","19.64K","0.60%"
"02-02-2018","226.40","228.50","229.60","225.10","21.63K","-1.29%"
"01-02-2018","229.35","225.95","229.60","224.95","20.94K","0.84%"
"31-01-2018","227.45","227.60","228.35","226.90","12.13K","0.31%"
"30-01-2018","226.75","227.75","228.40","225.95","22.52K","-1.18%"
"29-01-2018","229.45","223.00","229.85","223.00","20.42K","3.54%"
"25-01-2018","221.60","220.80","222.40","220.00","21.58K","0.50%"
"24-01-2018","220.50","219.10","221.20","216.60","26.71K","0.73%"
"23-01-2018","218.90","219.40","220.30","218.65","21.10K","-0.45%"
"22-01-2018","219.90","219.25","220.30","218.80","17.29K","0.41%"
"19-01-2018","219.00","217.65","221.25","217.05","27.86K","0.60%"
"18-01-2018","217.70","218.15","218.70","216.80","23.33K","0.14%"
"17-01-2018","217.40","219.00","219.60","217.10","23.80K","-1.14%"
"16-01-2018","219.90","219.35","220.10","216.90","29.62K","0.02%"
"15-01-2018","219.85","217.90","220.20","217.90","17.92K","1.03%"
"12-01-2018","217.60","216.55","217.85","215.75","25.91K","0.44%"
"11-01-2018","216.65","215.50","216.85","214.75","23.43K","0.93%"
"10-01-2018","214.65","213.75","215.45","212.60","21.70K","0.63%"
"09-01-2018","213.30","216.30","217.15","213.20","22.55K","-1.25%"
"08-01-2018","216.00","213.40","216.30","212.90","22.30K","1.03%"
"05-01-2018","213.80","213.70","215.45","213.25","23.57K","-0.05%"
"04-01-2018","213.90","211.70","214.25","211.60","19.79K","0.73%"
"03-01-2018","212.35","213.20","213.45","212.00","17.88K","-0.61%"
"02-01-2018","213.65","211.75","213.80","211.10","21.17K","0.87%"
"01-01-2018","211.80","212.40","212.50","211.65","2.82K","0.14%"
"29-12-2017","211.50","211.45","212.25","210.90","9.27K","-0.42%"
"28-12-2017","212.40","210.40","212.80","210.05","16.59K","0.83%"
"27-12-2017","210.65","208.75","210.95","207.90","18.16K","0.67%"
"26-12-2017","209.25","209.00","209.90","208.50","8.17K","-0.10%"
"22-12-2017","209.45","206.35","209.75","206.30","22.96K","1.13%"
"21-12-2017","207.10","205.55","207.35","205.10","20.00K","0.68%"
"20-12-2017","205.70","205.75","207.75","205.30","21.34K","0.17%"
"19-12-2017","205.35","204.55","205.65","203.00","18.70K","0.22%"
"18-12-2017","204.90","205.65","206.60","204.30","17.27K","-0.22%"
"15-12-2017","205.35","204.15","206.95","203.75","22.15K","0.22%"
"14-12-2017","204.90","203.50","205.10","202.25","19.56K","0.84%"
"13-12-2017","203.20","202.65","204.65","202.40","16.38K","-0.15%"
"12-12-2017","203.50","201.00","204.70","199.70","23.86K","0.99%"
"11-12-2017","201.50","200.00","202.60","198.55","22.80K","1.10%"
"08-12-2017","199.30","199.85","200.60","198.55","20.37K","0.20%"
"07-12-2017","198.90","201.00","201.45","198.70","23.70K","-0.48%"
"06-12-2017","199.85","200.60","202.80","199.05","24.55K","-0.67%"
"05-12-2017","201.20","205.65","206.25","200.45","27.04K","-1.78%"
"04-12-2017","204.85","209.00","209.25","204.65","20.91K","-2.45%"
"01-12-2017","210.00","203.05","211.15","203.05","26.01K","1.97%"
"30-11-2017","205.95","204.25","206.60","201.60","10.36K","0.64%"
"29-11-2017","204.65","205.00","205.75","201.70","25.58K","-0.12%"
"28-11-2017","204.90","206.35","206.35","203.40","21.85K","-1.09%"
"27-11-2017","207.15","209.70","209.70","206.50","22.39K","-1.59%"
"24-11-2017","210.50","210.45","211.75","210.15","11.95K","-0.14%"
"23-11-2017","210.80","211.35","211.55","209.75","15.50K","-0.17%"
"22-11-2017","211.15","211.05","212.00","210.50","19.51K","0.31%"
"21-11-2017","210.50","207.35","210.65","206.85","21.08K","1.35%"
"20-11-2017","207.70","207.65","208.45","205.70","23.01K","-0.50%"
"17-11-2017","208.75","207.05","209.00","206.15","21.15K","1.11%"
"16-11-2017","206.45","208.10","208.95","206.00","22.82K","-0.75%"
"15-11-2017","208.00","206.55","208.50","204.50","30.62K","0.07%"
"14-11-2017","207.85","212.80","213.00","206.40","30.72K","-2.30%"
"13-11-2017","212.75","212.60","214.35","211.60","20.62K","0.12%"
"10-11-2017","212.50","209.50","213.75","209.15","20.34K","1.34%"
"09-11-2017","209.70","208.55","210.05","206.50","25.08K","0.33%"
"08-11-2017","209.00","207.75","210.00","207.50","20.43K","0.70%"
"07-11-2017","207.55","210.35","211.40","207.35","22.80K","-1.52%"
"06-11-2017","210.75","210.05","212.25","210.00","22.06K","0.89%"
"03-11-2017","208.90","211.90","212.05","208.50","21.83K","-1.11%"
"02-11-2017","211.25","213.20","213.20","208.90","27.27K","-0.35%"
"01-11-2017","212.00","214.00","216.55","211.30","32.94K","-1.42%"
"31-10-2017","215.05","212.75","216.40","212.70","13.21K","1.25%"
"30-10-2017","212.40","211.30","212.75","210.50","17.39K","1.22%"
"27-10-2017","209.85","211.40","211.50","207.30","25.39K","-1.29%"
"26-10-2017","212.60","213.00","214.20","211.40","24.17K","-0.07%"
"25-10-2017","212.75","210.25","213.45","208.05","27.14K","0.85%"
"24-10-2017","210.95","208.55","211.45","207.60","24.74K","1.52%"
"23-10-2017","207.80","205.00","208.25","204.90","19.37K","1.49%"
"20-10-2017","204.75","205.40","207.70","203.50","10.06K","0.22%"
"19-10-2017","204.30","204.80","205.10","204.00","2.98K","-0.68%"
"18-10-2017","205.70","202.20","206.30","199.80","37.49K","2.34%"
"17-10-2017","201.00","208.10","208.65","199.20","37.72K","-3.27%"
"16-10-2017","207.80","212.40","214.65","207.60","27.87K","-2.05%"
"13-10-2017","212.15","214.20","215.65","210.60","30.52K","-1.44%"
"12-10-2017","215.25","212.10","215.85","211.25","24.29K","1.13%"
"11-10-2017","212.85","216.55","216.55","211.55","27.33K","-2.05%"
"10-10-2017","217.30","213.95","217.50","212.05","27.45K","1.12%"
"09-10-2017","214.90","214.00","215.55","213.10","22.98K","0.37%"
"06-10-2017","214.10","216.75","216.90","213.30","18.23K","-1.27%"
"05-10-2017","216.85","214.65","217.40","214.50","17.63K","0.84%"
"04-10-2017","215.05","215.70","216.60","214.30","19.75K","-0.44%"
"03-10-2017","216.00","208.90","218.80","208.90","32.47K","3.52%"
"29-09-2017","208.65","208.15","210.25","207.85","11.90K","-0.29%"
"28-09-2017","209.25","206.75","209.80","205.80","21.88K","1.06%"
"27-09-2017","207.05","206.35","208.70","204.85","22.43K","0.58%"
"26-09-2017","205.85","206.10","209.00","204.30","29.10K","-0.05%"
"25-09-2017","205.95","201.50","206.15","200.75","27.64K","2.46%"
"22-09-2017","201.00","197.45","201.35","195.90","29.88K","1.46%"
"21-09-2017","198.10","202.10","203.20","197.05","32.39K","-2.03%"
"20-09-2017","202.20","200.20","203.35","199.95","22.02K","0.75%"
"19-09-2017","200.70","200.25","200.85","197.95","22.22K","0.02%"
"18-09-2017","200.65","195.40","200.75","195.40","28.89K","2.95%"
"15-09-2017","194.90","193.45","195.20","192.05","25.53K","0.98%"
"14-09-2017","193.00","194.35","194.65","190.70","25.72K","-0.57%"
"13-09-2017","194.10","195.75","195.80","193.35","22.79K","-0.97%"
"12-09-2017","196.00","197.50","197.95","195.25","24.26K","-0.66%"
"11-09-2017","197.30","194.50","198.45","194.50","27.91K","1.88%"
"08-09-2017","193.65","200.30","200.70","193.40","32.12K","-3.46%"
"07-09-2017","200.60","199.00","201.00","196.70","25.90K","0.85%"
"06-09-2017","198.90","199.50","200.85","196.85","25.56K","-0.08%"
"05-09-2017","199.05","204.80","205.60","197.90","25.89K","-3.07%"
"04-09-2017","205.35","203.75","205.70","203.25","14.68K","0.27%"
"01-09-2017","204.80","200.75","204.95","200.25","26.91K","2.32%"
"31-08-2017","200.15","198.80","200.95","197.85","10.68K","1.44%"
"30-08-2017","197.30","199.50","201.25","196.85","21.76K","-0.80%"
"29-08-2017","198.90","197.65","199.85","197.00","22.29K","0.94%"
"28-08-2017","197.05","195.50","197.80","195.20","8.49K","0.79%"
"25-08-2017","195.50","200.05","200.40","195.05","17.26K","-1.86%"
"24-08-2017","199.20","198.60","200.70","198.20","20.50K","0.25%"
"23-08-2017","198.70","199.60","201.20","197.50","22.25K","-0.45%"
"22-08-2017","199.60","199.90","202.75","198.30","27.67K","-0.32%"
"21-08-2017","200.25","201.70","203.40","199.25","28.32K","-0.27%"
"18-08-2017","200.80","197.40","201.65","196.85","39.56K","2.66%"
"17-08-2017","195.60","200.50","201.40","195.15","29.99K","-2.05%"
"16-08-2017","199.70","187.65","200.50","187.65","49.13K","6.99%"
"14-08-2017","186.65","185.90","187.05","185.30","16.08K","0.65%"
"11-08-2017","185.45","187.00","187.45","185.05","25.15K","-1.12%"
"10-08-2017","187.55","188.20","189.25","186.05","26.62K","-0.03%"
"09-08-2017","187.60","187.20","190.20","187.10","29.54K","0.35%"
"08-08-2017","186.95","182.70","187.30","182.35","30.08K","2.02%"
"07-08-2017","183.25","178.40","184.30","178.40","29.73K","2.26%"
"04-08-2017","179.20","178.25","180.25","178.00","22.73K","0.84%"
"03-08-2017","177.70","178.50","179.90","177.60","19.70K","-0.36%"
"02-08-2017","178.35","177.50","178.45","175.65","23.28K","0.20%"
"01-08-2017","178.00","179.00","179.50","177.15","18.95K","-0.61%"
"31-07-2017","179.10","178.70","180.70","178.30","12.17K","0.62%"
"28-07-2017","178.00","179.00","179.10","176.80","22.67K","-0.78%"
"27-07-2017","179.40","180.35","181.75","178.85","21.92K","-0.47%"
"26-07-2017","180.25","183.70","184.45","180.00","28.06K","-1.82%"
"25-07-2017","183.60","179.75","184.05","179.75","34.01K","2.34%"
"24-07-2017","179.40","178.65","180.00","178.20","24.51K","1.04%"
"21-07-2017","177.55","175.75","178.90","175.75","27.20K","1.25%"
"20-07-2017","175.35","176.20","177.30","174.70","25.33K","-0.17%"
"19-07-2017","175.65","178.65","179.65","175.45","28.35K","-1.98%"
"18-07-2017","179.20","181.25","181.60","178.10","30.60K","-1.24%"
"17-07-2017","181.45","180.75","183.10","180.75","30.41K","1.20%"
"14-07-2017","179.30","180.00","180.45","177.50","30.40K","-0.50%"
"13-07-2017","180.20","182.30","183.40","180.00","25.33K","-0.80%"
"12-07-2017","181.65","182.50","185.30","181.50","30.61K","-0.41%"
"11-07-2017","182.40","179.10","182.70","178.40","28.94K","1.93%"
"10-07-2017","178.95","180.15","180.45","177.25","24.04K","-0.75%"
"07-07-2017","180.30","180.10","181.60","179.25","23.62K","-0.08%"
"06-07-2017","180.45","179.30","181.85","178.40","23.55K","0.11%"
"05-07-2017","180.25","181.30","181.90","178.15","29.58K","-0.66%"
"04-07-2017","181.45","182.10","182.20","179.60","26.87K","-0.71%"
"03-07-2017","182.75","179.90","182.85","179.30","25.88K","2.70%"
"30-06-2017","177.95","177.75","179.25","176.85","11.37K","-0.14%"
"29-06-2017","178.20","177.45","178.70","177.05","20.42K","0.82%"
"28-06-2017","176.75","177.00","178.40","175.60","23.47K","-0.45%"
"27-06-2017","177.55","174.70","177.75","174.60","21.51K","1.66%"
"26-06-2017","174.65","175.85","176.30","174.10","8.69K","0.14%"
"23-06-2017","174.40","173.15","176.85","172.90","27.10K","0.20%"
"22-06-2017","174.05","170.20","174.90","169.15","33.30K","1.90%"
"21-06-2017","170.80","164.70","171.00","164.70","31.46K","3.58%"
"20-06-2017","164.90","164.55","165.90","163.70","21.73K","-0.06%"
"19-06-2017","165.00","163.00","165.20","162.70","21.37K","1.66%"
"16-06-2017","162.30","163.00","163.65","161.60","19.11K","0.22%"
"15-06-2017","161.95","159.30","162.45","159.30","21.75K","1.86%"
"14-06-2017","159.00","159.00","160.50","158.55","20.96K","0.16%"
"13-06-2017","158.75","159.40","159.40","157.05","22.58K","-0.38%"
"12-06-2017","159.35","162.70","163.45","159.20","23.33K","-2.33%"
"09-06-2017","163.15","158.50","163.30","158.30","25.46K","3.00%"
"08-06-2017","158.40","157.55","160.10","157.45","25.75K","1.02%"
"07-06-2017","156.80","159.00","159.45","156.10","22.65K","-0.95%"
"06-06-2017","158.30","160.85","161.60","158.10","25.77K","-1.22%"
"05-06-2017","160.25","162.50","163.25","159.30","22.39K","-1.63%"
"02-06-2017","162.90","165.30","165.90","162.05","20.61K","-1.36%"
"01-06-2017","165.15","166.95","167.30","164.85","21.27K","-0.48%"
"31-05-2017","165.95","168.85","169.20","164.85","9.42K","-1.75%"
"30-05-2017","168.90","169.75","170.70","168.70","15.31K","-0.59%"
"29-05-2017","169.90","170.50","170.50","169.55","5.71K","-0.21%"
"26-05-2017","170.25","170.00","170.80","168.50","15.66K","0.41%"
"25-05-2017","169.55","170.10","171.10","168.40","21.78K","-1.02%"
"24-05-2017","171.30","172.00","172.00","169.60","18.76K","-0.72%"
"23-05-2017","172.55","171.00","172.65","170.30","22.96K","1.35%"
"22-05-2017","170.25","169.65","170.65","169.00","18.57K","0.27%"
"19-05-2017","169.80","164.15","170.35","163.80","29.44K","3.25%"
"18-05-2017","164.45","163.80","164.80","159.35","32.06K","0.06%"
"17-05-2017","164.35","163.75","165.00","163.50","16.58K","0.80%"
"16-05-2017","163.05","164.00","164.00","161.30","20.16K","-1.00%"
"15-05-2017","164.70","164.90","166.05","164.10","17.23K","0.67%"
"12-05-2017","163.60","166.15","167.65","163.35","18.76K","-1.65%"
"11-05-2017","166.35","168.30","170.00","166.05","20.14K","-0.83%"
"10-05-2017","167.75","169.05","169.55","167.10","17.10K","-0.68%"
"09-05-2017","168.90","167.15","170.70","166.45","19.00K","1.23%"
"08-05-2017","166.85","165.10","167.00","163.65","15.67K","0.09%"
"05-05-2017","166.70","164.60","166.90","163.70","17.34K","0.91%"
"04-05-2017","165.20","165.50","165.90","163.05","22.44K","0.12%"
"03-05-2017","165.00","169.00","169.00","164.85","19.85K","-3.03%"
"02-05-2017","170.15","170.05","171.50","168.80","13.45K","-0.44%"
"01-05-2017","170.90","168.50","171.20","168.50","3.47K","1.30%"
"28-04-2017","168.70","168.10","169.60","168.00","8.38K","1.02%"
"27-04-2017","167.00","167.60","168.40","165.30","14.60K","-0.74%"
"26-04-2017","168.25","167.20","168.45","166.20","16.80K","0.87%"
"25-04-2017","166.80","167.15","168.10","165.90","17.79K","-0.09%"
"24-04-2017","166.95","166.85","168.05","165.80","16.26K","0.18%"
"21-04-2017","166.65","170.05","170.90","166.40","20.84K","-1.91%"
"20-04-2017","169.90","164.10","170.20","162.40","32.56K","2.72%"
"19-04-2017","165.40","163.35","165.75","162.15","23.43K","1.78%"
"18-04-2017","162.50","168.40","168.40","161.90","28.94K","-3.56%"
"17-04-2017","168.50","167.60","169.50","167.60","8.87K","-0.06%"
"13-04-2017","168.60","168.40","169.25","165.55","26.54K","0.30%"
"12-04-2017","168.10","166.65","168.35","165.20","23.87K","1.27%"
"11-04-2017","166.00","168.25","168.40","164.85","28.37K","-1.43%"
"10-04-2017","168.40","171.50","172.80","167.95","25.87K","-2.06%"
"07-04-2017","171.95","175.95","176.15","170.55","30.38K","-2.11%"
"06-04-2017","175.65","180.90","181.15","174.95","25.56K","-2.52%"
"05-04-2017","180.20","179.00","181.75","179.00","21.43K","0.92%"
"04-04-2017","178.55","176.05","178.70","176.05","13.55K","1.80%"
"03-04-2017","175.40","178.85","181.15","175.20","26.20K","-3.09%"
"31-03-2017","181.00","182.15","183.10","180.55","8.95K","-1.36%"
"30-03-2017","183.50","184.20","185.90","182.90","18.44K","-0.54%"
"29-03-2017","184.50","182.30","185.25","181.60","20.04K","0.93%"
"28-03-2017","182.80","179.30","183.05","178.25","19.49K","1.78%"
"27-03-2017","179.60","182.80","182.80","177.15","19.76K","-2.58%"
"24-03-2017","184.35","183.05","185.00","182.30","17.81K","0.38%"
"23-03-2017","183.65","185.95","186.75","182.15","19.84K","-1.61%"
"22-03-2017","186.65","183.45","187.00","182.90","25.01K","1.50%"
"21-03-2017","183.90","185.60","187.70","183.55","24.60K","-1.21%"
"20-03-2017","186.15","188.30","188.30","185.80","18.57K","-1.19%"
"17-03-2017","188.40","185.75","188.55","184.05","24.17K","2.20%"
"16-03-2017","184.35","183.50","186.40","183.40","21.31K","0.35%"
"15-03-2017","183.70","180.95","184.15","179.45","24.49K","1.89%"
"14-03-2017","180.30","181.50","182.20","176.40","24.31K","-0.50%"
"13-03-2017","181.20","180.90","183.30","180.70","7.95K","0.67%"
"10-03-2017","180.00","178.50","182.35","177.90","23.08K","0.59%"
"09-03-2017","178.95","179.80","179.80","176.55","20.50K","-0.58%"
"08-03-2017","180.00","180.20","181.20","179.35","20.49K","0.33%"
"07-03-2017","179.40","184.75","184.75","178.70","24.71K","-1.70%"
"06-03-2017","182.50","184.90","185.60","181.40","21.73K","-1.80%"
"03-03-2017","185.85","185.85","187.90","184.75","20.29K","0.11%"
"02-03-2017","185.65","190.60","190.75","185.40","20.02K","-2.75%"
"01-03-2017","190.90","189.55","193.30","189.55","22.66K","1.46%"
"28-02-2017","188.15","188.95","189.30","187.05","7.88K","0.35%"
"27-02-2017","187.50","188.50","188.50","186.40","16.06K","-0.77%"
"24-02-2017","188.95","187.80","189.25","185.90","13.38K","1.91%"
"23-02-2017","185.40","191.25","191.25","185.00","27.36K","-3.16%"
"22-02-2017","191.45","190.85","193.45","189.60","22.88K","-0.29%"
"21-02-2017","192.00","192.45","194.15","191.30","21.54K","-0.54%"
"20-02-2017","193.05","187.00","193.40","186.35","24.47K","2.66%"
"17-02-2017","188.05","191.40","191.45","186.45","22.16K","-2.06%"
"16-02-2017","192.00","193.00","194.20","189.65","23.83K","0.26%"
"15-02-2017","191.50","194.50","195.10","191.25","19.35K","-1.03%"
"14-02-2017","193.50","196.20","198.00","191.85","25.45K","-1.02%"
"13-02-2017","195.50","197.15","198.60","195.05","20.79K","-0.46%"
"10-02-2017","196.40","189.55","196.75","189.55","32.76K","4.05%"
"09-02-2017","188.75","190.25","191.80","188.45","22.57K","-1.10%"
"08-02-2017","190.85","188.65","191.20","187.35","19.56K","1.27%"
"07-02-2017","188.45","187.25","188.80","186.05","16.94K","0.56%"
"06-02-2017","187.40","187.35","187.70","184.35","14.77K","0.32%"
"03-02-2017","186.80","190.10","190.10","185.80","20.00K","-2.17%"
"02-02-2017","190.95","193.15","193.80","190.65","13.43K","-1.29%"
"01-02-2017","193.45","193.25","194.65","191.85","15.73K","0.55%"
"31-01-2017","192.40","188.45","194.15","188.10","8.49K","1.85%"
"30-01-2017","188.90","188.20","189.15","186.85","12.75K","0.91%"
"27-01-2017","187.20","188.50","188.70","185.60","17.94K","-1.47%"
"25-01-2017","190.00","191.00","191.70","188.05","20.38K","-1.09%"
"24-01-2017","192.10","189.90","192.35","188.70","18.67K","1.29%"
"23-01-2017","189.65","188.75","190.65","188.75","15.96K","1.39%"
"20-01-2017","187.05","187.00","188.00","184.00","21.12K","-0.03%"
"19-01-2017","187.10","187.35","188.80","185.30","21.53K","-0.66%"
"18-01-2017","188.35","185.45","188.50","184.60","19.19K","2.36%"
"17-01-2017","184.00","185.40","186.45","181.50","19.68K","-1.53%"
"16-01-2017","186.85","189.20","189.70","185.00","17.61K","-1.29%"
"13-01-2017","189.30","186.00","189.70","184.10","22.60K","1.72%"
"12-01-2017","186.10","183.40","186.95","182.70","21.23K","1.36%"
"11-01-2017","183.60","184.35","187.00","182.40","22.89K","-0.84%"
"10-01-2017","185.15","182.90","187.80","182.70","24.80K","1.73%"
"09-01-2017","182.00","179.00","182.25","178.10","20.05K","2.22%"
"06-01-2017","178.05","177.00","178.30","174.60","18.60K","0.59%"
"05-01-2017","177.00","177.65","178.70","176.35","19.44K","-0.67%"
"04-01-2017","178.20","172.85","178.55","172.40","21.60K","3.51%"
"03-01-2017","172.15","173.90","175.80","171.65","20.69K","-1.03%"
"02-01-2017","173.95","174.80","174.80","173.20","2.42K","0.38%"
"30-12-2016","173.30","171.80","174.00","171.25","7.23K","1.67%"
"29-12-2016","170.45","174.70","175.55","170.15","16.05K","-3.13%"
"28-12-2016","175.95","173.50","177.25","171.55","23.24K","1.00%"
"27-12-2016","174.20","172.15","174.65","170.10","9.01K","2.08%"
"26-12-2016","170.65","173.00","173.00","166.85","7.44K","-1.81%"
"23-12-2016","173.80","176.90","177.50","173.40","17.24K","-2.30%"
"22-12-2016","177.90","175.50","178.30","172.25","22.14K","0.74%"
"21-12-2016","176.60","178.00","178.60","174.95","14.76K","-1.18%"
"20-12-2016","178.70","174.75","179.10","173.55","20.35K","1.68%"
"19-12-2016","175.75","183.40","183.95","173.85","25.57K","-4.72%"
"16-12-2016","184.45","187.65","189.95","183.00","19.85K","-2.90%"
"15-12-2016","189.95","188.95","192.20","184.70","28.31K","0.50%"
"14-12-2016","189.00","182.80","189.75","182.30","23.55K","3.31%"
"13-12-2016","182.95","183.65","186.35","181.35","19.12K","-0.54%"
"12-12-2016","183.95","181.90","184.40","180.55","9.56K","0.99%"
"09-12-2016","182.15","183.50","184.20","181.25","16.03K","0.83%"
"08-12-2016","180.65","184.95","186.45","180.00","20.55K","-1.90%"
"07-12-2016","184.15","188.40","193.00","183.35","23.36K","-3.10%"
"06-12-2016","190.05","186.70","190.50","184.75","18.32K","1.33%"
"05-12-2016","187.55","184.10","188.30","184.10","19.98K","4.02%"
"02-12-2016","180.30","184.60","185.10","180.00","22.23K","-4.27%"
"01-12-2016","188.35","186.35","189.00","184.55","24.30K","2.42%"
"30-11-2016","183.90","183.90","188.95","183.05","11.72K","-1.13%"
"29-11-2016","186.00","193.90","196.70","184.10","30.24K","-3.33%"
"28-11-2016","192.40","198.80","204.20","191.60","42.56K","-2.36%"
"25-11-2016","197.05","189.95","197.50","185.90","36.02K","5.23%"
"24-11-2016","187.25","185.60","188.25","183.60","30.33K","1.77%"
"23-11-2016","184.00","177.00","184.95","175.90","31.07K","4.01%"
"22-11-2016","176.90","176.40","178.10","175.95","22.19K","1.09%"
"21-11-2016","175.00","175.00","176.45","173.65","23.98K","1.27%"
"18-11-2016","172.80","170.45","174.80","169.30","26.04K","1.14%"
"17-11-2016","170.85","170.35","171.90","168.65","22.37K","-0.18%"
"16-11-2016","171.15","176.05","176.05","171.00","19.41K","-3.03%"
"15-11-2016","176.50","178.65","179.00","171.40","31.62K","-0.40%"
"14-11-2016","177.20","171.00","177.30","170.10","24.37K","5.92%"
"11-11-2016","167.30","168.35","178.00","166.85","47.77K","-0.51%"
"10-11-2016","168.15","166.70","169.90","166.70","28.05K","1.36%"
"09-11-2016","165.90","163.85","166.40","162.05","27.68K","0.76%"
"08-11-2016","164.65","164.65","166.50","162.50","29.57K","-0.09%"
"07-11-2016","164.80","164.25","166.70","163.50","24.22K","1.07%"
"04-11-2016","163.05","164.80","165.40","162.90","21.73K","-1.63%"
"03-11-2016","165.75","162.05","165.90","161.65","26.44K","2.28%"
"02-11-2016","162.05","163.00","163.55","161.45","23.12K","-1.58%"
"01-11-2016","164.65","165.65","165.65","162.90","21.93K","0.43%"
"31-10-2016","163.95","161.05","165.40","160.60","21.55K","2.31%"
"30-10-2016","160.25","160.10","160.40","159.95","1.02K","0.06%"
"28-10-2016","160.15","158.00","160.45","157.65","19.30K","1.65%"
"27-10-2016","157.55","156.30","157.75","155.75","17.90K","0.80%"
"26-10-2016","156.30","156.85","157.50","155.55","19.56K","-0.73%"
"25-10-2016","157.45","154.85","158.10","154.85","23.94K","1.68%"
"24-10-2016","154.85","150.95","155.00","150.55","25.64K","2.72%"
"21-10-2016","150.75","152.70","152.75","150.50","20.22K","-1.05%"
"20-10-2016","152.35","153.80","154.05","151.80","18.32K","-0.91%"
"19-10-2016","153.75","152.35","153.85","151.20","25.53K","0.92%"
"18-10-2016","152.35","151.95","153.70","151.60","24.45K","0.26%"
"17-10-2016","151.95","150.70","152.10","150.30","18.22K","0.96%"
"14-10-2016","150.50","150.20","151.25","149.10","19.08K","0.43%"
"13-10-2016","149.85","150.60","150.65","147.65","23.59K","-0.70%"
"12-10-2016","150.90","150.40","151.80","150.35","9.34K","0.57%"
"11-10-2016","150.05","153.70","153.70","149.95","13.87K","-2.94%"
"10-10-2016","154.60","156.10","156.85","154.00","19.48K","-0.32%"
"07-10-2016","155.10","155.85","156.50","154.20","19.62K","0.13%"
"06-10-2016","154.90","155.90","156.45","154.15","19.75K","-0.71%"
"05-10-2016","156.00","158.35","158.65","155.75","22.21K","-1.55%"
"04-10-2016","158.45","159.85","160.75","157.65","27.70K","-0.97%"
"03-10-2016","160.00","158.00","160.20","157.30","26.65K","0.85%"
"30-09-2016","158.65","155.55","159.30","155.55","11.48K","0.67%"
"29-09-2016","157.60","155.50","157.80","155.50","21.88K","1.68%"
"28-09-2016","155.00","153.30","155.30","153.05","23.82K","1.24%"
"27-09-2016","153.10","151.60","155.20","151.15","32.01K","0.66%"
"26-09-2016","152.10","151.05","152.20","149.45","20.86K","0.43%"
"23-09-2016","151.45","152.20","152.75","150.70","21.00K","-0.46%"
"22-09-2016","152.15","152.20","153.30","151.70","22.78K","0.46%"
"21-09-2016","151.45","153.20","153.55","151.00","23.57K","-1.43%"
"20-09-2016","153.65","150.95","153.85","150.65","25.70K","2.13%"
"19-09-2016","150.45","149.00","150.60","147.55","22.04K","1.38%"
"16-09-2016","148.40","148.55","149.60","147.35","18.74K","-0.27%"
"15-09-2016","148.80","152.10","152.45","148.70","20.36K","-1.98%"
"14-09-2016","151.80","149.55","152.80","148.70","26.21K","1.67%"
"13-09-2016","149.30","151.50","151.80","149.20","12.33K","-1.03%"
"12-09-2016","150.85","152.55","152.55","150.50","19.03K","-1.44%"
"09-09-2016","153.05","153.90","153.95","152.50","20.48K","-0.55%"
"08-09-2016","153.90","154.25","154.35","152.20","25.15K","-0.06%"
"07-09-2016","154.00","154.25","155.65","153.90","22.10K","0.26%"
"06-09-2016","153.60","156.00","156.50","153.35","23.21K","-2.07%"
"05-09-2016","156.85","157.30","157.50","156.75","6.52K","-0.44%"
"02-09-2016","157.55","156.90","157.85","156.30","23.41K","0.57%"
"01-09-2016","156.65","155.65","156.80","155.55","22.09K","0.71%"
"31-08-2016","155.55","155.20","156.20","154.25","13.26K","-0.03%"
"30-08-2016","155.60","155.20","155.75","153.90","25.12K","-0.29%"
"29-08-2016","156.05","156.45","156.45","155.60","7.24K","0.19%"
"26-08-2016","155.75","155.00","156.10","154.65","26.61K","0.94%"
"25-08-2016","154.30","153.35","154.35","152.45","24.05K","0.59%"
"24-08-2016","153.40","154.50","155.35","152.60","24.97K","-0.87%"
"23-08-2016","154.75","154.25","154.80","153.80","19.54K","0.58%"
"22-08-2016","153.85","153.40","153.95","152.50","20.76K","-0.03%"
"19-08-2016","153.90","153.20","154.15","152.30","19.86K","0.23%"
"18-08-2016","153.55","153.30","154.30","152.50","21.57K","0.82%"
"17-08-2016","152.30","150.90","152.40","150.05","19.18K","0.89%"
"16-08-2016","150.95","150.20","151.80","149.95","20.62K","0.87%"
"12-08-2016","149.65","151.70","152.05","149.15","25.65K","-1.71%"
"11-08-2016","152.25","153.20","153.30","151.35","21.50K","-0.33%"
"10-08-2016","152.75","152.10","154.15","151.90","34.67K","0.49%"
"09-08-2016","152.00","152.20","152.55","151.15","19.15K","-0.36%"
"08-08-2016","152.55","152.20","152.90","151.80","15.40K","0.63%"
"05-08-2016","151.60","151.50","152.00","151.10","18.20K","0.30%"
"04-08-2016","151.15","152.30","152.45","150.55","22.42K","-1.02%"
"03-08-2016","152.70","151.70","152.80","150.65","26.36K","0.43%"
"02-08-2016","152.05","151.50","153.35","151.40","22.75K","0.40%"
"01-08-2016","151.45","151.00","152.35","150.70","24.32K","1.68%"
"29-07-2016","148.95","147.60","150.40","146.45","13.17K","0.81%"
"28-07-2016","147.75","145.80","148.00","145.65","25.10K","1.51%"
"27-07-2016","145.55","149.60","149.90","145.40","33.29K","-3.13%"
"26-07-2016","150.25","151.70","151.70","149.00","27.39K","-1.12%"
"25-07-2016","151.95","151.65","152.50","151.05","22.44K","0.56%"
"22-07-2016","151.10","150.25","152.00","150.10","28.87K","0.10%"
"21-07-2016","150.95","150.70","153.30","150.15","36.74K","0.27%"
"20-07-2016","150.55","150.15","150.90","148.65","32.64K","0.07%"
"19-07-2016","150.45","149.50","150.55","148.55","29.20K","0.94%"
"18-07-2016","149.05","147.05","149.20","146.85","24.85K","0.74%"
"15-07-2016","147.95","146.70","149.30","146.70","27.39K","1.06%"
"14-07-2016","146.40","145.80","147.35","145.35","21.47K","0.41%"
"13-07-2016","145.80","147.70","148.20","145.45","19.80K","-0.61%"
"12-07-2016","146.70","143.75","147.35","143.45","28.44K","2.52%"
"11-07-2016","143.10","144.35","145.20","142.80","16.85K","-0.56%"
"08-07-2016","143.90","141.30","144.30","141.05","25.44K","1.88%"
"07-07-2016","141.25","142.55","143.20","141.00","21.33K","-0.95%"
"06-07-2016","142.60","141.50","142.80","139.55","16.51K","0.21%"
"05-07-2016","142.30","141.85","143.60","141.35","24.15K","-0.11%"
"04-07-2016","142.45","144.30","145.40","141.85","25.98K","-1.32%"
"01-07-2016","144.35","142.80","145.90","142.05","29.08K","1.58%"
"30-06-2016","142.10","141.35","142.65","140.60","14.10K","1.00%"
"29-06-2016","140.70","140.55","140.95","139.05","23.41K","-0.11%"
"28-06-2016","140.85","136.30","141.10","136.30","34.02K","3.80%"
"27-06-2016","135.70","136.55","137.05","135.50","22.02K","-1.02%"
"24-06-2016","137.10","136.25","137.30","134.20","25.45K","-0.11%"
"23-06-2016","137.25","137.15","138.00","136.00","23.78K","-0.40%"
"22-06-2016","137.80","137.90","138.65","136.90","22.31K","0.25%"
"21-06-2016","137.45","135.70","137.70","134.55","27.18K","1.03%"
"20-06-2016","136.05","133.90","136.25","132.60","23.84K","2.60%"
"17-06-2016","132.60","134.45","135.90","132.10","32.36K","-1.08%"
"16-06-2016","134.05","135.85","136.45","133.70","27.29K","-1.83%"
"15-06-2016","136.55","135.05","137.90","134.45","27.67K","0.85%"
"14-06-2016","135.40","138.55","138.55","135.05","27.82K","-2.87%"
"13-06-2016","139.40","138.55","139.55","137.90","23.09K","0.00%"
"10-06-2016","139.40","138.25","139.55","137.00","30.51K","0.94%"
"09-06-2016","138.10","138.25","139.80","135.50","38.64K","0.47%"
"08-06-2016","137.45","133.15","138.00","133.15","35.79K","3.38%"
"07-06-2016","132.95","134.95","135.50","132.30","29.67K","-1.81%"
"06-06-2016","135.40","134.65","136.20","134.55","23.42K","1.31%"
"03-06-2016","133.65","132.30","135.15","132.20","27.00K","0.49%"
"02-06-2016","133.00","133.40","134.80","132.60","28.70K","-0.04%"
"01-06-2016","133.05","128.50","133.65","127.75","33.85K","2.82%"
"31-05-2016","129.40","127.85","129.90","127.60","11.68K","1.29%"
"30-05-2016","127.75","127.75","128.40","127.45","4.93K","0.04%"
"27-05-2016","127.70","126.45","127.95","126.35","20.80K","1.51%"
"26-05-2016","125.80","124.15","126.45","124.15","22.07K","1.74%"
"25-05-2016","123.65","123.45","124.20","122.55","18.47K","-0.04%"
"24-05-2016","123.70","123.55","124.40","122.40","22.03K","0.04%"
"23-05-2016","123.65","125.20","125.55","123.30","21.72K","-1.47%"
"20-05-2016","125.50","125.35","127.10","125.25","17.88K","0.12%"
"19-05-2016","125.35","125.80","125.85","124.30","19.53K","-0.83%"
"18-05-2016","126.40","125.75","126.50","124.90","18.70K","-0.12%"
"17-05-2016","126.55","126.15","126.80","125.35","16.41K","0.12%"
"16-05-2016","126.40","126.40","126.85","125.15","16.75K","-0.08%"
"13-05-2016","126.50","125.75","126.65","124.65","20.46K","1.32%"
"12-05-2016","124.85","126.60","128.40","123.95","30.49K","-1.62%"
"11-05-2016","126.90","123.90","127.25","123.90","27.70K","2.92%"
"10-05-2016","123.30","122.85","123.75","122.75","17.29K","0.98%"
"09-05-2016","122.10","124.40","124.80","121.95","25.91K","-2.75%"
"06-05-2016","125.55","123.85","125.90","123.40","22.32K","1.33%"
"05-05-2016","123.90","125.15","125.40","123.20","24.44K","-1.47%"
"04-05-2016","125.75","125.80","126.45","124.75","20.63K","-0.28%"
"03-05-2016","126.10","128.45","128.55","125.70","26.10K","-1.91%"
"02-05-2016","128.55","130.00","130.00","128.30","7.76K","-0.39%"
"29-04-2016","129.05","127.90","129.25","127.60","11.15K","1.89%"
"28-04-2016","126.65","124.90","127.00","124.25","17.95K","1.28%"
"27-04-2016","125.05","125.75","126.40","124.35","23.17K","-0.56%"
"26-04-2016","125.75","124.35","125.85","123.60","20.74K","0.84%"
"25-04-2016","124.70","126.60","127.25","124.45","25.16K","-1.81%"
"22-04-2016","127.00","126.05","129.15","125.35","22.45K","0.79%"
"21-04-2016","126.00","126.75","128.95","124.95","30.96K","-0.59%"
"20-04-2016","126.75","126.50","127.90","126.00","20.99K","-0.43%"
"19-04-2016","127.30","125.30","127.40","125.15","15.59K","1.80%"
"18-04-2016","125.05","124.35","126.60","123.55","27.18K","0.60%"
"15-04-2016","124.30","123.90","124.80","122.85","15.92K","0.61%"
"14-04-2016","123.55","124.25","125.15","122.85","12.76K","-0.72%"
"13-04-2016","124.45","122.15","125.90","122.10","28.95K","1.72%"
"12-04-2016","122.35","116.70","122.50","116.40","32.21K","4.84%"
"11-04-2016","116.70","117.45","118.40","116.10","19.20K","-0.43%"
"08-04-2016","117.20","116.95","117.85","116.00","22.71K","0.43%"
"07-04-2016","116.70","119.45","119.65","116.20","26.57K","-2.30%"
"06-04-2016","119.45","120.45","120.90","118.80","22.46K","-0.79%"
"05-04-2016","120.40","122.10","122.10","119.85","23.02K","-1.67%"
"04-04-2016","122.45","123.00","123.50","121.95","20.58K","-0.69%"
"01-04-2016","123.30","119.80","123.85","119.80","28.63K","4.27%"
"31-03-2016","118.25","118.35","118.65","117.25","7.24K","-0.25%"
"30-03-2016","118.55","119.55","119.60","117.30","18.04K","0.08%"
"29-03-2016","118.45","119.60","119.90","117.00","24.41K","-1.09%"
"28-03-2016","119.75","119.40","120.10","119.20","5.74K","0.08%"
"24-03-2016","119.65","121.45","121.45","118.85","9.95K","-2.09%"
"23-03-2016","122.20","123.70","124.15","121.50","17.61K","-1.53%"
"22-03-2016","124.10","123.60","124.45","122.80","21.26K","-0.08%"
"21-03-2016","124.20","123.00","124.40","120.80","26.64K","1.43%"
"18-03-2016","122.45","122.65","123.30","121.50","28.45K","0.12%"
"17-03-2016","122.30","119.30","122.40","119.00","26.67K","3.16%"
"16-03-2016","118.55","117.55","118.80","116.90","20.79K","0.81%"
"15-03-2016","117.60","119.65","119.95","117.10","21.44K","-1.55%"
"14-03-2016","119.45","121.30","121.85","119.15","18.41K","-1.24%"
"11-03-2016","120.95","119.85","121.65","119.70","16.79K","1.60%"
"10-03-2016","119.05","120.65","121.35","118.75","24.01K","-1.49%"
"09-03-2016","120.85","118.40","121.90","118.40","25.39K","1.77%"
"08-03-2016","118.75","120.60","122.80","118.35","25.05K","-2.14%"
"07-03-2016","121.35","123.10","124.10","121.00","12.48K","-1.54%"
"04-03-2016","123.25","123.55","124.50","122.85","22.72K","-0.48%"
"03-03-2016","123.85","121.70","124.00","121.70","18.69K","1.14%"
"02-03-2016","122.45","121.50","122.85","121.30","19.44K","1.11%"
"01-03-2016","121.10","120.30","121.45","118.95","18.78K","-1.06%"
"29-02-2016","122.40","120.75","122.55","119.60","8.04K","1.24%"
"26-02-2016","120.90","119.45","122.10","119.15","20.58K","1.68%"
"25-02-2016","118.90","121.35","122.10","118.75","24.19K","-1.69%"
"24-02-2016","120.95","118.70","121.50","117.55","22.52K","1.55%"
"23-02-2016","119.10","121.75","121.75","118.65","23.54K","-2.70%"
"22-02-2016","122.40","119.50","122.60","119.50","20.22K","2.00%"
"19-02-2016","120.00","117.20","120.35","117.20","21.35K","2.56%"
"18-02-2016","117.00","113.75","117.25","113.05","21.07K","2.95%"
"17-02-2016","113.65","113.35","114.15","112.05","20.76K","-0.13%"
"16-02-2016","113.80","115.35","116.20","113.30","20.97K","-0.74%"
"15-02-2016","114.65","116.35","116.95","114.45","13.81K","-1.08%"
"12-02-2016","115.90","117.30","117.75","115.70","11.61K","-0.86%"
"11-02-2016","116.90","115.95","118.20","115.40","20.47K","0.82%"
"10-02-2016","115.95","114.30","116.85","113.30","27.66K","1.22%"
"09-02-2016","114.55","118.00","120.05","111.80","36.29K","-2.92%"
"08-02-2016","118.00","113.35","118.20","112.75","26.73K","3.92%"
"05-02-2016","113.55","115.75","116.25","112.95","24.66K","-2.32%"
"04-02-2016","116.25","116.00","117.40","114.95","21.79K","0.74%"
"03-02-2016","115.40","114.35","115.75","113.85","20.90K","1.76%"
"02-02-2016","113.40","111.70","114.80","111.50","27.78K","0.71%"
"01-02-2016","112.60","109.30","112.75","108.15","21.86K","3.11%"
"29-01-2016","109.20","107.60","109.60","107.15","8.44K","1.58%"
"28-01-2016","107.50","109.25","109.45","107.25","21.99K","-2.27%"
"27-01-2016","110.00","103.45","110.10","103.45","31.98K","6.64%"
"25-01-2016","103.15","101.60","103.25","101.35","20.85K","1.13%"
"22-01-2016","102.00","102.05","103.80","101.65","23.93K","-0.29%"
"21-01-2016","102.30","101.40","102.50","99.05","25.25K","1.59%"
"20-01-2016","100.70","101.50","101.95","100.55","21.15K","-1.18%"
"19-01-2016","101.90","101.70","103.00","101.60","24.58K","0.79%"
"18-01-2016","101.10","101.05","101.65","100.30","15.06K","0.95%"
"15-01-2016","100.15","101.20","101.20","99.50","18.07K","-1.57%"
"14-01-2016","101.75","99.80","101.95","99.65","20.22K","2.62%"
"13-01-2016","99.15","98.20","99.60","97.95","21.96K","1.33%"
"12-01-2016","97.85","98.05","98.65","96.65","20.87K","-0.20%"
"11-01-2016","98.05","100.70","100.70","97.80","20.72K","-2.68%"
"08-01-2016","100.75","99.60","101.25","99.40","23.91K","1.31%"
"07-01-2016","99.45","102.10","102.10","98.15","31.33K","-3.45%"
"06-01-2016","103.00","104.05","104.05","102.25","19.60K","-1.29%"
"05-01-2016","104.35","104.45","105.70","103.65","22.59K","-0.14%"
"04-01-2016","104.50","105.70","105.90","103.30","22.19K","-1.97%"
"01-01-2016","106.60","105.95","107.40","105.40","5.59K","0.24%"
"31-12-2015","106.35","106.75","107.45","105.95","8.64K","-0.84%"
"30-12-2015","107.25","104.85","107.35","104.25","21.36K","2.00%"
"29-12-2015","105.15","101.45","106.15","101.10","28.96K","4.21%"
"28-12-2015","100.90","101.05","101.40","100.35","7.49K","-0.25%"
"24-12-2015","101.15","102.40","103.25","101.00","11.82K","-0.93%"
"23-12-2015","102.10","100.90","102.25","100.40","21.64K","2.20%"
"22-12-2015","99.90","100.45","100.90","99.60","16.12K","-1.04%"
"21-12-2015","100.95","99.75","101.45","99.75","17.00K","1.20%"
"18-12-2015","99.75","98.65","100.30","98.45","25.05K","1.32%"
"17-12-2015","98.45","100.40","100.40","97.60","24.72K","-2.14%"
"16-12-2015","100.60","100.55","100.85","98.65","25.33K","0.45%"
"15-12-2015","100.15","102.90","103.05","100.00","23.26K","-3.00%"
"14-12-2015","103.25","104.35","104.50","102.60","17.90K","-0.34%"
"11-12-2015","103.60","102.40","104.35","102.20","22.86K","1.57%"
"10-12-2015","102.00","101.90","102.25","101.05","16.87K","-0.24%"
"09-12-2015","102.25","102.15","103.65","101.75","20.01K","0.20%"
"08-12-2015","102.05","101.35","102.40","100.10","20.04K","1.04%"
"07-12-2015","101.00","103.50","104.60","100.80","20.55K","-2.08%"
"04-12-2015","103.15","102.55","104.40","102.15","27.07K","0.98%"
"03-12-2015","102.15","102.55","103.10","101.10","25.70K","-0.92%"
"02-12-2015","103.10","104.65","104.70","103.00","25.85K","-2.00%"
"01-12-2015","105.20","104.45","105.45","102.90","20.92K","2.04%"
"30-11-2015","103.10","102.20","103.50","101.90","10.43K","0.54%"
"27-11-2015","102.55","105.15","105.40","101.90","25.23K","-3.62%"
"26-11-2015","106.40","104.55","108.00","104.55","29.34K","2.55%"
"25-11-2015","103.75","103.80","104.60","103.05","13.07K","-0.77%"
"24-11-2015","104.55","101.85","105.45","101.65","34.11K","2.50%"
"23-11-2015","102.00","100.90","102.15","98.65","28.67K","0.29%"
"20-11-2015","101.70","100.70","106.45","100.70","46.00K","1.24%"
"19-11-2015","100.45","99.25","100.65","97.90","29.56K","0.60%"
"18-11-2015","99.85","100.80","101.90","99.40","23.57K","-1.53%"
"17-11-2015","101.40","103.35","104.25","101.30","22.07K","-2.31%"
"16-11-2015","103.80","106.55","107.00","103.60","19.25K","-2.72%"
"13-11-2015","106.70","106.00","107.15","105.15","12.39K","0.52%"
"12-11-2015","106.15","105.30","106.60","104.65","12.76K","1.68%"
"11-11-2015","104.40","104.60","104.90","104.15","3.08K","-1.42%"
"10-11-2015","105.90","108.10","108.10","104.30","25.09K","-2.44%"
"09-11-2015","108.55","110.25","110.45","108.40","12.73K","-0.96%"
"06-11-2015","109.60","108.75","109.80","108.05","18.78K","0.78%"
"05-11-2015","108.75","109.80","109.80","108.20","16.73K","-0.41%"
"04-11-2015","109.20","111.00","111.85","109.05","19.31K","-1.22%"
"03-11-2015","110.55","110.70","111.20","109.65","14.74K","0.14%"
"02-11-2015","110.40","111.75","112.25","110.15","14.11K","1.24%"
"30-10-2015","109.05","110.55","110.55","108.70","7.84K","-1.53%"
"29-10-2015","110.75","112.00","112.55","110.60","13.55K","-1.16%"
"28-10-2015","112.05","112.20","112.75","110.95","14.60K","-0.31%"
"27-10-2015","112.40","112.25","113.20","111.90","12.24K","0.45%"
"26-10-2015","111.90","113.10","113.80","111.70","14.98K","-1.10%"
"23-10-2015","113.15","112.55","115.30","111.70","22.23K","0.40%"
"22-10-2015","112.70","111.30","114.10","111.30","10.15K","1.26%"
"21-10-2015","111.30","114.05","114.50","110.85","19.89K","-2.41%"
"20-10-2015","114.05","114.30","114.85","113.50","16.73K","-1.08%"
"19-10-2015","115.30","116.25","116.30","114.30","15.69K","-0.60%"
"16-10-2015","116.00","117.05","117.50","115.80","14.93K","-1.07%"
"15-10-2015","117.25","117.45","118.30","116.60","16.55K","-0.34%"
"14-10-2015","117.65","117.20","118.30","116.40","17.79K","0.21%"
"13-10-2015","117.40","117.80","118.80","116.55","23.65K","-0.72%"
"12-10-2015","118.25","118.45","121.25","118.10","29.41K","-0.76%"
"09-10-2015","119.15","109.30","120.75","109.30","69.61K","9.82%"
"08-10-2015","108.50","110.00","110.00","108.15","22.65K","-1.32%"
"07-10-2015","109.95","108.20","111.60","108.05","25.42K","1.90%"
"06-10-2015","107.90","108.70","109.20","107.45","22.12K","-0.32%"
"05-10-2015","108.25","111.55","112.10","108.15","21.11K","-2.17%"
"01-10-2015","110.65","111.55","113.00","110.05","21.88K","1.37%"
"30-09-2015","109.15","108.60","110.20","108.25","12.42K","0.37%"
"29-09-2015","108.75","107.00","108.85","106.15","21.08K","0.97%"
"28-09-2015","107.70","107.65","108.50","105.20","23.33K","0.56%"
"25-09-2015","107.10","109.60","109.60","106.95","14.10K","-2.81%"
"24-09-2015","110.20","108.60","111.10","108.20","24.84K","1.99%"
"23-09-2015","108.05","106.65","110.15","106.65","29.40K","1.60%"
"22-09-2015","106.35","107.85","108.10","106.25","23.93K","-1.62%"
"21-09-2015","108.10","109.45","109.60","107.85","22.72K","-1.73%"
"18-09-2015","110.00","113.85","114.70","109.80","30.59K","-3.51%"
"17-09-2015","114.00","114.15","114.95","112.75","13.81K","-0.87%"
"16-09-2015","115.00","114.75","115.75","113.90","27.34K","-0.17%"
"15-09-2015","115.20","116.75","116.90","112.80","32.76K","-0.60%"
"14-09-2015","115.90","120.00","120.25","115.60","24.25K","-3.98%"
"11-09-2015","120.70","120.90","121.40","119.60","15.51K","0.08%"
"10-09-2015","120.60","120.85","122.10","120.15","23.06K","-0.33%"
"09-09-2015","121.00","121.65","122.70","120.65","19.12K","-0.12%"
"08-09-2015","121.15","118.55","121.40","117.65","23.30K","2.06%"
"07-09-2015","118.70","120.10","121.05","118.60","16.03K","-0.75%"
"04-09-2015","119.60","120.20","120.40","118.95","14.05K","-0.62%"
"03-09-2015","120.35","121.25","122.35","120.15","18.93K","-0.54%"
"02-09-2015","121.00","120.20","121.60","119.05","21.30K","0.37%"
"01-09-2015","120.55","120.90","122.25","119.55","21.45K","-0.58%"
"31-08-2015","121.25","120.25","121.50","120.15","7.53K","2.11%"
"28-08-2015","118.75","116.20","119.50","116.20","12.41K","2.68%"
"27-08-2015","115.65","111.80","116.40","111.25","27.12K","4.10%"
"26-08-2015","111.10","114.40","114.70","110.60","26.21K","-3.31%"
"25-08-2015","114.90","114.60","115.90","113.35","20.55K","0.00%"
"24-08-2015","114.90","115.90","116.25","113.60","28.04K","-1.79%"
"21-08-2015","117.00","119.10","119.70","116.35","23.77K","-1.60%"
"20-08-2015","118.90","116.80","120.15","116.55","23.59K","1.84%"
"19-08-2015","116.75","115.90","117.15","115.20","21.06K","0.91%"
"18-08-2015","115.70","118.85","119.10","115.50","23.74K","-2.49%"
"17-08-2015","118.65","119.20","120.00","118.40","16.78K","-0.63%"
"14-08-2015","119.40","119.65","120.40","118.55","16.49K","-0.29%"
"13-08-2015","119.75","118.50","120.65","118.00","20.31K","0.29%"
"12-08-2015","119.40","115.85","119.55","113.40","33.89K","2.80%"
"11-08-2015","116.15","120.10","120.15","115.95","32.27K","-3.85%"
"10-08-2015","120.80","118.95","121.45","118.80","22.30K","1.94%"
"07-08-2015","118.50","118.95","119.85","117.80","22.68K","-0.38%"
"06-08-2015","118.95","121.15","121.35","118.85","19.53K","-1.45%"
"05-08-2015","120.70","122.45","123.05","120.55","19.99K","-1.35%"
"04-08-2015","122.35","121.80","123.65","121.15","21.51K","0.25%"
"03-08-2015","122.05","123.15","123.15","120.85","17.09K","-1.05%"
"31-07-2015","123.35","124.95","125.20","122.85","8.37K","-1.36%"
"30-07-2015","125.05","126.15","126.35","124.65","17.85K","-0.64%"
"29-07-2015","125.85","126.85","127.60","125.70","18.86K","-0.71%"
"28-07-2015","126.75","124.10","126.95","123.70","23.04K","2.47%"
"27-07-2015","123.70","124.95","124.95","123.40","15.95K","-1.36%"
"24-07-2015","125.40","126.65","126.85","124.80","17.75K","-0.75%"
"23-07-2015","126.35","127.35","128.40","126.25","16.87K","-0.71%"
"22-07-2015","127.25","129.35","129.35","126.85","15.69K","-1.70%"
"21-07-2015","129.45","130.30","131.20","129.35","14.02K","-0.80%"
"20-07-2015","130.50","130.20","130.65","129.25","13.21K","-0.19%"
"17-07-2015","130.75","131.10","132.25","130.55","15.26K","-0.42%"
"16-07-2015","131.30","132.35","133.15","130.95","18.13K","-0.64%"
"15-07-2015","132.15","130.90","134.15","130.65","25.96K","1.15%"
"14-07-2015","130.65","130.75","130.90","128.40","17.77K","0.11%"
"13-07-2015","130.50","127.05","130.70","126.20","20.02K","2.31%"
"10-07-2015","127.55","128.10","128.50","126.50","16.72K","-0.04%"
"09-07-2015","127.60","126.40","128.00","125.75","19.83K","1.47%"
"08-07-2015","125.75","123.45","126.25","121.30","29.82K","1.21%"
"07-07-2015","124.25","128.00","128.10","122.60","28.46K","-2.70%"
"06-07-2015","127.70","127.75","127.95","125.85","18.93K","-0.58%"
"03-07-2015","128.45","128.90","129.25","127.75","11.32K","-0.12%"
"02-07-2015","128.60","130.55","130.95","128.50","18.72K","-1.49%"
"01-07-2015","130.55","127.70","131.15","127.05","24.13K","2.96%"
"30-06-2015","126.80","128.35","128.45","124.95","8.56K","-1.40%"
"29-06-2015","128.60","129.00","129.40","127.90","11.53K","-0.12%"
"26-06-2015","128.75","129.45","129.60","128.40","12.88K","-0.46%"
"25-06-2015","129.35","129.80","129.90","128.80","14.00K","-0.15%"
"24-06-2015","129.55","130.70","131.55","129.30","15.30K","-0.61%"
"23-06-2015","130.35","129.30","130.75","128.40","18.12K","1.16%"
"22-06-2015","128.85","130.05","130.20","128.25","12.80K","-0.88%"
"19-06-2015","130.00","131.40","131.65","129.50","13.91K","-0.88%"
"18-06-2015","131.15","133.35","133.75","131.10","16.20K","-1.72%"
"17-06-2015","133.45","134.15","134.40","132.80","17.67K","-0.52%"
"16-06-2015","134.15","135.25","135.65","133.65","17.45K","-0.67%"
"15-06-2015","135.05","136.10","136.10","133.90","15.86K","-0.92%"
"12-06-2015","136.30","135.85","136.50","134.30","16.47K","0.07%"
"11-06-2015","136.20","137.15","137.60","135.10","17.01K","-0.62%"
"10-06-2015","137.05","138.65","139.90","136.60","18.02K","-1.19%"
"09-06-2015","138.70","137.45","139.70","137.30","16.16K","1.02%"
"08-06-2015","137.30","137.20","137.85","136.40","13.10K","0.15%"
"05-06-2015","137.10","137.00","138.20","135.40","17.08K","-0.04%"
"04-06-2015","137.15","139.50","139.50","137.10","13.09K","-1.68%"
"03-06-2015","139.50","138.20","139.60","137.40","13.46K","1.05%"
"02-06-2015","138.05","137.95","139.30","136.85","17.31K","0.44%"
"01-06-2015","137.45","139.50","140.10","136.85","13.64K","-2.55%"
"29-05-2015","141.05","142.65","143.55","140.65","7.14K","-1.05%"
"28-05-2015","142.55","140.50","142.75","140.00","16.44K","1.75%"
"27-05-2015","140.10","139.80","140.45","138.40","11.90K","0.47%"
"26-05-2015","139.45","138.35","140.10","138.35","12.86K","1.12%"
"25-05-2015","137.90","138.05","138.35","137.40","5.56K","-0.07%"
"22-05-2015","138.00","140.10","140.65","137.30","14.20K","-1.22%"
"21-05-2015","139.70","140.50","141.55","138.55","18.96K","-0.32%"
"20-05-2015","140.15","142.35","142.40","139.85","17.98K","-1.79%"
"19-05-2015","142.70","145.70","146.00","142.35","15.72K","-2.03%"
"18-05-2015","145.65","145.75","147.00","144.95","14.03K","0.07%"
"15-05-2015","145.55","146.70","147.60","144.40","14.55K","-0.68%"
"14-05-2015","146.55","149.85","150.70","146.30","16.75K","-2.43%"
"13-05-2015","150.20","151.35","153.20","149.30","19.68K","-1.12%"
"12-05-2015","151.90","148.30","152.05","147.30","23.46K","2.74%"
"11-05-2015","147.85","150.50","151.90","147.65","19.45K","-1.89%"
"08-05-2015","150.70","152.15","153.50","150.35","16.42K","-1.41%"
"07-05-2015","152.85","150.95","153.65","150.20","18.04K","0.89%"
"06-05-2015","151.50","153.25","154.35","150.85","21.31K","-1.24%"
"05-05-2015","153.40","149.95","153.85","148.85","20.76K","2.16%"
"04-05-2015","150.15","150.50","150.80","149.75","4.83K","-0.27%"
"01-05-2015","150.55","150.05","150.75","148.75","8.26K","0.43%"
"30-04-2015","149.90","147.10","150.25","147.10","8.12K","1.77%"
"29-04-2015","147.30","146.00","147.50","144.40","12.01K","1.13%"
"28-04-2015","145.65","145.60","146.40","144.80","11.80K","-0.31%"
"27-04-2015","146.10","143.30","146.65","143.30","15.75K","2.10%"
"24-04-2015","143.10","140.45","143.45","140.45","14.58K","1.67%"
"23-04-2015","140.75","140.75","141.35","139.55","14.70K","-0.07%"
"22-04-2015","140.85","138.95","141.15","138.95","15.90K","1.37%"
"21-04-2015","138.95","137.90","139.10","136.70","12.27K","0.72%"
"20-04-2015","137.95","138.80","140.40","137.50","16.89K","-0.43%"
"17-04-2015","138.55","138.70","139.75","138.15","11.88K","-0.25%"
"16-04-2015","138.90","137.55","139.40","137.40","11.96K","0.98%"
"15-04-2015","137.55","136.65","137.85","136.15","11.30K","0.55%"
"14-04-2015","136.80","136.70","136.95","135.80","5.84K","-0.36%"
"13-04-2015","137.30","137.25","138.85","136.90","13.87K","-0.11%"
"10-04-2015","137.45","135.80","137.85","135.75","11.98K","1.33%"
"09-04-2015","135.65","134.15","135.80","133.35","10.09K","1.04%"
"08-04-2015","134.25","133.50","134.50","133.30","8.35K","0.22%"
"07-04-2015","133.95","132.65","134.45","132.65","10.34K","1.02%"
"06-04-2015","132.60","132.50","134.50","132.10","5.00K","0.11%"
"02-04-2015","132.45","130.90","132.80","130.80","7.28K","1.38%"
"01-04-2015","130.65","130.25","131.20","128.85","10.73K","0.38%"
"31-03-2015","130.15","130.25","131.50","129.85","5.08K","-0.80%"
"30-03-2015","131.20","129.90","131.35","129.40","8.53K","0.77%"
"27-03-2015","130.20","130.10","130.30","129.00","9.56K","-0.53%"
"26-03-2015","130.90","130.00","132.80","129.95","13.03K","0.85%"
"25-03-2015","129.80","129.30","129.90","128.55","8.47K","0.04%"
"24-03-2015","129.75","128.80","130.25","128.30","11.66K","0.15%"
"23-03-2015","129.55","127.70","129.90","127.40","11.80K","1.25%"
"20-03-2015","127.95","125.80","128.35","125.55","11.29K","1.43%"
"19-03-2015","126.15","125.05","126.25","124.85","9.22K","1.28%"
"18-03-2015","124.55","126.35","126.45","124.30","10.26K","-1.70%"
"17-03-2015","126.70","125.90","127.05","125.25","9.36K","0.48%"
"16-03-2015","126.10","127.45","127.55","125.90","8.25K","-0.86%"
"14-03-2015","127.20","127.20","127.20","127.20","","0.20%"
"13-03-2015","126.95","125.90","127.25","125.90","8.73K","1.03%"
"12-03-2015","125.65","125.20","126.55","124.85","10.39K","0.32%"
"11-03-2015","125.25","127.00","127.55","125.10","11.80K","-1.11%"
"10-03-2015","126.65","127.85","127.95","126.45","8.06K","-1.29%"
"09-03-2015","128.30","126.65","128.45","126.50","8.93K","1.26%"
"06-03-2015","126.70","125.75","127.10","125.50","3.87K","0.56%"
"05-03-2015","126.00","126.50","127.05","125.85","8.31K","-0.47%"
"04-03-2015","126.60","125.75","127.15","125.50","11.08K","0.80%"
"03-03-2015","125.60","127.15","127.35","125.50","8.79K","-1.22%"
"02-03-2015","127.15","128.25","128.90","127.05","8.96K","-0.43%"
"28-02-2015","127.70","127.40","128.00","126.55","1.58K","0.55%"
"27-02-2015","127.00","127.10","127.55","126.10","3.97K","-0.27%"
"26-02-2015","127.35","127.70","128.90","127.05","10.09K","0.39%"
"25-02-2015","126.85","128.75","129.25","126.60","12.49K","-1.05%"
"24-02-2015","128.20","127.00","128.70","126.40","10.09K","1.22%"
"23-02-2015","126.65","127.75","127.90","126.35","7.88K","-0.20%"
"21-02-2015","126.90","126.90","126.90","126.90","","0.00%"
"20-02-2015","126.90","129.00","129.35","126.65","10.69K","-1.44%"
"19-02-2015","128.75","129.15","129.80","128.35","8.42K","-0.54%"
"18-02-2015","129.45","130.20","131.40","129.25","14.36K","-0.77%"
"17-02-2015","130.45","133.40","133.40","130.35","8.93K","-2.36%"
"16-02-2015","133.60","133.40","134.30","133.30","7.68K","0.04%"
"13-02-2015","133.55","132.90","134.25","132.90","11.95K","0.38%"
"12-02-2015","133.05","131.85","133.60","131.85","11.38K","0.72%"
"11-02-2015","132.10","131.90","133.15","131.45","13.86K","0.19%"
"10-02-2015","131.85","133.65","133.80","131.75","12.56K","-1.53%"
"09-02-2015","133.90","133.65","134.85","133.35","8.79K","0.00%"
"06-02-2015","133.90","132.55","134.00","132.25","13.04K","1.06%"
"05-02-2015","132.50","132.20","132.70","130.80","10.15K","0.04%"
"04-02-2015","132.45","133.00","133.60","132.10","12.03K","-0.71%"
"03-02-2015","133.40","131.80","133.80","131.80","12.21K","1.48%"
"02-02-2015","131.45","131.70","132.30","130.90","9.24K","0.88%"
"30-01-2015","130.30","128.90","130.55","128.10","5.38K","0.89%"
"29-01-2015","129.15","129.50","129.70","127.85","12.06K","-0.31%"
"28-01-2015","129.55","130.30","130.90","129.25","10.48K","-0.12%"
"27-01-2015","129.70","130.05","131.60","129.05","13.57K","1.05%"
"25-01-2015","128.35","128.35","128.35","128.35","","-0.04%"
"23-01-2015","128.40","131.10","131.10","128.25","12.03K","-2.06%"
"22-01-2015","131.10","131.25","132.80","130.75","13.36K","-0.27%"
"21-01-2015","131.45","129.85","131.60","128.50","13.00K","0.92%"
"20-01-2015","130.25","128.45","130.40","128.45","13.16K","1.76%"
"19-01-2015","128.00","128.95","130.15","127.75","9.81K","-0.89%"
"17-01-2015","129.15","129.15","129.15","129.15","","-0.04%"
"16-01-2015","129.20","127.00","129.35","126.70","11.52K","1.89%"
"15-01-2015","126.80","127.40","127.65","125.65","13.06K","0.24%"
"14-01-2015","126.50","128.50","128.50","124.45","25.32K","-1.94%"
"13-01-2015","129.00","132.40","132.60","128.80","15.35K","-2.53%"
"12-01-2015","132.35","133.65","134.30","131.80","13.00K","-1.05%"
"09-01-2015","133.75","134.50","135.40","133.60","12.12K","-0.71%"
"08-01-2015","134.70","135.05","135.60","133.55","14.13K","-0.15%"
"07-01-2015","134.90","137.60","137.85","134.60","15.94K","-1.86%"
"06-01-2015","137.45","138.20","139.15","137.30","11.78K","-0.54%"
"05-01-2015","138.20","139.10","139.60","137.35","15.52K","-0.83%"
"02-01-2015","139.35","137.85","139.70","137.25","14.73K","1.12%"
"01-01-2015","137.80","138.00","138.10","137.15","1.23K","0.07%"
"31-12-2014","137.70","138.25","138.80","137.15","4.84K","-0.15%"
"30-12-2014","137.90","136.60","138.35","135.80","10.75K","1.40%"
"29-12-2014","136.00","137.50","138.20","135.80","8.50K","-0.84%"
"26-12-2014","137.15","137.35","137.80","136.85","2.96K","-0.11%"
"24-12-2014","137.30","137.55","138.00","136.85","9.29K","-0.11%"
"23-12-2014","137.45","137.20","137.80","136.55","8.43K","0.22%"
"22-12-2014","137.15","137.85","138.45","136.75","11.78K","-0.44%"
"19-12-2014","137.75","134.15","138.00","133.95","17.03K","2.99%"
"18-12-2014","133.75","135.25","135.25","133.00","12.77K","-1.26%"
"17-12-2014","135.45","136.75","136.75","134.15","13.30K","-0.81%"
"16-12-2014","136.55","138.00","138.10","136.30","12.71K","-1.37%"
"15-12-2014","138.45","137.85","138.70","136.80","9.46K","1.21%"
"12-12-2014","136.80","136.50","138.15","135.30","8.86K","0.33%"
"11-12-2014","136.35","135.90","136.85","134.15","15.04K","0.59%"
"10-12-2014","135.55","137.50","137.75","135.25","11.29K","-1.78%"
"09-12-2014","138.00","137.50","138.20","136.00","11.11K","0.58%"
"08-12-2014","137.20","138.35","138.85","137.10","7.77K","-1.08%"
"05-12-2014","138.70","138.15","139.70","138.05","8.54K","0.29%"
"04-12-2014","138.30","137.75","139.10","137.75","10.14K","0.88%"
"03-12-2014","137.10","137.25","137.85","135.80","11.69K","0.33%"
"02-12-2014","136.65","138.40","139.05","136.40","10.48K","-1.66%"
"01-12-2014","138.95","137.30","139.15","136.10","12.74K","0.91%"
"28-11-2014","137.70","139.45","139.80","137.10","4.98K","-1.40%"
"27-11-2014","139.65","140.35","141.25","139.45","6.47K","-0.46%"
"26-11-2014","140.30","140.15","140.60","139.40","11.72K","0.04%"
"25-11-2014","140.25","141.25","142.40","139.90","10.39K","-0.64%"
"24-11-2014","141.15","140.85","142.65","140.85","9.89K","0.04%"
"21-11-2014","141.10","139.50","142.95","139.35","16.53K","1.51%"
"20-11-2014","139.00","139.80","139.80","138.70","8.19K","-0.57%"
"19-11-2014","139.80","138.75","140.15","137.85","11.25K","0.83%"
"18-11-2014","138.65","138.90","139.60","138.15","9.05K","-0.40%"
"17-11-2014","139.20","139.60","139.80","138.60","7.90K","-0.29%"
"16-11-2014","139.60","139.60","139.60","139.60","","0.14%"
"14-11-2014","139.40","138.25","139.60","137.75","11.23K","1.09%"
"13-11-2014","137.90","139.75","141.10","137.70","14.22K","-1.43%"
"12-11-2014","139.90","139.35","140.90","139.05","10.90K","0.11%"
"11-11-2014","139.75","138.90","139.95","137.50","10.16K","0.79%"
"10-11-2014","138.65","138.90","140.20","137.95","11.88K","0.80%"
"07-11-2014","137.55","137.50","138.90","137.05","10.20K","0.59%"
"06-11-2014","136.75","136.25","137.00","135.85","6.14K","-0.04%"
"05-11-2014","136.80","138.30","138.30","135.40","16.94K","-1.37%"
"04-11-2014","138.70","142.25","142.25","138.40","11.14K","-2.56%"
"03-11-2014","142.35","141.85","142.95","141.40","10.30K","-0.70%"
"31-10-2014","143.35","141.65","143.75","141.50","4.97K","1.24%"
"30-10-2014","141.60","140.40","141.90","140.05","10.84K","0.28%"
"29-10-2014","141.20","138.00","141.35","137.70","11.86K","2.17%"
"28-10-2014","138.20","138.70","138.90","137.50","8.00K","-0.29%"
"27-10-2014","138.60","137.90","138.80","137.25","7.95K","0.62%"
"24-10-2014","137.75","137.60","138.60","137.40","4.68K","-0.22%"
"23-10-2014","138.05","137.00","138.50","137.00","2.46K","0.11%"
"22-10-2014","137.90","135.65","138.25","135.60","15.26K","1.73%"
"21-10-2014","135.55","135.30","135.85","132.75","13.49K","0.37%"
"20-10-2014","135.05","137.65","138.05","134.85","11.98K","-2.17%"
"17-10-2014","138.05","137.30","138.30","135.90","12.22K","0.18%"
"16-10-2014","137.80","143.70","143.70","135.85","29.07K","-4.37%"
"14-10-2014","144.10","142.55","144.40","142.35","15.67K","1.41%"
"13-10-2014","142.10","142.50","142.65","141.65","9.63K","-0.28%"
"10-10-2014","142.50","142.55","142.65","141.05","13.08K","0.11%"
"09-10-2014","142.35","142.50","143.20","141.85","10.93K","-0.32%"
"08-10-2014","142.80","142.60","143.70","142.25","13.21K","-0.07%"
"07-10-2014","142.90","141.90","143.70","141.65","12.37K","0.53%"
"06-10-2014","142.15","140.50","142.20","140.50","5.57K","1.39%"
"05-10-2014","140.20","140.20","140.20","140.20","","-0.04%"
"03-10-2014","140.25","139.50","140.45","139.10","3.62K","-0.21%"
"01-10-2014","140.55","140.80","141.10","138.80","10.70K","-0.39%"
"30-09-2014","141.10","141.25","142.25","140.80","6.07K","0.11%"
"29-09-2014","140.95","138.90","141.10","138.55","9.46K","1.48%"
"27-09-2014","138.90","138.90","138.90","138.90","","-0.11%"
"26-09-2014","139.05","139.25","139.80","138.65","8.88K","-0.07%"
"25-09-2014","139.15","138.35","139.50","138.15","9.45K","0.32%"
"24-09-2014","138.70","137.60","138.90","137.25","14.01K","0.91%"
"23-09-2014","137.45","136.50","137.70","135.85","10.82K","0.70%"
"22-09-2014","136.50","137.60","137.60","134.60","14.66K","-1.12%"
"19-09-2014","138.05","137.50","138.45","137.05","14.38K","0.73%"
"18-09-2014","137.05","137.95","137.95","136.50","13.81K","-0.47%"
"17-09-2014","137.70","139.55","139.70","137.50","11.73K","-1.61%"
"16-09-2014","139.95","137.95","140.40","136.90","17.01K","1.60%"
"15-09-2014","137.75","138.55","139.25","137.50","12.25K","-1.04%"
"13-09-2014","139.20","139.20","139.20","139.20","","0.04%"
"12-09-2014","139.15","138.75","139.40","137.95","11.73K","0.61%"
"11-09-2014","138.30","140.20","140.30","137.20","16.48K","-1.46%"
"10-09-2014","140.35","140.70","141.30","138.75","19.26K","-0.04%"
"09-09-2014","140.40","144.05","144.05","139.50","22.84K","-2.70%"
"08-09-2014","144.30","144.30","145.20","143.65","9.54K","-0.03%"
"05-09-2014","144.35","145.40","145.60","143.75","12.64K","-0.76%"
"04-09-2014","145.45","143.55","145.60","143.55","15.34K","1.50%"
"03-09-2014","143.30","144.60","144.75","143.10","13.44K","-0.80%"
"02-09-2014","144.45","142.95","145.15","142.95","15.84K","1.19%"
"01-09-2014","142.75","143.20","143.20","142.10","8.49K","-0.10%"
"29-08-2014","142.90","142.50","143.15","142.40","5.21K","0.11%"
"28-08-2014","142.75","142.05","143.15","141.90","6.36K","0.42%"
"27-08-2014","142.15","142.15","142.30","141.40","7.97K","-0.25%"
"26-08-2014","142.50","142.00","143.00","141.50","8.54K","0.25%"
"25-08-2014","142.15","142.20","142.60","141.20","5.22K","0.21%"
"22-08-2014","141.85","142.80","143.20","141.50","9.73K","-0.53%"
"21-08-2014","142.60","142.75","143.65","142.25","10.67K","-0.35%"
"20-08-2014","143.10","140.45","143.25","140.40","13.99K","2.03%"
"19-08-2014","140.25","138.55","140.40","138.50","11.75K","1.15%"
"18-08-2014","138.65","138.35","139.15","137.60","8.81K","0.33%"
"14-08-2014","138.20","139.05","139.65","137.90","15.83K","-0.65%"
"13-08-2014","139.10","142.20","142.20","139.00","16.60K","-2.35%"
"12-08-2014","142.45","140.85","143.15","140.40","15.86K","0.99%"
"11-08-2014","141.05","140.60","141.95","139.60","13.93K","0.53%"
"10-08-2014","140.30","140.30","140.30","140.30","","0.00%"
"08-08-2014","140.30","142.35","142.35","140.15","13.95K","-1.72%"
"07-08-2014","142.75","145.00","145.35","142.25","17.95K","-1.28%"
"06-08-2014","144.60","145.05","145.65","143.20","18.51K","-0.48%"
"05-08-2014","145.30","146.25","146.25","144.55","14.50K","-1.02%"
"04-08-2014","146.80","143.85","146.95","142.75","19.18K","2.51%"
"01-08-2014","143.20","143.65","144.60","142.60","13.00K","-0.66%"
"31-07-2014","144.15","144.35","144.60","142.85","8.26K","-0.48%"
"30-07-2014","144.85","142.80","145.15","140.20","17.20K","2.08%"
"29-07-2014","141.90","145.00","145.00","141.45","8.87K","-2.44%"
"28-07-2014","145.45","144.10","145.65","144.10","10.86K","0.87%"
"27-07-2014","144.20","144.20","144.20","144.20","","0.10%"
"25-07-2014","144.05","144.00","145.15","143.50","13.36K","0.31%"
"24-07-2014","143.60","142.20","143.80","141.80","15.19K","1.41%"
"23-07-2014","141.60","142.20","142.90","141.00","17.09K","-0.63%"
"22-07-2014","142.50","141.50","142.70","141.30","15.86K","0.88%"
"21-07-2014","141.25","138.05","141.45","137.60","17.97K","2.28%"
"20-07-2014","138.10","138.10","138.10","138.10","","-0.07%"
"18-07-2014","138.20","138.65","138.80","137.45","11.70K","-0.47%"
"17-07-2014","138.85","137.30","139.05","136.80","14.65K","1.17%"
"16-07-2014","137.25","138.10","139.00","136.95","12.70K","-0.47%"
"15-07-2014","137.90","138.00","138.70","137.45","13.99K","0.07%"
"14-07-2014","137.80","137.90","139.10","137.55","13.62K","-0.14%"
"13-07-2014","138.00","138.00","138.00","138.00","","0.00%"
"12-07-2014","138.00","138.00","138.00","138.00","","0.04%"
"11-07-2014","137.95","136.40","138.05","136.05","13.29K","1.14%"
"10-07-2014","136.40","135.15","136.70","134.75","13.67K","0.74%"
"09-07-2014","135.40","136.40","137.50","135.30","14.75K","-0.70%"
"08-07-2014","136.35","135.20","137.65","134.70","22.10K","0.85%"
"07-07-2014","135.20","133.05","135.40","132.50","14.10K","1.27%"
"04-07-2014","133.50","133.35","134.05","133.10","6.69K","0.00%"
"03-07-2014","133.50","134.45","135.40","133.05","16.83K","-0.41%"
"02-07-2014","134.05","130.95","134.25","130.35","17.24K","2.29%"
"01-07-2014","131.05","133.20","133.80","130.95","13.72K","-0.94%"
"30-06-2014","132.30","131.70","132.50","131.50","6.09K","0.68%"
"27-06-2014","131.40","131.35","131.60","130.75","7.95K","-0.08%"
"26-06-2014","131.50","131.10","131.60","130.45","8.16K","0.54%"
"25-06-2014","130.80","130.60","131.20","129.85","8.82K","0.19%"
"24-06-2014","130.55","130.75","131.65","129.90","10.26K","-0.46%"
"23-06-2014","131.15","130.75","132.00","130.75","10.50K","0.46%"
"20-06-2014","130.55","129.70","130.95","129.70","11.99K","0.89%"
"19-06-2014","129.40","127.70","129.50","127.10","12.58K","1.13%"
"18-06-2014","127.95","127.55","128.95","127.05","12.25K","0.12%"
"17-06-2014","127.80","126.45","127.90","126.15","11.72K","1.23%"
"16-06-2014","126.25","124.60","126.30","124.60","7.64K","1.53%"
"13-06-2014","124.35","123.00","124.45","123.00","8.95K","1.43%"
"12-06-2014","122.60","125.30","125.55","122.35","13.08K","-2.08%"
"11-06-2014","125.20","126.60","127.00","124.85","11.49K","-0.75%"
"10-06-2014","126.15","126.10","126.70","125.00","10.99K","-0.28%"
"09-06-2014","126.50","123.85","126.90","123.75","12.53K","1.98%"
"06-06-2014","124.05","123.35","124.30","121.95","11.80K","0.40%"
"05-06-2014","123.55","123.65","124.00","123.10","8.28K","-0.08%"
"04-06-2014","123.65","124.20","124.30","123.10","7.87K","-0.56%"
"03-06-2014","124.35","123.55","124.65","123.30","9.33K","0.36%"
"02-06-2014","123.90","121.75","124.05","121.70","8.68K","1.39%"
"30-05-2014","122.20","121.20","122.60","120.55","4.06K","0.45%"
"29-05-2014","121.65","122.10","122.10","120.65","6.81K","-0.61%"
"28-05-2014","122.40","123.30","123.80","122.00","5.94K","-0.45%"
"27-05-2014","122.95","122.60","123.20","122.40","5.38K","0.33%"
"26-05-2014","122.55","122.10","122.75","121.45","3.50K","0.78%"
"23-05-2014","121.60","121.20","122.50","121.15","7.72K","0.50%"
"22-05-2014","121.00","121.45","121.90","120.60","7.26K","-0.29%"
"21-05-2014","121.35","122.40","122.70","120.35","9.50K","-0.49%"
"20-05-2014","121.95","121.90","123.20","121.60","8.68K","-0.16%"
"19-05-2014","122.15","121.10","122.50","121.00","5.76K","0.78%"
"16-05-2014","121.20","122.05","122.25","120.45","6.53K","-1.02%"
"15-05-2014","122.45","124.55","124.65","122.35","7.91K","-1.92%"
"14-05-2014","124.85","123.10","125.15","123.10","6.36K","1.84%"
"13-05-2014","122.60","123.95","125.10","122.50","8.21K","-1.09%"
"12-05-2014","123.95","121.90","124.10","121.60","6.95K","1.60%"
"09-05-2014","122.00","122.00","122.85","121.75","5.66K","-0.20%"
"08-05-2014","122.25","122.35","123.10","121.35","6.85K","0.25%"
"07-05-2014","121.95","123.50","123.90","121.80","8.19K","-0.89%"
"06-05-2014","123.05","123.55","124.60","122.60","6.94K","-0.57%"
"05-05-2014","123.75","123.10","124.35","123.10","3.41K","0.20%"
"02-05-2014","123.50","122.05","123.55","121.70","6.70K","1.02%"
"01-05-2014","122.25","123.10","123.10","121.85","3.63K","-1.21%"
"30-04-2014","123.75","122.90","123.95","122.70","2.44K","0.49%"
"29-04-2014","123.15","124.70","124.70","123.00","8.25K","-1.28%"
"28-04-2014","124.75","124.65","125.55","124.05","8.49K","0.44%"
"27-04-2014","124.20","124.20","124.20","124.20","","0.00%"
"25-04-2014","124.20","125.55","126.40","124.10","6.44K","-0.96%"
"23-04-2014","125.40","127.30","127.55","125.30","8.09K","-0.91%"
"22-04-2014","126.55","124.60","126.70","124.60","7.83K","1.61%"
"21-04-2014","124.55","124.10","124.80","123.30","2.65K","0.24%"
"17-04-2014","124.25","124.20","124.80","123.80","5.14K","0.00%"
"16-04-2014","124.25","123.10","124.70","122.90","6.90K","0.65%"
"15-04-2014","123.45","123.50","124.00","122.30","7.71K","-0.24%"
"14-04-2014","123.75","123.80","124.00","123.30","3.34K","1.27%"
"11-04-2014","122.20","123.05","124.30","121.85","8.04K","-0.97%"
"10-04-2014","123.40","122.05","123.50","121.70","7.66K","1.36%"
"09-04-2014","121.75","121.90","122.70","121.65","7.63K","-0.20%"
"08-04-2014","122.00","121.10","122.10","120.90","3.87K","0.66%"
"07-04-2014","121.20","120.70","121.35","120.25","5.85K","0.54%"
"05-04-2014","120.55","120.55","120.55","120.55","","-0.04%"
"04-04-2014","120.60","120.00","121.35","120.00","7.25K","0.25%"
"03-04-2014","120.30","118.85","120.45","118.75","6.76K","1.56%"
"02-04-2014","118.45","118.30","119.50","118.10","5.93K","0.04%"
"01-04-2014","118.40","119.40","119.50","118.05","6.32K","-0.34%"
"31-03-2014","118.80","118.60","119.05","117.55","3.11K","0.59%"
"28-03-2014","118.10","118.30","119.25","117.95","5.53K","-0.42%"
"27-03-2014","118.60","118.50","119.10","117.65","6.10K","0.55%"
"26-03-2014","117.95","119.65","120.50","117.65","7.86K","-1.21%"
"25-03-2014","119.40","117.90","119.90","117.90","8.23K","1.57%"
"24-03-2014","117.55","118.25","118.45","117.45","6.12K","-0.80%"
"21-03-2014","118.50","119.45","120.10","118.35","9.18K","-0.50%"
"20-03-2014","119.10","121.00","121.10","119.00","7.14K","-1.65%"
"19-03-2014","121.10","120.65","121.50","119.05","8.93K","0.29%"
"18-03-2014","120.75","120.00","120.95","119.25","6.97K","0.88%"
"17-03-2014","119.70","121.00","121.00","119.55","3.27K","-1.48%"
"14-03-2014","121.50","121.55","121.95","120.50","8.86K","0.21%"
"13-03-2014","121.25","121.75","122.00","120.50","10.30K","-0.08%"
"12-03-2014","121.35","122.50","123.35","121.10","14.37K","-0.74%"
"11-03-2014","122.25","124.20","125.35","121.85","14.21K","-2.00%"
"10-03-2014","124.75","125.55","126.05","123.00","12.22K","-1.11%"
"07-03-2014","126.15","128.20","129.30","125.85","11.79K","-2.06%"
"06-03-2014","128.80","130.00","130.00","128.60","10.08K","-1.19%"
"05-03-2014","130.35","132.60","133.45","130.20","11.27K","-1.44%"
"04-03-2014","132.25","129.15","132.40","128.55","10.87K","2.04%"
"03-03-2014","129.60","128.40","129.70","127.60","7.00K","-0.84%"
"28-02-2014","130.70","129.55","131.00","129.20","4.94K","0.93%"
"27-02-2014","129.50","128.60","129.75","128.35","2.87K","0.35%"
"26-02-2014","129.05","127.60","129.40","127.45","5.63K","1.06%"
"25-02-2014","127.70","127.40","127.95","126.95","5.38K","0.24%"
"24-02-2014","127.40","126.50","127.55","126.10","5.26K","0.28%"
"21-02-2014","127.05","127.60","128.25","126.90","5.60K","-0.35%"
"20-02-2014","127.50","127.75","127.90","126.75","5.85K","-0.51%"
"19-02-2014","128.15","129.50","130.35","127.85","8.38K","-0.81%"
"18-02-2014","129.20","127.90","129.35","127.40","7.88K","1.21%"
"17-02-2014","127.65","126.65","127.90","126.65","4.94K","0.91%"
"14-02-2014","126.50","126.50","127.25","126.25","6.60K","0.16%"
"13-02-2014","126.30","125.70","126.40","125.50","6.33K","0.56%"
"12-02-2014","125.60","124.80","125.80","124.75","6.27K","0.76%"
"11-02-2014","124.65","125.60","125.80","124.30","7.19K","-0.76%"
"10-02-2014","125.60","126.30","127.25","125.50","6.14K","-0.36%"
"07-02-2014","126.05","125.30","127.15","125.30","7.13K","0.96%"
"06-02-2014","124.85","123.25","125.10","123.00","6.66K","1.22%"
"05-02-2014","123.35","122.80","123.90","122.60","5.10K","0.73%"
"04-02-2014","122.45","122.50","123.50","121.90","6.32K","-0.33%"
"03-02-2014","122.85","123.50","123.70","122.45","3.91K","0.20%"
"31-01-2014","122.60","123.00","123.20","122.00","2.72K","-0.49%"
"30-01-2014","123.20","124.35","124.60","122.65","5.15K","-1.40%"
"29-01-2014","124.95","124.55","125.45","123.80","5.72K","-0.08%"
"28-01-2014","125.05","126.30","126.60","124.75","6.82K","-1.50%"
"27-01-2014","126.95","126.60","127.70","125.90","6.34K","0.59%"
"24-01-2014","126.20","127.00","127.20","125.75","9.63K","-0.39%"
"23-01-2014","126.70","128.65","128.80","126.60","9.63K","-1.67%"
"22-01-2014","128.85","130.00","130.35","128.70","8.49K","-0.73%"
"21-01-2014","129.80","127.95","129.90","127.25","7.51K","1.41%"
"20-01-2014","128.00","128.35","128.65","127.60","4.44K","-0.19%"
"17-01-2014","128.25","127.40","128.45","126.45","7.23K","0.59%"
"16-01-2014","127.50","128.65","129.30","127.15","9.13K","-0.86%"
"15-01-2014","128.60","127.10","128.90","126.20","7.93K","0.78%"
"14-01-2014","127.60","127.75","128.90","127.35","3.80K","0.12%"
"13-01-2014","127.45","126.00","127.65","125.10","7.91K","1.47%"
"10-01-2014","125.60","124.90","126.10","124.45","7.36K","0.64%"
"09-01-2014","124.80","126.60","126.75","124.65","7.55K","-1.34%"
"08-01-2014","126.50","127.40","128.15","126.30","7.54K","-0.67%"
"07-01-2014","127.35","127.90","128.05","126.90","7.80K","-0.31%"
"06-01-2014","127.75","127.40","127.85","125.90","7.52K","0.63%"
"04-01-2014","126.95","126.95","126.95","126.95","","0.00%"
"03-01-2014","126.95","129.25","129.25","126.80","7.66K","-2.08%"
"02-01-2014","129.65","128.60","131.05","128.60","11.77K","1.69%"
"01-01-2014","127.50","127.35","128.00","127.00","1.70K","-1.28%"