,Price,Open,High,Low,Vol.,Change %,Mode
2014-06-16,1840.25,1840.25,1840.25,1840.25,19290.0,0.34,Train
2014-06-17,1852.0,1852.0,1852.0,1852.0,45550.0,0.64,Train
2014-06-18,1874.5,1874.5,1874.5,1874.5,26120.0,1.21,Train
2014-06-19,1890.5,1890.5,1890.5,1890.5,26660.0,0.85,Train
2014-06-20,1888.5,1888.5,1888.5,1888.5,18510.0,-0.11,Train
2014-06-21,1889.8333333333333,1889.8333333333333,1889.8333333333333,1889.8333333333333,19746.666666666668,-0.003333333333333327,Train
2014-06-22,1891.1666666666667,1891.1666666666667,1891.1666666666667,1891.1666666666667,20983.333333333332,0.10333333333333335,Train
2014-06-23,1892.5,1892.5,1892.5,1892.5,22220.0,0.21,Train
2014-06-24,1901.0,1901.0,1901.0,1901.0,37670.0,0.45,Train
2014-06-25,1903.5,1903.5,1903.5,1903.5,31270.0,0.13,Train
2014-06-26,1898.0,1898.0,1898.0,1898.0,20200.0,-0.29,Train
2014-06-27,1885.0,1885.0,1885.0,1885.0,20930.0,-0.68,Train
2014-06-28,1886.9166666666667,1886.9166666666667,1886.9166666666667,1886.9166666666667,21133.333333333332,-0.35000000000000003,Train
2014-06-29,1888.8333333333333,1888.8333333333333,1888.8333333333333,1888.8333333333333,21336.666666666668,-0.020000000000000018,Train
2014-06-30,1890.75,1890.75,1890.75,1890.75,21540.0,0.31,Train
2014-07-01,1884.5,1884.5,1884.5,1884.5,39690.0,-0.33,Train
2014-07-02,1926.0,1926.0,1926.0,1926.0,45560.0,2.2,Train
2014-07-03,1936.0,1936.0,1936.0,1936.0,30870.0,0.52,Train
2014-07-04,1921.5,1921.5,1921.5,1921.5,12310.0,-0.75,Train
2014-07-05,1920.8333333333333,1920.8333333333333,1920.8333333333333,1920.8333333333333,16356.666666666666,-0.5333333333333333,Train
2014-07-06,1920.1666666666667,1920.1666666666667,1920.1666666666667,1920.1666666666667,20403.333333333332,-0.31666666666666665,Train
2014-07-07,1919.5,1919.5,1919.5,1919.5,24450.0,-0.1,Train
2014-07-08,1938.0,1938.0,1938.0,1938.0,51280.0,0.96,Train
2014-07-09,1937.75,1937.75,1937.75,1937.75,27040.0,-0.01,Train
2014-07-10,1922.25,1922.25,1922.25,1922.25,36710.0,-0.8,Train
2014-07-11,1939.0,1939.0,1939.0,1939.0,32130.000000000004,0.87,Train
2014-07-12,1938.8333333333333,1938.8333333333333,1938.8333333333333,1938.8333333333333,35053.333333333336,0.5700000000000001,Train
2014-07-13,1938.6666666666667,1938.6666666666667,1938.6666666666667,1938.6666666666667,37976.66666666667,0.27,Train
2014-07-14,1938.5,1938.5,1938.5,1938.5,40900.0,-0.03,Train
2014-07-15,1960.0,1960.0,1960.0,1960.0,42600.0,1.11,Train
2014-07-16,1970.5,1970.5,1970.5,1970.5,25150.0,0.54,Train
2014-07-17,1990.0,1990.0,1990.0,1990.0,9670.0,0.99,Train
2014-07-18,1982.75,1982.75,1982.75,1982.75,14560.0,-0.36,Train
2014-07-19,1995.5,1995.5,1995.5,1995.5,12233.333333333334,0.4033333333333333,Train
2014-07-20,2008.25,2008.25,2008.25,2008.25,9906.666666666668,1.1666666666666665,Train
2014-07-21,2021.0,2021.0,2021.0,2021.0,7580.0,1.93,Train
2014-07-22,2044.5,2044.5,2044.5,2044.5,8860.0,1.16,Train
2014-07-23,2017.25,2017.25,2017.25,2017.25,11750.0,-1.33,Train
2014-07-24,2027.0,2027.0,2027.0,2027.0,12660.0,0.48,Train
2014-07-25,1998.0,1998.0,1998.0,1998.0,9070.0,-1.43,Train
2014-07-26,2003.6666666666667,2003.6666666666667,2003.6666666666667,2003.6666666666667,9336.666666666666,-0.67,Train
2014-07-27,2009.3333333333333,2009.3333333333333,2009.3333333333333,2009.3333333333333,9603.333333333334,0.08999999999999986,Train
2014-07-28,2015.0,2015.0,2015.0,2015.0,9870.0,0.85,Train
2014-07-29,1981.25,1981.25,1981.25,1981.25,9280.0,-1.67,Train
2014-07-30,2021.0,2021.0,2021.0,2021.0,11090.0,2.01,Train
2014-07-31,1988.5,1988.5,1988.5,1988.5,23410.0,-1.61,Train
2014-08-01,1973.5,1973.5,1973.5,1973.5,17330.0,-0.75,Train
2014-08-02,1990.6666666666667,1990.6666666666667,1990.6666666666667,1990.6666666666667,24500.0,0.3699999999999999,Train
2014-08-03,2007.8333333333333,2007.8333333333333,2007.8333333333333,2007.8333333333333,31670.0,1.4899999999999998,Train
2014-08-04,2025.0,2025.0,2025.0,2025.0,38840.0,2.61,Train
2014-08-05,2008.0,2008.0,2008.0,2008.0,61810.0,-0.84,Train
2014-08-06,2020.0,2020.0,2020.0,2020.0,18320.0,0.6,Train
2014-08-07,2022.5,2022.5,2022.5,2022.5,56780.0,0.12,Train
2014-08-08,2020.25,2020.25,2020.25,2020.25,23680.0,-0.11,Train
2014-08-09,2022.4166666666667,2022.4166666666667,2022.4166666666667,2022.4166666666667,24603.333333333332,0.03333333333333334,Train
2014-08-10,2024.5833333333333,2024.5833333333333,2024.5833333333333,2024.5833333333333,25526.666666666668,0.1766666666666667,Train
2014-08-11,2026.75,2026.75,2026.75,2026.75,26450.0,0.32,Train
2014-08-12,2044.25,2044.25,2044.25,2044.25,34160.0,0.86,Train
2014-08-13,2017.5,2017.5,2017.5,2017.5,22990.0,-1.31,Train
2014-08-14,1988.75,1988.75,1988.75,1988.75,14360.0,-1.43,Train
2014-08-15,1992.0,1992.0,1992.0,1992.0,14630.0,0.16,Train
2014-08-16,1997.9166666666667,1997.9166666666667,1997.9166666666667,1997.9166666666667,15920.0,0.4033333333333333,Train
2014-08-17,2003.8333333333333,2003.8333333333333,2003.8333333333333,2003.8333333333333,17210.0,0.6466666666666666,Train
2014-08-18,2009.75,2009.75,2009.75,2009.75,18500.0,0.89,Train
2014-08-19,2039.0,2039.0,2039.0,2039.0,51350.0,1.46,Train
2014-08-20,2077.0,2077.0,2077.0,2077.0,19470.0,1.86,Train
2014-08-21,2060.25,2060.25,2060.25,2060.25,11540.0,-0.81,Train
2014-08-22,2064.75,2064.75,2064.75,2064.75,14760.0,0.22,Train
2014-08-23,2069.4375,2069.4375,2069.4375,2069.4375,14322.5,0.3925,Train
2014-08-24,2074.125,2074.125,2074.125,2074.125,13885.0,0.5650000000000001,Train
2014-08-25,2078.8125,2078.8125,2078.8125,2078.8125,13447.5,0.7375,Train
2014-08-26,2083.5,2083.5,2083.5,2083.5,13010.0,0.91,Train
2014-08-27,2087.25,2087.25,2087.25,2087.25,23510.0,0.18,Train
2014-08-28,2083.5,2083.5,2083.5,2083.5,17690.0,-0.18,Train
2014-08-29,2098.5,2098.5,2098.5,2098.5,26510.0,0.72,Train
2014-08-30,2097.6666666666665,2097.6666666666665,2097.6666666666665,2097.6666666666665,23036.666666666668,0.44,Train
2014-08-31,2096.8333333333335,2096.8333333333335,2096.8333333333335,2096.8333333333335,19563.333333333332,0.16000000000000003,Train
2014-09-01,2096.0,2096.0,2096.0,2096.0,16090.0,-0.12,Train
2014-09-02,2107.25,2107.25,2107.25,2107.25,22170.0,0.54,Train
2014-09-03,2078.5,2078.5,2078.5,2078.5,27760.0,-1.36,Train
2014-09-04,2104.5,2104.5,2104.5,2104.5,24300.0,1.25,Train
2014-09-05,2090.25,2090.25,2090.25,2090.25,45930.0,-0.68,Train
2014-09-06,2091.0833333333335,2091.0833333333335,2091.0833333333335,2091.0833333333335,40010.0,-0.4133333333333334,Train
2014-09-07,2091.9166666666665,2091.9166666666665,2091.9166666666665,2091.9166666666665,34090.0,-0.14666666666666672,Train
2014-09-08,2092.75,2092.75,2092.75,2092.75,28170.0,0.12,Train
2014-09-09,2063.5,2063.5,2063.5,2063.5,29030.0,-1.4,Train
2014-09-10,2053.0,2053.0,2053.0,2053.0,26570.0,-0.51,Train
2014-09-11,2034.0,2034.0,2034.0,2034.0,89080.0,-0.93,Train
2014-09-12,2022.5,2022.5,2022.5,2022.5,46030.0,-0.57,Train
2014-09-13,2009.25,2009.25,2009.25,2009.25,41206.666666666664,-1.0366666666666666,Train
2014-09-14,1996.0,1996.0,1996.0,1996.0,36383.333333333336,-1.5033333333333332,Train
2014-09-15,1982.75,1982.75,1982.75,1982.75,31560.0,-1.97,Train
2014-09-16,2025.5,2025.5,2025.5,2025.5,50910.0,2.16,Train
2014-09-17,1999.0,1999.0,1999.0,1999.0,68130.0,-1.31,Train
2014-09-18,1982.5,1982.5,1982.5,1982.5,28550.0,-0.83,Train
2014-09-19,1977.0,1977.0,1977.0,1977.0,23400.0,-0.28,Train
2014-09-20,1976.9166666666667,1976.9166666666667,1976.9166666666667,1976.9166666666667,23510.0,-0.19,Train
2014-09-21,1976.8333333333333,1976.8333333333333,1976.8333333333333,1976.8333333333333,23620.0,-0.1,Train
2014-09-22,1976.75,1976.75,1976.75,1976.75,23730.0,-0.01,Train
2014-09-23,1966.5,1966.5,1966.5,1966.5,19360.0,-0.52,Train
2014-09-24,1974.5,1974.5,1974.5,1974.5,18450.0,0.41,Train
2014-09-25,1950.25,1950.25,1950.25,1950.25,18260.0,-1.23,Train
2014-09-26,1946.0,1946.0,1946.0,1946.0,19670.0,-0.22,Train
2014-09-27,1951.0833333333333,1951.0833333333333,1951.0833333333333,1951.0833333333333,18523.333333333332,0.11333333333333331,Train
2014-09-28,1956.1666666666667,1956.1666666666667,1956.1666666666667,1956.1666666666667,17376.666666666668,0.44666666666666666,Train
2014-09-29,1961.25,1961.25,1961.25,1961.25,16230.0,0.78,Train
2014-09-30,1958.25,1958.25,1958.25,1958.25,29190.0,-0.15,Train
2014-10-01,1918.25,1918.25,1918.25,1918.25,44490.0,-2.04,Train
2014-10-02,1887.25,1887.25,1887.25,1887.25,41870.0,-1.62,Train
2014-10-03,1912.0,1912.0,1912.0,1912.0,43350.0,1.31,Train
2014-10-04,1917.1666666666667,1917.1666666666667,1917.1666666666667,1917.1666666666667,40126.666666666664,1.1433333333333333,Train
2014-10-05,1922.3333333333333,1922.3333333333333,1922.3333333333333,1922.3333333333333,36903.333333333336,0.9766666666666668,Train
2014-10-06,1927.5,1927.5,1927.5,1927.5,33680.0,0.81,Train
2014-10-07,1953.0,1953.0,1953.0,1953.0,60140.0,1.32,Train
2014-10-08,1937.75,1937.75,1937.75,1937.75,48020.0,-0.78,Train
2014-10-09,1949.0,1949.0,1949.0,1949.0,36260.0,0.58,Train
2014-10-10,1929.5,1929.5,1929.5,1929.5,40250.0,-1.0,Train
2014-10-11,1934.1666666666667,1934.1666666666667,1934.1666666666667,1934.1666666666667,39876.666666666664,-0.42333333333333334,Train
2014-10-12,1938.8333333333333,1938.8333333333333,1938.8333333333333,1938.8333333333333,39503.333333333336,0.15333333333333332,Train
2014-10-13,1943.5,1943.5,1943.5,1943.5,39130.0,0.73,Train
2014-10-14,1951.0,1951.0,1951.0,1951.0,18810.0,0.39,Train
2014-10-15,1919.5,1919.5,1919.5,1919.5,20950.0,-1.61,Train
2014-10-16,1912.5,1912.5,1912.5,1912.5,14380.0,-0.36,Train
2014-10-17,1971.0,1971.0,1971.0,1971.0,32990.0,3.06,Train
2014-10-18,1971.1666666666667,1971.1666666666667,1971.1666666666667,1971.1666666666667,27950.0,2.05,Train
2014-10-19,1971.3333333333333,1971.3333333333333,1971.3333333333333,1971.3333333333333,22910.0,1.04,Train
2014-10-20,1971.5,1971.5,1971.5,1971.5,17870.0,0.03,Train
2014-10-21,1991.0,1991.0,1991.0,1991.0,71720.0,0.99,Train
2014-10-22,2016.0,2016.0,2016.0,2016.0,34010.0,1.26,Train
2014-10-23,1991.0,1991.0,1991.0,1991.0,15510.0,-1.24,Train
2014-10-24,1969.0,1969.0,1969.0,1969.0,19960.0,-1.1,Train
2014-10-25,1974.1666666666667,1974.1666666666667,1974.1666666666667,1974.1666666666667,18386.666666666668,-0.4700000000000001,Train
2014-10-26,1979.3333333333333,1979.3333333333333,1979.3333333333333,1979.3333333333333,16813.333333333332,0.15999999999999992,Train
2014-10-27,1984.5,1984.5,1984.5,1984.5,15240.0,0.79,Train
2014-10-28,1998.5,1998.5,1998.5,1998.5,11550.0,0.71,Train
2014-10-29,2035.0,2035.0,2035.0,2035.0,19180.0,1.83,Train
2014-10-30,2035.0,2035.0,2035.0,2035.0,27750.0,0.0,Train
2014-10-31,2047.0,2047.0,2047.0,2047.0,37720.0,0.59,Train
2014-11-01,2057.0,2057.0,2057.0,2057.0,39650.0,0.8833333333333333,Train
2014-11-02,2067.0,2067.0,2067.0,2067.0,41580.0,1.1766666666666667,Train
2014-11-03,2077.0,2077.0,2077.0,2077.0,43510.0,1.47,Train
2014-11-04,2065.5,2065.5,2065.5,2065.5,60020.0,-0.55,Train
2014-11-05,2063.0,2063.0,2063.0,2063.0,23990.0,-0.12,Train
2014-11-06,2079.75,2079.75,2079.75,2079.75,18510.0,0.81,Train
2014-11-07,2059.0,2059.0,2059.0,2059.0,46430.0,-1.0,Train
2014-11-08,2052.1666666666665,2052.1666666666665,2052.1666666666665,2052.1666666666665,38986.666666666664,-1.0,Train
2014-11-09,2045.3333333333333,2045.3333333333333,2045.3333333333333,2045.3333333333333,31543.333333333336,-1.0,Train
2014-11-10,2038.5,2038.5,2038.5,2038.5,24100.0,-1.0,Train
2014-11-11,2050.5,2050.5,2050.5,2050.5,29870.0,0.59,Train
2014-11-12,2067.0,2067.0,2067.0,2067.0,40760.0,0.8,Train
2014-11-13,2046.0,2046.0,2046.0,2046.0,29090.0,-1.02,Train
2014-11-14,2026.5,2026.5,2026.5,2026.5,29120.0,-0.95,Train
2014-11-15,2028.6666666666667,2028.6666666666667,2028.6666666666667,2028.6666666666667,26066.666666666668,-0.5266666666666666,Train
2014-11-16,2030.8333333333333,2030.8333333333333,2030.8333333333333,2030.8333333333333,23013.333333333332,-0.10333333333333328,Train
2014-11-17,2033.0,2033.0,2033.0,2033.0,19960.0,0.32,Train
2014-11-18,2011.0,2011.0,2011.0,2011.0,44150.0,-1.08,Train
2014-11-19,2020.0,2020.0,2020.0,2020.0,11680.0,0.45,Train
2014-11-20,2033.5,2033.5,2033.5,2033.5,8800.0,0.67,Train
2014-11-21,2055.5,2055.5,2055.5,2055.5,13150.0,1.08,Train
2014-11-22,2052.5833333333335,2052.5833333333335,2052.5833333333335,2052.5833333333335,15546.666666666666,0.5766666666666668,Train
2014-11-23,2049.6666666666665,2049.6666666666665,2049.6666666666665,2049.6666666666665,17943.333333333332,0.07333333333333347,Train
2014-11-24,2046.75,2046.75,2046.75,2046.75,20340.0,-0.43,Train
2014-11-25,2050.75,2050.75,2050.75,2050.75,15620.0,0.2,Train
2014-11-26,2062.5,2062.5,2062.5,2062.5,14790.0,0.57,Train
2014-11-27,2045.0,2045.0,2045.0,2045.0,9690.0,-0.85,Train
2014-11-28,2005.0,2005.0,2005.0,2005.0,36510.0,-1.96,Train
2014-11-29,2011.8333333333333,2011.8333333333333,2011.8333333333333,2011.8333333333333,33966.666666666664,-0.9666666666666667,Train
2014-11-30,2018.6666666666667,2018.6666666666667,2018.6666666666667,2018.6666666666667,31423.333333333332,0.026666666666666616,Train
2014-12-01,2025.5,2025.5,2025.5,2025.5,28880.0,1.02,Train
2014-12-02,1976.5,1976.5,1976.5,1976.5,33060.0,-2.42,Train
2014-12-03,1970.0,1970.0,1970.0,1970.0,30080.0,-0.33,Train
2014-12-04,1992.25,1992.25,1992.25,1992.25,26570.0,1.13,Train
2014-12-05,1979.5,1979.5,1979.5,1979.5,42070.0,-0.64,Train
2014-12-06,1973.6666666666667,1973.6666666666667,1973.6666666666667,1973.6666666666667,42390.0,-0.72,Train
2014-12-07,1967.8333333333333,1967.8333333333333,1967.8333333333333,1967.8333333333333,42710.0,-0.8,Train
2014-12-08,1962.0,1962.0,1962.0,1962.0,43030.0,-0.88,Train
2014-12-09,1967.5,1967.5,1967.5,1967.5,32420.0,0.28,Train
2014-12-10,1954.25,1954.25,1954.25,1954.25,38720.0,-0.67,Train
2014-12-11,1941.25,1941.25,1941.25,1941.25,33640.0,-0.67,Train
2014-12-12,1929.0,1929.0,1929.0,1929.0,17630.0,-0.63,Train
2014-12-13,1924.25,1924.25,1924.25,1924.25,19593.333333333332,-0.6666666666666666,Train
2014-12-14,1919.5,1919.5,1919.5,1919.5,21556.666666666668,-0.7033333333333334,Train
2014-12-15,1914.75,1914.75,1914.75,1914.75,23520.0,-0.74,Train
2014-12-16,1906.5,1906.5,1906.5,1906.5,42820.0,-0.43,Train
2014-12-17,1920.75,1920.75,1920.75,1920.75,36130.0,0.75,Train
2014-12-18,1911.0,1911.0,1911.0,1911.0,60290.0,-0.51,Train
2014-12-19,1907.0,1907.0,1907.0,1907.0,25950.0,-0.21,Train
2014-12-20,1897.6666666666667,1897.6666666666667,1897.6666666666667,1897.6666666666667,23843.333333333332,-0.63,Train
2014-12-21,1888.3333333333333,1888.3333333333333,1888.3333333333333,1888.3333333333333,21736.666666666668,-1.05,Train
2014-12-22,1879.0,1879.0,1879.0,1879.0,19630.0,-1.47,Train
2014-12-23,1867.5,1867.5,1867.5,1867.5,24530.0,-0.61,Train
2014-12-24,1858.5,1858.5,1858.5,1858.5,8800.0,-0.48,Train
2014-12-25,1858.2,1858.2,1858.2,1858.2,11950.0,-0.4,Train
2014-12-26,1857.9,1857.9,1857.9,1857.9,15100.0,-0.32,Train
2014-12-27,1857.6,1857.6,1857.6,1857.6,18250.0,-0.24000000000000002,Train
2014-12-28,1857.3,1857.3,1857.3,1857.3,21400.0,-0.16000000000000003,Train
2014-12-29,1857.0,1857.0,1857.0,1857.0,24550.0,-0.08,Train
2014-12-30,1854.75,1854.75,1854.75,1854.75,27730.0,-0.12,Train
2014-12-31,1848.75,1848.75,1848.75,1848.75,23180.0,-0.32,Train
2015-01-01,1838.375,1838.375,1838.375,1838.375,27280.0,-0.72,Train
2015-01-02,1828.0,1828.0,1828.0,1828.0,31380.0,-1.12,Train
2015-01-03,1822.75,1822.75,1822.75,1822.75,35336.666666666664,-1.0333333333333334,Train
2015-01-04,1817.5,1817.5,1817.5,1817.5,39293.333333333336,-0.9466666666666667,Train
2015-01-05,1812.25,1812.25,1812.25,1812.25,43250.0,-0.86,Train
2015-01-06,1780.25,1780.25,1780.25,1780.25,56010.0,-1.77,Train
2015-01-07,1783.5,1783.5,1783.5,1783.5,61450.0,0.18,Train
2015-01-08,1825.5,1825.5,1825.5,1825.5,75030.0,2.35,Train
2015-01-09,1804.25,1804.25,1804.25,1804.25,47140.0,-1.16,Train
2015-01-10,1804.4166666666667,1804.4166666666667,1804.4166666666667,1804.4166666666667,45713.333333333336,-0.7633333333333332,Train
2015-01-11,1804.5833333333333,1804.5833333333333,1804.5833333333333,1804.5833333333333,44286.666666666664,-0.3666666666666666,Train
2015-01-12,1804.75,1804.75,1804.75,1804.75,42860.0,0.03,Train
2015-01-13,1787.25,1787.25,1787.25,1787.25,48020.0,-0.97,Train
2015-01-14,1771.5,1771.5,1771.5,1771.5,99910.0,-0.88,Train
2015-01-15,1787.0,1787.0,1787.0,1787.0,51790.0,0.87,Train
2015-01-16,1843.0,1843.0,1843.0,1843.0,59020.0,3.13,Train
2015-01-17,1834.1666666666667,1834.1666666666667,1834.1666666666667,1834.1666666666667,48610.0,1.6066666666666665,Train
2015-01-18,1825.3333333333333,1825.3333333333333,1825.3333333333333,1825.3333333333333,38200.0,0.08333333333333304,Train
2015-01-19,1816.5,1816.5,1816.5,1816.5,27790.0,-1.44,Train
2015-01-20,1844.25,1844.25,1844.25,1844.25,11260.0,1.53,Train
2015-01-21,1868.0,1868.0,1868.0,1868.0,18160.0,1.29,Train
2015-01-22,1865.75,1865.75,1865.75,1865.75,17860.0,-0.12,Train
2015-01-23,1830.0,1830.0,1830.0,1830.0,28490.0,-1.92,Train
2015-01-24,1846.1666666666667,1846.1666666666667,1846.1666666666667,1846.1666666666667,27466.666666666668,-0.3966666666666665,Train
2015-01-25,1862.3333333333333,1862.3333333333333,1862.3333333333333,1862.3333333333333,26443.333333333332,1.126666666666667,Train
2015-01-26,1878.5,1878.5,1878.5,1878.5,25420.0,2.65,Train
2015-01-27,1853.5,1853.5,1853.5,1853.5,41130.0,-1.33,Train
2015-01-28,1847.75,1847.75,1847.75,1847.75,11760.0,-0.31,Train
2015-01-29,1816.5,1816.5,1816.5,1816.5,11020.0,-1.69,Train
2015-01-30,1862.0,1862.0,1862.0,1862.0,15150.0,2.5,Train
2015-01-31,1864.4166666666667,1864.4166666666667,1864.4166666666667,1864.4166666666667,16383.333333333334,1.7966666666666669,Train
2015-02-01,1866.8333333333333,1866.8333333333333,1866.8333333333333,1866.8333333333333,17616.666666666668,1.0933333333333335,Train
2015-02-02,1869.25,1869.25,1869.25,1869.25,18850.0,0.39,Train
2015-02-03,1886.75,1886.75,1886.75,1886.75,11530.0,0.94,Train
2015-02-04,1874.0,1874.0,1874.0,1874.0,13080.0,-0.68,Train
2015-02-05,1881.5,1881.5,1881.5,1881.5,19870.0,0.4,Train
2015-02-06,1867.5,1867.5,1867.5,1867.5,33180.0,-0.74,Train
2015-02-07,1869.0833333333333,1869.0833333333333,1869.0833333333333,1869.0833333333333,31273.333333333332,-0.41,Train
2015-02-08,1870.6666666666667,1870.6666666666667,1870.6666666666667,1870.6666666666667,29366.666666666668,-0.07999999999999996,Train
2015-02-09,1872.25,1872.25,1872.25,1872.25,27460.0,0.25,Train
2015-02-10,1832.75,1832.75,1832.75,1832.75,34620.0,-2.11,Train
2015-02-11,1818.75,1818.75,1818.75,1818.75,59490.0,-0.76,Train
2015-02-12,1838.75,1838.75,1838.75,1838.75,37930.0,1.1,Train
2015-02-13,1834.25,1834.25,1834.25,1834.25,29190.0,-0.24,Train
2015-02-14,1830.25,1830.25,1830.25,1830.25,26560.0,-0.3766666666666667,Train
2015-02-15,1826.25,1826.25,1826.25,1826.25,23930.0,-0.5133333333333334,Train
2015-02-16,1822.25,1822.25,1822.25,1822.25,21300.0,-0.65,Train
2015-02-17,1817.5,1817.5,1817.5,1817.5,26950.0,-0.26,Train
2015-02-18,1818.75,1818.75,1818.75,1818.75,11840.0,0.07,Train
2015-02-19,1817.5,1817.5,1817.5,1817.5,12470.0,-0.07,Train
2015-02-20,1793.0,1793.0,1793.0,1793.0,39040.0,-1.35,Train
2015-02-21,1792.25,1792.25,1792.25,1792.25,32896.666666666664,-0.9433333333333334,Train
2015-02-22,1791.5,1791.5,1791.5,1791.5,26753.333333333336,-0.5366666666666666,Train
2015-02-23,1790.75,1790.75,1790.75,1790.75,20610.0,-0.13,Train
2015-02-24,1809.0,1809.0,1809.0,1809.0,17330.0,1.02,Train
2015-02-25,1793.0,1793.0,1793.0,1793.0,17740.0,-0.88,Train
2015-02-26,1804.5,1804.5,1804.5,1804.5,11270.0,0.64,Train
2015-02-27,1814.0,1814.0,1814.0,1814.0,18520.0,0.53,Train
2015-02-28,1809.1666666666667,1809.1666666666667,1809.1666666666667,1809.1666666666667,20386.666666666668,0.08666666666666667,Train
2015-03-01,1804.3333333333333,1804.3333333333333,1804.3333333333333,1804.3333333333333,22253.333333333332,-0.3566666666666667,Train
2015-03-02,1799.5,1799.5,1799.5,1799.5,24120.0,-0.8,Train
2015-03-03,1790.75,1790.75,1790.75,1790.75,21910.0,-0.49,Train
2015-03-04,1797.25,1797.25,1797.25,1797.25,33030.0,0.36,Train
2015-03-05,1798.75,1798.75,1798.75,1798.75,21670.0,0.08,Train
2015-03-06,1778.25,1778.25,1778.25,1778.25,38290.0,-1.14,Train
2015-03-07,1777.1666666666667,1777.1666666666667,1777.1666666666667,1777.1666666666667,36396.666666666664,-0.8199999999999998,Train
2015-03-08,1776.0833333333333,1776.0833333333333,1776.0833333333333,1776.0833333333333,34503.333333333336,-0.4999999999999999,Train
2015-03-09,1775.0,1775.0,1775.0,1775.0,32610.0,-0.18,Train
2015-03-10,1756.75,1756.75,1756.75,1756.75,34720.0,-1.03,Train
2015-03-11,1740.0,1740.0,1740.0,1740.0,29400.0,-0.95,Train
2015-03-12,1742.5,1742.5,1742.5,1742.5,82980.0,0.14,Train
2015-03-13,1766.75,1766.75,1766.75,1766.75,30650.0,1.39,Train
2015-03-14,1766.3333333333333,1766.3333333333333,1766.3333333333333,1766.3333333333333,27693.333333333332,0.9033333333333333,Train
2015-03-15,1765.9166666666667,1765.9166666666667,1765.9166666666667,1765.9166666666667,24736.666666666668,0.41666666666666663,Train
2015-03-16,1765.5,1765.5,1765.5,1765.5,21780.0,-0.07,Train
2015-03-17,1786.0,1786.0,1786.0,1786.0,67170.0,1.16,Train
2015-03-18,1764.0,1764.0,1764.0,1764.0,21840.0,-1.23,Train
2015-03-19,1780.25,1780.25,1780.25,1780.25,24760.0,0.92,Train
2015-03-20,1796.5,1796.5,1796.5,1796.5,15280.0,0.91,Train
2015-03-21,1796.9166666666667,1796.9166666666667,1796.9166666666667,1796.9166666666667,17656.666666666668,0.63,Train
2015-03-22,1797.3333333333333,1797.3333333333333,1797.3333333333333,1797.3333333333333,20033.333333333332,0.35,Train
2015-03-23,1797.75,1797.75,1797.75,1797.75,22410.0,0.07,Train
2015-03-24,1790.75,1790.75,1790.75,1790.75,17000.0,-0.39,Train
2015-03-25,1774.5,1774.5,1774.5,1774.5,20670.0,-0.91,Train
2015-03-26,1788.5,1788.5,1788.5,1788.5,17370.0,0.79,Train
2015-03-27,1781.25,1781.25,1781.25,1781.25,22970.0,-0.41,Train
2015-03-28,1786.3333333333333,1786.3333333333333,1786.3333333333333,1786.3333333333333,22433.333333333332,0.013333333333333364,Train
2015-03-29,1791.4166666666667,1791.4166666666667,1791.4166666666667,1791.4166666666667,21896.666666666668,0.4366666666666667,Train
2015-03-30,1796.5,1796.5,1796.5,1796.5,21360.0,0.86,Train
2015-03-31,1784.0,1784.0,1784.0,1784.0,40630.0,-0.7,Train
2015-04-01,1776.5,1776.5,1776.5,1776.5,25830.0,-0.42,Train
2015-04-02,1780.5,1780.5,1780.5,1780.5,30820.0,0.23,Train
2015-04-03,1780.55,1780.55,1780.55,1780.55,28260.0,0.186,Train
2015-04-04,1780.6,1780.6,1780.6,1780.6,25700.0,0.14200000000000002,Train
2015-04-05,1780.65,1780.65,1780.65,1780.65,23140.0,0.098,Train
2015-04-06,1780.7,1780.7,1780.7,1780.7,20580.0,0.05400000000000002,Train
2015-04-07,1780.75,1780.75,1780.75,1780.75,18020.0,0.01,Train
2015-04-08,1766.25,1766.25,1766.25,1766.25,40620.0,-0.81,Train
2015-04-09,1757.0,1757.0,1757.0,1757.0,97510.0,-0.52,Train
2015-04-10,1759.25,1759.25,1759.25,1759.25,76070.0,0.13,Train
2015-04-11,1759.25,1759.25,1759.25,1759.25,64623.333333333336,0.08666666666666667,Train
2015-04-12,1759.25,1759.25,1759.25,1759.25,53176.66666666667,0.043333333333333335,Train
2015-04-13,1759.25,1759.25,1759.25,1759.25,41730.0,0.0,Train
2015-04-14,1789.0,1789.0,1789.0,1789.0,45930.0,1.69,Train
2015-04-15,1812.0,1812.0,1812.0,1812.0,77520.0,1.29,Train
2015-04-16,1821.5,1821.5,1821.5,1821.5,30040.0,0.52,Train
2015-04-17,1817.0,1817.0,1817.0,1817.0,22000.0,-0.25,Train
2015-04-18,1815.4166666666667,1815.4166666666667,1815.4166666666667,1815.4166666666667,19420.0,-0.25333333333333335,Train
2015-04-19,1813.8333333333333,1813.8333333333333,1813.8333333333333,1813.8333333333333,16840.0,-0.25666666666666665,Train
2015-04-20,1812.25,1812.25,1812.25,1812.25,14260.0,-0.26,Train
2015-04-21,1817.75,1817.75,1817.75,1817.75,20750.0,0.3,Train
2015-04-22,1807.25,1807.25,1807.25,1807.25,14340.0,-0.58,Train
2015-04-23,1777.75,1777.75,1777.75,1777.75,17200.0,-1.63,Train
2015-04-24,1823.5,1823.5,1823.5,1823.5,23610.0,2.57,Train
2015-04-25,1828.4166666666667,1828.4166666666667,1828.4166666666667,1828.4166666666667,21320.0,1.9833333333333334,Train
2015-04-26,1833.3333333333333,1833.3333333333333,1833.3333333333333,1833.3333333333333,19030.0,1.3966666666666667,Train
2015-04-27,1838.25,1838.25,1838.25,1838.25,16740.0,0.81,Train
2015-04-28,1876.25,1876.25,1876.25,1876.25,25030.0,2.07,Train
2015-04-29,1885.25,1885.25,1885.25,1885.25,23380.0,0.48,Train
2015-04-30,1929.0,1929.0,1929.0,1929.0,36510.0,2.32,Train
2015-05-01,1913.0,1913.0,1913.0,1913.0,30250.0,-0.83,Train
2015-05-02,1929.25,1929.25,1929.25,1929.25,33055.0,0.22749999999999992,Train
2015-05-03,1945.5,1945.5,1945.5,1945.5,35860.0,1.2849999999999997,Train
2015-05-04,1961.75,1961.75,1961.75,1961.75,38665.0,2.3424999999999994,Train
2015-05-05,1978.0,1978.0,1978.0,1978.0,41470.0,3.4,Train
2015-05-06,1919.5,1919.5,1919.5,1919.5,29270.0,-2.96,Train
2015-05-07,1879.5,1879.5,1879.5,1879.5,32790.0,-2.08,Train
2015-05-08,1885.0,1885.0,1885.0,1885.0,35550.0,0.29,Train
2015-05-09,1881.4166666666667,1881.4166666666667,1881.4166666666667,1881.4166666666667,31486.666666666668,0.003333333333333355,Train
2015-05-10,1877.8333333333333,1877.8333333333333,1877.8333333333333,1877.8333333333333,27423.333333333332,-0.28333333333333327,Train
2015-05-11,1874.25,1874.25,1874.25,1874.25,23360.0,-0.57,Train
2015-05-12,1890.0,1890.0,1890.0,1890.0,38050.0,0.84,Train
2015-05-13,1876.0,1876.0,1876.0,1876.0,30570.0,-0.74,Train
2015-05-14,1861.0,1861.0,1861.0,1861.0,25310.0,-0.8,Train
2015-05-15,1845.0,1845.0,1845.0,1845.0,24410.0,-0.86,Train
2015-05-16,1833.6666666666667,1833.6666666666667,1833.6666666666667,1833.6666666666667,25143.333333333332,-1.1866666666666668,Train
2015-05-17,1822.3333333333333,1822.3333333333333,1822.3333333333333,1822.3333333333333,25876.666666666668,-1.5133333333333334,Train
2015-05-18,1811.0,1811.0,1811.0,1811.0,26610.0,-1.84,Train
2015-05-19,1789.0,1789.0,1789.0,1789.0,65110.0,-1.21,Train
2015-05-20,1783.5,1783.5,1783.5,1783.5,17800.0,-0.31,Train
2015-05-21,1772.5,1772.5,1772.5,1772.5,28030.0,-0.62,Train
2015-05-22,1767.5,1767.5,1767.5,1767.5,18030.0,-0.28,Train
2015-05-23,1763.1875,1763.1875,1763.1875,1763.1875,17650.0,-0.455,Train
2015-05-24,1758.875,1758.875,1758.875,1758.875,17270.0,-0.63,Train
2015-05-25,1754.5625,1754.5625,1754.5625,1754.5625,16890.0,-0.8049999999999999,Train
2015-05-26,1750.25,1750.25,1750.25,1750.25,16510.0,-0.98,Train
2015-05-27,1735.75,1735.75,1735.75,1735.75,29300.0,-0.83,Train
2015-05-28,1774.5,1774.5,1774.5,1774.5,21460.0,2.23,Train
2015-05-29,1738.0,1738.0,1738.0,1738.0,38250.0,-2.06,Train
2015-05-30,1745.0833333333333,1745.0833333333333,1745.0833333333333,1745.0833333333333,32710.0,-0.9666666666666666,Train
2015-05-31,1752.1666666666667,1752.1666666666667,1752.1666666666667,1752.1666666666667,27170.0,0.12666666666666693,Train
2015-06-01,1759.25,1759.25,1759.25,1759.25,21630.0,1.22,Train
2015-06-02,1738.0,1738.0,1738.0,1738.0,18820.0,-1.21,Train
2015-06-03,1750.75,1750.75,1750.75,1750.75,20400.0,0.73,Train
2015-06-04,1741.25,1741.25,1741.25,1741.25,17950.0,-0.54,Train
2015-06-05,1747.75,1747.75,1747.75,1747.75,46670.0,0.37,Train
2015-06-06,1746.8333333333333,1746.8333333333333,1746.8333333333333,1746.8333333333333,43440.0,0.19333333333333333,Train
2015-06-07,1745.9166666666667,1745.9166666666667,1745.9166666666667,1745.9166666666667,40210.0,0.016666666666666663,Train
2015-06-08,1745.0,1745.0,1745.0,1745.0,36980.0,-0.16,Train
2015-06-09,1745.75,1745.75,1745.75,1745.75,54330.0,0.04,Train
2015-06-10,1754.75,1754.75,1754.75,1754.75,52950.0,0.52,Train
2015-06-11,1744.5,1744.5,1744.5,1744.5,28900.0,-0.58,Train
2015-06-12,1733.0,1733.0,1733.0,1733.0,34470.0,-0.66,Train
2015-06-13,1724.75,1724.75,1724.75,1724.75,40143.333333333336,-0.9166666666666667,Train
2015-06-14,1716.5,1716.5,1716.5,1716.5,45816.666666666664,-1.1733333333333333,Train
2015-06-15,1708.25,1708.25,1708.25,1708.25,51490.0,-1.43,Train
2015-06-16,1707.0,1707.0,1707.0,1707.0,60900.0,-0.07,Train
2015-06-17,1704.5,1704.5,1704.5,1704.5,27100.0,-0.15,Train
2015-06-18,1700.75,1700.75,1700.75,1700.75,24760.0,-0.22,Train
2015-06-19,1691.0,1691.0,1691.0,1691.0,28300.0,-0.57,Train
2015-06-20,1696.25,1696.25,1696.25,1696.25,27233.333333333332,-0.06999999999999995,Train
2015-06-21,1701.5,1701.5,1701.5,1701.5,26166.666666666668,0.43000000000000005,Train
2015-06-22,1706.75,1706.75,1706.75,1706.75,25100.0,0.93,Train
2015-06-23,1722.75,1722.75,1722.75,1722.75,27150.0,0.94,Train
2015-06-24,1714.0,1714.0,1714.0,1714.0,21310.0,-0.51,Train
2015-06-25,1720.75,1720.75,1720.75,1720.75,19350.0,0.39,Train
2015-06-26,1701.25,1701.25,1701.25,1701.25,24800.0,-1.13,Train
2015-06-27,1699.25,1699.25,1699.25,1699.25,24956.666666666668,-0.8699999999999999,Train
2015-06-28,1697.25,1697.25,1697.25,1697.25,25113.333333333332,-0.61,Train
2015-06-29,1695.25,1695.25,1695.25,1695.25,25270.0,-0.35,Train
2015-06-30,1684.75,1684.75,1684.75,1684.75,29620.0,-0.62,Train
2015-07-01,1721.5,1721.5,1721.5,1721.5,32610.0,2.18,Train
2015-07-02,1718.75,1718.75,1718.75,1718.75,29910.0,-0.16,Train
2015-07-03,1704.5,1704.5,1704.5,1704.5,20080.0,-0.83,Train
2015-07-04,1698.5,1698.5,1698.5,1698.5,21426.666666666668,-0.9066666666666666,Train
2015-07-05,1692.5,1692.5,1692.5,1692.5,22773.333333333332,-0.9833333333333334,Train
2015-07-06,1686.5,1686.5,1686.5,1686.5,24120.0,-1.06,Train
2015-07-07,1656.75,1656.75,1656.75,1656.75,63400.0,-1.76,Train
2015-07-08,1661.5,1661.5,1661.5,1661.5,39910.0,0.29,Train
2015-07-09,1689.5,1689.5,1689.5,1689.5,23260.0,1.69,Train
2015-07-10,1686.75,1686.75,1686.75,1686.75,29590.0,-0.16,Train
2015-07-11,1691.9166666666667,1691.9166666666667,1691.9166666666667,1691.9166666666667,29976.666666666668,0.20000000000000004,Train
2015-07-12,1697.0833333333333,1697.0833333333333,1697.0833333333333,1697.0833333333333,30363.333333333332,0.56,Train
2015-07-13,1702.25,1702.25,1702.25,1702.25,30750.0,0.92,Train
2015-07-14,1710.5,1710.5,1710.5,1710.5,16110.0,0.48,Train
2015-07-15,1720.5,1720.5,1720.5,1720.5,23300.0,0.58,Train
2015-07-16,1717.75,1717.75,1717.75,1717.75,25880.0,-0.16,Train
2015-07-17,1698.5,1698.5,1698.5,1698.5,16650.0,-1.12,Train
2015-07-18,1695.4166666666667,1695.4166666666667,1695.4166666666667,1695.4166666666667,16656.666666666668,-0.9266666666666667,Train
2015-07-19,1692.3333333333333,1692.3333333333333,1692.3333333333333,1692.3333333333333,16663.333333333332,-0.7333333333333334,Train
2015-07-20,1689.25,1689.25,1689.25,1689.25,16670.0,-0.54,Train
2015-07-21,1661.0,1661.0,1661.0,1661.0,58500.0,-1.67,Train
2015-07-22,1659.5,1659.5,1659.5,1659.5,39880.0,-0.09,Train
2015-07-23,1637.0,1637.0,1637.0,1637.0,24730.0,-1.36,Train
2015-07-24,1645.25,1645.25,1645.25,1645.25,14650.0,0.5,Train
2015-07-25,1644.0,1644.0,1644.0,1644.0,13506.666666666666,0.2566666666666667,Train
2015-07-26,1642.75,1642.75,1642.75,1642.75,12363.333333333334,0.013333333333333364,Train
2015-07-27,1641.5,1641.5,1641.5,1641.5,11220.0,-0.23,Train
2015-07-28,1658.5,1658.5,1658.5,1658.5,9720.0,1.04,Train
2015-07-29,1666.0,1666.0,1666.0,1666.0,26720.0,0.45,Train
2015-07-30,1646.0,1646.0,1646.0,1646.0,11410.0,-1.2,Train
2015-07-31,1621.5,1621.5,1621.5,1621.5,24510.0,-1.49,Train
2015-08-01,1619.5833333333333,1619.5833333333333,1619.5833333333333,1619.5833333333333,25803.333333333332,-1.1099999999999999,Train
2015-08-02,1617.6666666666667,1617.6666666666667,1617.6666666666667,1617.6666666666667,27096.666666666668,-0.7299999999999999,Train
2015-08-03,1615.75,1615.75,1615.75,1615.75,28390.0,-0.35,Train
2015-08-04,1620.75,1620.75,1620.75,1620.75,18500.0,0.31,Train
2015-08-05,1598.5,1598.5,1598.5,1598.5,16910.0,-1.37,Train
2015-08-06,1596.5,1596.5,1596.5,1596.5,19520.0,-0.13,Train
2015-08-07,1593.0,1593.0,1593.0,1593.0,40100.0,-0.22,Train
2015-08-08,1602.3333333333333,1602.3333333333333,1602.3333333333333,1602.3333333333333,38596.666666666664,0.44000000000000006,Train
2015-08-09,1611.6666666666667,1611.6666666666667,1611.6666666666667,1611.6666666666667,37093.333333333336,1.1,Train
2015-08-10,1621.0,1621.0,1621.0,1621.0,35590.0,1.76,Train
2015-08-11,1589.25,1589.25,1589.25,1589.25,36690.0,-1.96,Train
2015-08-12,1591.0,1591.0,1591.0,1591.0,40500.0,0.11,Train
2015-08-13,1575.75,1575.75,1575.75,1575.75,33930.0,-0.96,Train
2015-08-14,1582.75,1582.75,1582.75,1582.75,22200.0,0.44,Train
2015-08-15,1578.1666666666667,1578.1666666666667,1578.1666666666667,1578.1666666666667,20646.666666666668,0.0033333333333332993,Train
2015-08-16,1573.5833333333333,1573.5833333333333,1573.5833333333333,1573.5833333333333,19093.333333333332,-0.4333333333333334,Train
2015-08-17,1569.0,1569.0,1569.0,1569.0,17540.0,-0.87,Train
2015-08-18,1554.0,1554.0,1554.0,1554.0,59040.0,-0.96,Train
2015-08-19,1556.5,1556.5,1556.5,1556.5,29770.0,0.16,Train
2015-08-20,1575.5,1575.5,1575.5,1575.5,20730.0,1.22,Train
2015-08-21,1548.25,1548.25,1548.25,1548.25,21670.0,-1.73,Train
2015-08-22,1538.6666666666667,1538.6666666666667,1538.6666666666667,1538.6666666666667,15936.666666666668,-1.7733333333333334,Train
2015-08-23,1529.0833333333333,1529.0833333333333,1529.0833333333333,1529.0833333333333,10203.333333333334,-1.8166666666666667,Train
2015-08-24,1519.5,1519.5,1519.5,1519.5,4470.0,-1.86,Train
2015-08-25,1556.0,1556.0,1556.0,1556.0,25130.0,2.4,Train
2015-08-26,1529.75,1529.75,1529.75,1529.75,17210.0,-1.69,Train
2015-08-27,1558.5,1558.5,1558.5,1558.5,19800.0,1.88,Train
2015-08-28,1601.75,1601.75,1601.75,1601.75,24120.0,2.78,Train
2015-08-29,1601.1875,1601.1875,1601.1875,1601.1875,25162.5,2.05,Train
2015-08-30,1600.625,1600.625,1600.625,1600.625,26205.0,1.3199999999999998,Train
2015-08-31,1600.0625,1600.0625,1600.0625,1600.0625,27247.5,0.5899999999999999,Train
2015-09-01,1599.5,1599.5,1599.5,1599.5,28290.0,-0.14,Train
2015-09-02,1595.5,1595.5,1595.5,1595.5,30700.0,-0.25,Train
2015-09-03,1625.25,1625.25,1625.25,1625.25,30240.0,1.86,Train
2015-09-04,1602.5,1602.5,1602.5,1602.5,37650.0,-1.4,Train
2015-09-05,1599.5,1599.5,1599.5,1599.5,29460.0,-1.1199999999999999,Train
2015-09-06,1596.5,1596.5,1596.5,1596.5,21270.0,-0.84,Train
2015-09-07,1593.5,1593.5,1593.5,1593.5,13080.0,-0.56,Train
2015-09-08,1623.5,1623.5,1623.5,1623.5,29910.0,1.88,Train
2015-09-09,1622.5,1622.5,1622.5,1622.5,43060.0,-0.06,Train
2015-09-10,1630.0,1630.0,1630.0,1630.0,36140.0,0.46,Train
2015-09-11,1632.25,1632.25,1632.25,1632.25,52090.0,0.14,Train
2015-09-12,1625.5833333333333,1625.5833333333333,1625.5833333333333,1625.5833333333333,45390.0,-0.3166666666666667,Train
2015-09-13,1618.9166666666667,1618.9166666666667,1618.9166666666667,1618.9166666666667,38690.0,-0.7733333333333334,Train
2015-09-14,1612.25,1612.25,1612.25,1612.25,31990.0,-1.23,Train
2015-09-15,1613.75,1613.75,1613.75,1613.75,28050.0,0.09,Train
2015-09-16,1626.5,1626.5,1626.5,1626.5,40620.0,0.79,Train
2015-09-17,1633.25,1633.25,1633.25,1633.25,31610.0,0.42,Train
2015-09-18,1626.0,1626.0,1626.0,1626.0,27370.0,-0.44,Train
2015-09-19,1623.1666666666667,1623.1666666666667,1623.1666666666667,1623.1666666666667,22490.0,-0.4666666666666667,Train
2015-09-20,1620.3333333333333,1620.3333333333333,1620.3333333333333,1620.3333333333333,17610.0,-0.49333333333333335,Train
2015-09-21,1617.5,1617.5,1617.5,1617.5,12730.0,-0.52,Train
2015-09-22,1589.0,1589.0,1589.0,1589.0,18710.0,-1.76,Train
2015-09-23,1577.0,1577.0,1577.0,1577.0,20900.0,-0.76,Train
2015-09-24,1578.5,1578.5,1578.5,1578.5,20220.0,0.1,Train
2015-09-25,1566.5,1566.5,1566.5,1566.5,16250.0,-0.76,Train
2015-09-26,1560.25,1560.25,1560.25,1560.25,18196.666666666668,-0.9066666666666666,Train
2015-09-27,1554.0,1554.0,1554.0,1554.0,20143.333333333332,-1.0533333333333332,Train
2015-09-28,1547.75,1547.75,1547.75,1547.75,22090.0,-1.2,Train
2015-09-29,1560.5,1560.5,1560.5,1560.5,75060.0,0.82,Train
2015-09-30,1573.0,1573.0,1573.0,1573.0,22460.0,0.8,Train
2015-10-01,1559.0,1559.0,1559.0,1559.0,22940.0,-0.89,Train
2015-10-02,1550.75,1550.75,1550.75,1550.75,23360.0,-0.53,Train
2015-10-03,1552.5833333333333,1552.5833333333333,1552.5833333333333,1552.5833333333333,23963.333333333332,-0.2366666666666667,Train
2015-10-04,1554.4166666666667,1554.4166666666667,1554.4166666666667,1554.4166666666667,24566.666666666668,0.05666666666666664,Train
2015-10-05,1556.25,1556.25,1556.25,1556.25,25170.0,0.35,Train
2015-10-06,1544.0,1544.0,1544.0,1544.0,25060.0,-0.79,Train
2015-10-07,1567.0,1567.0,1567.0,1567.0,41970.0,1.49,Train
2015-10-08,1549.75,1549.75,1549.75,1549.75,39390.0,-1.1,Train
2015-10-09,1601.75,1601.75,1601.75,1601.75,49670.0,3.36,Train
2015-10-10,1594.8333333333333,1594.8333333333333,1594.8333333333333,1594.8333333333333,50306.666666666664,1.8066666666666664,Train
2015-10-11,1587.9166666666667,1587.9166666666667,1587.9166666666667,1587.9166666666667,50943.333333333336,0.25333333333333297,Train
2015-10-12,1581.0,1581.0,1581.0,1581.0,51580.0,-1.3,Train
2015-10-13,1580.5,1580.5,1580.5,1580.5,41630.0,-0.03,Train
2015-10-14,1579.5,1579.5,1579.5,1579.5,25910.0,-0.06,Train
2015-10-15,1560.0,1560.0,1560.0,1560.0,37100.0,-1.23,Train
2015-10-16,1559.0,1559.0,1559.0,1559.0,23980.0,-0.06,Train
2015-10-17,1550.6666666666667,1550.6666666666667,1550.6666666666667,1550.6666666666667,22910.0,-0.5733333333333333,Train
2015-10-18,1542.3333333333333,1542.3333333333333,1542.3333333333333,1542.3333333333333,21840.0,-1.0866666666666667,Train
2015-10-19,1534.0,1534.0,1534.0,1534.0,20770.0,-1.6,Train
2015-10-20,1545.0,1545.0,1545.0,1545.0,92790.0,0.72,Train
2015-10-21,1516.0,1516.0,1516.0,1516.0,20700.0,-1.88,Train
2015-10-22,1491.5,1491.5,1491.5,1491.5,21050.0,-1.62,Train
2015-10-23,1498.0,1498.0,1498.0,1498.0,19620.0,0.44,Train
2015-10-24,1492.0,1492.0,1492.0,1492.0,20596.666666666668,-0.10666666666666663,Train
2015-10-25,1486.0,1486.0,1486.0,1486.0,21573.333333333332,-0.6533333333333333,Train
2015-10-26,1480.0,1480.0,1480.0,1480.0,22550.0,-1.2,Train
2015-10-27,1476.75,1476.75,1476.75,1476.75,24980.0,-0.22,Train
2015-10-28,1484.75,1484.75,1484.75,1484.75,36190.0,0.54,Train
2015-10-29,1472.25,1472.25,1472.25,1472.25,43180.0,-0.84,Train
2015-10-30,1479.75,1479.75,1479.75,1479.75,20290.0,0.51,Train
2015-10-31,1484.6666666666667,1484.6666666666667,1484.6666666666667,1484.6666666666667,19116.666666666668,0.6733333333333333,Train
2015-11-01,1489.5833333333333,1489.5833333333333,1489.5833333333333,1489.5833333333333,17943.333333333332,0.8366666666666667,Train
2015-11-02,1494.5,1494.5,1494.5,1494.5,16770.0,1.0,Train
2015-11-03,1503.0,1503.0,1503.0,1503.0,23300.0,0.57,Train
2015-11-04,1505.5,1505.5,1505.5,1505.5,43080.0,0.17,Train
2015-11-05,1510.5,1510.5,1510.5,1510.5,24470.0,0.33,Train
2015-11-06,1527.5,1527.5,1527.5,1527.5,41090.0,1.13,Train
2015-11-07,1524.1666666666667,1524.1666666666667,1524.1666666666667,1524.1666666666667,37226.666666666664,0.5366666666666666,Train
2015-11-08,1520.8333333333333,1520.8333333333333,1520.8333333333333,1520.8333333333333,33363.333333333336,-0.05666666666666664,Train
2015-11-09,1517.5,1517.5,1517.5,1517.5,29500.0,-0.65,Train
2015-11-10,1514.0,1514.0,1514.0,1514.0,43400.0,-0.23,Train
2015-11-11,1524.0,1524.0,1524.0,1524.0,22240.0,0.66,Train
2015-11-12,1497.5,1497.5,1497.5,1497.5,35230.0,-1.74,Train
2015-11-13,1497.0,1497.0,1497.0,1497.0,21830.0,-0.03,Train
2015-11-14,1488.3333333333333,1488.3333333333333,1488.3333333333333,1488.3333333333333,26270.0,-0.6,Train
2015-11-15,1479.6666666666667,1479.6666666666667,1479.6666666666667,1479.6666666666667,30710.0,-1.17,Train
2015-11-16,1471.0,1471.0,1471.0,1471.0,35150.0,-1.74,Train
2015-11-17,1474.0,1474.0,1474.0,1474.0,55160.0,0.2,Train
2015-11-18,1472.5,1472.5,1472.5,1472.5,15920.0,-0.1,Train
2015-11-19,1466.5,1466.5,1466.5,1466.5,7560.0,-0.41,Train
2015-11-20,1447.5,1447.5,1447.5,1447.5,9070.0,-1.3,Train
2015-11-21,1443.5833333333333,1443.5833333333333,1443.5833333333333,1443.5833333333333,10426.666666666666,-1.1366666666666667,Train
2015-11-22,1439.6666666666667,1439.6666666666667,1439.6666666666667,1439.6666666666667,11783.333333333334,-0.9733333333333334,Train
2015-11-23,1435.75,1435.75,1435.75,1435.75,13140.0,-0.81,Train
2015-11-24,1445.75,1445.75,1445.75,1445.75,7910.0,0.7,Train
2015-11-25,1460.0,1460.0,1460.0,1460.0,68110.0,0.99,Train
2015-11-26,1502.0,1502.0,1502.0,1502.0,9890.0,2.88,Train
2015-11-27,1458.5,1458.5,1458.5,1458.5,12810.0,-2.9,Train
2015-11-28,1454.6666666666667,1454.6666666666667,1454.6666666666667,1454.6666666666667,13503.333333333334,-2.1966666666666668,Train
2015-11-29,1450.8333333333333,1450.8333333333333,1450.8333333333333,1450.8333333333333,14196.666666666666,-1.4933333333333334,Train
2015-11-30,1447.0,1447.0,1447.0,1447.0,14890.0,-0.79,Train
2015-12-01,1470.25,1470.25,1470.25,1470.25,23130.0,1.61,Train
2015-12-02,1487.0,1487.0,1487.0,1487.0,18080.0,1.14,Train
2015-12-03,1474.5,1474.5,1474.5,1474.5,21390.0,-0.84,Train
2015-12-04,1515.0,1515.0,1515.0,1515.0,35960.0,2.75,Train
2015-12-05,1505.0,1505.0,1505.0,1505.0,31876.666666666668,1.1733333333333331,Train
2015-12-06,1495.0,1495.0,1495.0,1495.0,27793.333333333332,-0.40333333333333377,Train
2015-12-07,1485.0,1485.0,1485.0,1485.0,23710.0,-1.98,Train
2015-12-08,1477.0,1477.0,1477.0,1477.0,36780.0,-0.54,Train
2015-12-09,1490.75,1490.75,1490.75,1490.75,29720.0,0.93,Train
2015-12-10,1491.75,1491.75,1491.75,1491.75,29300.0,0.07,Train
2015-12-11,1483.25,1483.25,1483.25,1483.25,37750.0,-0.57,Train
2015-12-12,1486.3333333333333,1486.3333333333333,1486.3333333333333,1486.3333333333333,33613.333333333336,-0.17333333333333328,Train
2015-12-13,1489.4166666666667,1489.4166666666667,1489.4166666666667,1489.4166666666667,29476.666666666664,0.22333333333333338,Train
2015-12-14,1492.5,1492.5,1492.5,1492.5,25340.0,0.62,Train
2015-12-15,1471.0,1471.0,1471.0,1471.0,31590.0,-1.44,Train
2015-12-16,1486.0,1486.0,1486.0,1486.0,51810.0,1.02,Train
2015-12-17,1476.5,1476.5,1476.5,1476.5,28080.0,-0.64,Train
2015-12-18,1506.25,1506.25,1506.25,1506.25,24210.0,2.01,Train
2015-12-19,1508.6666666666667,1508.6666666666667,1508.6666666666667,1508.6666666666667,25290.0,1.5,Train
2015-12-20,1511.0833333333333,1511.0833333333333,1511.0833333333333,1511.0833333333333,26370.0,0.99,Train
2015-12-21,1513.5,1513.5,1513.5,1513.5,27450.0,0.48,Train
2015-12-22,1508.0,1508.0,1508.0,1508.0,19920.0,-0.36,Train
2015-12-23,1537.0,1537.0,1537.0,1537.0,31420.0,1.92,Train
2015-12-24,1534.0,1534.0,1534.0,1534.0,16510.0,-0.2,Train
2015-12-25,1534.35,1534.35,1534.35,1534.35,17618.0,-0.138,Train
2015-12-26,1534.7,1534.7,1534.7,1534.7,18726.0,-0.07600000000000001,Train
2015-12-27,1535.05,1535.05,1535.05,1535.05,19834.0,-0.014000000000000012,Train
2015-12-28,1535.4,1535.4,1535.4,1535.4,20942.0,0.04799999999999999,Train
2015-12-29,1535.75,1535.75,1535.75,1535.75,22050.0,0.11,Train
2015-12-30,1528.75,1528.75,1528.75,1528.75,17340.0,-0.46,Train
2015-12-31,1507.75,1507.75,1507.75,1507.75,14670.0,-1.37,Train
2016-01-01,1499.0625,1499.0625,1499.0625,1499.0625,19992.5,-1.6025,Train
2016-01-02,1490.375,1490.375,1490.375,1490.375,25315.0,-1.835,Train
2016-01-03,1481.6875,1481.6875,1481.6875,1481.6875,30637.5,-2.0675,Train
2016-01-04,1473.0,1473.0,1473.0,1473.0,35960.0,-2.3,Train
2016-01-05,1462.5,1462.5,1462.5,1462.5,65090.0,-0.71,Train
2016-01-06,1474.0,1474.0,1474.0,1474.0,27610.0,0.79,Train
2016-01-07,1473.5,1473.5,1473.5,1473.5,29900.0,-0.03,Train
2016-01-08,1491.75,1491.75,1491.75,1491.75,48780.0,1.24,Train
2016-01-09,1480.8333333333333,1480.8333333333333,1480.8333333333333,1480.8333333333333,49156.666666666664,0.09333333333333327,Train
2016-01-10,1469.9166666666667,1469.9166666666667,1469.9166666666667,1469.9166666666667,49533.333333333336,-1.0533333333333335,Train
2016-01-11,1459.0,1459.0,1459.0,1459.0,49910.0,-2.2,Train
2016-01-12,1449.5,1449.5,1449.5,1449.5,43920.0,-0.65,Train
2016-01-13,1462.5,1462.5,1462.5,1462.5,50560.0,0.9,Train
2016-01-14,1483.0,1483.0,1483.0,1483.0,51600.0,1.4,Train
2016-01-15,1473.0,1473.0,1473.0,1473.0,32840.0,-0.67,Train
2016-01-16,1475.4166666666667,1475.4166666666667,1475.4166666666667,1475.4166666666667,32126.666666666668,-0.2833333333333333,Train
2016-01-17,1477.8333333333333,1477.8333333333333,1477.8333333333333,1477.8333333333333,31413.333333333332,0.10333333333333339,Train
2016-01-18,1480.25,1480.25,1480.25,1480.25,30700.0,0.49,Train
2016-01-19,1481.0,1481.0,1481.0,1481.0,24770.0,0.05,Train
2016-01-20,1469.0,1469.0,1469.0,1469.0,46110.0,-0.81,Train
2016-01-21,1482.5,1482.5,1482.5,1482.5,13350.0,0.92,Train
2016-01-22,1482.25,1482.25,1482.25,1482.25,11080.0,-0.02,Train
2016-01-23,1480.3333333333333,1480.3333333333333,1480.3333333333333,1480.3333333333333,12616.666666666666,-0.14333333333333334,Train
2016-01-24,1478.4166666666667,1478.4166666666667,1478.4166666666667,1478.4166666666667,14153.333333333334,-0.26666666666666666,Train
2016-01-25,1476.5,1476.5,1476.5,1476.5,15690.0,-0.39,Train
2016-01-26,1495.75,1495.75,1495.75,1495.75,25450.0,1.3,Train
2016-01-27,1527.0,1527.0,1527.0,1527.0,16290.0,2.09,Train
2016-01-28,1514.0,1514.0,1514.0,1514.0,22480.0,-0.85,Train
2016-01-29,1519.25,1519.25,1519.25,1519.25,19570.0,0.35,Train
2016-01-30,1519.75,1519.75,1519.75,1519.75,18183.333333333332,0.26666666666666666,Train
2016-01-31,1520.25,1520.25,1520.25,1520.25,16796.666666666668,0.18333333333333332,Train
2016-02-01,1520.75,1520.75,1520.75,1520.75,15410.0,0.1,Train
2016-02-02,1500.5,1500.5,1500.5,1500.5,27890.0,-1.33,Train
2016-02-03,1524.5,1524.5,1524.5,1524.5,25220.0,1.6,Train
2016-02-04,1533.75,1533.75,1533.75,1533.75,20980.0,0.61,Train
2016-02-05,1496.5,1496.5,1496.5,1496.5,42550.0,-2.43,Train
2016-02-06,1497.0833333333333,1497.0833333333333,1497.0833333333333,1497.0833333333333,39166.666666666664,-1.58,Train
2016-02-07,1497.6666666666667,1497.6666666666667,1497.6666666666667,1497.6666666666667,35783.333333333336,-0.73,Train
2016-02-08,1498.25,1498.25,1498.25,1498.25,32400.0,0.12,Train
2016-02-09,1477.25,1477.25,1477.25,1477.25,33590.0,-1.4,Train
2016-02-10,1476.0,1476.0,1476.0,1476.0,39400.0,-0.08,Train
2016-02-11,1481.0,1481.0,1481.0,1481.0,18450.0,0.34,Train
2016-02-12,1496.5,1496.5,1496.5,1496.5,15510.0,1.05,Train
2016-02-13,1500.9166666666667,1500.9166666666667,1500.9166666666667,1500.9166666666667,14106.666666666666,0.9966666666666667,Train
2016-02-14,1505.3333333333333,1505.3333333333333,1505.3333333333333,1505.3333333333333,12703.333333333334,0.9433333333333334,Train
2016-02-15,1509.75,1509.75,1509.75,1509.75,11300.0,0.89,Train
2016-02-16,1521.0,1521.0,1521.0,1521.0,13940.0,0.75,Train
2016-02-17,1517.75,1517.75,1517.75,1517.75,14980.0,-0.21,Train
2016-02-18,1517.0,1517.0,1517.0,1517.0,40370.0,-0.05,Train
2016-02-19,1551.0,1551.0,1551.0,1551.0,23140.0,2.24,Train
2016-02-20,1559.25,1559.25,1559.25,1559.25,28076.666666666668,2.026666666666667,Train
2016-02-21,1567.5,1567.5,1567.5,1567.5,33013.333333333336,1.8133333333333335,Train
2016-02-22,1575.75,1575.75,1575.75,1575.75,37950.0,1.6,Train
2016-02-23,1549.5,1549.5,1549.5,1549.5,12280.0,-1.67,Train
2016-02-24,1568.5,1568.5,1568.5,1568.5,26400.0,1.23,Train
2016-02-25,1558.0,1558.0,1558.0,1558.0,26510.0,-0.67,Train
2016-02-26,1561.0,1561.0,1561.0,1561.0,15890.0,0.19,Train
2016-02-27,1565.1666666666667,1565.1666666666667,1565.1666666666667,1565.1666666666667,14946.666666666666,0.39333333333333337,Train
2016-02-28,1569.3333333333333,1569.3333333333333,1569.3333333333333,1569.3333333333333,14003.333333333334,0.5966666666666667,Train
2016-02-29,1573.5,1573.5,1573.5,1573.5,13060.0,0.8,Train
2016-03-01,1572.75,1572.75,1572.75,1572.75,19350.0,-0.05,Train
2016-03-02,1588.75,1588.75,1588.75,1588.75,15700.0,1.02,Train
2016-03-03,1576.5,1576.5,1576.5,1576.5,27240.0,-0.77,Train
2016-03-04,1586.25,1586.25,1586.25,1586.25,15020.0,0.62,Train
2016-03-05,1590.1666666666667,1590.1666666666667,1590.1666666666667,1590.1666666666667,15753.333333333334,0.66,Train
2016-03-06,1594.0833333333333,1594.0833333333333,1594.0833333333333,1594.0833333333333,16486.666666666668,0.7,Train
2016-03-07,1598.0,1598.0,1598.0,1598.0,17220.0,0.74,Train
2016-03-08,1566.25,1566.25,1566.25,1566.25,22320.0,-1.99,Train
2016-03-09,1579.75,1579.75,1579.75,1579.75,25070.0,0.86,Train
2016-03-10,1558.0,1558.0,1558.0,1558.0,26870.0,-1.38,Train
2016-03-11,1560.0,1560.0,1560.0,1560.0,23990.0,0.13,Train
2016-03-12,1553.3333333333333,1553.3333333333333,1553.3333333333333,1553.3333333333333,23993.333333333332,-0.34,Train
2016-03-13,1546.6666666666667,1546.6666666666667,1546.6666666666667,1546.6666666666667,23996.666666666668,-0.81,Train
2016-03-14,1540.0,1540.0,1540.0,1540.0,24000.0,-1.28,Train
2016-03-15,1520.0,1520.0,1520.0,1520.0,71700.0,-1.3,Train
2016-03-16,1509.0,1509.0,1509.0,1509.0,39010.0,-0.72,Train
2016-03-17,1529.25,1529.25,1529.25,1529.25,30400.0,1.34,Train
2016-03-18,1521.0,1521.0,1521.0,1521.0,28290.0,-0.54,Train
2016-03-19,1517.6666666666667,1517.6666666666667,1517.6666666666667,1517.6666666666667,27640.0,-0.5800000000000001,Train
2016-03-20,1514.3333333333333,1514.3333333333333,1514.3333333333333,1514.3333333333333,26990.0,-0.62,Train
2016-03-21,1511.0,1511.0,1511.0,1511.0,26340.0,-0.66,Train
2016-03-22,1498.75,1498.75,1498.75,1498.75,33130.0,-0.81,Train
2016-03-23,1477.5,1477.5,1477.5,1477.5,29370.0,-1.42,Train
2016-03-24,1473.5,1473.5,1473.5,1473.5,33780.0,-0.27,Train
2016-03-25,1475.85,1475.85,1475.85,1475.85,36092.0,-0.055999999999999994,Train
2016-03-26,1478.2,1478.2,1478.2,1478.2,38404.0,0.15800000000000003,Train
2016-03-27,1480.55,1480.55,1480.55,1480.55,40716.0,0.3720000000000001,Train
2016-03-28,1482.9,1482.9,1482.9,1482.9,43028.0,0.5860000000000001,Train
2016-03-29,1485.25,1485.25,1485.25,1485.25,45340.0,0.8,Train
2016-03-30,1492.0,1492.0,1492.0,1492.0,32020.000000000004,0.45,Train
2016-03-31,1516.5,1516.5,1516.5,1516.5,30430.0,1.64,Train
2016-04-01,1532.25,1532.25,1532.25,1532.25,28300.0,1.04,Train
2016-04-02,1532.1666666666667,1532.1666666666667,1532.1666666666667,1532.1666666666667,26030.0,0.6866666666666668,Train
2016-04-03,1532.0833333333333,1532.0833333333333,1532.0833333333333,1532.0833333333333,23760.0,0.33333333333333337,Train
2016-04-04,1532.0,1532.0,1532.0,1532.0,21490.0,-0.02,Train
2016-04-05,1517.5,1517.5,1517.5,1517.5,27030.0,-0.95,Train
2016-04-06,1510.5,1510.5,1510.5,1510.5,26490.0,-0.46,Train
2016-04-07,1498.75,1498.75,1498.75,1498.75,38010.0,-0.78,Train
2016-04-08,1515.75,1515.75,1515.75,1515.75,21810.0,1.13,Train
2016-04-09,1512.0,1512.0,1512.0,1512.0,23290.0,0.5066666666666666,Train
2016-04-10,1508.25,1508.25,1508.25,1508.25,24770.0,-0.1166666666666667,Train
2016-04-11,1504.5,1504.5,1504.5,1504.5,26250.0,-0.74,Train
2016-04-12,1530.0,1530.0,1530.0,1530.0,37650.0,1.69,Train
2016-04-13,1556.0,1556.0,1556.0,1556.0,41620.0,1.7,Train
2016-04-14,1557.0,1557.0,1557.0,1557.0,38760.0,0.06,Train
2016-04-15,1553.5,1553.5,1553.5,1553.5,29620.0,-0.22,Train
2016-04-16,1559.6666666666667,1559.6666666666667,1559.6666666666667,1559.6666666666667,31706.666666666668,0.24999999999999997,Train
2016-04-17,1565.8333333333333,1565.8333333333333,1565.8333333333333,1565.8333333333333,33793.333333333336,0.72,Train
2016-04-18,1572.0,1572.0,1572.0,1572.0,35880.0,1.19,Train
2016-04-19,1586.0,1586.0,1586.0,1586.0,27270.0,0.89,Train
2016-04-20,1622.0,1622.0,1622.0,1622.0,110210.0,2.27,Train
2016-04-21,1637.0,1637.0,1637.0,1637.0,23550.0,0.92,Train
2016-04-22,1654.5,1654.5,1654.5,1654.5,13410.0,1.07,Train
2016-04-23,1655.1666666666667,1655.1666666666667,1655.1666666666667,1655.1666666666667,12340.0,0.7533333333333334,Train
2016-04-24,1655.8333333333333,1655.8333333333333,1655.8333333333333,1655.8333333333333,11270.0,0.43666666666666665,Train
2016-04-25,1656.5,1656.5,1656.5,1656.5,10200.0,0.12,Train
2016-04-26,1650.0,1650.0,1650.0,1650.0,13810.0,-0.39,Train
2016-04-27,1645.0,1645.0,1645.0,1645.0,19600.0,-0.3,Train
2016-04-28,1667.75,1667.75,1667.75,1667.75,30950.0,1.38,Train
2016-04-29,1681.75,1681.75,1681.75,1681.75,25900.0,0.84,Train
2016-04-30,1669.6875,1669.6875,1669.6875,1669.6875,26542.5,-0.08750000000000002,Train
2016-05-01,1657.625,1657.625,1657.625,1657.625,27185.0,-1.0150000000000001,Train
2016-05-02,1645.5625,1645.5625,1645.5625,1645.5625,27827.5,-1.9425,Train
2016-05-03,1633.5,1633.5,1633.5,1633.5,28470.0,-2.87,Train
2016-05-04,1633.0,1633.0,1633.0,1633.0,19340.0,-0.03,Train
2016-05-05,1608.0,1608.0,1608.0,1608.0,20560.0,-1.53,Train
2016-05-06,1597.0,1597.0,1597.0,1597.0,25440.0,-0.68,Train
2016-05-07,1584.1666666666667,1584.1666666666667,1584.1666666666667,1584.1666666666667,26220.0,-1.2566666666666668,Train
2016-05-08,1571.3333333333333,1571.3333333333333,1571.3333333333333,1571.3333333333333,27000.0,-1.8333333333333335,Train
2016-05-09,1558.5,1558.5,1558.5,1558.5,27780.0,-2.41,Train
2016-05-10,1551.25,1551.25,1551.25,1551.25,26680.0,-0.47,Train
2016-05-11,1560.75,1560.75,1560.75,1560.75,18870.0,0.61,Train
2016-05-12,1541.0,1541.0,1541.0,1541.0,19680.0,-1.27,Train
2016-05-13,1530.5,1530.5,1530.5,1530.5,25190.0,-0.68,Train
2016-05-14,1534.6666666666667,1534.6666666666667,1534.6666666666667,1534.6666666666667,21023.333333333332,-0.18000000000000005,Train
2016-05-15,1538.8333333333333,1538.8333333333333,1538.8333333333333,1538.8333333333333,16856.666666666664,0.31999999999999995,Train
2016-05-16,1543.0,1543.0,1543.0,1543.0,12690.0,0.82,Train
2016-05-17,1545.0,1545.0,1545.0,1545.0,55010.0,0.13,Train
2016-05-18,1551.75,1551.75,1551.75,1551.75,28650.0,0.44,Train
2016-05-19,1545.0,1545.0,1545.0,1545.0,15460.0,-0.43,Train
2016-05-20,1547.0,1547.0,1547.0,1547.0,14370.0,0.13,Train
2016-05-21,1549.1666666666667,1549.1666666666667,1549.1666666666667,1549.1666666666667,12410.0,0.22666666666666668,Train
2016-05-22,1551.3333333333333,1551.3333333333333,1551.3333333333333,1551.3333333333333,10450.0,0.32333333333333336,Train
2016-05-23,1553.5,1553.5,1553.5,1553.5,8490.0,0.42,Train
2016-05-24,1555.5,1555.5,1555.5,1555.5,14430.0,0.13,Train
2016-05-25,1543.5,1543.5,1543.5,1543.5,10440.0,-0.77,Train
2016-05-26,1554.75,1554.75,1554.75,1554.75,17310.0,0.73,Train
2016-05-27,1554.5,1554.5,1554.5,1554.5,14760.0,-0.02,Train
2016-05-28,1554.3125,1554.3125,1554.3125,1554.3125,15007.5,-0.0275,Train
2016-05-29,1554.125,1554.125,1554.125,1554.125,15255.0,-0.035,Train
2016-05-30,1553.9375,1553.9375,1553.9375,1553.9375,15502.5,-0.0425,Train
2016-05-31,1553.75,1553.75,1553.75,1553.75,15750.0,-0.05,Train
2016-06-01,1566.5,1566.5,1566.5,1566.5,17830.0,0.82,Train
2016-06-02,1537.5,1537.5,1537.5,1537.5,15910.0,-1.85,Train
2016-06-03,1541.5,1541.5,1541.5,1541.5,14270.0,0.26,Train
2016-06-04,1544.0833333333333,1544.0833333333333,1544.0833333333333,1544.0833333333333,13860.0,0.34,Train
2016-06-05,1546.6666666666667,1546.6666666666667,1546.6666666666667,1546.6666666666667,13450.0,0.42000000000000004,Train
2016-06-06,1549.25,1549.25,1549.25,1549.25,13040.0,0.5,Train
2016-06-07,1561.25,1561.25,1561.25,1561.25,22760.0,0.77,Train
2016-06-08,1601.25,1601.25,1601.25,1601.25,25720.0,2.56,Train
2016-06-09,1574.25,1574.25,1574.25,1574.25,24330.0,-1.69,Train
2016-06-10,1570.75,1570.75,1570.75,1570.75,22270.0,-0.22,Train
2016-06-11,1579.6666666666667,1579.6666666666667,1579.6666666666667,1579.6666666666667,20963.333333333332,0.42000000000000004,Train
2016-06-12,1588.5833333333333,1588.5833333333333,1588.5833333333333,1588.5833333333333,19656.666666666668,1.06,Train
2016-06-13,1597.5,1597.5,1597.5,1597.5,18350.0,1.7,Train
2016-06-14,1611.0,1611.0,1611.0,1611.0,40540.0,0.85,Train
2016-06-15,1627.0,1627.0,1627.0,1627.0,22820.0,0.99,Train
2016-06-16,1604.75,1604.75,1604.75,1604.75,20980.0,-1.37,Train
2016-06-17,1615.0,1615.0,1615.0,1615.0,20460.0,0.64,Train
2016-06-18,1621.05,1621.05,1621.05,1621.05,23330.0,0.8,Train
2016-06-19,1627.1000000000001,1627.1000000000001,1627.1000000000001,1627.1000000000001,26200.0,0.9600000000000001,Train
2016-06-20,1633.15,1633.15,1633.15,1633.15,29070.0,1.12,Train
2016-06-21,1635.5,1635.5,1635.5,1635.5,52780.0,0.14,Train
2016-06-22,1635.25,1635.25,1635.25,1635.25,21310.0,-0.02,Train
2016-06-23,1643.25,1643.25,1643.25,1643.25,19950.0,0.49,Train
2016-06-24,1618.75,1618.75,1618.75,1618.75,16530.0,-1.49,Train
2016-06-25,1611.4166666666667,1611.4166666666667,1611.4166666666667,1611.4166666666667,14946.666666666666,-1.4466666666666668,Train
2016-06-26,1604.0833333333333,1604.0833333333333,1604.0833333333333,1604.0833333333333,13363.333333333334,-1.4033333333333333,Train
2016-06-27,1596.75,1596.75,1596.75,1596.75,11780.0,-1.36,Train
2016-06-28,1625.0,1625.0,1625.0,1625.0,16110.0,1.77,Train
2016-06-29,1637.25,1637.25,1637.25,1637.25,31360.0,0.75,Train
2016-06-30,1651.25,1651.25,1651.25,1651.25,37970.0,0.86,Train
2016-07-01,1666.25,1666.25,1666.25,1666.25,34720.0,0.91,Train
2016-07-02,1661.25,1661.25,1661.25,1661.25,30003.333333333332,0.30666666666666664,Train
2016-07-03,1656.25,1656.25,1656.25,1656.25,25286.666666666664,-0.29666666666666675,Train
2016-07-04,1651.25,1651.25,1651.25,1651.25,20570.0,-0.9,Train
2016-07-05,1655.5,1655.5,1655.5,1655.5,27280.0,0.26,Train
2016-07-06,1652.75,1652.75,1652.75,1652.75,28140.0,-0.17,Train
2016-07-07,1637.75,1637.75,1637.75,1637.75,21160.0,-0.91,Train
2016-07-08,1663.5,1663.5,1663.5,1663.5,26470.0,1.57,Train
2016-07-09,1659.5,1659.5,1659.5,1659.5,27990.0,0.8066666666666668,Train
2016-07-10,1655.5,1655.5,1655.5,1655.5,29510.0,0.043333333333333446,Train
2016-07-11,1651.5,1651.5,1651.5,1651.5,31030.0,-0.72,Train
2016-07-12,1674.0,1674.0,1674.0,1674.0,45780.0,1.36,Train
2016-07-13,1670.5,1670.5,1670.5,1670.5,36740.0,-0.21,Train
2016-07-14,1680.5,1680.5,1680.5,1680.5,19620.0,0.6,Train
2016-07-15,1664.75,1664.75,1664.75,1664.75,20130.0,-0.94,Train
2016-07-16,1661.4166666666667,1661.4166666666667,1661.4166666666667,1661.4166666666667,19993.333333333332,-0.8266666666666667,Train
2016-07-17,1658.0833333333333,1658.0833333333333,1658.0833333333333,1658.0833333333333,19856.666666666668,-0.7133333333333333,Train
2016-07-18,1654.75,1654.75,1654.75,1654.75,19720.0,-0.6,Train
2016-07-19,1647.0,1647.0,1647.0,1647.0,37310.0,-0.47,Train
2016-07-20,1625.25,1625.25,1625.25,1625.25,20880.0,-1.32,Train
2016-07-21,1601.0,1601.0,1601.0,1601.0,16840.0,-1.49,Train
2016-07-22,1611.25,1611.25,1611.25,1611.25,20580.0,0.64,Train
2016-07-23,1609.0833333333333,1609.0833333333333,1609.0833333333333,1609.0833333333333,17406.666666666668,0.29333333333333333,Train
2016-07-24,1606.9166666666667,1606.9166666666667,1606.9166666666667,1606.9166666666667,14233.333333333332,-0.053333333333333344,Train
2016-07-25,1604.75,1604.75,1604.75,1604.75,11060.0,-0.4,Train
2016-07-26,1591.5,1591.5,1591.5,1591.5,12550.0,-0.83,Train
2016-07-27,1591.5,1591.5,1591.5,1591.5,17820.0,0.0,Train
2016-07-28,1608.25,1608.25,1608.25,1608.25,14220.0,1.05,Train
2016-07-29,1644.0,1644.0,1644.0,1644.0,19050.0,2.22,Train
2016-07-30,1640.5,1640.5,1640.5,1640.5,19483.333333333332,1.2666666666666666,Train
2016-07-31,1637.0,1637.0,1637.0,1637.0,19916.666666666668,0.31333333333333324,Train
2016-08-01,1633.5,1633.5,1633.5,1633.5,20350.0,-0.64,Train
2016-08-02,1623.0,1623.0,1623.0,1623.0,17190.0,-0.64,Train
2016-08-03,1640.0,1640.0,1640.0,1640.0,20150.0,1.05,Train
2016-08-04,1619.75,1619.75,1619.75,1619.75,12370.0,-1.23,Train
2016-08-05,1642.0,1642.0,1642.0,1642.0,10340.0,1.37,Train
2016-08-06,1641.0833333333333,1641.0833333333333,1641.0833333333333,1641.0833333333333,13630.0,0.8566666666666668,Train
2016-08-07,1640.1666666666667,1640.1666666666667,1640.1666666666667,1640.1666666666667,16920.0,0.3433333333333335,Train
2016-08-08,1639.25,1639.25,1639.25,1639.25,20210.0,-0.17,Train
2016-08-09,1638.25,1638.25,1638.25,1638.25,24840.0,-0.06,Train
2016-08-10,1643.0,1643.0,1643.0,1643.0,17320.0,0.29,Train
2016-08-11,1649.0,1649.0,1649.0,1649.0,13070.0,0.37,Train
2016-08-12,1651.0,1651.0,1651.0,1651.0,9450.0,0.12,Train
2016-08-13,1658.1666666666667,1658.1666666666667,1658.1666666666667,1658.1666666666667,14746.666666666668,0.5133333333333334,Train
2016-08-14,1665.3333333333333,1665.3333333333333,1665.3333333333333,1665.3333333333333,20043.333333333336,0.9066666666666667,Train
2016-08-15,1672.5,1672.5,1672.5,1672.5,25340.0,1.3,Train
2016-08-16,1693.0,1693.0,1693.0,1693.0,58250.0,1.23,Train
2016-08-17,1694.75,1694.75,1694.75,1694.75,24580.0,0.1,Train
2016-08-18,1683.5,1683.5,1683.5,1683.5,15480.0,-0.66,Train
2016-08-19,1667.25,1667.25,1667.25,1667.25,12890.0,-0.97,Train
2016-08-20,1667.3333333333333,1667.3333333333333,1667.3333333333333,1667.3333333333333,11813.333333333334,-0.6433333333333333,Train
2016-08-21,1667.4166666666667,1667.4166666666667,1667.4166666666667,1667.4166666666667,10736.666666666666,-0.31666666666666665,Train
2016-08-22,1667.5,1667.5,1667.5,1667.5,9660.0,0.01,Train
2016-08-23,1669.25,1669.25,1669.25,1669.25,7290.0,0.1,Train
2016-08-24,1645.75,1645.75,1645.75,1645.75,18660.0,-1.41,Train
2016-08-25,1643.75,1643.75,1643.75,1643.75,18940.0,-0.12,Train
2016-08-26,1641.5,1641.5,1641.5,1641.5,10470.0,-0.14,Train
2016-08-27,1638.0625,1638.0625,1638.0625,1638.0625,13217.5,-0.315,Train
2016-08-28,1634.625,1634.625,1634.625,1634.625,15965.0,-0.49,Train
2016-08-29,1631.1875,1631.1875,1631.1875,1631.1875,18712.5,-0.6649999999999999,Train
2016-08-30,1627.75,1627.75,1627.75,1627.75,21460.0,-0.84,Train
2016-08-31,1610.75,1610.75,1610.75,1610.75,29810.0,-1.04,Train
2016-09-01,1611.0,1611.0,1611.0,1611.0,17840.0,0.02,Train
2016-09-02,1590.0,1590.0,1590.0,1590.0,14850.0,-1.3,Train
2016-09-03,1585.3333333333333,1585.3333333333333,1585.3333333333333,1585.3333333333333,12420.0,-1.1600000000000001,Train
2016-09-04,1580.6666666666667,1580.6666666666667,1580.6666666666667,1580.6666666666667,9990.0,-1.02,Train
2016-09-05,1576.0,1576.0,1576.0,1576.0,7560.0,-0.88,Train
2016-09-06,1585.0,1585.0,1585.0,1585.0,15010.0,0.57,Train
2016-09-07,1588.75,1588.75,1588.75,1588.75,18800.0,0.24,Train
2016-09-08,1586.25,1586.25,1586.25,1586.25,17230.0,-0.16,Train
2016-09-09,1573.5,1573.5,1573.5,1573.5,22300.0,-0.8,Train
2016-09-10,1569.8333333333333,1569.8333333333333,1569.8333333333333,1569.8333333333333,22393.333333333332,-0.7666666666666667,Train
2016-09-11,1566.1666666666667,1566.1666666666667,1566.1666666666667,1566.1666666666667,22486.666666666668,-0.7333333333333333,Train
2016-09-12,1562.5,1562.5,1562.5,1562.5,22580.0,-0.7,Train
2016-09-13,1559.5,1559.5,1559.5,1559.5,22140.0,-0.19,Train
2016-09-14,1579.5,1579.5,1579.5,1579.5,22970.0,1.28,Train
2016-09-15,1566.5,1566.5,1566.5,1566.5,12010.0,-0.82,Train
2016-09-16,1570.5,1570.5,1570.5,1570.5,12180.0,0.26,Train
2016-09-17,1572.75,1572.75,1572.75,1572.75,13650.0,0.31666666666666665,Train
2016-09-18,1575.0,1575.0,1575.0,1575.0,15120.0,0.37333333333333335,Train
2016-09-19,1577.25,1577.25,1577.25,1577.25,16590.0,0.43,Train
2016-09-20,1576.25,1576.25,1576.25,1576.25,51510.0,-0.06,Train
2016-09-21,1584.0,1584.0,1584.0,1584.0,38670.0,0.49,Train
2016-09-22,1635.25,1635.25,1635.25,1635.25,36760.0,3.24,Train
2016-09-23,1638.75,1638.75,1638.75,1638.75,35910.0,0.21,Train
2016-09-24,1646.5,1646.5,1646.5,1646.5,33196.666666666664,0.6133333333333333,Train
2016-09-25,1654.25,1654.25,1654.25,1654.25,30483.333333333332,1.0166666666666666,Train
2016-09-26,1662.0,1662.0,1662.0,1662.0,27770.0,1.42,Train
2016-09-27,1652.25,1652.25,1652.25,1652.25,38260.0,-0.59,Train
2016-09-28,1666.25,1666.25,1666.25,1666.25,29120.0,0.85,Train
2016-09-29,1672.5,1672.5,1672.5,1672.5,20560.0,0.38,Train
2016-09-30,1674.5,1674.5,1674.5,1674.5,36340.0,0.12,Train
2016-10-01,1675.6666666666667,1675.6666666666667,1675.6666666666667,1675.6666666666667,33676.666666666664,0.15,Train
2016-10-02,1676.8333333333333,1676.8333333333333,1676.8333333333333,1676.8333333333333,31013.333333333332,0.18,Train
2016-10-03,1678.0,1678.0,1678.0,1678.0,28350.0,0.21,Train
2016-10-04,1669.25,1669.25,1669.25,1669.25,35940.0,-0.52,Train
2016-10-05,1675.25,1675.25,1675.25,1675.25,25550.0,0.36,Train
2016-10-06,1677.5,1677.5,1677.5,1677.5,75440.0,0.13,Train
2016-10-07,1675.5,1675.5,1675.5,1675.5,36750.0,-0.12,Train
2016-10-08,1680.0,1680.0,1680.0,1680.0,42933.333333333336,0.19,Train
2016-10-09,1684.5,1684.5,1684.5,1684.5,49116.666666666664,0.5,Train
2016-10-10,1689.0,1689.0,1689.0,1689.0,55300.0,0.81,Train
2016-10-11,1677.25,1677.25,1677.25,1677.25,176340.0,-0.7,Train
2016-10-12,1683.0,1683.0,1683.0,1683.0,205990.0,0.34,Train
2016-10-13,1689.75,1689.75,1689.75,1689.75,33540.0,0.4,Train
2016-10-14,1672.0,1672.0,1672.0,1672.0,22040.0,-1.05,Train
2016-10-15,1667.0,1667.0,1667.0,1667.0,30800.0,-1.0,Train
2016-10-16,1662.0,1662.0,1662.0,1662.0,39560.0,-0.9500000000000001,Train
2016-10-17,1657.0,1657.0,1657.0,1657.0,48320.0,-0.9,Train
2016-10-18,1642.0,1642.0,1642.0,1642.0,72930.0,-0.91,Train
2016-10-19,1631.75,1631.75,1631.75,1631.75,40450.0,-0.62,Train
2016-10-20,1612.25,1612.25,1612.25,1612.25,26160.0,-1.2,Train
2016-10-21,1625.25,1625.25,1625.25,1625.25,23110.0,0.81,Train
2016-10-22,1627.0,1627.0,1627.0,1627.0,21590.0,0.6466666666666667,Train
2016-10-23,1628.75,1628.75,1628.75,1628.75,20070.0,0.48333333333333334,Train
2016-10-24,1630.5,1630.5,1630.5,1630.5,18550.0,0.32,Train
2016-10-25,1669.0,1669.0,1669.0,1669.0,27340.0,2.36,Train
2016-10-26,1679.5,1679.5,1679.5,1679.5,16670.0,0.63,Train
2016-10-27,1699.5,1699.5,1699.5,1699.5,39610.0,1.19,Train
2016-10-28,1720.0,1720.0,1720.0,1720.0,20330.0,1.21,Train
2016-10-29,1725.0833333333333,1725.0833333333333,1725.0833333333333,1725.0833333333333,22950.0,1.1033333333333333,Train
2016-10-30,1730.1666666666667,1730.1666666666667,1730.1666666666667,1730.1666666666667,25570.0,0.9966666666666667,Train
2016-10-31,1735.25,1735.25,1735.25,1735.25,28190.0,0.89,Train
2016-11-01,1736.5,1736.5,1736.5,1736.5,22170.0,0.07,Train
2016-11-02,1727.5,1727.5,1727.5,1727.5,16400.0,-0.52,Train
2016-11-03,1732.5,1732.5,1732.5,1732.5,20200.0,0.29,Train
2016-11-04,1722.0,1722.0,1722.0,1722.0,18280.0,-0.61,Train
2016-11-05,1723.4166666666667,1723.4166666666667,1723.4166666666667,1723.4166666666667,24816.666666666668,-0.3233333333333333,Train
2016-11-06,1724.8333333333333,1724.8333333333333,1724.8333333333333,1724.8333333333333,31353.333333333336,-0.036666666666666625,Train
2016-11-07,1726.25,1726.25,1726.25,1726.25,37890.0,0.25,Train
2016-11-08,1729.75,1729.75,1729.75,1729.75,29090.0,0.2,Train
2016-11-09,1751.5,1751.5,1751.5,1751.5,32910.0,1.26,Train
2016-11-10,1768.5,1768.5,1768.5,1768.5,61310.0,0.97,Train
2016-11-11,1742.5,1742.5,1742.5,1742.5,51600.0,-1.47,Train
2016-11-12,1739.1666666666667,1739.1666666666667,1739.1666666666667,1739.1666666666667,46703.333333333336,-1.17,Train
2016-11-13,1735.8333333333333,1735.8333333333333,1735.8333333333333,1735.8333333333333,41806.666666666664,-0.87,Train
2016-11-14,1732.5,1732.5,1732.5,1732.5,36910.0,-0.57,Train
2016-11-15,1735.0,1735.0,1735.0,1735.0,79500.0,0.14,Train
2016-11-16,1697.5,1697.5,1697.5,1697.5,22960.0,-2.16,Train
2016-11-17,1688.5,1688.5,1688.5,1688.5,11340.0,-0.53,Train
2016-11-18,1694.75,1697.22,1700.22,1693.25,20800.0,0.37,Train
2016-11-19,1703.9166666666667,1706.69,1708.8566666666668,1702.0433333333333,18303.333333333332,0.7866666666666666,Train
2016-11-20,1713.0833333333333,1716.16,1717.4933333333333,1710.8366666666668,15806.666666666668,1.2033333333333334,Train
2016-11-21,1722.25,1725.63,1726.13,1719.63,13310.0,1.62,Train
2016-11-22,1760.25,1764.75,1766.0,1762.5,17220.0,2.21,Train
2016-11-23,1778.0,1780.75,1784.0,1779.5,11180.0,1.01,Train
2016-11-24,1770.0,1765.5,1766.0,1762.5,9420.0,-0.45,Train
2016-11-25,1756.75,1766.25,1770.25,1764.25,8800.0,-0.75,Train
2016-11-26,1753.1666666666667,1756.3333333333333,1760.9166666666667,1752.3333333333333,10953.333333333334,-0.7033333333333334,Train
2016-11-27,1749.5833333333333,1746.4166666666667,1751.5833333333333,1740.4166666666667,13106.666666666668,-0.6566666666666666,Train
2016-11-28,1746.0,1736.5,1742.25,1728.5,15260.0,-0.61,Train
2016-11-29,1720.0,1719.5,1723.0,1718.5,15810.0,-1.49,Train
2016-11-30,1731.0,1728.0,1730.75,1726.75,17490.0,0.64,Train
2016-12-01,1720.25,1722.0,1722.75,1720.0,14820.0,-0.62,Train
2016-12-02,1712.75,1719.0,1721.5,1714.75,14460.0,-0.44,Train
2016-12-03,1719.5,1723.5,1725.25,1718.8333333333333,14546.666666666666,0.09999999999999992,Train
2016-12-04,1726.25,1728.0,1729.0,1722.9166666666667,14633.333333333334,0.6399999999999999,Train
2016-12-05,1733.0,1732.5,1732.75,1727.0,14720.0,1.18,Train
2016-12-06,1707.5,1710.75,1711.0,1708.0,17790.0,-1.47,Train
2016-12-07,1706.5,1714.75,1719.5,1713.75,21230.0,-0.06,Train
2016-12-08,1723.0,1729.75,1733.0,1729.75,29220.0,0.97,Train
2016-12-09,1749.0,1754.75,1755.0,1749.0,24470.0,1.51,Train
2016-12-10,1742.5833333333333,1750.6666666666667,1750.8333333333333,1745.5833333333333,21173.333333333332,0.6399999999999999,Train
2016-12-11,1736.1666666666667,1746.5833333333333,1746.6666666666667,1742.1666666666667,17876.666666666668,-0.2300000000000002,Train
2016-12-12,1729.75,1742.5,1742.5,1738.75,14580.0,-1.1,Train
2016-12-13,1739.5,1746.25,1747.25,1743.0,33650.0,0.56,Train
2016-12-14,1744.25,1750.5,1751.0,1748.5,20750.0,0.27,Train
2016-12-15,1733.5,1746.0,1749.0,1745.5,32830.0,-0.62,Train
2016-12-16,1714.5,1746.0,1750.75,1720.0,22850.0,-1.1,Train
2016-12-17,1713.0833333333333,1734.1666666666667,1737.4166666666667,1714.5833333333333,24693.333333333332,-0.8166666666666667,Train
2016-12-18,1711.6666666666667,1722.3333333333333,1724.0833333333333,1709.1666666666667,26536.666666666668,-0.5333333333333333,Train
2016-12-19,1710.25,1710.5,1710.75,1703.75,28380.0,-0.25,Train
2016-12-20,1721.25,1720.75,1724.0,1720.5,33320.0,0.64,Train
2016-12-21,1725.75,1726.63,1728.63,1725.5,27950.0,0.26,Train
2016-12-22,1722.75,1726.75,1727.25,1725.75,32930.0,-0.17,Train
2016-12-23,1720.0,1725.5,1726.0,1718.25,12090.0,-0.16,Train
2016-12-24,1717.05,1721.7,1722.15,1715.6,14780.0,-0.3,Train
2016-12-25,1714.1,1717.9,1718.3,1712.95,17470.0,-0.43999999999999995,Train
2016-12-26,1711.15,1714.1,1714.45,1710.3,20160.0,-0.58,Train
2016-12-27,1708.2,1710.3,1710.6,1707.65,22850.0,-0.72,Train
2016-12-28,1705.25,1706.5,1706.75,1705.0,25540.0,-0.86,Train
2016-12-29,1679.0,1686.0,1689.0,1682.0,27890.0,-1.54,Train
2016-12-30,1692.75,1693.75,1698.0,1689.75,27660.0,0.82,Train
2016-12-31,1691.125,1692.125,1695.4375,1688.875,29585.0,0.52,Train
2017-01-01,1689.5,1690.5,1692.875,1688.0,31510.0,0.21999999999999997,Train
2017-01-02,1687.875,1688.875,1690.3125,1687.125,33435.0,-0.07999999999999996,Train
2017-01-03,1686.25,1687.25,1687.75,1686.25,35360.0,-0.38,Train
2017-01-04,1684.0,1690.5,1690.75,1688.75,31890.0,-0.13,Train
2017-01-05,1701.0,1703.75,1704.75,1702.0,31230.0,1.01,Train
2017-01-06,1711.75,1711.5,1719.75,1711.5,23700.0,0.63,Train
2017-01-07,1716.1666666666667,1715.3333333333333,1722.0,1715.3333333333333,26576.666666666668,0.6766666666666666,Train
2017-01-08,1720.5833333333333,1719.1666666666667,1724.25,1719.1666666666667,29453.333333333332,0.7233333333333334,Train
2017-01-09,1725.0,1723.0,1726.5,1723.0,32330.0,0.77,Train
2017-01-10,1748.0,1745.25,1746.25,1743.5,43540.0,1.33,Train
2017-01-11,1756.75,1758.25,1758.75,1754.75,35610.0,0.5,Train
2017-01-12,1788.0,1787.25,1791.25,1786.75,49620.0,1.78,Train
2017-01-13,1807.0,1810.75,1811.75,1808.25,46980.0,1.06,Train
2017-01-14,1801.25,1801.8666666666666,1803.1166666666666,1800.1166666666666,39283.333333333336,0.3900000000000001,Train
2017-01-15,1795.5,1792.9833333333333,1794.4833333333333,1791.9833333333333,31586.666666666664,-0.2799999999999998,Train
2017-01-16,1789.75,1784.1,1785.85,1783.85,23890.0,-0.95,Train
2017-01-17,1798.25,1796.1,1798.35,1796.1,25630.0,0.47,Train
2017-01-18,1834.5,1811.75,1813.0,1809.5,23620.0,2.02,Train
2017-01-19,1826.0,1820.13,1820.63,1815.5,50610.0,-0.46,Train
2017-01-20,1846.0,1847.63,1848.88,1843.88,27540.0,1.1,Train
2017-01-21,1847.3333333333333,1848.17,1849.5033333333333,1844.3366666666668,21773.333333333332,0.8066666666666666,Train
2017-01-22,1848.6666666666667,1848.71,1850.1266666666668,1844.7933333333333,16006.666666666666,0.5133333333333333,Train
2017-01-23,1850.0,1849.25,1850.75,1845.25,10240.0,0.22,Train
2017-01-24,1867.25,1859.13,1862.75,1859.13,15800.0,0.93,Train
2017-01-25,1833.0,1832.25,1835.25,1830.0,13680.0,-1.83,Train
2017-01-26,1819.25,1810.5,1813.75,1809.5,21840.0,-0.75,Train
2017-01-27,1815.0,1813.75,1818.5,1813.0,11810.0,-0.23,Train
2017-01-28,1810.1666666666667,1808.4166666666667,1812.0,1805.8333333333333,11840.0,-0.42000000000000004,Train
2017-01-29,1805.3333333333333,1803.0833333333333,1805.5,1798.6666666666667,11870.0,-0.6100000000000001,Train
2017-01-30,1800.5,1797.75,1799.0,1791.5,11900.0,-0.8,Train
2017-01-31,1818.0,1809.5,1811.25,1807.0,17470.0,0.97,Train
2017-02-01,1817.0,1805.75,1806.75,1803.5,22250.0,-0.06,Train
2017-02-02,1827.0,1810.25,1819.25,1809.75,30280.0,0.55,Train
2017-02-03,1832.25,1823.5,1826.5,1821.5,17800.0,0.29,Train
2017-02-04,1832.0833333333333,1822.75,1825.5833333333333,1819.9166666666667,16726.666666666668,0.18333333333333335,Train
2017-02-05,1831.9166666666667,1822.0,1824.6666666666667,1818.3333333333333,15653.333333333334,0.07666666666666669,Train
2017-02-06,1831.75,1821.25,1823.75,1816.75,14580.0,-0.03,Train
2017-02-07,1827.25,1817.25,1818.25,1814.0,26380.0,-0.25,Train
2017-02-08,1844.0,1830.25,1832.5,1829.75,27310.0,0.92,Train
2017-02-09,1846.5,1833.75,1835.25,1833.0,33520.0,0.14,Train
2017-02-10,1870.5,1858.25,1862.75,1858.25,28700.0,1.3,Train
2017-02-11,1869.5,1860.1666666666667,1863.5833333333333,1859.75,30010.0,0.8133333333333335,Train
2017-02-12,1868.5,1862.0833333333333,1864.4166666666667,1861.25,31320.000000000004,0.32666666666666677,Train
2017-02-13,1867.5,1864.0,1865.25,1862.75,32630.000000000004,-0.16,Train
2017-02-14,1887.0,1878.25,1888.0,1875.25,19290.0,1.04,Train
2017-02-15,1913.0,1906.5,1907.25,1906.0,16010.000000000002,1.38,Train
2017-02-16,1896.25,1894.75,1894.75,1893.0,19330.0,-0.88,Train
2017-02-17,1880.0,1873.88,1875.63,1873.38,54870.0,-0.86,Train
2017-02-18,1886.8333333333333,1880.0866666666668,1882.0866666666668,1879.2533333333333,40586.666666666664,-0.20999999999999996,Train
2017-02-19,1893.6666666666667,1886.2933333333333,1888.5433333333333,1885.1266666666668,26303.333333333332,0.44000000000000006,Train
2017-02-20,1900.5,1892.5,1895.0,1891.0,12020.0,1.09,Train
2017-02-21,1886.5,1874.5,1875.75,1871.0,17550.0,-0.74,Train
2017-02-22,1885.25,1882.0,1885.25,1881.75,33190.0,-0.07,Train
2017-02-23,1868.0,1859.0,1860.5,1857.5,29450.0,-0.91,Train
2017-02-24,1886.25,1881.5,1882.5,1878.5,28060.0,0.98,Train
2017-02-25,1891.3333333333333,1887.75,1888.5,1884.6666666666667,28766.666666666668,0.9233333333333333,Train
2017-02-26,1896.4166666666667,1894.0,1894.5,1890.8333333333333,29473.333333333332,0.8666666666666667,Train
2017-02-27,1901.5,1900.25,1900.5,1897.0,30180.0,0.81,Train
2017-02-28,1925.0,1916.75,1920.25,1916.0,46800.0,1.24,Train
2017-03-01,1950.5,1943.5,1944.75,1939.0,36300.0,1.32,Train
2017-03-02,1911.5,1905.25,1906.0,1904.5,24210.0,-2.0,Train
2017-03-03,1892.25,1885.0,1885.0,1883.0,19360.0,-1.01,Train
2017-03-04,1886.5,1880.1666666666667,1881.0,1878.5,22376.666666666668,-0.9766666666666667,Train
2017-03-05,1880.75,1875.3333333333333,1877.0,1874.0,25393.333333333332,-0.9433333333333334,Train
2017-03-06,1875.0,1870.5,1873.0,1869.5,28410.0,-0.91,Train
2017-03-07,1874.75,1874.25,1875.0,1871.5,33160.0,-0.01,Train
2017-03-08,1875.5,1861.75,1869.25,1861.75,26520.0,0.04,Train
2017-03-09,1865.25,1864.75,1866.0,1864.0,29090.0,-0.55,Train
2017-03-10,1877.0,1866.0,1868.25,1866.0,27380.0,0.63,Train
2017-03-11,1877.0,1868.25,1870.25,1868.0833333333333,29750.0,0.42000000000000004,Train
2017-03-12,1877.0,1870.5,1872.25,1870.1666666666667,32120.0,0.21000000000000002,Train
2017-03-13,1877.0,1872.75,1874.25,1872.25,34490.0,0.0,Train
2017-03-14,1859.5,1858.5,1858.5,1852.75,42020.0,-0.93,Train
2017-03-15,1886.5,1877.25,1883.5,1876.75,13370.0,1.45,Train
2017-03-16,1899.75,1897.5,1899.0,1893.75,18850.0,0.7,Train
2017-03-17,1914.25,1908.75,1910.75,1908.25,16940.0,0.76,Train
2017-03-18,1916.8333333333333,1910.6666666666667,1912.0833333333333,1908.75,18040.0,0.64,Train
2017-03-19,1919.4166666666667,1912.5833333333333,1913.4166666666667,1909.25,19140.0,0.52,Train
2017-03-20,1922.0,1914.5,1914.75,1909.75,20240.0,0.4,Train
2017-03-21,1927.0,1917.25,1920.63,1915.25,68940.0,0.26,Train
2017-03-22,1923.75,1917.25,1929.75,1902.2,27380.0,-0.17,Train
2017-03-23,1934.75,1929.5,1929.75,1928.0,21190.0,0.57,Train
2017-03-24,1940.5,1933.75,1933.75,1932.25,11790.0,0.3,Train
2017-03-25,1937.3333333333333,1932.5833333333333,1932.5833333333333,1931.5833333333333,13100.0,0.036666666666666625,Train
2017-03-26,1934.1666666666667,1931.4166666666667,1931.4166666666667,1930.9166666666667,14410.0,-0.22666666666666674,Train
2017-03-27,1931.0,1930.25,1930.25,1930.25,15720.0,-0.49,Train
2017-03-28,1945.25,1934.75,1941.75,1934.75,21340.0,0.74,Train
2017-03-29,1962.0,1965.25,1967.25,1965.25,29870.0,0.86,Train
2017-03-30,1974.25,1971.5,1971.5,1971.5,32470.0,0.62,Train
2017-03-31,1964.25,1953.25,1953.25,1953.25,34420.0,-0.51,Train
2017-04-01,1960.5,1950.1666666666667,1951.4166666666667,1950.1666666666667,36600.0,-0.53,Train
2017-04-02,1956.75,1947.0833333333333,1949.5833333333333,1947.0833333333333,38780.0,-0.5499999999999999,Train
2017-04-03,1953.0,1944.0,1947.75,1944.0,40960.0,-0.57,Train
2017-04-04,1938.5,1928.75,1933.5,1928.75,24120.0,-0.74,Train
2017-04-05,1961.25,1956.0,1959.5,1956.0,32200.000000000004,1.17,Train
2017-04-06,1953.0,1942.5,1947.5,1942.5,27410.0,-0.42,Train
2017-04-07,1960.75,1950.75,1954.5,1950.75,71240.0,0.4,Train
2017-04-08,1948.75,1936.6666666666667,1941.8333333333333,1936.6666666666667,61816.666666666664,-0.3466666666666667,Train
2017-04-09,1936.75,1922.5833333333333,1929.1666666666667,1922.5833333333333,52393.33333333333,-1.0933333333333333,Train
2017-04-10,1924.75,1908.5,1916.5,1908.5,42970.0,-1.84,Train
2017-04-11,1919.25,1906.75,1906.75,1906.75,47860.0,-0.29,Train
2017-04-12,1896.25,1885.5,1894.75,1885.5,45930.0,-1.2,Train
2017-04-13,1907.0,1901.38,1901.38,1882.63,37990.0,0.57,Train
2017-04-14,1903.85,1898.654,1900.904,1883.654,34106.0,0.29,Train
2017-04-15,1900.7,1895.928,1900.428,1884.678,30222.0,0.010000000000000009,Train
2017-04-16,1897.55,1893.202,1899.952,1885.702,26338.0,-0.2699999999999999,Train
2017-04-17,1894.4,1890.476,1899.476,1886.726,22454.0,-0.5499999999999999,Train
2017-04-18,1891.25,1887.75,1899.0,1887.75,18570.0,-0.83,Train
2017-04-19,1903.0,1903.5,1903.5,1894.25,47890.0,0.62,Train
2017-04-20,1943.75,1934.0,1934.0,1894.0,25250.0,2.14,Train
2017-04-21,1934.0,1927.5,1934.0,1927.5,16580.0,-0.5,Train
2017-04-22,1938.0,1929.75,1936.9166666666667,1926.6666666666667,16923.333333333332,-0.12666666666666665,Train
2017-04-23,1942.0,1932.0,1939.8333333333333,1925.8333333333333,17266.666666666668,0.2466666666666667,Train
2017-04-24,1946.0,1934.25,1942.75,1925.0,17610.0,0.62,Train
2017-04-25,1963.25,1934.25,1957.75,1925.0,18330.0,0.89,Train
2017-04-26,1964.75,1961.5,1964.0,1961.5,21700.0,0.08,Train
2017-04-27,1924.0,1918.75,1923.0,1918.75,18710.0,-2.07,Train
2017-04-28,1911.25,1904.13,1916.88,1904.13,35130.0,-0.66,Train
2017-04-29,1915.625,1908.91,1920.4725,1908.91,31810.0,-0.265,Train
2017-04-30,1920.0,1913.69,1924.065,1913.69,28490.0,0.13,Train
2017-05-01,1924.375,1918.47,1927.6575,1918.47,25170.0,0.525,Train
2017-05-02,1928.75,1923.25,1931.25,1923.25,21850.0,0.92,Train
2017-05-03,1923.0,1912.75,1920.5,1912.75,21830.0,-0.3,Train
2017-05-04,1911.5,1912.75,1920.5,1892.75,22180.0,-0.6,Train
2017-05-05,1902.0,1893.5,1902.0,1893.5,34340.0,-0.5,Train
2017-05-06,1894.0,1886.25,1893.6666666666667,1886.25,32903.333333333336,-0.7533333333333334,Train
2017-05-07,1886.0,1879.0,1885.3333333333333,1879.0,31466.666666666668,-1.0066666666666668,Train
2017-05-08,1878.0,1871.75,1877.0,1871.75,30030.0,-1.26,Train
2017-05-09,1868.5,1865.25,1871.25,1864.0,57690.0,-0.51,Train
2017-05-10,1863.5,1859.0,1867.0,1859.0,27080.0,-0.27,Train
2017-05-11,1873.5,1868.5,1875.25,1868.5,16160.0,0.54,Train
2017-05-12,1889.25,1881.25,1889.0,1881.25,15040.0,0.84,Train
2017-05-13,1893.5833333333333,1887.4166666666667,1892.5833333333333,1887.4166666666667,16803.333333333332,0.7899999999999999,Train
2017-05-14,1897.9166666666667,1893.5833333333333,1896.1666666666667,1893.5833333333333,18566.666666666668,0.74,Train
2017-05-15,1902.25,1899.75,1899.75,1899.75,20330.0,0.69,Train
2017-05-16,1923.0,1921.25,1924.25,1921.25,57750.0,1.09,Train
2017-05-17,1925.25,1925.25,1925.25,1925.25,22330.0,0.12,Train
2017-05-18,1923.75,1916.75,1916.75,1916.75,10560.0,-0.08,Train
2017-05-19,1944.5,1944.5,1944.5,1944.5,13240.0,1.08,Train
2017-05-20,1942.5,1940.9166666666667,1940.9166666666667,1940.9166666666667,12366.666666666666,0.6166666666666667,Train
2017-05-21,1940.5,1937.3333333333333,1937.3333333333333,1937.3333333333333,11493.333333333334,0.15333333333333332,Train
2017-05-22,1938.5,1933.75,1933.75,1933.75,10620.0,-0.31,Train
2017-05-23,1943.75,1943.0,1943.0,1943.0,7540.0,0.27,Train
2017-05-24,1945.5,1941.88,1941.88,1941.88,11350.0,0.09,Train
2017-05-25,1960.75,1954.0,1954.0,1954.0,13150.0,0.78,Train
2017-05-26,1951.5,1944.88,1944.88,1944.88,17410.0,-0.47,Train
2017-05-27,1945.0,1940.035,1940.035,1940.035,16770.0,-0.685,Train
2017-05-28,1938.5,1935.19,1935.19,1935.19,16130.0,-0.9,Train
2017-05-29,1932.0,1930.345,1930.345,1930.345,15490.0,-1.115,Train
2017-05-30,1925.5,1925.5,1925.5,1925.5,14850.0,-1.33,Train
2017-05-31,1927.75,1922.25,1928.75,1922.25,19720.0,0.12,Train
2017-06-01,1926.5,1923.75,1923.75,1923.75,17640.0,-0.06,Train
2017-06-02,1930.0,1923.25,1923.25,1923.25,18290.0,0.18,Train
2017-06-03,1920.5,1916.0,1916.0,1916.0,19360.0,-0.37333333333333335,Train
2017-06-04,1911.0,1908.75,1908.75,1908.75,20430.0,-0.9266666666666667,Train
2017-06-05,1901.5,1901.5,1901.5,1901.5,21500.0,-1.48,Train
2017-06-06,1899.5,1898.55,1898.55,1898.55,20970.0,-0.11,Train
2017-06-07,1904.25,1896.88,1903.63,1896.88,33990.0,0.25,Train
2017-06-08,1901.0,1894.75,1894.75,1894.75,25860.0,-0.17,Train
2017-06-09,1905.0,1900.0,1900.0,1900.0,21760.0,0.21,Train
2017-06-10,1898.6666666666667,1892.8333333333333,1893.25,1892.8333333333333,24526.666666666668,-0.19333333333333333,Train
2017-06-11,1892.3333333333333,1885.6666666666667,1886.5,1885.6666666666667,27293.333333333332,-0.5966666666666667,Train
2017-06-12,1886.0,1878.5,1879.75,1878.5,30060.0,-1.0,Train
2017-06-13,1885.75,1880.25,1880.25,1880.25,29230.0,-0.01,Train
2017-06-14,1879.0,1867.5,1867.5,1867.5,18190.0,-0.36,Train
2017-06-15,1867.75,1863.25,1863.25,1863.25,20650.0,-0.6,Train
2017-06-16,1863.0,1860.0,1860.0,1860.0,20740.0,-0.25,Train
2017-06-17,1869.25,1867.0,1867.0,1867.0,22950.0,0.16999999999999998,Train
2017-06-18,1875.5,1874.0,1874.0,1874.0,25160.0,0.59,Train
2017-06-19,1881.75,1881.0,1881.0,1881.0,27370.0,1.01,Train
2017-06-20,1886.5,1878.5,1878.5,1878.5,73760.0,0.25,Train
2017-06-21,1867.25,1858.25,1858.25,1858.25,44200.0,-1.02,Train
2017-06-22,1870.5,1861.5,1861.5,1861.5,29220.0,0.17,Train
2017-06-23,1865.5,1857.25,1857.25,1857.25,21390.0,-0.27,Train
2017-06-24,1864.3333333333333,1857.9166666666667,1857.9166666666667,1857.9166666666667,23093.333333333332,-0.24333333333333335,Train
2017-06-25,1863.1666666666667,1858.5833333333333,1858.5833333333333,1858.5833333333333,24796.666666666668,-0.21666666666666667,Train
2017-06-26,1862.0,1859.25,1859.25,1859.25,26500.0,-0.19,Train
2017-06-27,1883.5,1878.5,1878.5,1878.5,27960.0,1.15,Train
2017-06-28,1896.5,1887.13,1887.13,1887.13,21150.0,0.69,Train
2017-06-29,1915.75,1903.0,1909.25,1903.0,31990.0,1.02,Train
2017-06-30,1919.5,1914.0,1914.0,1911.0,27310.0,0.2,Train
2017-07-01,1921.9166666666667,1917.9166666666667,1917.9166666666667,1915.9166666666667,27916.666666666668,0.26,Train
2017-07-02,1924.3333333333333,1921.8333333333333,1921.8333333333333,1920.8333333333333,28523.333333333332,0.32,Train
2017-07-03,1926.75,1925.75,1925.75,1925.75,29130.0,0.38,Train
2017-07-04,1927.75,1923.5,1923.5,1923.5,9910.0,0.05,Train
2017-07-05,1928.5,1923.5,1924.5,1909.75,28200.0,0.04,Train
2017-07-06,1943.75,1930.5,1936.5,1930.5,34590.0,0.79,Train
2017-07-07,1929.75,1921.5,1921.5,1920.5,23860.0,-0.72,Train
2017-07-08,1918.1666666666667,1921.1666666666667,1922.9166666666667,1908.6666666666667,31710.0,-1.08,Train
2017-07-09,1906.5833333333333,1920.8333333333333,1924.3333333333333,1896.8333333333333,39560.0,-1.44,Train
2017-07-10,1895.0,1920.5,1925.75,1885.0,47410.0,-1.8,Train
2017-07-11,1897.5,1887.75,1887.75,1887.75,33360.0,0.13,Train
2017-07-12,1886.25,1876.25,1881.75,1876.25,53910.0,-0.59,Train
2017-07-13,1920.25,1909.75,1909.75,1909.75,52140.0,1.8,Train
2017-07-14,1923.75,1910.0,1910.0,1910.0,29730.0,0.18,Train
2017-07-15,1920.25,1907.0833333333333,1909.0,1907.0833333333333,29620.0,-0.06333333333333332,Train
2017-07-16,1916.75,1904.1666666666667,1908.0,1904.1666666666667,29510.0,-0.30666666666666664,Train
2017-07-17,1913.25,1901.25,1907.0,1901.25,29400.0,-0.55,Train
2017-07-18,1931.0,1918.0,1918.0,1918.0,56240.0,0.93,Train
2017-07-19,1920.25,1908.0,1908.0,1908.0,16920.0,-0.56,Train
2017-07-20,1917.0,1902.25,1902.25,1902.25,22830.0,-0.17,Train
2017-07-21,1915.25,1901.5,1901.5,1901.5,13390.0,-0.09,Train
2017-07-22,1914.0,1900.0833333333333,1900.0833333333333,1900.0,12816.666666666666,-0.12666666666666668,Train
2017-07-23,1912.75,1898.6666666666667,1898.6666666666667,1898.5,12243.333333333334,-0.16333333333333333,Train
2017-07-24,1911.5,1897.25,1897.25,1897.0,11670.0,-0.2,Train
2017-07-25,1929.25,1923.5,1923.5,1923.5,15660.0,0.93,Train
2017-07-26,1941.0,1919.75,1919.75,1919.75,12840.0,0.61,Train
2017-07-27,1936.5,1919.75,1921.75,1919.75,13370.0,-0.23,Train
2017-07-28,1904.5,1904.5,1904.5,1904.5,17750.0,-1.65,Train
2017-07-29,1907.9166666666667,1902.8333333333333,1902.8333333333333,1902.8333333333333,16550.0,-0.9199999999999999,Train
2017-07-30,1911.3333333333333,1901.1666666666667,1901.1666666666667,1901.1666666666667,15350.0,-0.18999999999999995,Train
2017-07-31,1914.75,1899.5,1899.5,1899.5,14150.0,0.54,Train
2017-08-01,1903.75,1890.75,1890.75,1890.75,18690.0,-0.57,Train
2017-08-02,1922.5,1908.0,1908.0,1907.5,14790.0,0.98,Train
2017-08-03,1912.75,1893.75,1893.75,1893.75,13820.0,-0.51,Train
2017-08-04,1907.0,1907.0,1907.0,1907.0,14290.0,-0.3,Train
2017-08-05,1924.6666666666667,1923.0833333333333,1923.0833333333333,1923.0833333333333,16043.333333333334,0.7266666666666666,Train
2017-08-06,1942.3333333333333,1939.1666666666667,1939.1666666666667,1939.1666666666667,17796.666666666668,1.7533333333333332,Train
2017-08-07,1960.0,1955.25,1955.25,1955.25,19550.0,2.78,Train
2017-08-08,2026.5,2012.5,2012.5,2012.5,41830.0,3.39,Train
2017-08-09,2024.25,2016.5,2016.5,2016.5,33490.0,-0.11,Train
2017-08-10,2033.75,2026.5,2026.5,2026.5,24480.0,0.47,Train
2017-08-11,2040.0,2038.5,2038.5,2038.5,23650.0,0.31,Train
2017-08-12,2032.9166666666667,2031.9166666666667,2031.9166666666667,2031.9166666666667,24846.666666666668,-0.14,Train
2017-08-13,2025.8333333333333,2025.3333333333333,2025.3333333333333,2025.3333333333333,26043.333333333332,-0.5900000000000001,Train
2017-08-14,2018.75,2018.75,2018.75,2018.75,27240.0,-1.04,Train
2017-08-15,2049.0,2039.0,2039.0,2039.0,60790.0,1.5,Train
2017-08-16,2094.25,2078.75,2078.75,2078.75,27540.0,2.21,Train
2017-08-17,2076.25,2076.25,2076.25,2076.25,18630.0,-0.86,Train
2017-08-18,2062.25,2052.88,2052.88,2051.13,16180.0,-0.67,Train
2017-08-19,2068.25,2060.42,2060.42,2059.2533333333336,14936.666666666666,-0.15666666666666673,Train
2017-08-20,2074.25,2067.96,2067.96,2067.3766666666666,13693.333333333334,0.3566666666666666,Train
2017-08-21,2080.25,2075.5,2075.5,2075.5,12450.0,0.87,Train
2017-08-22,2074.25,2074.25,2074.25,2074.25,20260.0,-0.29,Train
2017-08-23,2096.25,2094.25,2094.25,2094.25,21050.0,1.06,Train
2017-08-24,2105.75,2086.25,2086.25,2086.25,12110.0,0.45,Train
2017-08-25,2069.75,2056.75,2056.75,2056.75,13810.0,-1.71,Train
2017-08-26,2075.875,2062.8125,2062.8125,2062.8125,15307.5,-0.9875,Train
2017-08-27,2082.0,2068.875,2068.875,2068.875,16805.0,-0.2650000000000001,Train
2017-08-28,2088.125,2074.9375,2074.9375,2074.9375,18302.5,0.4574999999999996,Train
2017-08-29,2094.25,2081.0,2081.0,2081.0,19800.0,1.18,Train
2017-08-30,2086.5,2086.5,2086.5,2086.5,19220.0,-0.37,Train
2017-08-31,2116.0,2114.0,2114.0,2114.0,20750.0,1.41,Train
2017-09-01,2134.5,2134.5,2134.5,2134.5,17610.0,0.87,Train
2017-09-02,2128.6666666666665,2128.6666666666665,2128.6666666666665,2128.6666666666665,15556.666666666666,0.30666666666666664,Train
2017-09-03,2122.8333333333335,2122.8333333333335,2122.8333333333335,2122.8333333333335,13503.333333333332,-0.2566666666666667,Train
2017-09-04,2117.0,2117.0,2117.0,2117.0,11450.0,-0.82,Train
2017-09-05,2093.0,2076.0,2076.0,2076.0,53870.0,-1.13,Train
2017-09-06,2101.25,2098.0,2098.0,2098.0,29310.0,0.39,Train
2017-09-07,2103.25,2103.25,2103.25,2103.25,23810.0,0.1,Train
2017-09-08,2095.0,2072.75,2072.75,2072.75,21670.0,-0.39,Train
2017-09-09,2102.1666666666665,2087.3333333333335,2087.3333333333335,2087.3333333333335,25770.0,0.08333333333333331,Train
2017-09-10,2109.3333333333335,2101.9166666666665,2101.9166666666665,2101.9166666666665,29870.0,0.5566666666666666,Train
2017-09-11,2116.5,2116.5,2116.5,2116.5,33970.0,1.03,Train
2017-09-12,2130.5,2114.25,2114.25,2114.25,35080.0,0.66,Train
2017-09-13,2102.5,2079.75,2079.75,2079.75,43160.0,-1.31,Train
2017-09-14,2090.25,2073.0,2073.0,2073.0,41070.0,-0.58,Train
2017-09-15,2077.75,2077.75,2077.75,2077.75,43310.0,-0.6,Train
2017-09-16,2078.4166666666665,2078.4166666666665,2078.4166666666665,2078.4166666666665,41173.333333333336,-0.3666666666666667,Train
2017-09-17,2079.0833333333335,2079.0833333333335,2079.0833333333335,2079.0833333333335,39036.666666666664,-0.13333333333333336,Train
2017-09-18,2079.75,2079.75,2079.75,2079.75,36900.0,0.1,Train
2017-09-19,2124.75,2106.25,2106.25,2106.25,38950.0,2.16,Train
2017-09-20,2177.0,2106.25,2173.63,2101.0,102620.0,2.46,Train
2017-09-21,2171.5,2136.75,2136.75,2136.75,28990.0,-0.25,Train
2017-09-22,2158.75,2140.25,2140.25,2140.25,21560.0,-0.59,Train
2017-09-23,2155.0,2138.0,2138.0,2138.0,24893.333333333332,-0.5666666666666667,Train
2017-09-24,2151.25,2135.75,2135.75,2135.75,28226.666666666668,-0.5433333333333333,Train
2017-09-25,2147.5,2133.5,2133.5,2133.5,31560.0,-0.52,Train
2017-09-26,2124.25,2105.5,2107.75,2105.5,164890.0,-1.08,Train
2017-09-27,2129.5,2105.5,2125.5,2101.25,166900.0,0.25,Train
2017-09-28,2128.75,2115.25,2115.25,2110.0,18580.0,-0.04,Train
2017-09-29,2099.5,2084.38,2084.38,2081.38,28570.0,-1.37,Train
2017-09-30,2098.9166666666665,2084.0866666666666,2084.0866666666666,2082.0866666666666,28280.0,-0.9400000000000002,Train
2017-10-01,2098.3333333333335,2083.7933333333335,2083.7933333333335,2082.7933333333335,27990.0,-0.5100000000000001,Train
2017-10-02,2097.75,2083.5,2083.5,2083.5,27700.0,-0.08,Train
2017-10-03,2127.75,2128.5,2128.5,2128.5,27790.0,1.43,Train
2017-10-04,2163.0,2146.5,2146.5,2146.5,23000.0,1.66,Train
2017-10-05,2168.5,2151.0,2151.0,2151.0,27570.0,0.25,Train
2017-10-06,2151.0,2151.0,2151.0,2151.0,29970.0,-0.81,Train
2017-10-07,2157.5,2151.1666666666665,2151.1666666666665,2151.1666666666665,33786.666666666664,-0.2366666666666667,Train
2017-10-08,2164.0,2151.3333333333335,2151.3333333333335,2151.3333333333335,37603.333333333336,0.33666666666666667,Train
2017-10-09,2170.5,2151.5,2151.5,2151.5,41420.0,0.91,Train
2017-10-10,2159.75,2142.25,2142.5,2142.25,34280.0,-0.5,Train
2017-10-11,2126.75,2108.0,2108.0,2108.0,43430.0,-1.53,Train
2017-10-12,2143.25,2126.25,2126.25,2126.25,45880.0,0.78,Train
2017-10-13,2130.5,2114.25,2114.25,2110.0,24610.0,-0.59,Train
2017-10-14,2130.4166666666665,2116.9166666666665,2116.9166666666665,2114.0833333333335,27013.333333333332,-0.3966666666666666,Train
2017-10-15,2130.3333333333335,2119.5833333333335,2119.5833333333335,2118.1666666666665,29416.666666666668,-0.2033333333333333,Train
2017-10-16,2130.25,2122.25,2122.25,2122.25,31820.0,-0.01,Train
2017-10-17,2140.0,2126.5,2126.5,2126.5,50000.0,0.46,Train
2017-10-18,2121.5,2121.5,2121.5,2121.5,27610.0,-0.86,Train
2017-10-19,2154.0,2154.0,2154.0,2154.0,21450.0,1.53,Train
2017-10-20,2136.5,2125.5,2125.5,2125.5,16090.0,-0.81,Train
2017-10-21,2136.6666666666665,2129.3333333333335,2129.3333333333335,2129.3333333333335,13713.333333333334,-0.5333333333333334,Train
2017-10-22,2136.8333333333335,2133.1666666666665,2133.1666666666665,2133.1666666666665,11336.666666666668,-0.2566666666666667,Train
2017-10-23,2137.0,2137.0,2137.0,2137.0,8960.0,0.02,Train
2017-10-24,2155.0,2149.75,2149.75,2144.0,12200.0,0.84,Train
2017-10-25,2186.25,2178.75,2178.75,2178.75,8460.0,1.45,Train
2017-10-26,2190.25,2180.25,2180.25,2180.25,14050.0,0.18,Train
2017-10-27,2167.75,2155.5,2155.5,2155.5,16050.0,-1.03,Train
2017-10-28,2165.75,2151.6666666666665,2153.5833333333335,2151.5,15560.0,-0.78,Train
2017-10-29,2163.75,2147.8333333333335,2151.6666666666665,2147.5,15070.0,-0.53,Train
2017-10-30,2161.75,2144.0,2149.75,2143.5,14580.0,-0.28,Train
2017-10-31,2158.5,2150.63,2153.5,2149.63,15730.0,-0.15,Train
2017-11-01,2183.75,2159.75,2164.0,2157.5,22780.0,1.17,Train
2017-11-02,2171.5,2159.0,2162.25,2158.75,24500.0,-0.56,Train
2017-11-03,2182.25,2169.63,2173.35,2169.6,20740.0,0.5,Train
2017-11-04,2177.3333333333335,2164.2533333333336,2167.3166666666666,2163.733333333333,18083.333333333332,0.10666666666666663,Train
2017-11-05,2172.4166666666665,2158.8766666666666,2161.2833333333333,2157.866666666667,15426.666666666668,-0.28666666666666674,Train
2017-11-06,2167.5,2153.5,2155.25,2152.0,12770.0,-0.68,Train
2017-11-07,2127.75,2120.25,2121.5,2118.25,32390.0,-1.83,Train
2017-11-08,2104.25,2088.13,2092.13,2086.38,28200.0,-1.1,Train
2017-11-09,2088.0,2076.0,2078.75,2075.75,36800.0,-0.77,Train
2017-11-10,2096.0,2089.75,2093.0,2089.5,31520.0,0.38,Train
2017-11-11,2098.3333333333335,2094.0,2097.1666666666665,2092.0,29763.333333333332,0.36333333333333334,Train
2017-11-12,2100.6666666666665,2098.25,2101.3333333333335,2094.5,28006.666666666668,0.3466666666666667,Train
2017-11-13,2103.0,2102.5,2105.5,2097.0,26250.0,0.33,Train
2017-11-14,2082.25,2078.13,2078.88,2070.38,32400.0,-0.99,Train
2017-11-15,2106.25,2092.5,2094.25,2092.25,11090.0,1.15,Train
2017-11-16,2102.5,2089.88,2099.88,2089.88,8520.0,-0.18,Train
2017-11-17,2104.5,2098.25,2098.25,2096.25,8440.0,0.1,Train
2017-11-18,2098.25,2090.25,2090.5,2088.5833333333335,9200.0,-0.23,Train
2017-11-19,2092.0,2082.25,2082.75,2080.9166666666665,9960.0,-0.56,Train
2017-11-20,2085.75,2074.25,2075.0,2073.25,10720.0,-0.89,Train
2017-11-21,2082.0,2073.0,2076.75,2072.25,36990.0,-0.18,Train
2017-11-22,2107.0,2091.5,2091.75,2089.25,11340.0,1.2,Train
2017-11-23,2113.25,2103.75,2103.75,2098.5,5020.0,0.3,Train
2017-11-24,2132.25,2119.0,2120.25,2118.0,6860.0,0.9,Train
2017-11-25,2133.0,2120.6666666666665,2121.5833333333335,2118.8333333333335,7650.0,0.6366666666666667,Train
2017-11-26,2133.75,2122.3333333333335,2122.9166666666665,2119.6666666666665,8440.0,0.3733333333333333,Train
2017-11-27,2134.5,2124.0,2124.25,2120.5,9230.0,0.11,Train
2017-11-28,2101.75,2084.75,2089.75,2084.75,16140.0,-1.53,Train
2017-11-29,2067.0,2044.08,2054.5,2039.7,18730.0,-1.65,Train
2017-11-30,2046.5,2031.75,2034.75,2029.5,66380.0,-0.99,Train
2017-12-01,2072.75,2063.0,2063.0,2058.75,21280.0,1.28,Train
2017-12-02,2070.6666666666665,2060.9166666666665,2061.1666666666665,2057.4166666666665,20440.0,0.7533333333333333,Train
2017-12-03,2068.5833333333335,2058.8333333333335,2059.3333333333335,2056.0833333333335,19600.0,0.22666666666666657,Train
2017-12-04,2066.5,2056.75,2057.5,2054.75,18760.0,-0.3,Train
2017-12-05,2049.75,2040.25,2040.75,2037.25,18610.0,-0.81,Train
2017-12-06,2016.75,2003.75,2008.25,2003.75,21650.0,-1.61,Train
2017-12-07,2007.5,1996.75,2002.0,1996.75,24880.0,-0.46,Train
2017-12-08,2007.75,1998.25,2000.75,1994.0,15560.0,0.01,Train
2017-12-09,2011.25,2002.5833333333333,2004.25,1998.75,18563.333333333332,0.18000000000000002,Train
2017-12-10,2014.75,2006.9166666666667,2007.75,2003.5,21566.666666666668,0.35000000000000003,Train
2017-12-11,2018.25,2011.25,2011.25,2008.25,24570.0,0.52,Train
2017-12-12,2012.5,1998.0,1998.25,1995.25,29040.0,-0.28,Train
2017-12-13,2005.25,1995.25,1997.75,1993.75,31790.0,-0.36,Train
2017-12-14,2045.75,2025.75,2028.25,2025.0,20620.0,2.02,Train
2017-12-15,2062.5,2025.75,2057.75,2020.5,24940.0,0.82,Train
2017-12-16,2064.9166666666665,2037.96,2059.71,2034.2933333333333,22420.0,0.6633333333333333,Train
2017-12-17,2067.3333333333335,2050.17,2061.67,2048.0866666666666,19900.0,0.5066666666666666,Train
2017-12-18,2069.75,2062.38,2063.63,2061.88,17380.0,0.35,Train
2017-12-19,2099.5,2090.0,2091.25,2088.75,54830.0,1.44,Train
2017-12-20,2122.25,2109.25,2110.5,2108.75,21010.0,1.08,Train
2017-12-21,2148.0,2137.0,2137.75,2135.0,67300.0,1.21,Train
2017-12-22,2194.0,2180.75,2181.5,2168.25,36780.0,2.14,Train
2017-12-23,2206.4,2191.75,2194.2,2181.75,38642.0,2.278,Train
2017-12-24,2218.8,2202.75,2206.9,2195.25,40504.0,2.416,Train
2017-12-25,2231.2,2213.75,2219.6,2208.75,42366.0,2.5540000000000003,Train
2017-12-26,2243.6,2224.75,2232.3,2222.25,44228.0,2.692,Train
2017-12-27,2256.0,2235.75,2245.0,2235.75,46090.0,2.83,Train
2017-12-28,2288.0,2272.0,2272.0,2267.0,44790.0,1.42,Train
2017-12-29,2271.5,2270.5,2271.75,2267.75,41020.0,-0.72,Train
2017-12-30,2270.375,2266.25,2268.3125,2264.1875,43395.0,-0.59,Train
2017-12-31,2269.25,2262.0,2264.875,2260.625,45770.0,-0.45999999999999996,Train
2018-01-01,2268.125,2257.75,2261.4375,2257.0625,48145.0,-0.32999999999999996,Train
2018-01-02,2267.0,2253.5,2258.0,2253.5,50520.0,-0.2,Train
2018-01-03,2228.5,2220.0,2222.25,2217.25,41070.0,-1.7,Train
2018-01-04,2250.0,2236.25,2236.25,2231.25,35900.0,0.96,Train
2018-01-05,2201.75,2189.5,2192.25,2189.25,31430.0,-2.14,Train
2018-01-06,2192.1666666666665,2179.9166666666665,2182.3333333333335,2179.75,37690.0,-1.8633333333333335,Train
2018-01-07,2182.5833333333335,2170.3333333333335,2172.4166666666665,2170.25,43950.0,-1.586666666666667,Train
2018-01-08,2173.0,2160.75,2162.5,2160.75,50210.0,-1.31,Train
2018-01-09,2149.5,2141.75,2145.75,2138.5,47910.0,-1.08,Train
2018-01-10,2179.0,2169.5,2171.75,2168.5,68320.0,1.37,Train
2018-01-11,2172.25,2172.0,2174.0,2171.25,53770.0,-0.31,Train
2018-01-12,2210.75,2211.25,2214.5,2208.5,59950.0,1.77,Train
2018-01-13,2215.0833333333335,2214.1666666666665,2217.5833333333335,2212.0,50076.666666666664,1.3766666666666667,Train
2018-01-14,2219.4166666666665,2217.0833333333335,2220.6666666666665,2215.5,40203.33333333333,0.9833333333333333,Train
2018-01-15,2223.75,2220.0,2223.75,2219.0,30330.0,0.59,Train
2018-01-16,2188.5,2192.25,2193.5,2191.5,13540.0,-1.59,Train
2018-01-17,2191.5,2199.25,2200.75,2192.75,11610.0,0.14,Train
2018-01-18,2241.0,2250.0,2253.25,2247.75,75760.0,2.26,Train
2018-01-19,2220.5,2222.75,2223.5,2220.25,17460.0,-0.91,Train
2018-01-20,2230.0,2231.4166666666665,2232.75,2229.4166666666665,14556.666666666666,-0.18000000000000005,Train
2018-01-21,2239.5,2240.0833333333335,2242.0,2238.5833333333335,11653.333333333332,0.5499999999999999,Train
2018-01-22,2249.0,2248.75,2251.25,2247.75,8750.0,1.28,Train
2018-01-23,2229.75,2225.0,2227.75,2225.0,11220.0,-0.86,Train
2018-01-24,2250.25,2247.5,2248.75,2247.25,14010.0,0.92,Train
2018-01-25,2241.0,2234.5,2237.75,2233.75,10380.0,-0.41,Train
2018-01-26,2257.0,2234.5,2266.0,2226.0,12580.0,0.71,Train
2018-01-27,2245.9166666666665,2232.5833333333335,2254.1666666666665,2226.75,12596.666666666666,-0.016666666666666607,Train
2018-01-28,2234.8333333333335,2230.6666666666665,2242.3333333333335,2227.5,12613.333333333334,-0.7433333333333332,Train
2018-01-29,2223.75,2228.75,2230.5,2228.25,12630.0,-1.47,Train
2018-01-30,2206.0,2218.0,2225.75,2216.5,16920.0,-0.8,Train
2018-01-31,2218.5,2212.5,2214.25,2209.75,35620.0,0.57,Train
2018-02-01,2223.75,2235.5,2238.25,2234.25,13480.0,0.24,Train
2018-02-02,2208.5,2215.75,2217.25,2215.75,19790.0,-0.69,Train
2018-02-03,2208.6666666666665,2214.1666666666665,2215.8333333333335,2212.9166666666665,20590.0,-0.45333333333333325,Train
2018-02-04,2208.8333333333335,2212.5833333333335,2214.4166666666665,2210.0833333333335,21390.0,-0.21666666666666662,Train
2018-02-05,2209.0,2211.0,2213.0,2207.25,22190.0,0.02,Train
2018-02-06,2167.0,2173.25,2174.5,2172.0,26600.0,-1.9,Train
2018-02-07,2156.0,2165.25,2168.25,2163.0,27170.0,-0.51,Train
2018-02-08,2169.0,2179.75,2180.5,2176.25,32189.999999999996,0.6,Train
2018-02-09,2122.0,2134.75,2135.75,2130.25,33790.0,-2.17,Train
2018-02-10,2122.6666666666665,2131.25,2141.4166666666665,2126.5833333333335,33613.333333333336,-1.4166666666666665,Train
2018-02-11,2123.3333333333335,2127.75,2147.0833333333335,2122.9166666666665,33436.666666666664,-0.6633333333333333,Train
2018-02-12,2124.0,2124.25,2152.75,2119.25,33260.0,0.09,Train
2018-02-13,2136.0,2140.25,2140.5,2137.5,30580.0,0.56,Train
2018-02-14,2174.75,2184.5,2184.5,2179.0,33810.0,1.81,Train
2018-02-15,2161.75,2162.0,2162.0,2152.25,20370.0,-0.6,Train
2018-02-16,2207.0,2204.25,2206.75,2195.5,34060.0,2.09,Train
2018-02-17,2209.5,2204.9166666666665,2208.0,2196.75,30786.666666666668,1.5066666666666666,Train
2018-02-18,2212.0,2205.5833333333335,2209.25,2198.0,27513.333333333332,0.9233333333333333,Train
2018-02-19,2214.5,2206.25,2210.5,2199.25,24240.0,0.34,Train
2018-02-20,2186.0,2184.0,2186.0,2183.25,16970.0,-1.29,Train
2018-02-21,2202.0,2206.5,2208.75,2200.0,15650.0,0.73,Train
2018-02-22,2185.5,2187.0,2188.0,2181.25,9360.0,-0.75,Train
2018-02-23,2140.0,2144.5,2145.25,2143.25,15500.0,-2.08,Train
2018-02-24,2139.25,2140.6666666666665,2141.6666666666665,2139.5833333333335,13433.333333333334,-1.4233333333333333,Train
2018-02-25,2138.5,2136.8333333333335,2138.0833333333335,2135.9166666666665,11366.666666666668,-0.7666666666666668,Train
2018-02-26,2137.75,2133.0,2134.5,2132.25,9300.0,-0.11,Train
2018-02-27,2146.5,2139.63,2142.25,2139.38,15650.0,0.41,Train
2018-02-28,2131.5,2126.5,2127.5,2121.0,33470.0,-0.7,Train
2018-03-01,2146.5,2153.0,2153.0,2144.25,20210.0,0.7,Train
2018-03-02,2148.0,2147.5,2148.0,2145.0,22080.0,0.07,Train
2018-03-03,2146.5833333333335,2144.21,2146.25,2141.75,21743.333333333332,-0.020000000000000004,Train
2018-03-04,2145.1666666666665,2140.92,2144.5,2138.5,21406.666666666668,-0.11000000000000001,Train
2018-03-05,2143.75,2137.63,2142.75,2135.25,21070.0,-0.2,Train
2018-03-06,2143.5,2131.0,2135.0,2130.75,16320.0,-0.01,Train
2018-03-07,2092.25,2093.0,2093.25,2085.75,44740.0,-2.39,Train
2018-03-08,2101.25,2094.0,2094.5,2091.0,36480.0,0.43,Train
2018-03-09,2115.25,2104.88,2106.5,2102.63,30590.0,0.67,Train
2018-03-10,2105.25,2096.3366666666666,2097.5833333333335,2093.5033333333336,30820.0,-0.026666666666666616,Train
2018-03-11,2095.25,2087.7933333333335,2088.6666666666665,2084.3766666666666,31050.0,-0.7233333333333333,Train
2018-03-12,2085.25,2079.25,2079.75,2075.25,31280.0,-1.42,Train
2018-03-13,2097.75,2097.75,2097.75,2097.75,23980.0,0.6,Train
2018-03-14,2083.75,2073.25,2073.75,2070.0,23100.0,-0.67,Train
2018-03-15,2078.75,2068.5,2069.75,2065.75,27690.0,-0.24,Train
2018-03-16,2079.5,2066.25,2066.25,2061.75,8210.0,0.04,Train
2018-03-17,2080.5,2069.96,2070.71,2066.21,15126.666666666668,0.07333333333333333,Train
2018-03-18,2081.5,2073.67,2075.17,2070.67,22043.333333333336,0.10666666666666666,Train
2018-03-19,2082.5,2077.38,2079.63,2075.13,28960.0,0.14,Train
2018-03-20,2076.0,2067.88,2069.13,2065.13,85930.0,-0.31,Train
2018-03-21,2081.5,2067.88,2080.5,2050.25,39410.0,0.26,Train
2018-03-22,2075.0,2057.75,2061.25,2057.25,27560.0,-0.31,Train
2018-03-23,2050.75,2039.75,2040.75,2039.0,25070.0,-1.17,Train
2018-03-24,2050.9166666666665,2038.0,2038.6666666666667,2037.5,26413.333333333332,-0.7733333333333332,Train
2018-03-25,2051.0833333333335,2036.25,2036.5833333333333,2036.0,27756.666666666668,-0.3766666666666666,Train
2018-03-26,2051.25,2034.5,2034.5,2034.5,29100.0,0.02,Train
2018-03-27,2043.5,2028.5,2028.5,2028.5,34610.0,-0.38,Train
2018-03-28,2025.5,2016.25,2016.25,2016.25,36010.0,-0.88,Train
2018-03-29,2003.25,1990.25,1990.25,1990.25,58890.0,-1.1,Train
2018-03-30,1997.85,1988.8,1988.8,1988.8,56912.0,-1.1500000000000001,Train
2018-03-31,1992.45,1987.35,1987.35,1987.35,54934.0,-1.2000000000000002,Train
2018-04-01,1987.05,1985.9,1985.9,1985.9,52956.0,-1.25,Train
2018-04-02,1981.65,1984.45,1984.45,1984.45,50978.0,-1.3,Train
2018-04-03,1976.25,1983.0,1983.0,1983.0,49000.0,-1.35,Train
2018-04-04,1987.75,1975.25,1975.25,1975.25,48830.0,0.58,Train
2018-04-05,2005.25,1991.75,1991.75,1991.75,41510.0,0.88,Train
2018-04-06,2040.0,2036.5,2036.5,2036.5,52220.0,1.73,Train
2018-04-07,2074.3333333333335,2063.5833333333335,2063.5833333333335,2063.5833333333335,75443.33333333333,2.836666666666667,Train
2018-04-08,2108.6666666666665,2090.6666666666665,2090.6666666666665,2090.6666666666665,98666.66666666666,3.9433333333333334,Train
2018-04-09,2143.0,2117.75,2117.75,2117.75,121890.0,5.05,Train
2018-04-10,2205.25,2225.0,2225.0,2225.0,95630.0,2.9,Train
2018-04-11,2255.0,2255.25,2255.25,2255.25,88650.0,2.26,Train
2018-04-12,2341.0,2289.75,2332.25,2289.75,87730.0,3.81,Train
2018-04-13,2291.0,2331.25,2331.25,2331.25,96320.0,-2.14,Train
2018-04-14,2330.0,2350.75,2350.75,2350.75,82430.0,0.2766666666666664,Train
2018-04-15,2369.0,2370.25,2370.25,2370.25,68540.0,2.693333333333333,Train
2018-04-16,2408.0,2389.75,2389.75,2389.75,54650.0,5.11,Train
2018-04-17,2404.75,2420.0,2420.0,2410.0,39390.0,-0.13,Train
2018-04-18,2537.0,2556.0,2556.0,2556.0,152040.0,5.5,Train
2018-04-19,2490.5,2489.75,2489.75,2489.75,65160.0,-1.83,Train
2018-04-20,2475.5,2491.5,2491.5,2491.5,39820.0,-0.6,Train
2018-04-21,2416.3333333333335,2426.3333333333335,2426.3333333333335,2426.3333333333335,38430.0,-2.79,Train
2018-04-22,2357.1666666666665,2361.1666666666665,2361.1666666666665,2361.1666666666665,37040.0,-4.9799999999999995,Train
2018-04-23,2298.0,2296.0,2296.0,2296.0,35650.0,-7.17,Train
2018-04-24,2230.0,2211.25,2211.25,2211.25,54340.0,-2.96,Train
2018-04-25,2248.5,2230.5,2242.75,2230.5,33520.0,0.83,Train
2018-04-26,2280.5,2279.5,2279.5,2279.5,30870.0,1.42,Train
2018-04-27,2228.0,2276.25,2300.5,2210.25,31020.0,-2.3,Train
2018-04-28,2239.1666666666665,2272.0,2288.1666666666665,2228.0,29640.0,-1.0333333333333332,Train
2018-04-29,2250.3333333333335,2267.75,2275.8333333333335,2245.75,28260.0,0.2333333333333334,Train
2018-04-30,2261.5,2263.5,2263.5,2263.5,26880.0,1.5,Train
2018-05-01,2269.0,2251.75,2251.75,2251.75,26770.0,0.33,Train
2018-05-02,2333.5,2325.0,2328.25,2325.0,44310.0,2.84,Train
2018-05-03,2283.0,2280.0,2280.0,2280.0,35360.0,-2.16,Train
2018-05-04,2380.0,2350.25,2350.25,2350.25,38670.0,4.25,Train
2018-05-05,2382.875,2356.375,2356.375,2356.375,42050.0,3.3075,Train
2018-05-06,2385.75,2362.5,2362.5,2362.5,45430.0,2.365,Train
2018-05-07,2388.625,2368.625,2368.625,2368.625,48810.0,1.4224999999999999,Train
2018-05-08,2391.5,2374.75,2374.75,2374.75,52190.0,0.48,Train
2018-05-09,2386.0,2381.0,2381.0,2381.0,69660.0,-0.23,Train
2018-05-10,2347.0,2331.25,2331.25,2331.25,47600.0,-1.63,Train
2018-05-11,2298.5,2270.0,2270.0,2270.0,50150.0,-2.07,Train
2018-05-12,2310.8333333333335,2286.25,2287.3333333333335,2286.25,42133.333333333336,-0.8433333333333333,Train
2018-05-13,2323.1666666666665,2302.5,2304.6666666666665,2302.5,34116.666666666664,0.3833333333333333,Train
2018-05-14,2335.5,2318.75,2322.0,2318.75,26100.0,1.61,Train
2018-05-15,2327.0,2332.0,2332.0,2332.0,57120.0,-0.36,Train
2018-05-16,2317.0,2326.5,2326.5,2326.5,42110.0,-0.43,Train
2018-05-17,2294.0,2323.25,2323.25,2323.25,19380.0,-0.99,Train
2018-05-18,2270.5,2280.25,2280.25,2280.25,31650.0,-1.02,Train
2018-05-19,2273.5,2282.9166666666665,2282.9166666666665,2282.9166666666665,31083.333333333332,-0.5466666666666666,Train
2018-05-20,2276.5,2285.5833333333335,2285.5833333333335,2285.5833333333335,30516.666666666668,-0.07333333333333336,Train
2018-05-21,2279.5,2288.25,2288.25,2288.25,29950.0,0.4,Train
2018-05-22,2268.75,2273.75,2280.25,2273.75,13700.0,-0.47,Train
2018-05-23,2269.0,2274.5,2274.5,2274.5,31830.0,0.01,Train
2018-05-24,2280.5,2303.25,2303.25,2303.25,21860.0,0.51,Train
2018-05-25,2261.5,2278.0,2278.0,2275.25,12280.0,-0.83,Train
2018-05-26,2264.3125,2277.0625,2278.3125,2275.0,13222.5,-0.49749999999999994,Train
2018-05-27,2267.125,2276.125,2278.625,2274.75,14165.0,-0.16499999999999992,Train
2018-05-28,2269.9375,2275.1875,2278.9375,2274.5,15107.5,0.1675000000000001,Train
2018-05-29,2272.75,2274.25,2279.25,2274.25,16050.0,0.5,Train
2018-05-30,2267.5,2272.25,2272.25,2272.25,15140.0,-0.23,Train
2018-05-31,2289.5,2298.25,2298.25,2298.25,21210.0,0.97,Train
2018-06-01,2302.5,2304.5,2304.5,2304.5,12690.0,0.57,Train
2018-06-02,2306.0,2309.5833333333335,2309.5833333333335,2309.5833333333335,15506.666666666666,0.5333333333333333,Train
2018-06-03,2309.5,2314.6666666666665,2314.6666666666665,2314.6666666666665,18323.333333333332,0.49666666666666665,Train
2018-06-04,2313.0,2319.75,2319.75,2319.75,21140.0,0.46,Train
2018-06-05,2309.5,2330.0,2330.0,2330.0,21520.0,-0.15,Train
2018-06-06,2343.0,2341.25,2341.25,2341.25,17740.0,1.45,Train
2018-06-07,2309.75,2287.5,2318.5,2287.5,24670.0,-1.42,Train
2018-06-08,2297.5,2308.75,2308.75,2308.75,28910.0,-0.53,Train
2018-06-09,2298.1666666666665,2309.8333333333335,2309.8333333333335,2309.8333333333335,32446.666666666668,-0.32333333333333336,Train
2018-06-10,2298.8333333333335,2310.9166666666665,2310.9166666666665,2310.9166666666665,35983.333333333336,-0.1166666666666667,Train
2018-06-11,2299.5,2312.0,2312.0,2312.0,39520.0,0.09,Train
2018-06-12,2301.0,2301.0,2301.0,2301.0,22800.0,0.07,Train
2018-06-13,2273.75,2284.0,2284.0,2284.0,40400.0,-1.18,Train
2018-06-14,2254.25,2263.0,2263.0,2263.0,27670.0,-0.86,Train
2018-06-15,2201.5,2219.5,2219.5,2219.5,19560.0,-2.34,Train
2018-06-16,2206.4166666666665,2229.0,2229.0,2229.0,21436.666666666668,-1.3366666666666667,Train
2018-06-17,2211.3333333333335,2238.5,2238.5,2238.5,23313.333333333332,-0.3333333333333335,Train
2018-06-18,2216.25,2248.0,2248.0,2248.0,25190.0,0.67,Train
2018-06-19,2171.0,2196.25,2196.25,2196.25,68750.0,-2.04,Train
2018-06-20,2166.75,2186.5,2186.5,2186.5,33790.0,-0.2,Train
2018-06-21,2180.0,2205.0,2205.0,2205.0,57990.0,0.61,Train
2018-06-22,2176.0,2192.5,2192.5,2192.5,29860.0,-0.18,Train
2018-06-23,2169.1666666666665,2184.5833333333335,2184.5833333333335,2184.5833333333335,26836.666666666668,-0.43333333333333335,Train
2018-06-24,2162.3333333333335,2176.6666666666665,2176.6666666666665,2176.6666666666665,23813.333333333332,-0.6866666666666668,Train
2018-06-25,2155.5,2168.75,2168.75,2168.75,20790.0,-0.94,Train
2018-06-26,2157.25,2211.25,2211.25,2211.25,19450.0,0.08,Train
2018-06-27,2175.5,2187.5,2187.5,2187.5,25470.0,0.85,Train
2018-06-28,2154.0,2175.0,2175.0,2175.0,19440.0,-0.99,Train
2018-06-29,2131.75,2175.0,2194.5,2155.75,27210.0,-1.03,Train
2018-06-30,2119.8333333333335,2160.0,2173.0,2147.1666666666665,33823.333333333336,-1.2466666666666666,Train
2018-07-01,2107.9166666666665,2145.0,2151.5,2138.5833333333335,40436.666666666664,-1.4633333333333334,Train
2018-07-02,2096.0,2130.0,2130.0,2130.0,47050.0,-1.68,Train
2018-07-03,2077.0,2105.5,2105.5,2105.5,41840.0,-0.91,Train
2018-07-04,2085.5,2126.25,2126.25,2126.25,13400.0,0.41,Train
2018-07-05,2076.5,2108.25,2108.25,2108.25,28510.0,-0.43,Train
2018-07-06,2076.25,2112.0,2112.0,2112.0,31260.0,-0.01,Train
2018-07-07,2089.5,2119.6666666666665,2125.25,2119.6666666666665,36633.333333333336,0.63,Train
2018-07-08,2102.75,2127.3333333333335,2138.5,2127.3333333333335,42006.666666666664,1.27,Train
2018-07-09,2116.0,2135.0,2151.75,2135.0,47380.0,1.91,Train
2018-07-10,2084.5,2115.75,2115.75,2115.75,56230.0,-1.49,Train
2018-07-11,2054.0,2089.5,2089.5,2089.5,57320.0,-1.46,Train
2018-07-12,2035.25,2081.25,2081.25,2081.25,48900.0,-0.91,Train
2018-07-13,2024.25,2088.5,2088.5,2088.5,46290.0,-0.54,Train
2018-07-14,2032.25,2072.1666666666665,2072.1666666666665,2072.1666666666665,46643.333333333336,0.036666666666666625,Train
2018-07-15,2040.25,2055.8333333333335,2055.8333333333335,2055.8333333333335,46996.666666666664,0.6133333333333333,Train
2018-07-16,2048.25,2039.5,2039.5,2039.5,47350.0,1.19,Train
2018-07-17,2032.0,2017.0,2017.0,2017.0,74670.0,-0.79,Train
2018-07-18,2027.25,2020.75,2020.75,2011.25,26600.0,-0.23,Train
2018-07-19,2001.25,1990.25,1990.25,1990.25,27560.0,-1.28,Train
2018-07-20,2029.75,2029.25,2029.25,2029.25,20400.0,1.42,Train
2018-07-21,2043.0,2039.9166666666667,2039.9166666666667,2039.9166666666667,23356.666666666668,1.5999999999999999,Train
2018-07-22,2056.25,2050.5833333333335,2050.5833333333335,2050.5833333333335,26313.333333333332,1.78,Train
2018-07-23,2069.5,2061.25,2061.25,2061.25,29270.0,1.96,Train
2018-07-24,2085.0,2069.25,2069.25,2069.25,28320.0,0.75,Train
2018-07-25,2062.25,2049.25,2049.25,2049.25,19440.0,-1.09,Train
2018-07-26,2067.0,2051.25,2051.25,2051.25,14600.0,0.23,Train
2018-07-27,2070.5,2040.0,2040.0,2040.0,12950.0,0.17,Train
2018-07-28,2077.9166666666665,2048.5833333333335,2053.75,2046.1666666666667,14683.333333333334,0.47,Train
2018-07-29,2085.3333333333335,2057.1666666666665,2067.5,2052.3333333333335,16416.666666666668,0.77,Train
2018-07-30,2092.75,2065.75,2081.25,2058.5,18150.0,1.07,Train
2018-07-31,2079.5,2066.25,2080.5,2066.25,19730.0,-0.63,Train
2018-08-01,2050.0,2040.75,2067.25,2038.5,23490.0,-1.42,Train
2018-08-02,2032.75,2022.25,2022.25,2019.63,29400.0,-0.84,Train
2018-08-03,2024.5,2008.5,2021.5,2007.5,14010.0,-0.41,Train
2018-08-04,2029.3333333333333,2015.25,2023.9166666666667,2012.45,16356.666666666666,-0.033333333333333326,Train
2018-08-05,2034.1666666666667,2022.0,2026.3333333333333,2017.3999999999999,18703.333333333332,0.3433333333333333,Train
2018-08-06,2039.0,2028.75,2028.75,2022.35,21050.0,0.72,Train
2018-08-07,2034.5,2014.5,2020.5,2014.5,26060.0,-0.22,Train
2018-08-08,2105.0,2084.75,2091.13,2017.25,38380.0,3.47,Train
2018-08-09,2079.0,2053.0,2087.75,2053.0,40370.0,-1.24,Train
2018-08-10,2105.0,2066.0,2089.25,2062.25,35360.0,1.25,Train
2018-08-11,2097.8333333333335,2071.75,2094.8333333333335,2068.4466666666667,40563.333333333336,0.4933333333333333,Train
2018-08-12,2090.6666666666665,2077.5,2100.4166666666665,2074.6433333333334,45766.666666666664,-0.2633333333333334,Train
2018-08-13,2083.5,2083.25,2106.0,2080.84,50970.0,-1.02,Train
2018-08-14,2071.0,2069.25,2082.5,2062.95,26840.0,-0.6,Train
2018-08-15,2025.5,2019.25,2064.0,2017.36,17310.0,-2.2,Train
2018-08-16,2048.0,2039.0,2039.0,2015.5,16360.0,1.11,Train
2018-08-17,2029.25,2023.75,2038.0,2020.25,14900.0,-0.92,Train
2018-08-18,2037.75,2031.3333333333333,2040.8333333333333,2019.5833333333333,12876.666666666666,-0.19333333333333336,Train
2018-08-19,2046.25,2038.9166666666667,2043.6666666666667,2018.9166666666667,10853.333333333334,0.5333333333333333,Train
2018-08-20,2054.75,2046.5,2046.5,2018.25,8830.0,1.26,Train
2018-08-21,2054.5,2052.5,2052.75,2042.0,51900.0,-0.01,Train
2018-08-22,2065.5,2051.75,2052.25,2041.5,26620.0,0.54,Train
2018-08-23,2076.0,2058.5,2061.5,2052.0,8420.0,0.51,Train
2018-08-24,2096.25,2073.25,2082.85,2061.75,13070.0,0.98,Train
2018-08-25,2105.6875,2084.5950000000003,2091.92,2066.4075000000003,13500.0,1.185,Train
2018-08-26,2115.125,2095.94,2100.99,2071.065,13930.0,1.3900000000000001,Train
2018-08-27,2124.5625,2107.285,2110.06,2075.7225,14360.0,1.595,Train
2018-08-28,2134.0,2118.63,2119.13,2080.38,14790.0,1.8,Train
2018-08-29,2172.5,2144.0,2157.25,2119.0,25300.0,1.8,Train
2018-08-30,2132.5,2114.75,2156.75,2112.25,17720.0,-1.84,Train
2018-08-31,2125.0,2104.0,2118.25,2104.0,29830.0,-0.35,Train
2018-09-01,2115.1666666666665,2104.1666666666665,2115.3333333333335,2092.8333333333335,25300.0,-0.6966666666666667,Train
2018-09-02,2105.3333333333335,2104.3333333333335,2112.4166666666665,2081.6666666666665,20770.0,-1.0433333333333334,Train
2018-09-03,2095.5,2104.5,2109.5,2070.5,16239.999999999998,-1.39,Train
2018-09-04,2060.25,2041.75,2076.25,2040.88,20770.0,-1.68,Train
2018-09-05,2065.75,2039.0,2051.15,2039.0,25850.0,0.27,Train
2018-09-06,2035.5,2021.75,2044.25,2015.25,27460.0,-1.46,Train
2018-09-07,2065.5,2030.25,2038.0,2008.0,24260.0,1.47,Train
2018-09-08,2073.6666666666665,2035.3333333333333,2045.6666666666667,2017.4166666666667,27456.666666666668,1.3766666666666667,Train
2018-09-09,2081.8333333333335,2040.4166666666667,2053.3333333333335,2026.8333333333333,30653.333333333332,1.2833333333333332,Train
2018-09-10,2090.0,2045.5,2061.0,2036.25,33850.0,1.19,Train
2018-09-11,2038.5,2013.75,2060.25,2009.0,21600.0,-2.46,Train
2018-09-12,2057.75,2019.75,2028.5,2008.5,45510.0,0.94,Train
2018-09-13,2058.25,2010.0,2030.88,2010.0,34500.0,0.02,Train
2018-09-14,2036.75,1999.0,2029.0,1999.0,34010.0,-1.04,Train
2018-09-15,2032.9166666666667,2004.3333333333333,2026.9166666666667,2003.3333333333333,30063.333333333332,-0.88,Train
2018-09-16,2029.0833333333333,2009.6666666666667,2024.8333333333333,2007.6666666666667,26116.666666666668,-0.72,Train
2018-09-17,2025.25,2015.0,2022.75,2012.0,22170.0,-0.56,Train
2018-09-18,2034.75,2015.0,2036.75,2003.25,47940.0,0.47,Train
2018-09-19,2026.0,2005.75,2012.5,2000.62,93890.0,-0.43,Train
2018-09-20,2048.0,2037.5,2037.5,2007.5,77730.0,1.09,Train
2018-09-21,2100.5,2063.0,2071.5,2023.5,35860.0,2.56,Train
2018-09-22,2090.3333333333335,2051.4166666666665,2072.5,2025.0833333333333,38520.0,1.2233333333333334,Train
2018-09-23,2080.1666666666665,2039.8333333333333,2073.5,2026.6666666666667,41180.0,-0.11333333333333329,Train
2018-09-24,2070.0,2028.25,2074.5,2028.25,43840.0,-1.45,Train
2018-09-25,2080.75,2046.5,2049.59,2041.5,39170.0,0.52,Train
2018-09-26,2077.5,2038.25,2054.5,2038.25,37190.0,-0.16,Train
2018-09-27,2041.5,2014.75,2053.75,2014.75,26610.0,-1.73,Train
2018-09-28,2075.5,2042.0,2051.75,2020.0,44560.0,1.67,Train
2018-09-29,2083.5,2053.1666666666665,2060.4166666666665,2032.0,40196.666666666664,1.5,Train
2018-09-30,2091.5,2064.3333333333335,2069.0833333333335,2044.0,35833.333333333336,1.3299999999999998,Train
2018-10-01,2099.5,2075.5,2077.75,2056.0,31470.0,1.16,Train
2018-10-02,2131.0,2105.25,2113.34,2079.0,50530.0,1.5,Train
2018-10-03,2222.5,2105.25,2242.0,2079.0,67710.0,4.29,Train
2018-10-04,2187.0,2171.0,2205.0,2159.57,49170.0,-1.6,Train
2018-10-05,2145.5,2131.75,2171.5,2111.25,85560.0,-1.9,Train
2018-10-06,2124.5,2110.8333333333335,2158.3333333333335,2093.6666666666665,76000.0,-2.2466666666666666,Train
2018-10-07,2103.5,2089.9166666666665,2145.1666666666665,2076.0833333333335,66440.0,-2.5933333333333333,Train
2018-10-08,2082.5,2069.0,2132.0,2058.5,56880.0,-2.94,Train
2018-10-09,2070.5,2053.75,2067.5,2053.75,83960.0,-0.58,Train
2018-10-10,2062.0,2035.5,2053.0,2035.5,48340.0,-0.41,Train
2018-10-11,2034.0,2020.5,2044.0,2017.25,56260.0,-1.36,Train
2018-10-12,2054.5,2025.5,2040.43,2014.5,27180.0,1.01,Train
2018-10-13,2050.0,2031.5,2046.0366666666666,2019.75,30386.666666666668,0.45333333333333337,Train
2018-10-14,2045.5,2037.5,2051.6433333333334,2025.0,33593.333333333336,-0.10333333333333328,Train
2018-10-15,2041.0,2043.5,2057.25,2030.25,36800.0,-0.66,Train
2018-10-16,2034.0,2041.5,2041.5,2031.0,76780.0,-0.34,Train
2018-10-17,2022.5,2030.25,2039.0,2024.75,36950.0,-0.57,Train
2018-10-18,2013.5,2017.25,2030.75,2016.83,20430.0,-0.44,Train
2018-10-19,2003.5,2017.25,2035.25,2007.5,43520.0,-0.5,Train
2018-10-20,2004.5,2016.4166666666667,2030.71,2008.5,34533.333333333336,-0.2833333333333333,Train
2018-10-21,2005.5,2015.5833333333333,2026.17,2009.5,25546.666666666668,-0.06666666666666665,Train
2018-10-22,2006.5,2014.75,2021.63,2010.5,16560.0,0.15,Train
2018-10-23,1999.25,2009.0,2009.0,2004.25,34300.0,-0.36,Train
2018-10-24,1994.5,1999.25,2000.0,1992.5,19610.0,-0.24,Train
2018-10-25,1990.0,1985.5,1994.97,1985.5,22270.0,-0.23,Train
2018-10-26,1994.75,1989.75,1989.75,1979.11,21160.0,0.24,Train
2018-10-27,1989.5833333333333,1985.3333333333333,1991.25,1977.5733333333333,19660.0,-0.10000000000000003,Train
2018-10-28,1984.4166666666667,1980.9166666666667,1992.75,1976.0366666666666,18160.0,-0.44000000000000006,Train
2018-10-29,1979.25,1976.5,1994.25,1974.5,16660.0,-0.78,Train
2018-10-30,1961.5,1975.75,1975.75,1957.5,32350.0,-0.9,Train
2018-10-31,1948.5,1948.25,1964.51,1897.5,36610.0,-0.66,Train
2018-11-01,1961.5,1964.25,1975.3,1947.0,36630.0,0.67,Train
2018-11-02,1969.5,1969.75,1979.46,1958.25,34340.0,0.41,Train
2018-11-03,1969.3333333333333,1969.25,1976.5533333333333,1959.8366666666666,33646.666666666664,0.2633333333333333,Train
2018-11-04,1969.1666666666667,1968.75,1973.6466666666668,1961.4233333333334,32953.33333333333,0.1166666666666667,Train
2018-11-05,1969.0,1968.25,1970.74,1963.01,32259.999999999996,-0.03,Train
2018-11-06,1945.25,1940.75,1964.0,1939.25,28940.0,-1.21,Train
2018-11-07,1980.25,1980.5,1982.5,1942.0,40160.0,1.8,Train
2018-11-08,1985.0,1980.5,1994.25,1942.0,48400.0,0.24,Train
2018-11-09,1948.5,1949.0,1984.5,1948.75,36160.0,-1.84,Train
2018-11-10,1943.6666666666667,1945.0,1972.9166666666667,1943.5,37050.0,-1.4733333333333334,Train
2018-11-11,1938.8333333333333,1941.0,1961.3333333333333,1938.25,37940.0,-1.1066666666666667,Train
2018-11-12,1934.0,1937.0,1949.75,1933.0,38830.0,-0.74,Train
2018-11-13,1926.5,1929.13,1937.38,1927.38,50870.0,-0.39,Train
2018-11-14,1933.25,1932.0,1933.75,1926.0,31050.0,0.35,Train
2018-11-15,1917.5,1923.0,1929.5,1915.25,53700.0,-0.81,Train
2018-11-16,1928.0,1926.75,1927.25,1908.5,37700.0,0.55,Train
2018-11-17,1925.6666666666667,1926.6666666666667,1930.5,1914.25,40910.0,0.2466666666666667,Train
2018-11-18,1923.3333333333333,1926.5833333333333,1933.75,1920.0,44120.0,-0.05666666666666664,Train
2018-11-19,1921.0,1926.5,1937.0,1925.75,47330.0,-0.36,Train
2018-11-20,1940.0,1941.5,1944.0,1932.5,54820.0,0.99,Train
2018-11-21,1954.5,1960.25,1961.0,1944.25,28690.0,0.75,Train
2018-11-22,1947.5,1955.75,1958.25,1953.0,10900.0,-0.36,Train
2018-11-23,1949.25,1948.25,1952.5,1940.25,18310.0,0.09,Train
2018-11-24,1949.5,1948.75,1953.0,1940.6666666666667,16016.666666666666,0.07333333333333333,Train
2018-11-25,1949.75,1949.25,1953.5,1941.0833333333333,13723.333333333332,0.056666666666666664,Train
2018-11-26,1950.0,1949.75,1954.0,1941.5,11430.0,0.04,Train
2018-11-27,1928.5,1922.75,1952.25,1921.75,16410.0,-1.1,Train
2018-11-28,1930.25,1937.0,1939.75,1927.9,18840.0,0.09,Train
2018-11-29,1938.75,1936.75,1945.75,1936.75,20310.0,0.44,Train
2018-11-30,1957.25,1962.25,1965.0,1945.72,22400.0,0.95,Train
2018-12-01,1962.25,1968.5833333333333,1973.6333333333334,1952.73,23706.666666666668,0.89,Train
2018-12-02,1967.25,1974.9166666666667,1982.2666666666667,1959.74,25013.333333333332,0.83,Train
2018-12-03,1972.25,1981.25,1990.9,1966.75,26320.0,0.77,Train
2018-12-04,1972.0,1976.25,1987.86,1971.0,27410.0,-0.01,Train
2018-12-05,1967.25,1979.25,1981.5,1975.75,16309.999999999998,-0.24,Train
2018-12-06,1933.5,1949.0,1978.5,1945.75,16470.0,-1.72,Train
2018-12-07,1950.0,1969.75,1972.18,1943.0,39010.0,0.85,Train
2018-12-08,1943.5,1957.75,1966.9533333333334,1939.9166666666667,38513.333333333336,0.23333333333333328,Train
2018-12-09,1937.0,1945.75,1961.7266666666667,1936.8333333333333,38016.666666666664,-0.3833333333333334,Train
2018-12-10,1930.5,1933.75,1956.5,1933.75,37520.0,-1.0,Train
2018-12-11,1931.25,1933.5,1952.9,1928.5,53730.0,0.04,Train
2018-12-12,1931.0,1927.0,1931.63,1926.25,25480.0,-0.01,Train
2018-12-13,1922.75,1921.25,1925.25,1915.0,29090.0,-0.43,Train
2018-12-14,1916.0,1908.5,1915.33,1906.18,12820.0,-0.35,Train
2018-12-15,1921.4166666666667,1910.3766666666668,1916.22,1904.8700000000001,19450.0,0.04999999999999999,Train
2018-12-16,1926.8333333333333,1912.2533333333333,1917.11,1903.56,26080.0,0.44999999999999996,Train
2018-12-17,1932.25,1914.13,1918.0,1902.25,32710.0,0.85,Train
2018-12-18,1923.75,1901.38,1917.38,1900.63,49690.0,-0.44,Train
2018-12-19,1926.25,1889.25,1905.81,1881.5,45290.0,0.13,Train
2018-12-20,1912.0,1891.0,1903.5,1887.63,82080.0,-0.74,Train
2018-12-21,1911.25,1885.0,1891.9,1883.5,37300.0,-0.04,Train
2018-12-22,1906.0,1876.9166666666667,1889.8500000000001,1875.25,29716.666666666668,-0.29999999999999993,Train
2018-12-23,1900.75,1868.8333333333333,1887.8,1867.0,22133.333333333336,-0.5599999999999999,Train
2018-12-24,1895.5,1860.75,1885.75,1858.75,14550.0,-0.82,Train
2018-12-25,1881.5,1852.0833333333333,1880.4166666666667,1849.6666666666667,22103.333333333332,-1.2866666666666666,Train
2018-12-26,1867.5,1843.4166666666667,1875.0833333333333,1840.5833333333333,29656.666666666664,-1.7533333333333334,Train
2018-12-27,1853.5,1834.75,1869.75,1831.5,37210.0,-2.22,Train
2018-12-28,1846.5,1846.5,1846.5,1846.5,27760.0,-0.38,Train
2018-12-29,1847.0,1840.25,1841.1666666666667,1836.5833333333333,26986.666666666668,-0.22666666666666666,Train
2018-12-30,1847.5,1834.0,1835.8333333333333,1826.6666666666667,26213.333333333332,-0.0733333333333333,Train
2018-12-31,1848.0,1827.75,1830.5,1816.75,25440.0,0.08,Train
2019-01-01,1823.5,1802.75,1826.625,1790.375,35590.0,-1.285,Train
2019-01-02,1799.0,1777.75,1822.75,1764.0,45740.0,-2.65,Train
2019-01-03,1842.5,1822.5,1825.0,1773.0,44780.0,2.42,Train
2019-01-04,1874.75,1855.5,1858.25,1817.5,58060.0,1.75,Train
2019-01-05,1878.5833333333333,1856.8333333333333,1860.1666666666667,1828.4166666666667,53303.333333333336,1.3699999999999999,Train
2019-01-06,1882.4166666666667,1858.1666666666667,1862.0833333333333,1839.3333333333333,48546.666666666664,0.9899999999999999,Train
2019-01-07,1886.25,1859.5,1864.0,1850.25,43790.0,0.61,Train
2019-01-08,1870.5,1842.25,1860.25,1840.5,57400.0,-0.83,Train
2019-01-09,1858.5,1830.75,1847.4,1826.0,67260.0,-0.64,Train
2019-01-10,1866.0,1835.0,1839.25,1829.75,102800.0,0.4,Train
2019-01-11,1839.0,1818.75,1840.75,1812.0,78380.0,-1.45,Train
2019-01-12,1835.4166666666667,1819.25,1835.5833333333333,1812.74,92596.66666666667,-1.16,Train
2019-01-13,1831.8333333333333,1819.75,1830.4166666666667,1813.48,106813.33333333333,-0.87,Train
2019-01-14,1828.25,1820.25,1825.25,1814.22,121030.0,-0.58,Train
2019-01-15,1844.25,1845.75,1847.5,1818.0,32940.0,0.88,Train
2019-01-16,1858.25,1854.0,1868.46,1836.0,46520.0,0.76,Train
2019-01-17,1858.0,1851.13,1856.13,1828.38,75550.0,-0.01,Train
2019-01-18,1871.5,1865.0,1866.5,1853.25,42620.0,0.73,Train
2019-01-19,1864.8333333333333,1858.75,1866.9166666666667,1850.5833333333333,34350.0,0.13,Train
2019-01-20,1858.1666666666667,1852.5,1867.3333333333333,1847.9166666666667,26080.0,-0.47,Train
2019-01-21,1851.5,1846.25,1867.75,1845.25,17810.0,-1.07,Train
2019-01-22,1882.5,1892.5,1894.75,1850.5,17200.0,1.67,Train
2019-01-23,1908.5,1898.0,1910.55,1883.5,40740.0,1.38,Train
2019-01-24,1888.75,1886.0,1907.25,1869.0,25160.0,-1.03,Train
2019-01-25,1918.0,1907.0,1914.5,1884.75,18400.0,1.55,Train
2019-01-26,1899.8333333333333,1892.75,1913.9166666666667,1875.75,20220.0,0.08666666666666689,Train
2019-01-27,1881.6666666666667,1878.5,1913.3333333333333,1866.75,22040.0,-1.3766666666666663,Train
2019-01-28,1863.5,1864.25,1912.75,1857.75,23860.0,-2.84,Train
2019-01-29,1888.0,1887.0,1888.0,1856.5,18060.0,1.31,Train
2019-01-30,1905.25,1894.0,1900.0,1882.25,19560.0,0.91,Train
2019-01-31,1906.0,1900.75,1906.0,1897.25,25190.0,0.04,Train
2019-02-01,1878.0,1867.25,1901.0,1864.75,27570.0,-1.47,Train
2019-02-02,1890.3333333333333,1878.3333333333333,1902.3333333333333,1865.5833333333333,28846.666666666668,-0.32333333333333325,Train
2019-02-03,1902.6666666666667,1889.4166666666667,1903.6666666666667,1866.4166666666667,30123.333333333332,0.8233333333333335,Train
2019-02-04,1915.0,1900.5,1905.0,1867.25,31400.0,1.97,Train
2019-02-05,1917.25,1912.88,1914.38,1903.5,52010.0,0.12,Train
2019-02-06,1901.0,1912.88,1919.5,1886.25,27720.0,-0.85,Train
2019-02-07,1887.5,1874.38,1890.0,1873.63,38840.0,-0.71,Train
2019-02-08,1874.25,1891.5,1907.25,1876.25,30750.0,-0.7,Train
2019-02-09,1873.5833333333333,1880.9166666666667,1892.5833333333333,1866.3466666666666,33646.666666666664,-0.5033333333333333,Train
2019-02-10,1872.9166666666667,1870.3333333333333,1877.9166666666667,1856.4433333333334,36543.333333333336,-0.30666666666666664,Train
2019-02-11,1872.25,1859.75,1863.25,1846.54,39440.0,-0.11,Train
2019-02-12,1851.0,1831.38,1860.75,1831.13,44510.0,-1.13,Train
2019-02-13,1849.5,1836.5,1848.91,1834.5,43090.0,-0.08,Train
2019-02-14,1839.25,1827.25,1836.5,1823.25,40520.0,-0.55,Train
2019-02-15,1848.0,1830.25,1834.88,1820.25,67330.0,0.48,Train
2019-02-16,1847.3333333333333,1832.5833333333333,1837.67,1824.9166666666667,55106.666666666664,0.2833333333333333,Train
2019-02-17,1846.6666666666667,1834.9166666666667,1840.46,1829.5833333333333,42883.33333333333,0.08666666666666667,Train
2019-02-18,1846.0,1837.25,1843.25,1834.25,30660.0,-0.11,Train
2019-02-19,1856.25,1841.25,1847.5,1836.74,26160.0,0.56,Train
2019-02-20,1868.0,1858.5,1859.75,1840.0,22320.0,0.63,Train
2019-02-21,1904.5,1895.25,1895.75,1855.0,28700.0,1.95,Train
2019-02-22,1912.0,1899.0,1905.93,1892.25,32229.999999999996,0.39,Train
2019-02-23,1909.5,1895.75,1903.6200000000001,1889.9166666666667,29716.666666666664,0.13,Train
2019-02-24,1907.0,1892.5,1901.31,1887.5833333333333,27203.333333333332,-0.13,Train
2019-02-25,1904.5,1889.25,1899.0,1885.25,24690.0,-0.39,Train
2019-02-26,1908.5,1896.25,1899.25,1880.99,30360.0,0.21,Train
2019-02-27,1919.5,1905.25,1912.0,1893.75,16970.0,0.58,Train
2019-02-28,1908.5,1891.0,1905.25,1888.5,25120.0,-0.57,Train
2019-03-01,1915.25,1893.0,1902.0,1887.88,45070.0,0.35,Train
2019-03-02,1900.3333333333333,1878.75,1901.5833333333333,1874.67,44406.666666666664,-0.5466666666666666,Train
2019-03-03,1885.4166666666667,1864.5,1901.1666666666667,1861.46,43743.333333333336,-1.4433333333333334,Train
2019-03-04,1870.5,1850.25,1900.75,1848.25,43080.0,-2.34,Train
2019-03-05,1868.75,1851.0,1857.67,1849.5,37380.0,-0.09,Train
2019-03-06,1860.5,1838.5,1851.75,1836.75,29900.0,-0.44,Train
2019-03-07,1858.5,1836.5,1842.75,1836.25,32759.999999999996,-0.11,Train
2019-03-08,1866.5,1840.5,1847.5,1839.5,30400.0,0.43,Train
2019-03-09,1857.3333333333333,1835.3333333333333,1846.9166666666667,1832.9166666666667,35016.666666666664,-0.2033333333333333,Train
2019-03-10,1848.1666666666667,1830.1666666666667,1846.3333333333333,1826.3333333333333,39633.333333333336,-0.8366666666666667,Train
2019-03-11,1839.0,1825.0,1845.75,1819.75,44250.0,-1.47,Train
2019-03-12,1865.75,1854.0,1855.25,1819.75,69620.0,1.45,Train
2019-03-13,1897.5,1883.75,1885.5,1850.0,35280.0,1.7,Train
2019-03-14,1895.25,1884.75,1884.75,1880.15,28290.0,-0.12,Train
2019-03-15,1889.5,1875.75,1878.25,1868.65,26170.0,-0.3,Train
2019-03-16,1897.25,1889.1666666666667,1891.6666666666667,1874.6833333333334,32650.0,0.21000000000000002,Train
2019-03-17,1905.0,1902.5833333333333,1905.0833333333333,1880.7166666666667,39130.0,0.72,Train
2019-03-18,1912.75,1916.0,1918.5,1886.75,45610.0,1.23,Train
2019-03-19,1946.0,1929.5,1936.0,1908.63,94040.0,1.74,Train
2019-03-20,1938.0,1922.0,1935.96,1921.0,32400.0,-0.41,Train
2019-03-21,1900.0,1890.5,1926.0,1888.25,41870.0,-1.96,Train
2019-03-22,1903.25,1887.75,1889.0,1880.78,44370.0,0.17,Train
2019-03-23,1895.8333333333333,1882.25,1888.6666666666667,1876.6033333333332,45730.0,-0.2766666666666666,Train
2019-03-24,1888.4166666666667,1876.75,1888.3333333333333,1872.4266666666667,47090.0,-0.7233333333333332,Train
2019-03-25,1881.0,1871.25,1888.0,1868.25,48450.0,-1.17,Train
2019-03-26,1886.5,1882.25,1886.5,1864.98,41370.0,0.29,Train
2019-03-27,1909.5,1895.75,1904.8,1875.75,28910.0,1.22,Train
2019-03-28,1901.75,1896.0,1902.5,1894.5,33940.0,-0.41,Train
2019-03-29,1911.0,1904.75,1911.58,1893.75,47940.0,0.49,Train
2019-03-30,1906.0,1896.6666666666667,1910.3899999999999,1889.3333333333333,47710.0,0.06666666666666665,Train
2019-03-31,1901.0,1888.5833333333333,1909.2,1884.9166666666667,47480.0,-0.3566666666666667,Train
2019-04-01,1896.0,1880.5,1908.01,1880.5,47250.0,-0.78,Train
2019-04-02,1885.0,1867.25,1883.0,1867.25,37650.0,-0.58,Train
2019-04-03,1891.25,1876.25,1877.25,1869.5,43980.0,0.33,Train
2019-04-04,1890.0,1876.25,1891.25,1869.5,36290.0,-0.07,Train
2019-04-05,1884.5,1908.0,1914.75,1880.25,61570.0,-0.29,Train
2019-04-06,1877.6666666666667,1888.5833333333333,1899.5833333333333,1870.0833333333333,82706.66666666667,-0.5566666666666666,Train
2019-04-07,1870.8333333333333,1869.1666666666667,1884.4166666666667,1859.9166666666667,103843.33333333334,-0.8233333333333333,Train
2019-04-08,1864.0,1849.75,1869.25,1849.75,124980.0,-1.09,Train
2019-04-09,1871.0,1855.5,1856.0,1848.25,111780.0,0.38,Train
2019-04-10,1857.5,1855.5,1861.75,1838.25,46360.0,-0.72,Train
2019-04-11,1853.75,1837.25,1842.0,1837.25,52700.0,-0.2,Train
2019-04-12,1856.5,1845.0,1845.0,1839.28,41040.0,0.15,Train
2019-04-13,1857.0,1845.0,1845.3333333333333,1841.02,41070.0,0.12666666666666665,Train
2019-04-14,1857.5,1845.0,1845.6666666666667,1842.76,41100.0,0.10333333333333333,Train
2019-04-15,1858.0,1845.0,1846.0,1844.5,41130.0,0.08,Train
2019-04-16,1855.75,1835.25,1845.0,1834.13,32310.000000000004,-0.12,Train
2019-04-17,1850.0,1834.25,1849.18,1832.5,90320.0,-0.31,Train
2019-04-18,1867.5,1851.25,1851.25,1832.75,32759.999999999996,0.95,Train
2019-04-19,1866.9,1850.75,1852.816,1835.95,33442.0,0.728,Train
2019-04-20,1866.3,1850.25,1854.382,1839.15,34124.0,0.506,Train
2019-04-21,1865.7,1849.75,1855.9479999999999,1842.35,34806.0,0.28400000000000003,Train
2019-04-22,1865.1,1849.25,1857.514,1845.55,35488.0,0.062000000000000055,Train
2019-04-23,1864.5,1848.75,1859.08,1848.75,36170.0,-0.16,Train
2019-04-24,1870.75,1853.75,1854.5,1847.5,27140.0,0.34,Train
2019-04-25,1855.75,1839.5,1854.0,1838.25,18900.0,-0.8,Train
2019-04-26,1835.5,1828.5,1839.0,1818.75,26900.0,-1.09,Train
2019-04-27,1832.0,1821.75,1832.0,1815.25,28306.666666666668,-0.9166666666666667,Train
2019-04-28,1828.5,1815.0,1825.0,1811.75,29713.333333333332,-0.7433333333333334,Train
2019-04-29,1825.0,1808.25,1818.0,1808.25,31120.0,-0.57,Train
2019-04-30,1793.0,1782.5,1803.75,1773.0,55910.0,-1.75,Train
2019-05-01,1810.75,1800.25,1800.25,1773.0,34230.0,0.99,Train
2019-05-02,1810.5,1800.25,1818.25,1773.0,33890.0,-0.01,Train
2019-05-03,1789.5,1790.5,1790.5,1769.75,51460.0,-1.16,Train
2019-05-04,1794.3125,1790.9375,1790.9375,1769.6875,55405.0,-0.5999999999999999,Train
2019-05-05,1799.125,1791.375,1791.375,1769.625,59350.0,-0.039999999999999813,Train
2019-05-06,1803.9375,1791.8125,1791.8125,1769.5625,63295.0,0.5200000000000002,Train
2019-05-07,1808.75,1792.25,1792.25,1769.5,67240.0,1.08,Train
2019-05-08,1789.25,1770.5,1788.5,1770.0,53230.0,-1.08,Train
2019-05-09,1791.0,1770.5,1772.71,1768.0,39910.0,0.1,Train
2019-05-10,1800.25,1785.5,1785.5,1768.75,36680.0,0.52,Train
2019-05-11,1800.1666666666667,1789.0,1789.0,1775.0333333333333,47226.666666666664,0.3433333333333334,Train
2019-05-12,1800.0833333333333,1792.5,1792.5,1781.3166666666666,57773.33333333333,0.16666666666666669,Train
2019-05-13,1800.0,1796.0,1796.0,1787.6,68320.0,-0.01,Train
2019-05-14,1845.25,1821.0,1826.25,1790.5,19420.0,2.51,Train
2019-05-15,1856.0,1833.25,1837.25,1819.74,16730.0,0.58,Train
2019-05-16,1860.5,1833.25,1853.25,1819.74,18480.0,0.24,Train
2019-05-17,1837.5,1833.25,1855.25,1809.25,17090.0,-1.24,Train
2019-05-18,1824.0833333333333,1812.5833333333333,1843.1666666666667,1796.5833333333333,15890.0,-1.5566666666666666,Train
2019-05-19,1810.6666666666667,1791.9166666666667,1831.0833333333333,1783.9166666666667,14690.0,-1.8733333333333333,Train
2019-05-20,1797.25,1771.25,1819.0,1771.25,13490.0,-2.19,Train
2019-05-21,1796.0,1775.75,1779.25,1773.83,66220.0,-0.07,Train
2019-05-22,1779.25,1757.75,1775.25,1757.75,25130.0,-0.93,Train
2019-05-23,1797.5,1776.25,1776.25,1757.5,17960.0,1.03,Train
2019-05-24,1800.25,1781.0,1781.75,1776.25,11500.0,0.15,Train
2019-05-25,1801.75,1781.6875,1783.0625,1777.1875,12125.0,0.195,Train
2019-05-26,1803.25,1782.375,1784.375,1778.125,12750.0,0.24,Train
2019-05-27,1804.75,1783.0625,1785.6875,1779.0625,13375.0,0.28500000000000003,Train
2019-05-28,1806.25,1783.75,1787.0,1780.0,14000.0,0.33,Train
2019-05-29,1793.75,1776.0,1786.5,1773.93,16410.0,-0.69,Train
2019-05-30,1780.75,1761.25,1774.25,1761.13,27610.0,-0.72,Train
2019-05-31,1793.25,1776.0,1783.4,1763.5,40300.0,0.7,Train
2019-06-01,1786.8333333333333,1768.8333333333333,1780.6000000000001,1760.5,40900.0,0.10999999999999999,Train
2019-06-02,1780.4166666666667,1761.6666666666667,1777.8,1757.5,41500.0,-0.48,Train
2019-06-03,1774.0,1754.5,1775.0,1754.5,42100.0,-1.07,Train
2019-06-04,1782.5,1766.75,1766.75,1757.75,44350.0,0.48,Train
2019-06-05,1766.75,1746.75,1766.25,1746.75,25080.0,-0.88,Train
2019-06-06,1770.75,1749.5,1751.25,1745.75,28850.0,0.23,Train
2019-06-07,1758.25,1734.75,1750.75,1734.75,32560.000000000004,-0.71,Train
2019-06-08,1761.6666666666667,1740.1666666666667,1750.8333333333333,1735.6666666666667,35146.66666666667,-0.27999999999999997,Train
2019-06-09,1765.0833333333333,1745.5833333333333,1750.9166666666667,1736.5833333333333,37733.333333333336,0.15000000000000002,Train
2019-06-10,1768.5,1751.0,1751.0,1737.5,40320.0,0.58,Train
2019-06-11,1771.75,1751.75,1756.1,1749.25,44820.0,0.18,Train
2019-06-12,1782.75,1751.75,1766.0,1742.75,38140.0,0.62,Train
2019-06-13,1779.0,1758.75,1762.25,1751.0,43080.0,-0.21,Train
2019-06-14,1756.5,1728.75,1757.0,1728.75,26230.0,-1.26,Train
2019-06-15,1754.0833333333333,1732.1666666666667,1753.1666666666667,1730.1666666666667,28826.666666666668,-0.9766666666666666,Train
2019-06-16,1751.6666666666667,1735.5833333333333,1749.3333333333333,1731.5833333333333,31423.333333333332,-0.6933333333333332,Train
2019-06-17,1749.25,1739.0,1745.5,1733.0,34020.0,-0.41,Train
2019-06-18,1781.0,1760.25,1762.5,1739.75,76210.0,1.82,Train
2019-06-19,1786.25,1759.5,1769.18,1759.5,42130.0,0.29,Train
2019-06-20,1783.25,1764.75,1767.0,1763.75,40600.0,-0.17,Train
2019-06-21,1769.0,1751.5,1751.5,1749.75,38130.0,-0.8,Train
2019-06-22,1777.3333333333333,1751.25,1762.5833333333333,1749.6666666666667,36223.33333333333,-0.06333333333333335,Train
2019-06-23,1785.6666666666667,1751.0,1773.6666666666667,1749.5833333333333,34316.666666666664,0.6733333333333333,Train
2019-06-24,1794.0,1750.75,1784.75,1749.5,32409.999999999996,1.41,Train
2019-06-25,1815.25,1796.0,1796.0,1776.0,34080.0,1.18,Train
2019-06-26,1821.0,1796.0,1814.25,1776.0,29800.0,0.32,Train
2019-06-27,1790.25,1779.63,1802.38,1772.88,37000.0,-1.69,Train
2019-06-28,1800.25,1775.88,1782.88,1772.38,48100.0,0.56,Train
2019-06-29,1797.75,1775.42,1782.67,1773.0866666666668,42490.0,0.2333333333333334,Train
2019-06-30,1795.25,1774.96,1782.46,1773.7933333333333,36880.0,-0.09333333333333327,Train
2019-07-01,1792.75,1774.5,1782.25,1774.5,31270.0,-0.42,Train
2019-07-02,1779.75,1760.5,1775.0,1760.5,42960.0,-0.73,Train
2019-07-03,1787.5,1770.0,1770.0,1761.75,28680.0,0.44,Train
2019-07-04,1804.5,1789.75,1789.75,1780.85,12020.0,0.95,Train
2019-07-05,1800.5,1784.25,1787.75,1784.0,49560.0,-0.22,Train
2019-07-06,1802.4166666666667,1786.0,1789.6266666666668,1785.0,46916.666666666664,-0.03999999999999998,Train
2019-07-07,1804.3333333333333,1787.75,1791.5033333333333,1786.0,44273.333333333336,0.14000000000000004,Train
2019-07-08,1806.25,1789.5,1793.38,1787.0,41630.0,0.32,Train
2019-07-09,1820.0,1803.0,1804.75,1792.5,88070.0,0.76,Train
2019-07-10,1848.5,1839.0,1839.25,1809.5,71260.0,1.57,Train
2019-07-11,1823.5,1807.0,1835.5,1807.0,67760.0,-1.35,Train
2019-07-12,1818.25,1809.0,1809.0,1802.5,45460.0,-0.29,Train
2019-07-13,1825.4166666666667,1817.3333333333333,1817.3333333333333,1806.0833333333333,49680.0,0.2,Train
2019-07-14,1832.5833333333333,1825.6666666666667,1825.6666666666667,1809.6666666666667,53900.0,0.69,Train
2019-07-15,1839.75,1834.0,1834.0,1813.25,58120.0,1.18,Train
2019-07-16,1850.0,1835.25,1842.0,1834.25,69030.0,0.56,Train
2019-07-17,1848.0,1839.75,1842.5,1833.26,30080.0,-0.11,Train
2019-07-18,1855.0,1842.5,1846.0,1839.0,17750.0,0.38,Train
2019-07-19,1848.75,1842.5,1855.25,1834.5,16940.0,-0.34,Train
2019-07-20,1837.5833333333333,1827.3333333333333,1847.1666666666667,1822.0,19196.666666666668,-0.8300000000000001,Train
2019-07-21,1826.4166666666667,1812.1666666666667,1839.0833333333333,1809.5,21453.333333333332,-1.32,Train
2019-07-22,1815.25,1797.0,1831.0,1797.0,23710.0,-1.81,Train
2019-07-23,1814.75,1805.0,1805.0,1799.75,19240.0,-0.03,Train
2019-07-24,1824.25,1808.25,1809.0,1798.75,16400.0,0.52,Train
2019-07-25,1824.25,1808.5,1808.5,1808.0,12800.0,0.0,Train
2019-07-26,1801.0,1784.25,1808.25,1783.89,32000.0,-1.27,Train
2019-07-27,1803.5833333333333,1786.1666666666667,1805.8333333333333,1782.6766666666667,26016.666666666668,-0.7033333333333334,Train
2019-07-28,1806.1666666666667,1788.0833333333333,1803.4166666666667,1781.4633333333334,20033.333333333336,-0.13666666666666671,Train
2019-07-29,1808.75,1790.0,1801.0,1780.25,14050.0,0.43,Train
2019-07-30,1800.25,1788.0,1788.58,1788.0,17400.0,-0.47,Train
2019-07-31,1795.75,1788.0,1799.0,1780.25,14690.0,-0.25,Train
2019-08-01,1776.25,1759.5,1782.25,1759.5,35970.0,-1.09,Train
2019-08-02,1765.0,1756.0,1762.5,1752.75,33790.0,-0.63,Train
2019-08-03,1762.3333333333333,1752.75,1758.5,1749.5433333333333,38930.0,-0.5700000000000001,Train
2019-08-04,1759.6666666666667,1749.5,1754.5,1746.3366666666668,44070.0,-0.51,Train
2019-08-05,1757.0,1746.25,1750.5,1743.13,49210.0,-0.45,Train
2019-08-06,1752.0,1743.0,1746.82,1739.5,86500.0,-0.28,Train
2019-08-07,1736.75,1739.5,1739.5,1734.78,77570.0,-0.87,Train
2019-08-08,1769.75,1756.0,1756.25,1722.75,35970.0,1.9,Train
2019-08-09,1762.5,1751.25,1754.75,1747.25,39180.0,-0.41,Train
2019-08-10,1761.9166666666667,1749.4166666666667,1752.8866666666668,1746.75,39433.333333333336,-0.30666666666666664,Train
2019-08-11,1761.3333333333333,1747.5833333333333,1751.0233333333333,1746.25,39686.666666666664,-0.20333333333333334,Train
2019-08-12,1760.75,1745.75,1749.16,1745.75,39940.0,-0.1,Train
2019-08-13,1775.75,1745.75,1764.88,1734.25,48500.0,0.85,Train
2019-08-14,1765.75,1758.0,1758.0,1748.0,55560.0,-0.56,Train
2019-08-15,1772.25,1756.25,1756.25,1746.75,15620.0,0.37,Train
2019-08-16,1782.0,1761.5,1761.88,1751.75,19350.0,0.55,Train
2019-08-17,1782.9166666666667,1761.0,1771.0866666666668,1754.5,27950.0,0.41666666666666674,Train
2019-08-18,1783.8333333333333,1760.5,1780.2933333333333,1757.25,36550.0,0.2833333333333334,Train
2019-08-19,1784.75,1760.0,1789.5,1760.0,45150.0,0.15,Train
2019-08-20,1782.0,1764.75,1776.75,1764.5,61940.0,-0.15,Train
2019-08-21,1780.0,1764.75,1776.75,1758.0,57970.0,-0.11,Train
2019-08-22,1766.5,1751.75,1763.25,1747.0,40670.0,-0.76,Train
2019-08-23,1770.5,1752.75,1753.75,1750.0,16350.000000000002,0.23,Train
2019-08-24,1768.0625,1750.1875,1753.875,1748.125,16922.5,0.035,Train
2019-08-25,1765.625,1747.625,1754.0,1746.25,17495.0,-0.16,Train
2019-08-26,1763.1875,1745.0625,1754.125,1744.375,18067.5,-0.355,Train
2019-08-27,1760.75,1742.5,1754.25,1742.5,18640.0,-0.55,Train
2019-08-28,1744.75,1730.25,1742.75,1728.0,38080.0,-0.91,Train
2019-08-29,1751.25,1733.25,1733.25,1724.88,17250.0,0.37,Train
2019-08-30,1751.0,1731.25,1732.05,1730.55,34000.0,-0.01,Train
2019-08-31,1749.5833333333333,1730.5833333333333,1732.2,1729.8666666666666,28266.666666666668,-0.08666666666666666,Train
2019-09-01,1748.1666666666667,1729.9166666666667,1732.35,1729.1833333333334,22533.333333333336,-0.16333333333333333,Train
2019-09-02,1746.75,1729.25,1732.5,1728.5,16800.0,-0.24,Train
2019-09-03,1750.5,1734.25,1734.25,1727.58,49820.0,0.21,Train
2019-09-04,1772.5,1749.5,1754.25,1732.25,63490.0,1.26,Train
2019-09-05,1781.5,1762.75,1767.43,1754.0,70350.0,0.51,Train
2019-09-06,1788.5,1762.5,1770.25,1762.0,48940.0,0.39,Train
2019-09-07,1791.3333333333333,1767.9166666666667,1773.0833333333333,1764.4166666666667,61683.333333333336,0.42,Train
2019-09-08,1794.1666666666667,1773.3333333333333,1775.9166666666667,1766.8333333333333,74426.66666666667,0.45,Train
2019-09-09,1797.0,1778.75,1778.75,1769.25,87170.0,0.48,Train
2019-09-10,1818.5,1798.5,1799.93,1777.75,89950.0,1.2,Train
2019-09-11,1822.5,1796.0,1805.45,1794.75,84860.0,0.22,Train
2019-09-12,1799.25,1768.75,1800.0,1768.75,75110.0,-1.28,Train
2019-09-13,1804.75,1782.25,1782.25,1772.5,75010.0,0.31,Train
2019-09-14,1799.1666666666667,1777.8333333333333,1785.25,1771.25,65750.0,-0.10333333333333333,Train
2019-09-15,1793.5833333333333,1773.4166666666667,1788.25,1770.0,56490.0,-0.5166666666666666,Train
2019-09-16,1788.0,1769.0,1791.25,1768.75,47230.0,-0.93,Train
2019-09-17,1792.0,1769.0,1793.25,1759.75,47790.0,0.22,Train
2019-09-18,1785.5,1774.5,1776.87,1767.75,90210.0,-0.36,Train
2019-09-19,1806.0,1781.5,1781.5,1767.25,41930.0,1.15,Train
2019-09-20,1803.0,1775.25,1788.0,1775.25,23370.0,-0.17,Train
2019-09-21,1797.0,1778.1666666666667,1788.0,1776.1666666666667,84316.66666666666,-0.44666666666666666,Train
2019-09-22,1791.0,1781.0833333333333,1788.0,1777.0833333333333,145263.3333333333,-0.7233333333333334,Train
2019-09-23,1785.0,1784.0,1788.0,1778.0,206210.0,-1.0,Train
2019-09-24,1762.5,1778.0,1776.0,1762.5,304950.0,-1.26,Train
2019-09-25,1752.0,1757.0,1758.0,1752.0,374010.0,-0.6,Train
2019-09-26,1737.0,1747.0,1743.0,1737.5,278420.0,-0.86,Train
2019-09-27,1735.0,1735.0,1737.0,1728.0,298280.0,-0.12,Train
2019-09-28,1730.5,1732.6666666666667,1733.8333333333333,1725.8333333333333,295640.0,-0.33999999999999997,Train
2019-09-29,1726.0,1730.3333333333333,1730.6666666666667,1723.6666666666667,293000.0,-0.56,Train
2019-09-30,1721.5,1728.0,1727.5,1721.5,290360.0,-0.78,Train
2019-10-01,1740.0,1719.0,1740.0,1719.0,473950.0,1.07,Train
2019-10-02,1705.0,1723.0,1722.0,1706.0,484720.0,-2.01,Train
2019-10-03,1718.0,1712.0,1717.5,1710.0,329770.0,0.76,Train
2019-10-04,1719.0,1717.0,1719.0,1715.0,286900.0,0.06,Train
2019-10-05,1728.0,1718.6666666666667,1728.0,1716.6666666666667,307096.6666666667,0.5633333333333332,Train
2019-10-06,1737.0,1720.3333333333333,1737.0,1718.3333333333333,327293.3333333333,1.0666666666666667,Train
2019-10-07,1746.0,1722.0,1746.0,1720.0,347490.0,1.57,Train
2019-10-08,1751.5,1742.3,1751.5,1738.5,432340.0,0.32,Train
2019-10-09,1744.0,1739.5,1746.0,1738.0,414940.0,-0.43,Train
2019-10-10,1753.0,1747.0,1753.0,1743.0,552560.0,0.52,Train
2019-10-11,1722.0,1727.0,1727.0,1722.0,617820.0,-1.77,Train
2019-10-12,1721.3333333333333,1723.0,1724.6666666666667,1719.6666666666667,551036.6666666666,-1.2200000000000002,Train
2019-10-13,1720.6666666666667,1719.0,1722.3333333333333,1717.3333333333333,484253.3333333334,-0.6700000000000002,Train
2019-10-14,1720.0,1715.0,1720.0,1715.0,417470.0,-0.12,Train
2019-10-15,1728.0,1715.0,1728.0,1714.0,284230.0,0.47,Train
2019-10-16,1728.0,1716.0,1728.0,1715.0,293720.0,0.0,Train
2019-10-17,1727.0,1729.0,1729.5,1727.0,183130.0,-0.06,Train
2019-10-18,1738.0,1735.0,1739.0,1731.0,142680.0,0.64,Train
2019-10-19,1735.0,1738.3333333333333,1739.6666666666667,1730.3333333333333,146426.66666666666,0.2533333333333333,Train
2019-10-20,1732.0,1741.6666666666667,1740.3333333333333,1729.6666666666667,150173.33333333334,-0.13333333333333341,Train
2019-10-21,1729.0,1745.0,1741.0,1729.0,153920.0,-0.52,Train
2019-10-22,1719.0,1717.0,1725.0,1717.0,119890.0,-0.58,Train
2019-10-23,1730.0,1717.0,1730.0,1717.0,140070.0,0.64,Train
2019-10-24,1724.0,1725.0,1725.0,1724.0,130240.00000000001,-0.35,Train
2019-10-25,1728.0,1724.0,1728.5,1720.0,215820.0,0.23,Train
2019-10-26,1731.0,1728.3333333333333,1731.0,1723.8333333333333,203983.33333333334,0.32666666666666666,Train
2019-10-27,1734.0,1732.6666666666667,1733.5,1727.6666666666667,192146.66666666666,0.42333333333333334,Train
2019-10-28,1737.0,1737.0,1736.0,1731.5,180310.0,0.52,Train
2019-10-29,1754.0,1742.0,1754.0,1742.0,203370.0,0.98,Train
2019-10-30,1760.0,1751.0,1760.0,1751.0,220050.0,0.34,Train
2019-10-31,1755.0,1750.0,1754.5,1741.0,263070.0,-0.28,Train
2019-11-01,1786.0,1762.0,1787.4,1762.0,269740.0,1.77,Train
2019-11-02,1795.6666666666667,1769.3333333333333,1796.4333333333334,1768.6666666666667,292650.0,1.72,Train
2019-11-03,1805.3333333333333,1776.6666666666667,1805.4666666666667,1775.3333333333333,315560.0,1.6700000000000002,Train
2019-11-04,1815.0,1784.0,1814.5,1782.0,338470.0,1.62,Train
2019-11-05,1811.0,1815.0,1816.0,1811.0,380830.0,-0.22,Train
2019-11-06,1810.0,1810.0,1809.5,1803.5,324870.0,-0.06,Train
2019-11-07,1813.0,1812.0,1816.0,1808.0,327530.0,0.17,Train
2019-11-08,1807.5,1821.2,1820.0,1806.0,214850.0,-0.3,Train
2019-11-09,1798.0,1815.8,1814.8333333333333,1797.0,222013.33333333334,-0.7266666666666667,Train
2019-11-10,1788.5,1810.4,1809.6666666666667,1788.0,229176.66666666666,-1.1533333333333333,Train
2019-11-11,1779.0,1805.0,1804.5,1779.0,236340.0,-1.58,Train
2019-11-12,1778.0,1768.0,1777.5,1768.0,297180.0,-0.06,Train
2019-11-13,1765.0,1770.0,1768.0,1765.5,308690.0,-0.73,Train
2019-11-14,1741.0,1759.0,1758.0,1741.0,316130.0,-1.36,Train
2019-11-15,1755.0,1742.5,1755.0,1742.5,374790.0,0.8,Train
2019-11-16,1749.3333333333333,1743.6666666666667,1751.6666666666667,1741.0,378286.6666666667,0.21000000000000008,Train
2019-11-17,1743.6666666666667,1744.8333333333333,1748.3333333333333,1739.5,381783.3333333333,-0.3799999999999999,Train
2019-11-18,1738.0,1746.0,1745.0,1738.0,385280.0,-0.97,Train
2019-11-19,1731.0,1734.0,1733.0,1731.0,267390.0,-0.4,Train
2019-11-20,1741.0,1740.5,1740.0,1738.0,186320.0,0.58,Train
2019-11-21,1734.0,1745.0,1739.0,1735.0,191720.0,-0.4,Train
2019-11-22,1739.0,1738.0,1740.0,1737.0,185150.0,0.29,Train
2019-11-23,1738.0,1738.6666666666667,1739.3333333333333,1736.6666666666667,175703.33333333334,0.13666666666666666,Train
2019-11-24,1737.0,1739.3333333333333,1738.6666666666667,1736.3333333333333,166256.66666666666,-0.016666666666666663,Train
2019-11-25,1736.0,1740.0,1738.0,1736.0,156810.0,-0.17,Train
2019-11-26,1753.0,1742.5,1752.0,1742.5,206030.0,0.98,Train
2019-11-27,1764.0,1761.0,1765.0,1761.0,205070.0,0.63,Train
2019-11-28,1752.0,1758.0,1756.0,1752.0,134590.0,-0.68,Train
2019-11-29,1770.0,1758.0,1770.0,1758.0,230240.0,1.03,Train
2019-11-30,1776.6666666666667,1760.3333333333333,1776.5,1760.3333333333333,238210.0,1.0633333333333332,Train
2019-12-01,1783.3333333333333,1762.6666666666667,1783.0,1762.6666666666667,246180.0,1.0966666666666667,Train
2019-12-02,1790.0,1765.0,1789.5,1765.0,254150.0,1.13,Train
2019-12-03,1766.0,1790.0,1790.0,1767.0,330180.0,-1.34,Train
2019-12-04,1758.0,1763.5,1763.0,1757.0,241720.0,-0.45,Train
2019-12-05,1747.0,1749.0,1751.0,1747.0,235730.0,-0.63,Train
2019-12-06,1765.0,1742.0,1765.0,1741.0,318490.0,1.03,Train
2019-12-07,1762.3333333333333,1748.6666666666667,1764.6666666666667,1746.3333333333333,305283.3333333333,0.5366666666666666,Train
2019-12-08,1759.6666666666667,1755.3333333333333,1764.3333333333333,1751.6666666666667,292076.6666666667,0.043333333333333335,Train
2019-12-09,1757.0,1762.0,1764.0,1757.0,278870.0,-0.45,Train
2019-12-10,1755.0,1755.0,1756.0,1752.5,286860.0,-0.11,Train
2019-12-11,1760.0,1758.0,1762.0,1758.0,279790.0,0.28,Train
2019-12-12,1775.0,1767.0,1775.0,1767.0,315170.0,0.85,Train
2019-12-13,1768.0,1778.0,1778.0,1767.0,210290.0,-0.39,Train
2019-12-14,1771.3333333333333,1777.0,1779.3333333333333,1768.3333333333333,261343.33333333334,-0.07,Train
2019-12-15,1774.6666666666667,1776.0,1780.6666666666667,1769.6666666666667,312396.6666666667,0.25,Train
2019-12-16,1778.0,1775.0,1782.0,1771.0,363450.0,0.57,Train
2019-12-17,1764.0,1770.0,1767.0,1764.0,298040.0,-0.79,Train
2019-12-18,1777.0,1773.5,1777.5,1773.5,726930.0,0.74,Train
2019-12-19,1797.0,1790.0,1797.0,1788.0,272880.0,1.13,Train
2019-12-20,1800.0,1804.0,1804.0,1797.0,221700.0,0.17,Train
2019-12-21,1801.3333333333333,1804.3333333333333,1804.3333333333333,1798.6666666666667,205216.66666666666,0.18666666666666668,Train
2019-12-22,1802.6666666666667,1804.6666666666667,1804.6666666666667,1800.3333333333333,188733.33333333334,0.20333333333333334,Train
2019-12-23,1804.0,1805.0,1805.0,1802.0,172250.0,0.22,Train
2019-12-24,1814.0,1817.0,1817.5,1812.0,169820.0,0.55,Train
2019-12-25,1817.6666666666667,1817.5,1820.0,1813.5,173786.66666666666,0.5700000000000001,Train
2019-12-26,1821.3333333333333,1818.0,1822.5,1815.0,177753.33333333334,0.59,Train
2019-12-27,1825.0,1818.5,1825.0,1816.5,181720.0,0.61,Train
2019-12-28,1825.6666666666667,1819.6666666666667,1825.3333333333333,1818.3333333333333,185780.0,0.44333333333333336,Train
2019-12-29,1826.3333333333333,1820.8333333333333,1825.6666666666667,1820.1666666666667,189840.0,0.27666666666666667,Train
2019-12-30,1827.0,1822.0,1826.0,1822.0,193900.0,0.11,Train
2019-12-31,1810.0,1831.0,1829.0,1810.0,253420.0,-0.93,Train
2020-01-01,1807.25,1819.0,1817.5,1803.0,271720.0,-0.615,Val
2020-01-02,1804.5,1807.0,1806.0,1796.0,290020.0,-0.3,Val
2020-01-03,1824.0,1791.0,1825.0,1791.0,258970.00000000003,1.08,Val
2020-01-04,1827.0,1800.1666666666667,1827.6666666666667,1800.0,271100.0,0.8833333333333334,Val
2020-01-05,1830.0,1809.3333333333333,1830.3333333333333,1809.0,283230.0,0.6866666666666668,Val
2020-01-06,1833.0,1818.5,1833.0,1818.0,295360.0,0.49,Val
2020-01-07,1816.0,1828.0,1827.5,1815.5,302340.0,-0.93,Val
2020-01-08,1800.0,1806.0,1805.0,1798.0,313190.0,-0.88,Val
2020-01-09,1803.5,1806.0,1813.0,1799.5,383680.0,0.19,Val
2020-01-10,1806.0,1798.5,1809.5,1798.0,378240.0,0.14,Val
2020-01-11,1803.3333333333333,1798.0,1806.0,1796.3333333333333,379996.6666666667,-0.053333333333333344,Val
2020-01-12,1800.6666666666667,1797.5,1802.5,1794.6666666666667,381753.3333333333,-0.2466666666666667,Val
2020-01-13,1798.0,1797.0,1799.0,1793.0,383510.0,-0.44,Val
2020-01-14,1809.0,1796.0,1809.0,1796.0,209810.0,0.61,Val
2020-01-15,1801.0,1805.0,1807.0,1800.0,178690.0,-0.44,Val
2020-01-16,1812.0,1814.0,1813.0,1810.0,196030.0,0.61,Val
2020-01-17,1805.0,1812.0,1810.0,1805.0,137120.0,-0.39,Val
2020-01-18,1807.3333333333333,1814.0,1811.6666666666667,1807.3333333333333,152230.0,-0.13,Val
2020-01-19,1809.6666666666667,1816.0,1813.3333333333333,1809.6666666666667,167340.0,0.13,Val
2020-01-20,1812.0,1818.0,1815.0,1812.0,182450.0,0.39,Val
2020-01-21,1824.5,1820.0,1824.5,1817.5,278860.0,0.69,Val
2020-01-22,1811.0,1820.0,1819.0,1810.0,233040.0,-0.74,Val
2020-01-23,1795.0,1797.5,1795.5,1792.5,216450.0,-0.88,Val
2020-01-24,1781.0,1788.0,1785.0,1781.0,313990.0,-0.78,Val
2020-01-25,1775.3333333333333,1781.0,1779.6666666666667,1775.3333333333333,294510.0,-0.8366666666666667,Val
2020-01-26,1769.6666666666667,1774.0,1774.3333333333333,1769.6666666666667,275030.0,-0.8933333333333333,Val
2020-01-27,1764.0,1767.0,1769.0,1764.0,255550.0,-0.95,Val
2020-01-28,1752.0,1759.0,1759.0,1752.5,282540.0,-0.68,Val
2020-01-29,1737.0,1748.0,1748.0,1735.5,312470.0,-0.86,Val
2020-01-30,1731.0,1737.0,1735.0,1731.5,245750.0,-0.35,Val
2020-01-31,1722.0,1729.0,1727.0,1719.0,338490.0,-0.52,Val
2020-02-01,1710.1666666666667,1726.3333333333333,1724.0,1708.1666666666667,364073.3333333333,-1.0333333333333332,Val
2020-02-02,1698.3333333333333,1723.6666666666667,1721.0,1697.3333333333333,389656.6666666667,-1.5466666666666666,Val
2020-02-03,1686.5,1721.0,1718.0,1686.5,415240.0,-2.06,Val
2020-02-04,1686.0,1715.0,1712.0,1686.0,399920.0,-0.03,Val
2020-02-05,1717.0,1717.0,1718.0,1712.0,288690.0,1.84,Val
2020-02-06,1737.0,1726.0,1740.0,1723.5,278000.0,1.16,Val
2020-02-07,1726.0,1725.5,1726.0,1721.0,360500.0,-0.63,Val
2020-02-08,1718.0,1719.0,1719.0,1714.8333333333333,332533.3333333333,-0.8833333333333333,Val
2020-02-09,1710.0,1712.5,1712.0,1708.6666666666667,304566.6666666667,-1.1366666666666667,Val
2020-02-10,1702.0,1706.0,1705.0,1702.5,276600.0,-1.39,Val
2020-02-11,1734.0,1718.0,1734.0,1717.0,365050.0,1.88,Val
2020-02-12,1737.0,1735.0,1737.0,1733.0,288820.0,0.17,Val
2020-02-13,1748.0,1730.0,1747.5,1727.5,265630.0,0.63,Val
2020-02-14,1722.0,1735.0,1733.0,1722.5,186700.0,-1.49,Val
2020-02-15,1721.6666666666667,1728.6666666666667,1729.0,1719.0,213066.66666666666,-1.0133333333333334,Val
2020-02-16,1721.3333333333333,1722.3333333333333,1725.0,1715.5,239433.33333333334,-0.5366666666666667,Val
2020-02-17,1721.0,1716.0,1721.0,1712.0,265800.0,-0.06,Val
2020-02-18,1720.0,1710.0,1721.0,1708.0,219360.0,-0.06,Val
2020-02-19,1720.0,1714.0,1720.0,1712.0,166360.0,0.0,Val
2020-02-20,1711.0,1717.0,1714.0,1710.0,144510.0,-0.52,Val
2020-02-21,1713.5,1708.0,1713.5,1703.0,145510.0,0.15,Val
2020-02-22,1708.6666666666667,1704.6666666666667,1709.6666666666667,1701.0,154750.0,-0.18333333333333332,Val
2020-02-23,1703.8333333333333,1701.3333333333333,1705.8333333333333,1699.0,163990.0,-0.5166666666666666,Val
2020-02-24,1699.0,1698.0,1702.0,1697.0,173230.0,-0.85,Val
2020-02-25,1703.0,1706.0,1705.0,1702.0,176110.0,0.24,Val
2020-02-26,1696.0,1702.0,1702.0,1696.0,189030.0,-0.41,Val
2020-02-27,1690.0,1692.0,1690.0,1688.0,228870.0,-0.35,Val
2020-02-28,1694.5,1685.0,1694.5,1679.0,313520.0,0.27,Val
2020-02-29,1702.0,1690.0,1702.0,1685.8333333333333,311423.3333333333,0.6233333333333333,Val
2020-03-01,1709.5,1695.0,1709.5,1692.6666666666667,309326.6666666667,0.9766666666666667,Val
2020-03-02,1717.0,1700.0,1717.0,1699.5,307230.0,1.33,Val
2020-03-03,1722.0,1723.0,1728.0,1719.0,294570.0,0.29,Val
2020-03-04,1726.0,1735.0,1732.0,1725.0,300240.0,0.23,Val
2020-03-05,1720.0,1731.5,1726.0,1720.0,268250.0,-0.35,Val
2020-03-06,1685.0,1709.0,1708.0,1685.5,323220.0,-2.03,Val
2020-03-07,1685.6666666666667,1695.3333333333333,1701.0,1679.0,341440.0,-1.313333333333333,Val
2020-03-08,1686.3333333333333,1681.6666666666667,1694.0,1672.5,359660.0,-0.5966666666666665,Val
2020-03-09,1687.0,1668.0,1687.0,1666.0,377880.0,0.12,Val
2020-03-10,1697.0,1709.0,1708.0,1697.0,419490.0,0.59,Val
2020-03-11,1675.0,1688.0,1686.0,1675.0,388960.0,-1.3,Val
2020-03-12,1656.0,1658.0,1661.0,1656.0,334080.0,-1.13,Val
2020-03-13,1680.5,1703.0,1701.0,1672.0,388580.0,1.48,Val
2020-03-14,1678.6666666666667,1687.0,1695.0,1666.3333333333333,439846.6666666667,0.8766666666666666,Val
2020-03-15,1676.8333333333333,1671.0,1689.0,1660.6666666666667,491113.3333333333,0.2733333333333332,Val
2020-03-16,1675.0,1655.0,1683.0,1655.0,542380.0,-0.33,Val
2020-03-17,1651.5,1650.0,1657.0,1647.0,418760.0,-1.4,Val
2020-03-18,1650.0,1630.0,1650.0,1625.0,434180.0,-0.09,Val
2020-03-19,1630.0,1612.0,1630.0,1607.0,358250.0,-1.21,Val
2020-03-20,1582.0,1610.0,1603.0,1582.5,296680.0,-2.94,Val
2020-03-21,1575.0,1590.9166666666667,1592.5833333333333,1571.25,294896.6666666667,-2.4033333333333333,Val
2020-03-22,1568.0,1571.8333333333333,1582.1666666666667,1560.0,293113.3333333333,-1.8666666666666667,Val
2020-03-23,1561.0,1552.75,1571.75,1548.75,291330.0,-1.33,Val
2020-03-24,1547.5,1536.13,1552.59,1531.25,179210.0,-0.86,Val
2020-03-25,1537.5,1527.75,1538.63,1526.0,229790.0,-0.65,Val
2020-03-26,1536.0,1525.18,1525.18,1517.43,198030.0,-0.1,Val
2020-03-27,1545.5,1533.0,1534.25,1517.0,283630.0,0.62,Val
2020-03-28,1540.5,1525.25,1531.6666666666667,1514.4166666666667,275646.6666666667,0.09000000000000008,Val
2020-03-29,1535.5,1517.5,1529.0833333333333,1511.8333333333333,267663.3333333333,-0.43999999999999984,Val
2020-03-30,1530.5,1509.75,1526.5,1509.25,259680.0,-0.97,Val
2020-03-31,1526.0,1502.85,1507.75,1501.75,240540.0,-0.29,Val
2020-04-01,1499.5,1501.5,1501.5,1473.47,286730.0,-1.74,Val
2020-04-02,1491.0,1473.0,1473.21,1470.35,291430.0,-0.57,Val
2020-04-03,1481.5,1463.5,1463.5,1463.5,241540.0,-0.64,Val
2020-04-04,1478.3333333333333,1457.8333333333333,1460.25,1457.3333333333333,240466.66666666666,-0.64,Val
2020-04-05,1475.1666666666667,1452.1666666666667,1457.0,1451.1666666666667,239393.33333333334,-0.64,Val
2020-04-06,1472.0,1446.5,1453.75,1445.0,238320.0,-0.64,Val
2020-04-07,1477.5,1441.5,1441.5,1441.5,313660.0,0.37,Val
2020-04-08,1465.5,1434.5,1444.25,1433.38,482040.0,-0.81,Val
2020-04-09,1479.5,1426.5,1445.44,1426.5,431850.0,0.96,Val
2020-04-10,1484.3,1439.8,1455.0520000000001,1432.9,419696.0,1.092,Val
2020-04-11,1489.1,1453.1,1464.664,1439.3,407542.0,1.224,Val
2020-04-12,1493.9,1466.4,1474.276,1445.7,395388.0,1.356,Val
2020-04-13,1498.7,1479.7,1483.888,1452.1,383234.0,1.488,Val
2020-04-14,1503.5,1493.0,1493.5,1458.5,371080.0,1.62,Val
2020-04-15,1507.5,1489.69,1491.69,1482.69,245550.0,0.27,Val
2020-04-16,1512.5,1512.0,1522.75,1507.25,212300.0,0.33,Val
2020-04-17,1507.0,1485.25,1498.0,1484.75,255680.0,-0.36,Val
2020-04-18,1505.6666666666667,1482.0,1493.6666666666667,1481.6666666666667,230980.0,-0.33,Val
2020-04-19,1504.3333333333333,1478.75,1489.3333333333333,1478.5833333333333,206280.0,-0.3,Val
2020-04-20,1503.0,1475.5,1485.0,1475.5,181580.0,-0.27,Val
2020-04-21,1490.5,1479.75,1479.75,1462.67,222720.0,-0.83,Val
2020-04-22,1515.0,1496.78,1498.25,1466.0,150810.0,1.64,Val
2020-04-23,1510.0,1491.05,1491.05,1488.93,232820.0,-0.33,Val
2020-04-24,1514.0,1488.0,1488.0,1488.0,380390.0,0.26,Val
2020-04-25,1511.6666666666667,1486.5,1488.9166666666667,1486.3333333333333,298380.0,0.020000000000000018,Val
2020-04-26,1509.3333333333333,1485.0,1489.8333333333333,1484.6666666666667,216370.0,-0.21999999999999997,Val
2020-04-27,1507.0,1483.5,1490.75,1483.0,134360.0,-0.46,Val
2020-04-28,1504.5,1480.75,1482.25,1480.75,200210.0,-0.17,Val
2020-04-29,1506.0,1478.0,1478.0,1477.25,198350.0,0.1,Val
2020-04-30,1494.5,1466.75,1477.5,1464.91,277970.0,-0.76,Val
2020-05-01,1487.0,1458.5,1466.75,1456.19,167880.0,-0.5,Val
2020-05-02,1485.6666666666667,1456.5833333333333,1463.7033333333334,1455.0433333333333,187460.0,-0.42333333333333334,Val
2020-05-03,1484.3333333333333,1454.6666666666667,1460.6566666666665,1453.8966666666668,207040.0,-0.3466666666666667,Val
2020-05-04,1483.0,1452.75,1457.61,1452.75,226620.0,-0.27,Val
2020-05-05,1484.5,1451.15,1457.75,1451.15,240300.0,0.1,Val
2020-05-06,1479.5,1451.26,1451.5,1447.0,219430.0,-0.34,Val
2020-05-07,1485.0,1447.2,1457.46,1447.2,242400.0,0.37,Val
2020-05-08,1488.125,1451.775,1459.47,1448.65,262655.0,0.4875,Val
2020-05-09,1491.25,1456.35,1461.48,1450.1,282910.0,0.605,Val
2020-05-10,1494.375,1460.925,1463.49,1451.55,303165.0,0.7224999999999999,Val
2020-05-11,1497.5,1465.5,1465.5,1453.0,323420.0,0.84,Val
2020-05-12,1477.5,1464.75,1464.75,1464.75,274520.0,-1.34,Val
2020-05-13,1480.0,1443.5,1444.0,1443.5,314460.0,0.17,Val
2020-05-14,1475.0,1447.25,1447.25,1443.01,819110.0,-0.34,Val
2020-05-15,1462.0,1428.8,1441.3,1428.05,290090.0,-0.88,Val
2020-05-16,1473.3333333333333,1446.1166666666666,1454.5333333333333,1433.2833333333333,311670.0,0.19000000000000006,Val
2020-05-17,1484.6666666666667,1463.4333333333334,1467.7666666666667,1438.5166666666667,333250.0,1.2600000000000002,Val
2020-05-18,1496.0,1480.75,1481.0,1443.75,354830.0,2.33,Val
2020-05-19,1492.0,1471.5,1478.25,1470.75,277510.0,-0.27,Val
2020-05-20,1512.5,1498.25,1498.75,1474.65,340470.0,1.37,Val
2020-05-21,1521.0,1498.25,1507.08,1498.25,216590.0,0.56,Val
2020-05-22,1506.5,1505.75,1505.75,1487.33,223090.0,-0.95,Val
2020-05-23,1509.75,1506.3125,1506.3125,1488.56,221005.0,-0.49749999999999994,Val
2020-05-24,1513.0,1506.875,1506.875,1489.79,218920.0,-0.04499999999999993,Val
2020-05-25,1516.25,1507.4375,1507.4375,1491.02,216835.0,0.4075,Val
2020-05-26,1519.5,1508.0,1508.0,1492.25,214750.0,0.86,Val
2020-05-27,1525.0,1516.25,1516.25,1505.5,354800.0,0.36,Val
2020-05-28,1537.0,1525.51,1525.75,1512.25,251270.0,0.79,Val
2020-05-29,1548.0,1524.25,1534.5,1524.25,294570.0,0.72,Val
2020-05-30,1544.3333333333333,1524.3333333333333,1534.6666666666667,1524.3333333333333,274466.6666666667,0.24333333333333335,Val
2020-05-31,1540.6666666666667,1524.4166666666667,1534.8333333333333,1524.4166666666667,254363.33333333334,-0.23333333333333328,Val
2020-06-01,1537.0,1524.5,1535.0,1524.5,234260.0,-0.71,Val
2020-06-02,1547.0,1538.5,1538.75,1517.5,284860.0,0.65,Val
2020-06-03,1568.5,1547.0,1547.0,1527.75,221950.0,1.39,Val
2020-06-04,1570.5,1548.75,1548.75,1548.75,220000.0,0.13,Val
2020-06-05,1591.5,1571.75,1572.88,1550.75,289580.0,1.34,Val
2020-06-06,1596.0,1571.5433333333333,1577.8700000000001,1557.5,288706.6666666667,1.1766666666666667,Val
2020-06-07,1600.5,1571.3366666666668,1582.86,1564.25,287833.3333333333,1.0133333333333334,Val
2020-06-08,1605.0,1571.13,1587.85,1571.0,286960.0,0.85,Val
2020-06-09,1605.5,1581.5,1584.18,1581.5,306610.0,0.03,Val
2020-06-10,1627.5,1608.13,1610.39,1584.0,320330.0,1.37,Val
2020-06-11,1601.5,1608.25,1608.25,1582.36,324180.0,-1.6,Val
2020-06-12,1585.0,1554.25,1577.5,1552.75,341460.0,-1.03,Val
2020-06-13,1582.3333333333333,1557.9166666666667,1573.4166666666667,1553.62,333876.6666666667,-0.8533333333333334,Val
2020-06-14,1579.6666666666667,1561.5833333333333,1569.3333333333333,1554.49,326293.3333333333,-0.6766666666666667,Val
2020-06-15,1577.0,1565.25,1565.25,1555.36,318710.0,-0.5,Val
2020-06-16,1597.5,1556.75,1584.5,1554.05,224950.0,1.3,Val
2020-06-17,1607.5,1585.38,1586.0,1576.0,168670.0,0.63,Val
2020-06-18,1606.5,1585.25,1585.25,1585.25,149770.0,-0.06,Val
2020-06-19,1592.0,1562.25,1584.5,1561.75,151590.0,-0.9,Val
2020-06-20,1595.6666666666667,1564.5,1579.3333333333333,1564.1666666666667,144150.0,-0.3700000000000001,Val
2020-06-21,1599.3333333333333,1566.75,1574.1666666666667,1566.5833333333333,136710.0,0.1599999999999998,Val
2020-06-22,1603.0,1569.0,1569.0,1569.0,129270.00000000001,0.69,Val
2020-06-23,1595.0,1579.0,1579.0,1579.0,125420.0,-0.5,Val
2020-06-24,1576.0,1551.5,1570.75,1549.5,126810.0,-1.19,Val
2020-06-25,1570.0,1551.25,1551.25,1540.93,149620.0,-0.38,Val
2020-06-26,1601.5,1545.5,1579.4,1545.5,205520.0,2.01,Val
2020-06-27,1604.0,1560.0833333333333,1582.6833333333334,1556.0833333333333,188876.66666666666,1.4966666666666666,Val
2020-06-28,1606.5,1574.6666666666667,1585.9666666666667,1566.6666666666667,172233.33333333334,0.9833333333333332,Val
2020-06-29,1609.0,1589.25,1589.25,1577.25,155590.0,0.47,Val
2020-06-30,1619.5,1591.25,1596.71,1583.0,192480.0,0.65,Val
2020-07-01,1621.0,1598.0,1598.0,1586.75,260050.0,0.09,Val
2020-07-02,1621.0,1594.0,1598.25,1594.0,227090.0,0.0,Val
2020-07-03,1614.0,1585.75,1593.25,1584.25,26760.0,-0.43,Val
2020-07-04,1620.8333333333333,1592.1666666666667,1597.6666666666667,1584.8333333333333,29060.0,0.13666666666666666,Val
2020-07-05,1627.6666666666667,1598.5833333333333,1602.0833333333333,1585.4166666666667,31360.0,0.7033333333333334,Val
2020-07-06,1634.5,1605.0,1606.5,1586.0,33660.0,1.27,Val
2020-07-07,1634.0,1604.75,1604.75,1600.33,32250.0,-0.03,Val
2020-07-08,1665.0,1604.25,1637.5,1604.25,55110.0,1.9,Val
2020-07-09,1664.0,1623.0,1651.59,1620.25,56370.0,-0.06,Val
2020-07-10,1688.5,1658.88,1662.25,1638.0,44110.0,1.47,Val
2020-07-11,1689.0,1659.5033333333333,1666.8333333333333,1644.0,48840.0,1.01,Val
2020-07-12,1689.5,1660.1266666666668,1671.4166666666667,1650.0,53570.0,0.55,Val
2020-07-13,1690.0,1660.75,1676.0,1656.0,58300.0,0.09,Val
2020-07-14,1688.5,1656.5,1656.5,1649.44,39420.0,-0.09,Val
2020-07-15,1683.5,1644.75,1655.0,1644.0,32619.999999999996,-0.3,Val
2020-07-16,1670.5,1648.0,1665.75,1647.55,43580.0,-0.77,Val
2020-07-17,1661.5,1644.5,1651.25,1640.75,27500.0,-0.54,Val
2020-07-18,1662.5,1644.0833333333333,1648.8333333333333,1639.86,28106.666666666668,-0.30000000000000004,Val
2020-07-19,1663.5,1643.6666666666667,1646.4166666666667,1638.97,28713.333333333332,-0.06000000000000005,Val
2020-07-20,1664.5,1643.25,1644.0,1638.08,29320.0,0.18,Val
2020-07-21,1696.5,1675.22,1678.5,1640.22,61850.0,1.92,Val
2020-07-22,1691.0,1668.75,1676.0,1666.39,35740.0,-0.32,Val
2020-07-23,1701.0,1686.5,1688.0,1670.75,28480.0,0.59,Val
2020-07-24,1700.0,1675.25,1678.5,1668.64,35960.0,-0.06,Val
2020-07-25,1702.6666666666667,1678.8666666666666,1681.1166666666666,1671.2933333333333,30830.0,0.11666666666666667,Val
2020-07-26,1705.3333333333333,1682.4833333333333,1683.7333333333333,1673.9466666666667,25700.0,0.29333333333333333,Val
2020-07-27,1708.0,1686.1,1686.35,1676.6,20570.0,0.47,Val
2020-07-28,1724.0,1699.13,1701.99,1682.5,33010.0,0.94,Val
2020-07-29,1725.0,1700.25,1701.75,1697.25,24500.0,0.06,Val
2020-07-30,1720.0,1699.0,1699.5,1687.5,32520.000000000004,-0.29,Val
2020-07-31,1713.5,1681.5,1696.25,1678.5,51660.0,-0.38,Val
2020-08-01,1726.3333333333333,1692.8333333333333,1704.4166666666667,1680.1666666666667,55193.333333333336,0.4966666666666666,Val
2020-08-02,1739.1666666666667,1704.1666666666667,1712.5833333333333,1681.8333333333333,58726.666666666664,1.373333333333333,Val
2020-08-03,1752.0,1715.5,1720.75,1683.5,62260.0,2.25,Val
2020-08-04,1770.0,1721.5,1734.62,1721.5,45850.0,1.03,Val
2020-08-05,1767.0,1731.9,1742.75,1729.0,48210.0,-0.17,Val
2020-08-06,1777.5,1736.5,1746.69,1736.5,36430.0,0.59,Val
2020-08-07,1771.0,1747.0,1747.0,1734.75,32590.000000000004,-0.37,Val
2020-08-08,1776.0,1744.5166666666667,1748.31,1736.35,33860.0,0.03666666666666668,Val
2020-08-09,1781.0,1742.0333333333333,1749.6200000000001,1737.95,35130.0,0.44333333333333336,Val
2020-08-10,1786.0,1739.55,1750.93,1739.55,36400.0,0.85,Val
2020-08-11,1786.0,1754.5,1754.5,1749.68,37810.0,0.0,Val
2020-08-12,1787.0,1753.85,1755.6,1753.85,30200.0,0.06,Val
2020-08-13,1763.5,1753.85,1757.6,1724.15,33920.0,-1.32,Val
2020-08-14,1746.0,1728.0,1728.0,1710.43,30980.0,-0.99,Val
2020-08-15,1749.3333333333333,1722.25,1726.4066666666668,1710.5366666666666,30490.0,-0.47,Val
2020-08-16,1752.6666666666667,1716.5,1724.8133333333333,1710.6433333333334,30000.0,0.050000000000000044,Val
2020-08-17,1756.0,1710.75,1723.22,1710.75,29510.0,0.57,Val
2020-08-18,1773.5,1718.75,1741.16,1718.75,43090.0,1.0,Val
2020-08-19,1793.5,1754.5,1754.75,1736.25,34280.0,1.13,Val
2020-08-20,1789.5,1754.5,1780.49,1736.25,39320.0,-0.22,Val
2020-08-21,1765.0,1740.38,1763.5,1738.13,44340.0,-1.37,Val
2020-08-22,1766.8333333333333,1740.8766666666668,1757.1666666666667,1737.96,38850.0,-0.81,Val
2020-08-23,1768.6666666666667,1741.3733333333332,1750.8333333333333,1737.79,33360.0,-0.25,Val
2020-08-24,1770.5,1741.87,1744.5,1737.62,27870.0,0.31,Val
2020-08-25,1775.5,1747.95,1749.61,1741.86,26240.0,0.28,Val
2020-08-26,1780.0,1747.38,1752.28,1745.38,27520.0,0.25,Val
2020-08-27,1781.0,1750.25,1750.25,1746.13,28440.0,0.06,Val
2020-08-28,1800.0,1772.51,1773.01,1751.25,38940.0,1.07,Val
2020-08-29,1804.125,1772.2575,1777.1325,1756.3125,41210.0,1.0325,Val
2020-08-30,1808.25,1772.005,1781.255,1761.375,43480.0,0.9950000000000001,Val
2020-08-31,1812.375,1771.7525,1785.3775,1766.4375,45750.0,0.9575,Val
2020-09-01,1816.5,1771.5,1789.5,1771.5,48020.0,0.92,Val
2020-09-02,1786.0,1788.0,1788.0,1761.65,51110.0,-1.68,Val
2020-09-03,1780.0,1746.76,1755.85,1746.76,32860.0,-0.34,Val
2020-09-04,1786.5,1759.88,1760.55,1749.55,25410.0,0.37,Val
2020-09-05,1790.1666666666667,1761.0866666666668,1762.0333333333333,1754.2,23120.0,0.4533333333333333,Val
2020-09-06,1793.8333333333333,1762.2933333333333,1763.5166666666667,1758.85,20830.0,0.5366666666666666,Val
2020-09-07,1797.5,1763.5,1765.0,1763.5,18540.0,0.62,Val
2020-09-08,1792.0,1763.62,1763.62,1752.87,28460.0,-0.31,Val
2020-09-09,1784.0,1757.1,1757.1,1748.09,28470.0,-0.45,Val
2020-09-10,1789.5,1743.51,1752.65,1742.01,27730.0,0.31,Val
2020-09-11,1775.0,1738.25,1752.9,1737.75,24430.0,-0.81,Val
2020-09-12,1783.5,1747.02,1756.8700000000001,1737.6666666666667,27226.666666666668,-0.06000000000000005,Val
2020-09-13,1792.0,1755.79,1760.84,1737.5833333333333,30023.333333333332,0.69,Val
2020-09-14,1800.5,1764.56,1764.81,1737.5,32820.0,1.44,Val
2020-09-15,1789.5,1755.01,1761.76,1754.76,27830.0,-0.61,Val
2020-09-16,1795.5,1751.76,1754.51,1750.76,64330.0,0.34,Val
2020-09-17,1781.0,1772.35,1772.35,1772.35,28670.0,-0.81,Val
2020-09-18,1792.5,1771.51,1772.26,1757.0,29550.0,0.65,Val
2020-09-19,1788.1666666666667,1766.34,1771.09,1756.5833333333333,29643.333333333332,0.19000000000000006,Val
2020-09-20,1783.8333333333333,1761.17,1769.92,1756.1666666666667,29736.666666666668,-0.2699999999999999,Val
2020-09-21,1779.5,1756.0,1768.75,1755.75,29830.0,-0.73,Val
2020-09-22,1776.5,1754.0,1758.5,1753.0,27790.0,-0.17,Val
2020-09-23,1754.5,1731.63,1751.55,1730.13,44650.0,-1.24,Val
2020-09-24,1740.0,1729.36,1729.36,1713.78,47910.0,-0.83,Val
2020-09-25,1748.5,1736.01,1737.26,1715.5,34330.0,0.49,Val
2020-09-26,1757.3333333333333,1744.3366666666666,1745.42,1718.6666666666667,32906.666666666664,0.8333333333333333,Val
2020-09-27,1766.1666666666667,1752.6633333333334,1753.58,1721.8333333333333,31483.333333333332,1.1766666666666667,Val
2020-09-28,1775.0,1760.99,1761.74,1725.0,30060.0,1.52,Val
2020-09-29,1783.0,1752.75,1754.5,1752.75,27430.0,0.45,Val
2020-09-30,1765.0,1741.5,1759.0,1739.5,34350.0,-1.01,Val
2020-10-01,1739.5,1737.75,1739.75,1709.75,37580.0,-1.44,Val
2020-10-02,1768.0,1732.0,1736.63,1711.75,44790.0,1.64,Val
2020-10-03,1770.6666666666667,1739.1666666666667,1742.2533333333333,1721.75,38040.0,1.2433333333333332,Val
2020-10-04,1773.3333333333333,1746.3333333333333,1747.8766666666668,1731.75,31290.0,0.8466666666666666,Val
2020-10-05,1776.0,1753.5,1753.5,1741.75,24540.0,0.45,Val
2020-10-06,1765.0,1752.75,1762.75,1748.06,34260.0,-0.62,Val
2020-10-07,1783.5,1766.5,1766.5,1745.0,31170.0,1.05,Val
2020-10-08,1804.5,1765.5,1786.38,1765.5,33990.0,1.18,Val
2020-10-09,1841.5,1833.5,1833.5,1789.75,53270.0,2.05,Val
2020-10-10,1846.1666666666667,1836.6666666666667,1836.75,1802.6666666666667,49066.666666666664,1.6199999999999999,Val
2020-10-11,1850.8333333333333,1839.8333333333333,1840.0,1815.5833333333333,44863.333333333336,1.19,Val
2020-10-12,1855.5,1843.0,1843.25,1828.5,40660.0,0.76,Val
2020-10-13,1858.0,1842.0,1843.75,1841.5,38710.0,0.13,Val
2020-10-14,1852.0,1835.49,1845.5,1833.25,29290.0,-0.32,Val
2020-10-15,1852.0,1837.25,1837.25,1833.0,27000.0,0.0,Val
2020-10-16,1870.5,1852.75,1855.0,1840.75,38890.0,1.0,Val
2020-10-17,1864.8333333333333,1846.4166666666667,1857.0,1838.0,37913.333333333336,0.3633333333333333,Val
2020-10-18,1859.1666666666667,1840.0833333333333,1859.0,1835.25,36936.666666666664,-0.27333333333333343,Val
2020-10-19,1853.5,1833.75,1861.0,1832.5,35960.0,-0.91,Val
2020-10-20,1834.5,1841.2,1841.2,1821.83,49740.0,-1.03,Val
2020-10-21,1843.5,1834.83,1840.18,1823.25,31680.0,0.49,Val
2020-10-22,1846.5,1837.5,1837.88,1835.38,19610.0,0.16,Val
2020-10-23,1842.5,1836.5,1840.25,1834.38,19120.0,-0.22,Val
2020-10-24,1837.5,1829.9833333333333,1839.15,1828.3200000000002,21553.333333333332,-0.4166666666666667,Val
2020-10-25,1832.5,1823.4666666666667,1838.05,1822.26,23986.666666666668,-0.6133333333333334,Val
2020-10-26,1827.5,1816.95,1836.95,1816.2,26420.0,-0.81,Val
2020-10-27,1822.0,1813.31,1819.56,1806.8,25720.0,-0.3,Val
2020-10-28,1809.5,1807.0,1818.0,1801.2,29500.0,-0.69,Val
2020-10-29,1803.0,1799.75,1804.25,1794.18,28750.0,-0.36,Val
2020-10-30,1848.5,1851.5,1853.13,1804.75,39200.0,2.52,Val
2020-10-31,1854.3333333333333,1859.9166666666667,1861.67,1821.0,38643.333333333336,1.9966666666666666,Val
2020-11-01,1860.1666666666667,1868.3333333333333,1870.21,1837.25,38086.666666666664,1.4733333333333334,Val
2020-11-02,1866.0,1876.75,1878.75,1853.5,37530.0,0.95,Val
2020-11-03,1905.5,1899.25,1902.88,1866.5,48030.0,2.12,Val
2020-11-04,1908.5,1903.74,1910.0,1902.25,50980.0,0.16,Val
2020-11-05,1897.5,1884.0,1904.5,1882.25,35080.0,-0.58,Val
2020-11-06,1901.5,1889.35,1893.6,1887.35,30700.0,0.21,Val
2020-11-07,1898.8333333333333,1888.8999999999999,1892.0666666666666,1886.36,33593.333333333336,0.0,Val
2020-11-08,1896.1666666666667,1888.45,1890.5333333333333,1885.3700000000001,36486.666666666664,-0.21,Val
2020-11-09,1893.5,1888.0,1889.0,1884.38,39380.0,-0.42,Val
2020-11-10,1908.0,1897.0,1897.75,1878.0,23750.0,0.77,Val
2020-11-11,1918.0,1899.05,1902.43,1890.8,29720.0,0.52,Val
2020-11-12,1930.0,1909.5,1912.25,1901.0,24440.0,0.63,Val
2020-11-13,1932.0,1919.55,1919.55,1913.0,21990.0,0.1,Val
2020-11-14,1938.3333333333333,1925.8666666666666,1926.2,1914.1666666666667,24843.333333333332,0.3933333333333333,Val
2020-11-15,1944.6666666666667,1932.1833333333334,1932.85,1915.3333333333333,27696.666666666668,0.6866666666666666,Val
2020-11-16,1951.0,1938.5,1939.5,1916.5,30550.0,0.98,Val
2020-11-17,1977.5,1960.25,1966.0,1936.0,69400.0,1.36,Val
2020-11-18,1998.0,1987.75,1991.4,1970.0,37160.0,1.04,Val
2020-11-19,1992.5,1987.75,1994.5,1970.0,24750.0,-0.28,Val
2020-11-20,1993.0,1988.1,1988.1,1981.85,38680.0,0.03,Val
2020-11-21,1986.5,1988.0666666666666,1988.0666666666666,1975.3166666666666,37360.0,-0.30666666666666664,Val
2020-11-22,1980.0,1988.0333333333333,1988.0333333333333,1968.7833333333333,36040.0,-0.6433333333333333,Val
2020-11-23,1973.5,1988.0,1988.0,1962.25,34720.0,-0.98,Val
2020-11-24,1986.5,1981.5,1982.0,1966.5,37330.0,0.66,Val
2020-11-25,1970.0,1963.5,1980.0,1959.75,42090.0,-0.83,Val
2020-11-26,1976.0,1961.25,1970.25,1961.25,23630.0,0.3,Val
2020-11-27,1998.5,1989.5,1991.0,1967.25,41470.0,1.14,Val
2020-11-28,2014.0,1991.6266666666668,2007.7933333333333,1976.1666666666667,47563.333333333336,1.5366666666666666,Val
2020-11-29,2029.5,1993.7533333333333,2024.5866666666668,1985.0833333333333,53656.666666666664,1.9333333333333333,Val
2020-11-30,2045.0,1995.88,2041.38,1994.0,59750.0,2.33,Val
2020-12-01,2064.5,2055.38,2062.78,2041.63,52660.0,0.95,Val
2020-12-02,2055.0,2060.25,2061.0,2037.75,44650.0,-0.46,Val
2020-12-03,2028.0,2013.5,2049.65,2008.0,47050.0,-1.31,Val
2020-12-04,2044.0,2036.5,2040.0,2019.5,24950.0,0.79,Val
2020-12-05,2035.0,2024.9166666666667,2038.2833333333333,2012.25,24726.666666666668,0.08666666666666656,Val
2020-12-06,2026.0,2013.3333333333333,2036.5666666666666,2005.0,24503.333333333332,-0.6166666666666669,Val
2020-12-07,2017.0,2001.75,2034.85,1997.75,24280.0,-1.32,Val
2020-12-08,1990.0,1982.5,2001.75,1977.68,31760.0,-1.34,Val
2020-12-09,2035.0,2022.63,2023.5,1973.25,31370.0,2.26,Val
2020-12-10,2060.0,2042.5,2045.5,2024.5,25620.0,1.23,Val
2020-12-11,2022.5,2013.49,2048.49,2010.49,27260.0,-1.82,Val
2020-12-12,2030.6666666666667,2019.46,2043.6266666666666,2009.46,27200.0,-0.81,Val
2020-12-13,2038.8333333333333,2025.43,2038.7633333333333,2008.43,27140.0,0.19999999999999996,Val
2020-12-14,2047.0,2031.4,2033.9,2007.4,27080.0,1.21,Val
2020-12-15,2029.5,2023.13,2041.85,2018.13,23340.0,-0.85,Val
2020-12-16,2035.0,2023.63,2026.65,2017.65,32729.999999999996,0.27,Val
2020-12-17,2053.0,2055.5,2068.25,2029.75,77920.0,0.88,Val
2020-12-18,2056.5,2005.0,2050.5,2002.0,28190.0,0.17,Val
2020-12-19,2044.5,2010.3766666666668,2050.71,2007.6666666666667,28426.666666666668,-0.47,Val
2020-12-20,2032.5,2015.7533333333333,2050.92,2013.3333333333333,28663.333333333332,-1.11,Val
2020-12-21,2020.5,2021.13,2051.13,2019.0,28900.0,-1.75,Val
2020-12-22,1995.5,1991.75,2014.0,1985.25,38660.0,-1.24,Val
2020-12-23,2006.0,1991.75,2021.38,1964.0,29260.0,0.53,Val
2020-12-24,2030.0,2021.65,2023.9,2003.15,13620.0,1.2,Val
2020-12-25,2022.2,2015.22,2025.3200000000002,1999.27,17568.0,0.576,Val
2020-12-26,2014.4,2008.79,2026.74,1995.39,21516.0,-0.04800000000000004,Val
2020-12-27,2006.6,2002.3600000000001,2028.16,1991.51,25464.0,-0.6719999999999999,Val
2020-12-28,1998.8,1995.93,2029.58,1987.63,29412.0,-1.296,Val
2020-12-29,1991.0,1989.5,2031.0,1983.75,33360.0,-1.92,Val
2020-12-30,1999.5,1999.75,2002.0,1992.5,16880.0,0.43,Val
2020-12-31,1979.5,1992.62,2003.12,1981.87,19690.0,-1.0,Val
2021-01-01,1992.5,2000.84,2010.5275,1981.1525,24192.5,-0.09250000000000003,Val
2021-01-02,2005.5,2009.06,2017.935,1980.435,28695.0,0.815,Val
2021-01-03,2018.5,2017.28,2025.3425,1979.7175,33197.5,1.7225000000000001,Val
2021-01-04,2031.5,2025.5,2032.75,1979.0,37700.0,2.63,Val
2021-01-05,2040.5,2047.5,2049.25,2031.63,25750.0,0.44,Val
2021-01-06,2038.5,2027.5,2040.25,2024.8,43440.0,-0.1,Val
2021-01-07,2036.5,2025.25,2035.25,2023.25,24130.0,-0.1,Val
2021-01-08,2021.5,2017.5,2031.25,2011.0,23800.0,-0.74,Val
2021-01-09,2017.5,2013.75,2026.8333333333333,2008.0466666666666,25053.333333333332,-0.69,Val
2021-01-10,2013.5,2010.0,2022.4166666666667,2005.0933333333335,26306.666666666668,-0.64,Val
2021-01-11,2009.5,2006.25,2018.0,2002.14,27560.0,-0.59,Val
2021-01-12,2019.5,2020.63,2022.13,2003.55,31570.0,0.5,Val
2021-01-13,2013.0,2009.1,2013.85,2007.35,26940.0,-0.32,Val
2021-01-14,2005.5,2009.1,2016.75,1981.88,26940.0,-0.37,Val
2021-01-15,1991.0,1985.25,2004.75,1982.0,29540.0,-0.72,Val
2021-01-16,1984.6666666666667,1984.8333333333333,1997.8333333333333,1975.8333333333333,28643.333333333332,-0.7966666666666666,Val
2021-01-17,1978.3333333333333,1984.4166666666667,1990.9166666666667,1969.6666666666667,27746.666666666668,-0.8733333333333333,Val
2021-01-18,1972.0,1984.0,1984.0,1963.5,26850.0,-0.95,Val
2021-01-19,1964.0,1959.5,1963.25,1959.5,36710.0,-0.41,Val
2021-01-20,1980.5,1953.8,1978.05,1953.8,25050.0,0.84,Val
2021-01-21,1997.5,1989.13,1995.76,1969.45,37650.0,0.86,Val
2021-01-22,1994.5,1985.25,1987.0,1974.91,30070.0,-0.15,Val
2021-01-23,2000.3333333333333,1993.3333333333333,1995.3333333333333,1978.8566666666668,29460.0,0.19333333333333333,Val
2021-01-24,2006.1666666666667,2001.4166666666667,2003.6666666666667,1982.8033333333333,28850.0,0.5366666666666666,Val
2021-01-25,2012.0,2009.5,2012.0,1986.75,28240.0,0.88,Val
2021-01-26,2020.0,2015.33,2021.58,2009.33,26820.0,0.4,Val
2021-01-27,1992.0,1987.75,2016.5,1983.25,27470.0,-1.39,Val
2021-01-28,1984.5,1987.75,2016.5,1962.62,28400.0,-0.38,Val
2021-01-29,1977.5,1971.1,1986.09,1968.1,37310.0,-0.35,Val
2021-01-30,1974.6666666666667,1968.7766666666666,1984.0766666666666,1964.2766666666666,37383.333333333336,-0.37666666666666665,Val
2021-01-31,1971.8333333333333,1966.4533333333334,1982.0633333333333,1960.4533333333334,37456.666666666664,-0.4033333333333333,Val
2021-02-01,1969.0,1964.13,1980.05,1956.63,37530.0,-0.43,Val
2021-02-02,1972.5,1968.25,1972.88,1963.0,31410.0,0.18,Val
2021-02-03,1973.5,1966.0,1971.25,1962.5,23370.0,0.05,Val
2021-02-04,1993.5,1988.5,1989.5,1966.75,28780.0,1.01,Val
2021-02-05,2015.5,2011.65,2013.98,1987.4,26970.0,1.1,Val
2021-02-06,2019.6666666666667,2016.91,2019.1966666666667,1995.6833333333334,26363.333333333332,0.9400000000000001,Val
2021-02-07,2023.8333333333333,2022.17,2024.4133333333334,2003.9666666666667,25756.666666666668,0.78,Val
2021-02-08,2028.0,2027.43,2029.63,2012.25,25150.0,0.62,Val
2021-02-09,2054.0,2055.85,2059.1,2023.35,30050.0,1.28,Val
2021-02-10,2079.0,2012.0,2070.75,1997.0,32390.0,1.22,Val
2021-02-11,2079.5,2075.09,2077.34,2069.59,24460.0,0.02,Val
2021-02-12,2089.5,2085.0,2087.0,2075.75,23690.0,0.48,Val
2021-02-13,2087.5,2079.5,2084.0833333333335,2072.5833333333335,23440.0,0.22333333333333333,Val
2021-02-14,2085.5,2074.0,2081.1666666666665,2069.4166666666665,23190.0,-0.033333333333333326,Val
2021-02-15,2083.5,2068.5,2078.25,2066.25,22940.0,-0.29,Val
2021-02-16,2086.5,2071.25,2075.5,2070.25,22690.0,0.14,Val
2021-02-17,2115.0,2101.75,2102.25,2073.0,31360.0,1.37,Val
2021-02-18,2137.5,2125.38,2134.24,2100.63,51770.0,1.06,Val
2021-02-19,2131.5,2117.63,2136.95,2114.0,56340.0,-0.28,Val
2021-02-20,2143.1666666666665,2130.1733333333336,2144.22,2114.17,49956.666666666664,0.36,Val
2021-02-21,2154.8333333333335,2142.7166666666667,2151.4900000000002,2114.34,43573.333333333336,1.0,Val
2021-02-22,2166.5,2155.26,2158.76,2114.51,37190.0,1.64,Val
2021-02-23,2147.0,2132.25,2147.75,2123.5,47250.0,-0.9,Val
2021-02-24,2184.5,2171.25,2185.38,2126.0,43080.0,1.75,Val
2021-02-25,2235.0,2212.5,2212.5,2163.0,77710.0,2.31,Val
2021-02-26,2154.5,2138.63,2215.63,2133.13,71660.0,-3.6,Val
2021-02-27,2146.1666666666665,2126.88,2187.7966666666666,2117.2966666666666,68230.0,-2.7866666666666666,Val
2021-02-28,2137.8333333333335,2115.13,2159.9633333333336,2101.4633333333336,64800.0,-1.9733333333333332,Val
2021-03-01,2129.5,2103.38,2132.13,2085.63,61370.0,-1.16,Val
2021-03-02,2211.5,2203.38,2206.63,2105.25,69320.0,3.85,Val
2021-03-03,2200.0,2179.0,2194.25,2178.5,52340.0,-0.52,Val
2021-03-04,2153.5,2112.0,2175.0,2105.25,65040.00000000001,-2.11,Val
2021-03-05,2176.0,2157.13,2162.13,2128.75,39100.0,1.04,Val
2021-03-06,2174.3333333333335,2154.42,2159.7533333333336,2133.8766666666666,36273.333333333336,0.6166666666666667,Val
2021-03-07,2172.6666666666665,2151.71,2157.3766666666666,2139.0033333333336,33446.666666666664,0.19333333333333336,Val
2021-03-08,2171.0,2149.0,2155.0,2144.13,30620.0,-0.23,Val
2021-03-09,2168.5,2142.0,2145.75,2137.1,38030.0,-0.12,Val
2021-03-10,2168.0,2141.75,2151.0,2136.5,33790.0,-0.02,Val
2021-03-11,2178.0,2155.63,2162.13,2140.13,55220.0,0.46,Val
2021-03-12,2171.0,2145.25,2150.0,2142.0,29900.0,-0.32,Val
2021-03-13,2186.6666666666665,2164.8333333333335,2170.24,2146.3333333333335,36670.0,0.5066666666666666,Val
2021-03-14,2202.3333333333335,2184.4166666666665,2190.48,2150.6666666666665,43440.0,1.3333333333333333,Val
2021-03-15,2218.0,2204.0,2210.72,2155.0,50210.0,2.16,Val
2021-03-16,2202.5,2184.38,2202.88,2177.63,49120.0,-0.7,Val
2021-03-17,2227.5,2206.0,2221.75,2187.0,31960.0,1.14,Val
2021-03-18,2216.0,2206.0,2224.75,2185.25,35380.0,-0.52,Val
2021-03-19,2265.5,2253.88,2261.13,2194.2,42730.0,2.23,Val
2021-03-20,2267.6666666666665,2255.92,2261.5033333333336,2212.4666666666667,45236.666666666664,1.5833333333333335,Val
2021-03-21,2269.8333333333335,2257.96,2261.8766666666666,2230.733333333333,47743.333333333336,0.9366666666666668,Val
2021-03-22,2272.0,2260.0,2262.25,2249.0,50250.0,0.29,Val
2021-03-23,2219.5,2260.0,2263.5,2176.0,59290.0,-2.31,Val
2021-03-24,2258.0,2240.63,2240.63,2203.4,25990.0,1.73,Val
2021-03-25,2246.0,2241.0,2246.0,2227.01,42020.0,-0.53,Val
2021-03-26,2298.0,2269.75,2281.75,2231.25,39960.0,2.32,Val
2021-03-27,2287.3333333333335,2274.5,2282.5,2240.0333333333333,35866.666666666664,1.0833333333333333,Val
2021-03-28,2276.6666666666665,2279.25,2283.25,2248.8166666666666,31773.333333333332,-0.15333333333333332,Val
2021-03-29,2266.0,2284.0,2284.0,2257.6,27680.0,-1.39,Val
2021-03-30,2231.0,2250.0,2250.0,2212.07,26180.0,-1.54,Val
2021-03-31,2212.0,2214.5,2214.5,2196.25,39460.0,-0.85,Val
2021-04-01,2225.5,2209.75,2217.75,2194.25,26580.0,0.61,Val
2021-04-02,2234.0,2209.65,2224.094,2197.25,28474.0,0.8699999999999999,Val
2021-04-03,2242.5,2209.55,2230.438,2200.25,30368.0,1.13,Val
2021-04-04,2251.0,2209.45,2236.7819999999997,2203.25,32262.0,1.3899999999999997,Val
2021-04-05,2259.5,2209.35,2243.1259999999997,2206.25,34156.0,1.65,Val
2021-04-06,2268.0,2209.25,2249.47,2209.25,36050.0,1.91,Val
2021-04-07,2260.0,2255.25,2255.25,2245.5,24200.0,-0.35,Val
2021-04-08,2282.5,2272.0,2272.75,2245.0,26240.0,1.0,Val
2021-04-09,2264.0,2255.11,2268.11,2246.96,21730.0,-0.81,Val
2021-04-10,2263.3333333333335,2253.8233333333333,2262.4900000000002,2247.4733333333334,23070.0,-0.5700000000000001,Val
2021-04-11,2262.6666666666665,2252.536666666667,2256.87,2247.9866666666667,24410.0,-0.33,Val
2021-04-12,2262.0,2251.25,2251.25,2248.5,25750.0,-0.09,Val
2021-04-13,2293.0,2288.25,2289.0,2246.5,29400.0,1.37,Val
2021-04-14,2323.5,2314.0,2314.25,2278.0,33650.0,1.33,Val
2021-04-15,2339.0,2308.5,2331.75,2308.5,38650.0,0.67,Val
2021-04-16,2315.0,2304.45,2323.2,2301.45,25130.0,-1.03,Val
2021-04-17,2320.0,2308.71,2322.0099999999998,2301.2833333333333,24783.333333333332,-0.47,Val
2021-04-18,2325.0,2312.97,2320.82,2301.1166666666663,24436.666666666668,0.09000000000000008,Val
2021-04-19,2330.0,2317.23,2319.63,2300.95,24090.0,0.65,Val
2021-04-20,2309.5,2316.65,2317.25,2302.53,26760.0,-0.88,Val
2021-04-21,2364.5,2353.63,2355.13,2296.75,48110.0,2.38,Val
2021-04-22,2363.0,2354.5,2354.5,2354.5,24180.0,-0.06,Val
2021-04-23,2364.5,2362.38,2367.17,2352.75,23230.0,0.06,Val
2021-04-24,2377.5,2372.0033333333336,2375.28,2352.75,23626.666666666668,0.5899999999999999,Val
2021-04-25,2390.5,2381.6266666666666,2383.39,2352.75,24023.333333333332,1.1199999999999999,Val
2021-04-26,2403.5,2391.25,2391.5,2352.75,24420.0,1.65,Val
2021-04-27,2396.0,2392.25,2392.25,2388.05,31900.0,-0.31,Val
2021-04-28,2399.5,2388.2,2390.23,2379.7,22920.0,0.15,Val
2021-04-29,2417.0,2402.1,2408.67,2386.1,42740.0,0.73,Val
2021-04-30,2397.0,2406.5,2414.43,2391.71,38220.0,-0.83,Val
2021-05-01,2404.75,2410.625,2417.5724999999998,2391.4075000000003,36887.5,-0.29999999999999993,Val
2021-05-02,2412.5,2414.75,2420.715,2391.105,35555.0,0.2300000000000001,Val
2021-05-03,2420.25,2418.875,2423.8575,2390.8025,34222.5,0.7600000000000001,Val
2021-05-04,2428.0,2423.0,2427.0,2390.5,32890.0,1.29,Val
2021-05-05,2444.5,2435.25,2435.75,2416.75,28420.0,0.68,Val
2021-05-06,2488.5,2501.5,2501.5,2431.5,55690.0,1.8,Val
2021-05-07,2540.0,2523.0,2525.24,2475.0,54330.0,2.07,Val
2021-05-08,2537.0,2519.58,2524.893333333333,2487.2833333333333,62273.333333333336,1.2633333333333332,Val
2021-05-09,2534.0,2516.16,2524.5466666666666,2499.5666666666666,70216.66666666667,0.45666666666666655,Val
2021-05-10,2531.0,2512.74,2524.2,2511.85,78160.0,-0.35,Val
2021-05-11,2521.0,2512.85,2524.93,2512.85,51160.0,-0.4,Val
2021-05-12,2480.5,2500.7,2500.7,2472.7,55020.0,-1.61,Val
2021-05-13,2451.5,2435.13,2459.52,2431.9,54520.0,-1.17,Val
2021-05-14,2463.0,2430.85,2430.85,2424.5,51350.0,0.47,Val
2021-05-15,2475.0,2448.6833333333334,2450.733333333333,2432.4166666666665,47316.666666666664,0.8,Val
2021-05-16,2487.0,2466.5166666666664,2470.616666666667,2440.3333333333335,43283.333333333336,1.13,Val
2021-05-17,2499.0,2484.35,2490.5,2448.25,39250.0,1.46,Val
2021-05-18,2478.0,2447.75,2484.82,2446.5,57570.0,-0.84,Val
2021-05-19,2415.0,2461.25,2461.25,2402.72,50350.0,-2.54,Val
2021-05-20,2396.0,2354.25,2397.25,2340.89,40940.0,-0.79,Val
2021-05-21,2370.0,2364.0,2377.65,2345.53,66910.0,-1.09,Val
2021-05-22,2375.6666666666665,2367.0833333333335,2376.1833333333334,2347.436666666667,65773.33333333333,-0.4866666666666667,Val
2021-05-23,2381.3333333333335,2370.1666666666665,2374.7166666666667,2349.3433333333332,64636.666666666664,0.1166666666666667,Val
2021-05-24,2387.0,2373.25,2373.25,2351.25,63500.0,0.72,Val
2021-05-25,2372.0,2362.25,2367.05,2361.5,39980.0,-0.63,Val
2021-05-26,2402.0,2392.5,2393.5,2349.75,29250.0,1.26,Val
2021-05-27,2481.0,2465.13,2466.63,2379.75,44880.0,3.29,Val
2021-05-28,2483.0,2493.25,2494.0,2432.27,54850.0,0.08,Val
2021-05-29,2479.5,2490.94,2493.3775,2435.5175,51197.5,-0.08,Val
2021-05-30,2476.0,2488.63,2492.755,2438.7650000000003,47545.0,-0.24,Val
2021-05-31,2472.5,2486.32,2492.1325,2442.0125000000003,43892.5,-0.39999999999999997,Val
2021-06-01,2469.0,2484.01,2491.51,2445.26,40240.0,-0.56,Val
2021-06-02,2444.0,2423.7,2454.95,2421.95,31340.0,-1.01,Val
2021-06-03,2405.0,2423.7,2454.95,2375.63,25610.0,-1.6,Val
2021-06-04,2455.0,2438.09,2439.09,2389.59,26120.0,2.08,Val
2021-06-05,2445.3333333333335,2431.3933333333334,2442.31,2398.3933333333334,27026.666666666668,0.9933333333333334,Val
2021-06-06,2435.6666666666665,2424.6966666666667,2445.53,2407.1966666666667,27933.333333333332,-0.09333333333333327,Val
2021-06-07,2426.0,2418.0,2448.75,2416.0,28840.0,-1.18,Val
2021-06-08,2452.5,2447.51,2449.39,2423.26,25850.0,1.09,Val
2021-06-09,2458.5,2453.13,2457.0,2453.13,29820.0,0.24,Val
2021-06-10,2476.0,2490.8,2491.55,2472.8,38540.0,0.71,Val
2021-06-11,2464.5,2474.75,2504.75,2460.25,38800.0,-0.46,Val
2021-06-12,2474.3333333333335,2482.6666666666665,2502.6666666666665,2457.9,33630.0,0.09333333333333332,Val
2021-06-13,2484.1666666666665,2490.5833333333335,2500.5833333333335,2455.5499999999997,28460.0,0.6466666666666667,Val
2021-06-14,2494.0,2498.5,2498.5,2453.2,23290.0,1.2,Val
2021-06-15,2467.0,2425.25,2482.75,2423.25,51900.0,-1.08,Val
2021-06-16,2469.5,2451.25,2475.75,2427.25,28800.0,0.1,Val
2021-06-17,2400.0,2446.75,2464.0,2352.5,51260.0,-2.81,Val
2021-06-18,2385.0,2372.88,2389.5,2372.88,42820.0,-0.63,Val
2021-06-19,2391.1666666666665,2379.1266666666666,2392.233333333333,2373.5866666666666,40296.666666666664,-0.15999999999999998,Val
2021-06-20,2397.3333333333335,2385.3733333333334,2394.9666666666667,2374.2933333333335,37773.333333333336,0.31000000000000005,Val
2021-06-21,2403.5,2391.62,2397.7,2375.0,35250.0,0.78,Val
2021-06-22,2425.0,2404.5,2428.75,2395.25,31160.0,0.89,Val
2021-06-23,2439.5,2426.5,2442.75,2411.75,26670.0,0.6,Val
2021-06-24,2440.0,2427.0,2427.75,2422.97,39860.0,0.02,Val
2021-06-25,2486.0,2441.5,2497.75,2435.75,60510.0,1.89,Val
2021-06-26,2487.3333333333335,2458.8333333333335,2513.0833333333335,2447.4166666666665,52646.666666666664,1.3133333333333332,Val
2021-06-27,2488.6666666666665,2476.1666666666665,2528.4166666666665,2459.0833333333335,44783.333333333336,0.7366666666666666,Val
2021-06-28,2490.0,2493.5,2543.75,2470.75,36920.0,0.16,Val
2021-06-29,2551.5,2524.5,2554.75,2509.25,39390.0,2.47,Val
2021-06-30,2523.5,2521.0,2549.0,2510.61,41140.0,-1.1,Val
2021-07-01,2512.0,2522.5,2526.5,2491.75,29370.0,-0.46,Val
2021-07-02,2562.0,2506.5,2564.0,2506.25,31240.0,1.99,Val
2021-07-03,2560.0,2522.1666666666665,2560.8333333333335,2520.9166666666665,29080.0,1.25,Val
2021-07-04,2558.0,2537.8333333333335,2557.6666666666665,2535.5833333333335,26920.0,0.5099999999999998,Val
2021-07-05,2556.0,2553.5,2554.5,2550.25,24760.0,-0.23,Val
2021-07-06,2530.0,2496.25,2543.5,2493.0,35310.0,-1.02,Val
2021-07-07,2499.5,2474.25,2516.75,2474.0,37710.0,-1.21,Val
2021-07-08,2442.0,2488.25,2492.5,2431.75,42390.0,-2.3,Val
2021-07-09,2501.5,2453.25,2511.0,2453.25,31820.0,2.44,Val
2021-07-10,2497.5,2461.9166666666665,2502.4166666666665,2459.6666666666665,32696.666666666668,1.4666666666666668,Val
2021-07-11,2493.5,2470.5833333333335,2493.8333333333335,2466.0833333333335,33573.333333333336,0.4933333333333334,Val
2021-07-12,2489.5,2479.25,2485.25,2472.5,34450.0,-0.48,Val
2021-07-13,2535.5,2493.75,2546.25,2481.0,34500.0,1.85,Val
2021-07-14,2525.0,2505.0,2522.75,2502.75,21450.0,-0.41,Val
2021-07-15,2518.0,2519.0,2537.5,2502.75,25620.0,-0.28,Val
2021-07-16,2488.5,2509.0,2528.75,2484.25,23920.0,-1.17,Val
2021-07-17,2467.5,2496.0833333333335,2532.5,2460.1666666666665,29650.0,-1.6233333333333333,Val
2021-07-18,2446.5,2483.1666666666665,2536.25,2436.0833333333335,35380.0,-2.0766666666666667,Val
2021-07-19,2425.5,2470.25,2540.0,2412.0,41110.0,-2.53,Val
2021-07-20,2465.5,2423.0,2470.25,2421.5,60720.0,1.65,Val
2021-07-21,2453.5,2461.95,2461.95,2443.43,35610.0,-0.49,Val
2021-07-22,2483.0,2456.0,2488.75,2448.5,29330.0,1.2,Val
2021-07-23,2502.5,2468.25,2509.75,2468.0,25530.0,0.79,Val
2021-07-24,2508.0,2482.25,2515.25,2472.3333333333335,28626.666666666668,0.7466666666666667,Val
2021-07-25,2513.5,2496.25,2520.75,2476.6666666666665,31723.333333333332,0.7033333333333334,Val
2021-07-26,2519.0,2510.25,2526.25,2481.0,34820.0,0.66,Val
2021-07-27,2490.0,2502.75,2524.5,2479.25,34410.0,-1.15,Val
2021-07-28,2537.0,2534.25,2538.5,2502.5,40940.0,1.89,Val
2021-07-29,2591.5,2524.75,2596.25,2518.5,46890.0,2.15,Val
2021-07-30,2590.0,2596.75,2641.25,2582.5,62860.0,-0.06,Val
2021-07-31,2598.3333333333335,2607.3333333333335,2637.88,2589.3333333333335,53086.666666666664,0.2833333333333333,Val
2021-08-01,2606.6666666666665,2617.9166666666665,2634.5099999999998,2596.1666666666665,43313.33333333333,0.6266666666666667,Val
2021-08-02,2615.0,2628.5,2631.14,2603.0,33540.0,0.97,Val
2021-08-03,2586.0,2618.75,2618.75,2597.88,39180.0,-1.11,Val
2021-08-04,2566.5,2564.75,2588.15,2564.5,24790.0,-0.75,Val
2021-08-05,2588.0,2590.0,2590.57,2568.25,22730.0,0.84,Val
2021-08-06,2578.0,2582.25,2590.42,2582.25,30090.0,-0.39,Val
2021-08-07,2568.3333333333335,2571.9166666666665,2584.6966666666667,2568.9666666666667,34086.666666666664,-0.6333333333333334,Val
2021-08-08,2558.6666666666665,2561.5833333333335,2578.9733333333334,2555.6833333333334,38083.333333333336,-0.8766666666666667,Val
2021-08-09,2549.0,2551.25,2573.25,2542.4,42080.0,-1.12,Val
2021-08-10,2574.5,2555.25,2591.75,2551.0,37920.0,1.0,Val
2021-08-11,2585.5,2583.5,2593.75,2574.25,21600.0,0.43,Val
2021-08-12,2582.5,2587.5,2607.25,2567.5,32810.0,-0.12,Val
2021-08-13,2600.0,2606.5,2607.5,2579.5,27260.0,0.68,Val
2021-08-14,2600.6666666666665,2604.71,2606.85,2584.5833333333335,29496.666666666668,0.48,Val
2021-08-15,2601.3333333333335,2602.92,2606.2000000000003,2589.6666666666665,31733.333333333332,0.27999999999999997,Val
2021-08-16,2602.0,2601.13,2605.55,2594.75,33970.0,0.08,Val
2021-08-17,2599.5,2597.75,2615.75,2588.0,68570.0,-0.1,Val
2021-08-18,2555.0,2564.0,2594.25,2559.5,37380.0,-1.71,Val
2021-08-19,2545.5,2565.25,2571.75,2516.25,49790.0,-0.37,Val
2021-08-20,2546.5,2543.75,2579.75,2542.5,32790.0,0.04,Val
2021-08-21,2565.0,2542.4166666666665,2583.383333333333,2541.5833333333335,35653.333333333336,0.7533333333333334,Val
2021-08-22,2583.5,2541.0833333333335,2587.016666666667,2540.6666666666665,38516.666666666664,1.4666666666666668,Val
2021-08-23,2602.0,2539.75,2590.65,2539.75,41380.0,2.18,Val
2021-08-24,2615.0,2601.0,2615.82,2597.75,49170.0,0.5,Val
2021-08-25,2617.5,2612.75,2616.23,2606.75,25690.0,0.1,Val
2021-08-26,2619.5,2620.5,2638.5,2594.25,35400.0,0.08,Val
2021-08-27,2649.5,2621.0,2697.25,2618.0,60330.0,1.15,Val
2021-08-28,2666.625,2638.0,2704.5,2633.8125,61242.5,1.5099999999999998,Val
2021-08-29,2683.75,2655.0,2711.75,2649.625,62155.0,1.8699999999999999,Val
2021-08-30,2700.875,2672.0,2719.0,2665.4375,63067.5,2.23,Val
2021-08-31,2718.0,2689.0,2726.25,2681.25,63980.0,2.59,Val
2021-09-01,2690.0,2685.88,2713.0,2673.32,53080.0,-1.03,Val
2021-09-02,2695.0,2685.88,2727.88,2673.32,57920.0,0.19,Val
2021-09-03,2727.0,2723.38,2723.63,2684.0,36370.0,1.19,Val
2021-09-04,2742.3333333333335,2734.92,2734.5866666666666,2708.3333333333335,37953.333333333336,1.3566666666666667,Val
2021-09-05,2757.6666666666665,2746.46,2745.5433333333335,2732.6666666666665,39536.666666666664,1.5233333333333332,Val
2021-09-06,2773.0,2758.0,2756.5,2757.0,41120.0,1.69,Val
2021-09-07,2757.0,2769.0,2767.0,2756.0,22830.0,-0.58,Val
2021-09-08,2794.0,2788.0,2792.0,2788.0,46320.0,1.34,Val
2021-09-09,2839.5,2829.0,2837.0,2828.0,47380.0,1.63,Val
2021-09-10,2924.0,2910.0,2906.0,2906.0,56530.0,2.98,Val
2021-09-11,2914.8333333333335,2922.6666666666665,2920.6666666666665,2898.0,61533.333333333336,1.6733333333333333,Val
2021-09-12,2905.6666666666665,2935.3333333333335,2935.3333333333335,2890.0,66536.66666666667,0.3666666666666667,Val
2021-09-13,2896.5,2948.0,2950.0,2882.0,71540.0,-0.94,Val
2021-09-14,2831.0,2867.0,2865.0,2858.0,57540.0,-2.26,Val
2021-09-15,2893.0,2888.0,2887.5,2888.0,72980.0,2.19,Val
2021-09-16,2879.5,2895.0,2892.5,2893.0,40820.0,-0.47,Val
2021-09-17,2885.5,2929.0,2927.0,2927.0,35700.0,0.21,Val
2021-09-18,2878.0,2906.0,2903.3333333333335,2903.6666666666665,36710.0,-0.12000000000000002,Val
2021-09-19,2870.5,2883.0,2879.6666666666665,2880.3333333333335,37720.0,-0.45000000000000007,Val
2021-09-20,2863.0,2860.0,2856.0,2857.0,38730.0,-0.78,Val
2021-09-21,2846.0,2880.0,2878.0,2878.5,40300.0,-0.59,Val
2021-09-22,2935.0,2910.0,2905.5,2905.5,61220.0,3.13,Val
2021-09-23,2949.5,2953.0,2950.0,2951.0,56000.0,0.49,Val
2021-09-24,2915.5,2925.0,2917.5,2918.0,41620.0,-1.15,Val
2021-09-25,2904.8333333333335,2918.0,2912.6666666666665,2913.3333333333335,41813.333333333336,-1.1333333333333333,Val
2021-09-26,2894.1666666666665,2911.0,2907.8333333333335,2908.6666666666665,42006.666666666664,-1.1166666666666667,Val
2021-09-27,2883.5,2904.0,2903.0,2904.0,42200.0,-1.1,Val
2021-09-28,2944.5,2916.0,2917.0,2916.0,59190.0,2.12,Val
2021-09-29,2911.5,2937.0,2935.0,2930.0,36670.0,-1.12,Val
2021-09-30,2858.5,2870.0,2866.0,2867.0,60390.0,-1.82,Val
2021-10-01,2857.0,2881.0,2880.0,2881.0,38560.0,-0.05,Val
2021-10-02,2876.6666666666665,2891.6666666666665,2891.0,2890.6666666666665,34123.333333333336,0.6566666666666665,Val
2021-10-03,2896.3333333333335,2902.3333333333335,2902.0,2900.3333333333335,29686.666666666664,1.363333333333333,Val
2021-10-04,2916.0,2913.0,2913.0,2910.0,25250.0,2.07,Val
2021-10-05,2921.0,2908.0,2911.0,2908.0,26220.0,0.17,Val
2021-10-06,2897.0,2890.0,2892.0,2887.0,38670.0,-0.82,Val
2021-10-07,2946.0,2919.0,2933.0,2918.0,42440.0,1.69,Val
2021-10-08,2966.0,2918.0,2922.0,2918.0,60140.0,0.68,Val
2021-10-09,2998.6666666666665,2957.0,2959.0,2956.0,61436.666666666664,1.5533333333333332,Val
2021-10-10,3031.3333333333335,2996.0,2996.0,2994.0,62733.333333333336,2.4266666666666663,Val
2021-10-11,3064.0,3035.0,3033.0,3032.0,64030.0,3.3,Val
2021-10-12,3068.0,3073.0,3072.0,3073.0,58810.0,0.13,Val
2021-10-13,3068.0,3109.0,3107.0,3089.0,51510.0,0.0,Val
2021-10-14,3117.0,3172.0,3171.0,3172.0,69440.0,1.6,Val
2021-10-15,3171.5,3190.0,3185.0,3185.5,66740.0,1.75,Val
2021-10-16,3170.1666666666665,3193.3333333333335,3189.3333333333335,3190.3333333333335,64340.0,1.1233333333333335,Val
2021-10-17,3168.8333333333335,3196.6666666666665,3193.6666666666665,3195.1666666666665,61940.0,0.4966666666666668,Val
2021-10-18,3167.5,3200.0,3198.0,3200.0,59540.0,-0.13,Val
2021-10-19,3112.0,3187.0,3194.0,3187.0,74020.0,-1.75,Val
2021-10-20,3069.5,3073.0,3074.0,3073.0,70750.0,-1.37,Val
2021-10-21,2910.5,3025.0,3023.0,3023.5,90310.0,-5.18,Val
2021-10-22,2868.0,2957.0,2955.0,2957.0,105920.0,-1.46,Val
2021-10-23,2870.5,2946.3333333333335,2944.3333333333335,2946.3333333333335,87430.0,-0.8866666666666666,Val
2021-10-24,2873.0,2935.6666666666665,2933.6666666666665,2935.6666666666665,68940.0,-0.31333333333333324,Val
2021-10-25,2875.5,2925.0,2923.0,2925.0,50450.0,0.26,Val
2021-10-26,2829.0,2853.0,2851.0,2844.5,64000.0,-1.62,Val
2021-10-27,2686.0,2720.0,2724.5,2720.0,116370.0,-5.05,Val
2021-10-28,2746.5,2740.0,2732.0,2733.0,87060.0,2.25,Val
2021-10-29,2716.5,2709.0,2693.0,2695.0,67420.0,-1.09,Val
2021-10-30,2717.5,2716.6666666666665,2705.3333333333335,2706.6666666666665,57983.333333333336,-0.69,Val
2021-10-31,2718.5,2724.3333333333335,2717.6666666666665,2718.3333333333335,48546.66666666667,-0.2899999999999999,Val
2021-11-01,2719.5,2732.0,2730.0,2730.0,39110.0,0.11,Val
2021-11-02,2692.5,2700.0,2697.0,2698.0,46720.0,-0.99,Val
2021-11-03,2656.0,2726.0,2724.0,2724.0,56410.0,-1.36,Val
2021-11-04,2554.5,2666.0,2664.0,2666.0,68700.0,-3.82,Val
2021-11-05,2556.5,2522.0,2520.0,2522.0,53690.0,0.08,Val
2021-11-06,2572.6666666666665,2531.0,2532.3333333333335,2530.6666666666665,47046.666666666664,0.6866666666666665,Val
2021-11-07,2588.8333333333335,2540.0,2544.6666666666665,2539.3333333333335,40403.333333333336,1.2933333333333332,Val
2021-11-08,2605.0,2549.0,2557.0,2548.0,33760.0,1.9,Val
2021-11-09,2556.5,2600.0,2600.0,2600.0,42700.0,-1.86,Val
2021-11-10,2578.0,2585.0,2573.0,2575.0,36590.0,0.84,Val
2021-11-11,2660.0,2662.0,2655.0,2655.5,41370.0,3.18,Val
2021-11-12,2700.0,2690.0,2677.0,2679.0,38530.0,1.5,Val
2021-11-13,2685.6666666666665,2687.3333333333335,2677.0,2678.6666666666665,39406.666666666664,0.47,Val
2021-11-14,2671.3333333333335,2684.6666666666665,2677.0,2678.3333333333335,40283.333333333336,-0.56,Val
2021-11-15,2657.0,2682.0,2677.0,2678.0,41160.0,-1.59,Val
2021-11-16,2574.5,2628.0,2628.0,2628.0,61520.0,-3.11,Val
2021-11-17,2616.5,2622.0,2621.5,2622.0,32340.000000000004,1.63,Val
2021-11-18,2616.0,2600.0,2595.0,2596.0,28270.0,-0.02,Val
2021-11-19,2679.5,2649.0,2643.0,2644.0,42360.0,2.43,Val
2021-11-20,2682.8333333333335,2651.0,2647.0,2647.6666666666665,38316.666666666664,1.7433333333333336,Val
2021-11-21,2686.1666666666665,2653.0,2651.0,2651.3333333333335,34273.333333333336,1.0566666666666669,Val
2021-11-22,2689.5,2655.0,2655.0,2655.0,30230.0,0.37,Val
2021-11-23,2668.5,2685.0,2684.5,2685.0,20740.0,-0.78,Val
2021-11-24,2704.0,2705.0,2690.5,2690.5,29450.0,1.33,Val
2021-11-25,2717.5,2733.0,2734.0,2733.0,23860.0,0.5,Val
2021-11-26,2615.0,2625.0,2617.0,2617.0,48350.0,-3.77,Val
2021-11-27,2620.0,2631.6666666666665,2625.3333333333335,2625.5,48893.333333333336,-2.3233333333333333,Val
2021-11-28,2625.0,2638.3333333333335,2633.6666666666665,2634.0,49436.666666666664,-0.8766666666666669,Val
2021-11-29,2630.0,2645.0,2642.0,2642.5,49980.0,0.57,Val
2021-11-30,2625.0,2630.0,2625.0,2626.0,51650.0,-0.19,Val
2021-12-01,2664.5,2648.0,2650.0,2646.0,61530.0,1.5,Val
2021-12-02,2600.0,2645.0,2639.5,2640.0,55450.0,-2.42,Val
2021-12-03,2623.0,2629.0,2627.0,2629.0,32720.0,0.88,Val
2021-12-04,2611.3333333333335,2616.0,2614.0,2614.3333333333335,33306.666666666664,0.1433333333333333,Val
2021-12-05,2599.6666666666665,2603.0,2601.0,2599.6666666666665,33893.333333333336,-0.5933333333333334,Val
2021-12-06,2588.0,2590.0,2588.0,2585.0,34480.0,-1.33,Val
2021-12-07,2628.5,2625.0,2619.0,2620.0,25960.0,1.56,Val
2021-12-08,2627.0,2627.0,2625.0,2627.0,21620.0,-0.06,Val
2021-12-09,2626.5,2640.0,2636.0,2634.0,28640.0,-0.02,Val
2021-12-10,2606.5,2620.0,2617.0,2619.0,28340.0,-0.76,Val
2021-12-11,2622.3333333333335,2630.6666666666665,2628.1666666666665,2629.6666666666665,30566.666666666668,0.09999999999999998,Val
2021-12-12,2638.1666666666665,2641.3333333333335,2639.3333333333335,2640.3333333333335,32793.333333333336,0.96,Val
2021-12-13,2654.0,2652.0,2650.5,2651.0,35020.0,1.82,Val
2021-12-14,2628.5,2634.0,2630.0,2631.0,26750.0,-0.96,Val
2021-12-15,2597.0,2590.0,2589.5,2590.0,41760.0,-1.2,Val
2021-12-16,2667.0,2642.0,2644.0,2641.0,66370.0,2.7,Val
2021-12-17,2724.5,2716.0,2710.0,2710.5,46100.0,2.16,Val
2021-12-18,2706.6666666666665,2703.6666666666665,2699.0,2698.6666666666665,43473.333333333336,0.7866666666666668,Val
2021-12-19,2688.8333333333335,2691.3333333333335,2688.0,2686.8333333333335,40846.666666666664,-0.5866666666666664,Val
2021-12-20,2671.0,2679.0,2677.0,2675.0,38220.0,-1.96,Val
2021-12-21,2754.0,2710.0,2714.0,2708.0,39130.0,3.11,Val
2021-12-22,2824.5,2835.0,2828.0,2829.0,62530.0,2.56,Val
2021-12-23,2846.0,2835.0,2829.0,2830.0,43450.0,0.76,Val
2021-12-24,2837.0,2850.0,2842.0,2841.0,17780.0,-0.32,Val
2021-12-25,2831.7,2843.6,2837.6,2836.4,29156.0,-0.44200000000000006,Val
2021-12-26,2826.4,2837.2,2833.2,2831.8,40532.0,-0.5640000000000001,Val
2021-12-27,2821.1,2830.8,2828.8,2827.2,51908.0,-0.6860000000000002,Val
2021-12-28,2815.8,2824.4,2824.4,2822.6,63284.0,-0.808,Val
2021-12-29,2810.5,2818.0,2820.0,2818.0,74660.0,-0.93,Val
2021-12-30,2818.0,2828.0,2827.0,2825.0,47530.0,0.27,Val
2021-12-31,2807.5,2815.0,2805.0,2810.0,47530.0,-0.37,Val
2022-01-01,2815.375,2817.5,2809.25,2812.75,48865.0,0.0025000000000000577,Test
2022-01-02,2823.25,2820.0,2813.5,2815.5,50200.0,0.3750000000000001,Test
2022-01-03,2831.125,2822.5,2817.75,2818.25,51535.0,0.7475000000000002,Test
2022-01-04,2839.0,2825.0,2822.0,2821.0,52870.0,1.12,Test
2022-01-05,2922.0,2885.0,2883.0,2885.0,68350.0,2.92,Test
2022-01-06,2921.5,2928.0,2923.0,2923.5,51160.0,-0.02,Test
2022-01-07,2914.5,2933.0,2930.0,2932.0,47050.0,-0.24,Test
2022-01-08,2920.1666666666665,2935.3333333333335,2931.3333333333335,2932.8333333333335,31740.0,0.033333333333333326,Test
2022-01-09,2925.8333333333335,2937.6666666666665,2932.6666666666665,2933.6666666666665,16430.0,0.30666666666666664,Test
2022-01-10,2931.5,2940.0,2934.0,2934.5,1120.0,0.58,Test
2022-01-11,2970.0,2962.0,2960.0,2962.0,42570.0,1.31,Test
2022-01-12,2982.5,3014.0,3012.0,3014.0,56450.0,0.42,Test
2022-01-13,2952.0,2978.0,2970.0,2970.0,40860.0,-1.02,Test
2022-01-14,2976.5,2983.0,2980.0,2980.0,60360.0,0.83,Test
2022-01-15,2983.3333333333335,2985.3333333333335,2984.6666666666665,2983.3333333333335,48596.666666666664,0.7833333333333333,Test
2022-01-16,2990.1666666666665,2987.6666666666665,2989.3333333333335,2986.6666666666665,36833.33333333333,0.7366666666666666,Test
2022-01-17,2997.0,2990.0,2994.0,2990.0,25070.0,0.69,Test
2022-01-18,3024.5,3008.0,3005.5,3005.5,43360.0,0.92,Test
2022-01-19,3050.5,3035.0,3027.0,3027.0,46620.0,0.86,Test
2022-01-20,3111.0,3080.0,3080.0,3080.0,81130.0,1.98,Test
2022-01-21,3040.5,3062.0,3060.0,3060.5,51530.0,-2.27,Test
2022-01-22,3036.5,3051.6666666666665,3050.0,3050.6666666666665,45833.333333333336,-1.6433333333333335,Test
2022-01-23,3032.5,3041.3333333333335,3040.0,3040.8333333333335,40136.666666666664,-1.0166666666666668,Test
2022-01-24,3028.5,3031.0,3030.0,3031.0,34440.0,-0.39,Test
2022-01-25,3092.0,3070.0,3062.0,3061.0,45240.0,2.1,Test
2022-01-26,3094.0,3082.0,3079.5,3079.5,30610.0,0.06,Test
2022-01-27,3098.5,3099.0,3095.0,3096.0,36620.0,0.15,Test
2022-01-28,3082.5,3100.0,3085.0,3085.0,40850.0,-0.52,Test
2022-01-29,3062.0,3084.0,3073.3333333333335,3074.0,38843.333333333336,-1.0133333333333334,Test
2022-01-30,3041.5,3068.0,3061.6666666666665,3063.0,36836.666666666664,-1.5066666666666668,Test
2022-01-31,3021.0,3052.0,3050.0,3052.0,34830.0,-2.0,Test
2022-02-01,3032.5,3049.0,3048.0,3049.0,33740.0,0.38,Test
2022-02-02,2986.0,3028.0,3026.0,3028.0,64019.99999999999,-1.53,Test
2022-02-03,3050.0,3035.0,3033.0,3035.0,39360.0,2.14,Test
2022-02-04,3074.0,3065.0,3063.0,3065.0,42230.0,0.79,Test
2022-02-05,3093.3333333333335,3081.6666666666665,3078.8333333333335,3080.1666666666665,43446.666666666664,1.1566666666666667,Test
2022-02-06,3112.6666666666665,3098.3333333333335,3094.6666666666665,3095.3333333333335,44663.333333333336,1.5233333333333334,Test
2022-02-07,3132.0,3115.0,3110.5,3110.5,45880.0,1.89,Test
2022-02-08,3183.0,3205.0,3194.5,3195.0,77230.0,1.63,Test
2022-02-09,3266.0,3225.5,3225.0,3225.5,51530.0,2.61,Test
2022-02-10,3250.5,3290.0,3286.0,3286.0,64739.99999999999,-0.47,Test
2022-02-11,3136.5,3183.0,3179.0,3180.0,73470.0,-3.51,Test
2022-02-12,3162.5,3184.0,3221.0,3182.0,67390.0,-1.5099999999999998,Test
2022-02-13,3188.5,3185.0,3263.0,3184.0,61310.0,0.4900000000000002,Test
2022-02-14,3214.5,3186.0,3305.0,3186.0,55230.0,2.49,Test
2022-02-15,3208.0,3200.0,3194.0,3195.0,41550.0,-0.2,Test
2022-02-16,3256.0,3242.0,3240.0,3242.0,55310.0,1.5,Test
2022-02-17,3268.0,3254.0,3252.0,3241.0,39810.0,0.37,Test
2022-02-18,3262.5,3261.0,3263.0,3261.0,42990.0,-0.17,Test
2022-02-19,3268.1666666666665,3264.6666666666665,3265.3333333333335,3263.6666666666665,38063.333333333336,0.06,Test
2022-02-20,3273.8333333333335,3268.3333333333335,3267.6666666666665,3266.3333333333335,33136.666666666664,0.29000000000000004,Test
2022-02-21,3279.5,3272.0,3270.0,3269.0,28210.0,0.52,Test
2022-02-22,3303.0,3326.0,3366.0,3326.0,69130.0,0.72,Test
2022-02-23,3292.5,3285.0,3288.0,3285.0,50200.0,-0.32,Test
2022-02-24,3394.5,3425.0,3443.0,3425.0,106850.0,3.1,Test
2022-02-25,3357.5,3314.0,3312.0,3314.0,57610.0,-1.09,Test
2022-02-26,3361.1666666666665,3347.6666666666665,3356.3333333333335,3347.3333333333335,66970.0,-0.6166666666666667,Test
2022-02-27,3364.8333333333335,3381.3333333333335,3400.6666666666665,3380.6666666666665,76330.0,-0.1433333333333333,Test
2022-02-28,3368.5,3415.0,3445.0,3414.0,85690.0,0.33,Test
2022-03-01,3478.0,3463.0,3462.0,3463.0,68560.0,3.25,Test
2022-03-02,3569.0,3566.0,3568.0,3566.0,68400.0,2.62,Test
2022-03-03,3716.5,3704.0,3703.5,3704.0,106230.0,4.13,Test
2022-03-04,3849.0,3804.0,3819.0,3804.0,76730.0,3.57,Test
2022-03-05,3812.6666666666665,3858.6666666666665,3868.0,3858.6666666666665,78836.66666666667,1.4366666666666665,Test
2022-03-06,3776.3333333333335,3913.3333333333335,3917.0,3913.3333333333335,80943.33333333333,-0.6966666666666668,Test
2022-03-07,3740.0,3968.0,3966.0,3968.0,83050.0,-2.83,Test
2022-03-08,3498.0,3516.0,3514.0,3516.0,92280.0,-6.47,Test
2022-03-09,3341.0,3522.0,3533.0,3522.0,69170.0,-4.49,Test
2022-03-10,3427.5,3530.0,3531.0,3530.0,53250.0,2.59,Test
2022-03-11,3483.0,3437.0,3500.0,3437.0,30790.0,1.62,Test
2022-03-12,3428.5,3429.0,3470.0,3428.3333333333335,32910.0,-0.4833333333333334,Test
2022-03-13,3374.0,3421.0,3440.0,3419.6666666666665,35030.0,-2.586666666666667,Test
2022-03-14,3319.5,3413.0,3410.0,3411.0,37150.0,-4.69,Test
2022-03-15,3277.5,3276.0,3274.0,3254.0,63060.0,-1.27,Test
2022-03-16,3258.5,3327.0,3325.0,3327.0,36070.0,-0.58,Test
2022-03-17,3384.5,3317.0,3315.0,3317.0,29820.0,3.87,Test
2022-03-18,3381.0,3400.5,3399.5,3400.0,27280.0,-0.1,Test
2022-03-19,3427.6666666666665,3434.3333333333335,3441.0,3434.0,31350.0,1.313333333333333,Test
2022-03-20,3474.3333333333335,3468.1666666666665,3482.5,3468.0,35420.0,2.726666666666666,Test
2022-03-21,3521.0,3502.0,3524.0,3502.0,39490.0,4.14,Test
2022-03-22,3504.5,3570.0,3553.0,3550.5,32400.0,-0.47,Test
2022-03-23,3653.0,3560.0,3558.0,3560.0,32580.0,4.24,Test
2022-03-24,3623.5,3677.0,3675.0,3675.5,30650.0,-0.81,Test
2022-03-25,3605.0,3600.0,3595.0,3590.5,20850.0,-0.51,Test
2022-03-26,3608.0,3605.0,3601.8333333333335,3598.6666666666665,19866.666666666668,-0.25666666666666665,Test
2022-03-27,3611.0,3610.0,3608.6666666666665,3606.8333333333335,18883.333333333332,-0.0033333333333332993,Test
2022-03-28,3614.0,3615.0,3615.5,3615.0,17900.0,0.25,Test
2022-03-29,3436.0,3610.0,3606.0,3608.0,60300.0,-4.93,Test
2022-03-30,3551.0,3530.0,3526.0,3527.0,24500.0,3.35,Test
2022-03-31,3491.0,3525.0,3518.0,3518.0,37280.0,-1.69,Test
2022-04-01,3450.0,3499.0,3497.0,3499.0,29150.0,-1.17,Test
2022-04-02,3449.0,3495.0,3491.6666666666665,3486.3333333333335,29686.666666666668,-0.81,Test
2022-04-03,3448.0,3491.0,3486.3333333333335,3473.6666666666665,30223.333333333332,-0.45000000000000007,Test
2022-04-04,3447.0,3487.0,3481.0,3461.0,30760.0,-0.09,Test
2022-04-05,3465.0,3445.0,3440.0,3441.0,24420.0,0.52,Test
2022-04-06,3441.0,3462.0,3466.0,3460.0,34060.0,-0.69,Test
2022-04-07,3385.0,3380.0,3372.0,3374.0,41480.0,-1.63,Test
2022-04-08,3374.5,3423.0,3422.0,3423.0,25820.0,-0.31,Test
2022-04-09,3332.3333333333335,3365.6666666666665,3364.3333333333335,3365.6666666666665,33973.333333333336,-1.4566666666666668,Test
2022-04-10,3290.1666666666665,3308.3333333333335,3306.6666666666665,3308.3333333333335,42126.666666666664,-2.6033333333333335,Test
2022-04-11,3248.0,3251.0,3249.0,3251.0,50280.0,-3.75,Test
2022-04-12,3267.0,3245.0,3244.0,3245.0,33610.0,0.58,Test
2022-04-13,3236.0,3240.0,3237.5,3238.0,31950.0,-0.95,Test
2022-04-14,3285.5,3275.0,3270.0,3265.0,27380.0,1.53,Test
2022-04-15,3280.6,3285.4,3281.0,3277.0,28466.0,1.0739999999999998,Test
2022-04-16,3275.7,3295.8,3292.0,3289.0,29552.0,0.6179999999999999,Test
2022-04-17,3270.8,3306.2,3303.0,3301.0,30638.0,0.1619999999999997,Test
2022-04-18,3265.9,3316.6,3314.0,3313.0,31724.0,-0.29400000000000026,Test
2022-04-19,3261.0,3327.0,3325.0,3325.0,32810.0,-0.75,Test
2022-04-20,3269.0,3250.0,3250.0,3250.0,43640.0,0.25,Test
2022-04-21,3298.0,3283.0,3275.5,3275.5,21170.0,0.89,Test
2022-04-22,3245.5,3265.0,3259.0,3260.0,23584.0,-1.59,Test
2022-04-23,3195.3333333333335,3228.6666666666665,3234.0,3194.0,25998.0,-2.6066666666666665,Test
2022-04-24,3145.1666666666665,3192.3333333333335,3209.0,3128.0,28412.0,-3.623333333333333,Test
2022-04-25,3095.0,3156.0,3184.0,3062.0,30826.0,-4.64,Test
2022-04-26,3064.5,3122.0,3117.0,3117.0,33240.0,-0.99,Test
2022-04-27,3093.5,3110.0,3115.0,3110.0,24270.0,0.95,Test
2022-04-28,3031.5,3088.0,3083.0,3083.0,30340.0,-2.0,Test
2022-04-29,3052.5,3050.0,3043.0,3044.0,36840.0,0.69,Test
2022-04-30,3017.125,3023.75,3018.5,3019.25,42972.5,-0.6425000000000001,Test
2022-05-01,2981.75,2997.5,2994.0,2994.5,49105.0,-1.975,Test
2022-05-02,2946.375,2971.25,2969.5,2969.75,55237.5,-3.3075,Test
2022-05-03,2911.0,2945.0,2945.0,2945.0,61370.0,-4.64,Test
2022-05-04,2953.0,2960.0,2961.5,2960.0,34420.0,1.44,Test
2022-05-05,2916.0,2948.0,2946.0,2947.0,48400.0,-1.25,Test
2022-05-06,2842.0,2875.0,2868.0,2870.0,48510.0,-2.54,Test
2022-05-07,2813.0,2834.6666666666665,2828.6666666666665,2830.0,49513.333333333336,-2.7133333333333334,Test
2022-05-08,2784.0,2794.3333333333335,2789.3333333333335,2790.0,50516.666666666664,-2.8866666666666667,Test
2022-05-09,2755.0,2754.0,2750.0,2750.0,51520.0,-3.06,Test
2022-05-10,2753.5,2715.0,2713.0,2715.0,44150.0,-0.05,Test
2022-05-11,2778.0,2770.0,2770.0,2770.0,44510.0,0.89,Test
2022-05-12,2742.0,2723.0,2722.0,2723.0,46720.0,-1.3,Test
2022-05-13,2788.0,2763.0,2758.0,2750.0,37940.0,1.68,Test
2022-05-14,2802.6666666666665,2780.0,2778.6666666666665,2771.3333333333335,35163.333333333336,1.6466666666666667,Test
2022-05-15,2817.3333333333335,2797.0,2799.3333333333335,2792.6666666666665,32386.666666666668,1.6133333333333333,Test
2022-05-16,2832.0,2814.0,2820.0,2814.0,29610.0,1.58,Test
2022-05-17,2890.5,2865.0,2862.0,2858.0,42270.0,2.07,Test
2022-05-18,2857.5,2878.0,2873.0,2875.0,33800.0,-1.14,Test
2022-05-19,2906.5,2850.0,2840.0,2840.0,33060.0,1.71,Test
2022-05-20,2946.0,2958.0,2953.0,2935.0,40390.0,1.36,Test
2022-05-21,2949.3333333333335,2963.6666666666665,2959.6666666666665,2948.3333333333335,38796.666666666664,1.02,Test
2022-05-22,2952.6666666666665,2969.3333333333335,2966.3333333333335,2961.6666666666665,37203.333333333336,0.68,Test
2022-05-23,2956.0,2975.0,2973.0,2975.0,35610.0,0.34,Test
2022-05-24,2901.5,2907.0,2907.0,2907.0,30170.0,-1.84,Test
2022-05-25,2874.0,2858.0,2857.5,2857.0,32049.999999999996,-0.95,Test
2022-05-26,2865.0,2876.0,2856.0,2857.0,23780.0,-0.31,Test
2022-05-27,2871.5,2855.0,2845.0,2847.0,23680.0,0.23,Test
2022-05-28,2877.1666666666665,2867.0,2860.0,2861.6666666666665,21793.333333333332,0.35,Test
2022-05-29,2882.8333333333335,2879.0,2875.0,2876.3333333333335,19906.666666666668,0.47,Test
2022-05-30,2888.5,2891.0,2890.0,2891.0,18020.0,0.59,Test
2022-05-31,2787.0,2855.0,2853.0,2850.0,40090.0,-3.51,Test
2022-06-01,2726.0,2740.0,2730.0,2728.0,57000.0,-2.19,Test
2022-06-02,2737.3,2748.6,2740.2,2737.2,54420.0,-1.338,Test
2022-06-03,2748.6,2757.2,2750.4,2746.4,51840.0,-0.486,Test
2022-06-04,2759.9,2765.8,2760.6,2755.6,49260.0,0.3660000000000001,Test
2022-06-05,2771.2,2774.4,2770.8,2764.8,46680.0,1.218,Test
2022-06-06,2782.5,2783.0,2781.0,2774.0,44100.0,2.07,Test
2022-06-07,2778.5,2755.0,2745.0,2745.0,39600.0,-0.14,Test
2022-06-08,2819.0,2798.0,2797.0,2798.0,35340.0,1.46,Test
2022-06-09,2761.0,2785.0,2788.0,2785.0,41390.0,-2.06,Test
2022-06-10,2680.0,2705.0,2710.0,2705.0,44180.0,-2.93,Test
2022-06-11,2662.6666666666665,2672.6666666666665,2675.6666666666665,2672.0,49846.666666666664,-2.6,Test
2022-06-12,2645.3333333333335,2640.3333333333335,2641.3333333333335,2639.0,55513.333333333336,-2.27,Test
2022-06-13,2628.0,2608.0,2607.0,2606.0,61180.0,-1.94,Test
2022-06-14,2570.0,2615.0,2610.0,2610.0,51080.0,-2.21,Test
2022-06-15,2592.5,2600.0,2594.0,2593.5,46510.0,0.88,Test
2022-06-16,2504.5,2535.0,2529.0,2525.0,56340.0,-3.39,Test
2022-06-17,2498.0,2500.0,2500.0,2500.0,40740.0,-0.26,Test
2022-06-18,2507.6666666666665,2496.0,2494.0,2493.6666666666665,34456.666666666664,0.21333333333333332,Test
2022-06-19,2517.3333333333335,2492.0,2488.0,2487.3333333333335,28173.333333333336,0.6866666666666666,Test
2022-06-20,2527.0,2488.0,2482.0,2481.0,21890.0,1.16,Test
2022-06-21,2533.5,2526.0,2530.0,2526.0,21890.0,0.26,Test
2022-06-22,2528.0,2509.0,2528.0,2464.0,21890.0,-0.22,Test
