,Price,Open,High,Low,Vol.,Change %,Mode
2014-01-01,110.1,110.0,110.7,109.9,450.0,0.64,Train
2014-01-02,111.2,110.55,112.2,110.45,4720.0,1.0,Train
2014-01-03,109.2,110.9,111.1,109.05,4520.0,-1.8,Train
2014-01-04,109.35000000000001,110.43333333333334,110.64999999999999,108.73333333333333,4333.333333333333,-1.0633333333333335,Train
2014-01-05,109.5,109.96666666666667,110.2,108.41666666666666,4146.666666666667,-0.32666666666666666,Train
2014-01-06,109.65,109.5,109.75,108.1,3960.0,0.41,Train
2014-01-07,109.3,109.3,109.75,108.85,3110.0,-0.32,Train
2014-01-08,108.75,109.35,109.5,108.6,3130.0,-0.5,Train
2014-01-09,107.0,108.75,108.75,106.9,4200.0,-1.61,Train
2014-01-10,106.95,107.05,107.65,106.5,5480.0,-0.05,Train
2014-01-11,107.10000000000001,107.11666666666666,107.63333333333334,106.4,5463.333333333333,0.10666666666666665,Train
2014-01-12,107.25,107.18333333333334,107.61666666666666,106.3,5446.666666666667,0.2633333333333333,Train
2014-01-13,107.4,107.25,107.6,106.2,5430.0,0.42,Train
2014-01-14,106.5,107.45,107.45,106.3,3260.0,-0.84,Train
2014-01-15,107.8,106.4,108.35,106.05,5530.0,1.22,Train
2014-01-16,108.4,108.05,109.3,107.8,5520.0,0.56,Train
2014-01-17,110.2,108.3,110.35,107.85,5760.0,1.66,Train
2014-01-18,109.78333333333333,108.88333333333333,110.3,108.18333333333332,4953.333333333333,0.7299999999999999,Train
2014-01-19,109.36666666666667,109.46666666666667,110.25,108.51666666666667,4146.666666666667,-0.20000000000000018,Train
2014-01-20,108.95,110.05,110.2,108.85,3340.0,-1.13,Train
2014-01-21,109.3,108.85,109.75,108.1,5340.0,0.32,Train
2014-01-22,107.9,109.5,109.75,107.8,3890.0,-1.28,Train
2014-01-23,107.5,108.0,108.25,107.05,4790.0,-0.37,Train
2014-01-24,108.05,107.55,108.7,107.15,3460.0,0.51,Train
2014-01-25,108.35,107.8,108.81666666666666,107.28333333333333,3280.0,0.6166666666666667,Train
2014-01-26,108.65,108.05,108.93333333333334,107.41666666666667,3100.0,0.7233333333333333,Train
2014-01-27,108.95,108.3,109.05,107.55,2920.0,0.83,Train
2014-01-28,107.7,108.35,108.65,107.2,3120.0,-1.15,Train
2014-01-29,107.15,107.2,107.75,106.6,2880.0,-0.51,Train
2014-01-30,105.3,107.0,107.15,105.1,4600.0,-1.73,Train
2014-01-31,103.95,104.8,105.3,103.85,2440.0,-1.28,Train
2014-02-01,103.93333333333334,105.13333333333333,105.56666666666666,103.83333333333333,3336.6666666666665,-0.8700000000000001,Train
2014-02-02,103.91666666666667,105.46666666666667,105.83333333333333,103.81666666666666,4233.333333333333,-0.4600000000000001,Train
2014-02-03,103.9,105.8,106.1,103.8,5130.0,-0.05,Train
2014-02-04,104.05,104.05,104.95,103.5,5620.0,0.14,Train
2014-02-05,105.15,104.2,105.5,104.2,5420.0,1.06,Train
2014-02-06,105.1,104.85,105.6,104.45,5000.0,-0.05,Train
2014-02-07,105.15,105.3,105.9,105.0,3710.0,0.05,Train
2014-02-08,104.9,105.26666666666667,105.88333333333334,104.73333333333333,3973.3333333333335,-0.20333333333333337,Train
2014-02-09,104.65,105.23333333333333,105.86666666666666,104.46666666666667,4236.666666666667,-0.4566666666666667,Train
2014-02-10,104.4,105.2,105.85,104.2,4500.0,-0.71,Train
2014-02-11,104.6,104.3,105.3,103.7,6150.0,0.19,Train
2014-02-12,105.4,104.75,105.9,104.75,4810.0,0.76,Train
2014-02-13,106.45,105.35,106.6,105.05,6270.0,1.0,Train
2014-02-14,105.95,106.5,107.0,105.85,4950.0,-0.47,Train
2014-02-15,105.71666666666667,106.46666666666667,106.93333333333334,105.58333333333333,4536.666666666667,-0.5333333333333333,Train
2014-02-16,105.48333333333333,106.43333333333334,106.86666666666666,105.31666666666666,4123.333333333333,-0.5966666666666667,Train
2014-02-17,105.25,106.4,106.8,105.05,3710.0,-0.66,Train
2014-02-18,107.35,105.45,107.4,104.6,7400.0,2.0,Train
2014-02-19,107.8,107.45,108.7,107.3,6870.0,0.42,Train
2014-02-20,107.7,107.7,107.95,106.85,4170.0,-0.09,Train
2014-02-21,107.4,107.85,108.35,107.3,3250.0,-0.28,Train
2014-02-22,107.13333333333334,107.5,107.89999999999999,106.71666666666667,3723.3333333333335,-0.43333333333333335,Train
2014-02-23,106.86666666666666,107.14999999999999,107.45,106.13333333333333,4196.666666666667,-0.5866666666666667,Train
2014-02-24,106.6,106.8,107.0,105.55,4670.0,-0.74,Train
2014-02-25,107.05,106.8,107.2,105.8,4500.0,0.42,Train
2014-02-26,107.55,106.8,108.4,106.5,4350.0,0.47,Train
2014-02-27,107.1,106.8,107.25,106.3,2280.0,-0.42,Train
2014-02-28,106.75,107.1,107.5,106.2,3450.0,-0.33,Train
2014-03-01,106.43333333333334,107.08333333333333,107.35,105.9,4973.333333333333,-0.5166666666666667,Train
2014-03-02,106.11666666666666,107.06666666666666,107.2,105.6,6496.666666666666,-0.7033333333333334,Train
2014-03-03,105.8,107.05,107.05,105.3,8020.0,-0.89,Train
2014-03-04,108.05,106.0,108.25,105.45,9070.0,2.13,Train
2014-03-05,107.4,108.05,109.2,107.3,8390.0,-0.6,Train
2014-03-06,107.7,107.1,108.1,106.35,6580.0,0.28,Train
2014-03-07,106.6,107.85,108.2,106.15,8039.999999999999,-1.02,Train
2014-03-08,106.7,107.33333333333333,107.8,105.85000000000001,7839.999999999999,-0.5866666666666667,Train
2014-03-09,106.8,106.81666666666666,107.4,105.55,7640.0,-0.15333333333333332,Train
2014-03-10,106.9,106.3,107.0,105.25,7440.0,0.28,Train
2014-03-11,105.55,106.7,107.85,105.35,7450.0,-1.26,Train
2014-03-12,106.0,105.9,106.45,104.95,7030.0,0.43,Train
2014-03-13,104.95,105.8,106.0,104.6,7000.0,-0.99,Train
2014-03-14,105.1,105.2,105.65,104.45,5990.0,0.14,Train
2014-03-15,104.6,105.03333333333333,105.33333333333334,104.13333333333334,5070.0,-0.3833333333333333,Train
2014-03-16,104.1,104.86666666666667,105.01666666666667,103.81666666666666,4150.0,-0.9066666666666666,Train
2014-03-17,103.6,104.7,104.7,103.5,3230.0,-1.43,Train
2014-03-18,104.2,103.9,104.45,103.6,4130.0,0.58,Train
2014-03-19,104.0,104.35,104.45,102.25,11810.0,-0.19,Train
2014-03-20,102.7,103.6,103.85,102.5,5500.0,-1.25,Train
2014-03-21,103.15,102.65,103.4,102.15,5320.0,0.44,Train
2014-03-22,103.08333333333334,102.8,103.38333333333334,102.28333333333333,4726.666666666667,0.23,Train
2014-03-23,103.01666666666667,102.95,103.36666666666666,102.41666666666667,4133.333333333333,0.020000000000000018,Train
2014-03-24,102.95,103.1,103.35,102.55,3540.0,-0.19,Train
2014-03-25,103.35,103.1,104.1,102.8,6510.0,0.39,Train
2014-03-26,101.9,103.3,103.85,101.7,6020.0,-1.4,Train
2014-03-27,102.05,102.05,102.6,101.4,6080.0,0.15,Train
2014-03-28,103.2,101.95,103.4,101.85,5290.0,1.13,Train
2014-03-29,103.45,102.31666666666666,103.76666666666667,102.18333333333332,5273.333333333333,0.9966666666666666,Train
2014-03-30,103.7,102.68333333333334,104.13333333333334,102.51666666666667,5256.666666666667,0.8633333333333333,Train
2014-03-31,103.95,103.05,104.5,102.85,5240.0,0.73,Train
2014-04-01,106.35,106.0,106.7,105.65,5020.0,2.31,Train
2014-04-02,108.4,106.0,108.5,105.9,8150.0,1.93,Train
2014-04-03,109.6,108.15,110.1,108.0,7820.0,1.11,Train
2014-04-04,108.0,109.6,110.35,107.85,6640.0,-1.46,Train
2014-04-05,108.3,109.06666666666666,110.2,107.83333333333333,6716.666666666667,-0.6966666666666667,Train
2014-04-06,108.60000000000001,108.53333333333333,110.05,107.81666666666666,6793.333333333333,0.06666666666666665,Train
2014-04-07,108.9,108.0,109.9,107.8,6870.0,0.83,Train
2014-04-08,108.6,108.6,108.75,107.4,3030.0,-0.28,Train
2014-04-09,110.8,108.7,110.9,108.35,8300.0,2.03,Train
2014-04-10,112.8,110.7,113.0,110.7,8560.0,1.81,Train
2014-04-11,112.05,112.6,113.5,111.7,10380.0,-0.66,Train
2014-04-12,112.01666666666667,112.51666666666667,113.2,111.73333333333333,7983.333333333334,-0.47,Train
2014-04-13,111.98333333333333,112.43333333333332,112.89999999999999,111.76666666666667,5586.666666666667,-0.27999999999999997,Train
2014-04-14,111.95,112.35,112.6,111.8,3190.0,-0.09,Train
2014-04-15,110.2,111.8,111.8,109.5,6750.0,-1.56,Train
2014-04-16,111.35,109.75,111.9,109.25,6990.0,1.04,Train
2014-04-17,111.0,111.3,112.0,110.3,4650.0,-0.31,Train
2014-04-18,111.0625,111.2375,111.875,110.3375,3972.5,-0.175,Train
2014-04-19,111.125,111.175,111.75,110.375,3295.0,-0.03999999999999998,Train
2014-04-20,111.1875,111.1125,111.625,110.4125,2617.5,0.09500000000000003,Train
2014-04-21,111.25,111.05,111.5,110.45,1940.0,0.23,Train
2014-04-22,113.3,111.3,113.45,111.3,5840.0,1.84,Train
2014-04-23,112.55,113.55,114.0,112.15,6070.0,-0.66,Train
2014-04-24,111.475,113.1,113.575,111.15,7100.0,-1.2850000000000001,Train
2014-04-25,110.4,112.65,113.15,110.15,8130.000000000001,-1.91,Train
2014-04-26,109.86666666666667,112.01666666666667,112.53333333333333,109.66666666666667,7920.000000000001,-1.7566666666666666,Train
2014-04-27,109.33333333333333,111.38333333333334,111.91666666666667,109.18333333333334,7710.0,-1.6033333333333333,Train
2014-04-28,108.8,110.75,111.3,108.7,7500.0,-1.45,Train
2014-04-29,106.85,108.65,108.95,106.65,6570.0,-1.79,Train
2014-04-30,106.6,106.9,107.0,106.2,3000.0,-0.23,Train
2014-05-01,106.35,107.05,107.05,106.1,2370.0,-0.23,Train
2014-05-02,106.2,106.1,106.55,105.7,6320.0,-0.14,Train
2014-05-03,106.2,106.14999999999999,106.71666666666667,105.83333333333333,5070.0,-0.09333333333333335,Train
2014-05-04,106.2,106.2,106.88333333333333,105.96666666666667,3820.0,-0.046666666666666676,Train
2014-05-05,106.2,106.25,107.05,106.1,2570.0,0.0,Train
2014-05-06,105.6,106.45,106.85,105.5,6630.0,-0.56,Train
2014-05-07,104.4,105.75,106.2,104.3,7430.0,-1.14,Train
2014-05-08,104.45,104.7,105.15,103.85,6130.0,0.05,Train
2014-05-09,103.9,104.75,105.2,103.6,6490.0,-0.53,Train
2014-05-10,104.18333333333334,104.51666666666667,105.16666666666667,103.68333333333332,6550.0,-0.08000000000000002,Train
2014-05-11,104.46666666666667,104.28333333333333,105.13333333333333,103.76666666666667,6610.0,0.37,Train
2014-05-12,104.75,104.05,105.1,103.85,6670.0,0.82,Train
2014-05-13,104.2,104.7,105.55,104.05,7360.0,-0.53,Train
2014-05-14,105.65,104.55,105.85,104.55,5540.0,1.39,Train
2014-05-15,103.65,105.3,105.45,103.35,7280.0,-1.89,Train
2014-05-16,102.05,103.3,103.5,101.7,8520.0,-1.54,Train
2014-05-17,102.01666666666667,102.89999999999999,103.18333333333334,101.66666666666667,7790.0,-1.06,Train
2014-05-18,101.98333333333333,102.5,102.86666666666666,101.63333333333333,7060.0,-0.5800000000000001,Train
2014-05-19,101.95,102.1,102.55,101.6,6330.0,-0.1,Train
2014-05-20,102.0,102.0,102.65,101.25,6190.0,0.05,Train
2014-05-21,102.05,102.2,102.35,101.3,5740.0,0.05,Train
2014-05-22,102.75,102.1,103.15,101.7,8100.0,0.69,Train
2014-05-23,104.35,102.95,104.5,102.9,9150.0,1.56,Train
2014-05-24,104.53333333333333,103.55,104.68333333333334,103.3,7153.333333333333,1.2166666666666668,Train
2014-05-25,104.71666666666667,104.15,104.86666666666666,103.7,5156.666666666666,0.8733333333333334,Train
2014-05-26,104.9,104.75,105.05,104.1,3160.0,0.53,Train
2014-05-27,105.3,104.9,105.7,104.55,6360.0,0.38,Train
2014-05-28,106.5,105.75,106.65,105.5,6870.0,1.14,Train
2014-05-29,106.45,106.2,106.9,105.3,6650.0,-0.05,Train
2014-05-30,107.25,106.2,107.65,106.05,3980.0,0.75,Train
2014-05-31,107.83333333333333,106.88333333333334,108.2,106.75,4253.333333333333,1.0433333333333332,Train
2014-06-01,108.41666666666667,107.56666666666666,108.75,107.45,4526.666666666667,1.3366666666666664,Train
2014-06-02,109.0,108.25,109.3,108.15,4800.0,1.63,Train
2014-06-03,109.3,108.8,109.7,108.15,9140.0,0.28,Train
2014-06-04,108.4,109.1,109.1,107.6,9250.0,-0.82,Train
2014-06-05,108.85,108.25,109.7,107.85,10050.0,0.42,Train
2014-06-06,109.8,108.75,110.05,108.15,11170.0,0.87,Train
2014-06-07,110.76666666666667,109.16666666666667,111.0,108.76666666666667,10840.0,1.46,Train
2014-06-08,111.73333333333333,109.58333333333333,111.95,109.38333333333334,10510.0,2.05,Train
2014-06-09,112.7,110.0,112.9,110.0,10180.0,2.64,Train
2014-06-10,111.0,112.2,112.75,110.9,9250.0,-1.51,Train
2014-06-11,109.3,111.3,111.9,109.2,8600.0,-1.53,Train
2014-06-12,107.35,109.55,109.55,107.15,9470.0,-1.78,Train
2014-06-13,108.65,107.65,108.9,107.65,6120.0,1.21,Train
2014-06-14,108.98333333333333,108.16666666666667,109.2,108.11666666666667,5873.333333333333,1.1133333333333333,Train
2014-06-15,109.31666666666668,108.68333333333334,109.5,108.58333333333333,5626.666666666667,1.0166666666666666,Train
2014-06-16,109.65,109.2,109.8,109.05,5380.0,0.92,Train
2014-06-17,109.75,109.8,110.15,109.05,6220.0,0.09,Train
2014-06-18,110.75,109.6,111.3,109.1,7980.0,0.91,Train
2014-06-19,111.85,110.15,112.1,109.95,6820.0,0.99,Train
2014-06-20,111.6,112.2,112.65,111.05,6670.0,-0.22,Train
2014-06-21,111.55,112.21666666666667,112.65,111.13333333333333,6576.666666666667,-0.19,Train
2014-06-22,111.5,112.23333333333333,112.65,111.21666666666667,6483.333333333333,-0.16,Train
2014-06-23,111.45,112.25,112.65,111.3,6390.0,-0.13,Train
2014-06-24,112.15,110.95,112.35,110.7,6830.0,0.63,Train
2014-06-25,112.45,112.1,113.35,111.55,8220.0,0.27,Train
2014-06-26,112.05,112.65,113.05,111.6,6140.0,-0.36,Train
2014-06-27,111.0,112.0,112.2,110.85,5560.0,-0.94,Train
2014-06-28,111.03333333333333,111.66666666666667,111.91666666666667,110.68333333333332,4653.333333333333,-0.5966666666666667,Train
2014-06-29,111.06666666666666,111.33333333333333,111.63333333333333,110.51666666666667,3746.666666666667,-0.2533333333333333,Train
2014-06-30,111.1,111.0,111.35,110.35,2840.0,0.09,Train
2014-07-01,112.25,112.85,113.45,111.85,7080.0,1.04,Train
2014-07-02,114.15,112.15,114.35,111.45,11490.0,1.69,Train
2014-07-03,114.4,114.0,115.1,113.8,8790.0,0.22,Train
2014-07-04,114.15,114.2,114.8,114.1,4630.0,-0.22,Train
2014-07-05,114.25,114.10000000000001,114.86666666666666,113.91666666666666,5160.0,-0.06,Train
2014-07-06,114.35000000000001,114.0,114.93333333333334,113.73333333333333,5690.0,0.1,Train
2014-07-07,114.45,113.9,115.0,113.55,6220.0,0.26,Train
2014-07-08,115.3,114.1,115.6,114.0,7760.0,0.74,Train
2014-07-09,114.65,115.25,116.25,114.55,7210.0,-0.56,Train
2014-07-10,114.9,114.5,115.5,113.8,7530.0,0.22,Train
2014-07-11,115.8,115.1,115.9,114.7,6480.0,0.78,Train
2014-07-12,115.85,115.28333333333333,116.16666666666667,114.93333333333334,6473.333333333333,0.5633333333333334,Train
2014-07-13,115.9,115.46666666666667,116.43333333333334,115.16666666666667,6466.666666666667,0.3466666666666667,Train
2014-07-14,115.95,115.65,116.7,115.4,6460.0,0.13,Train
2014-07-15,117.4,115.9,117.45,115.7,8540.0,1.25,Train
2014-07-16,117.95,117.5,119.0,117.25,11610.0,0.47,Train
2014-07-17,119.65,117.95,119.85,117.8,12640.0,1.44,Train
2014-07-18,118.7,119.6,119.6,118.25,10060.0,-0.79,Train
2014-07-19,119.58333333333333,119.31666666666666,120.26666666666667,118.21666666666667,10943.333333333334,0.21666666666666656,Train
2014-07-20,120.46666666666667,119.03333333333333,120.93333333333332,118.18333333333334,11826.666666666666,1.2233333333333332,Train
2014-07-21,121.35,118.75,121.6,118.15,12710.0,2.23,Train
2014-07-22,122.3,121.5,122.8,121.15,10600.0,0.78,Train
2014-07-23,119.9,122.15,122.4,119.8,11810.0,-1.96,Train
2014-07-24,121.0,120.2,122.05,120.15,9250.0,0.92,Train
2014-07-25,119.6,121.4,121.9,119.3,8850.0,-1.16,Train
2014-07-26,119.88333333333333,120.9,121.46666666666667,119.35,8813.333333333334,-0.5366666666666666,Train
2014-07-27,120.16666666666667,120.4,121.03333333333333,119.4,8776.666666666666,0.08666666666666667,Train
2014-07-28,120.45,119.9,120.6,119.45,8740.0,0.71,Train
2014-07-29,118.7,120.0,120.0,118.55,4390.0,-1.45,Train
2014-07-30,121.9,119.1,122.05,118.25,9050.0,2.7,Train
2014-07-31,121.35,121.4,122.0,120.9,5110.0,-0.45,Train
2014-08-01,121.2,121.75,122.25,120.6,9130.0,-0.12,Train
2014-08-02,122.08333333333333,121.63333333333334,122.85,120.63333333333333,9826.666666666666,0.65,Train
2014-08-03,122.96666666666667,121.51666666666667,123.45,120.66666666666667,10523.333333333334,1.42,Train
2014-08-04,123.85,121.4,124.05,120.7,11220.0,2.19,Train
2014-08-05,122.85,123.4,123.4,122.25,7990.0,-0.81,Train
2014-08-06,123.9,122.75,124.65,122.05,11060.0,0.85,Train
2014-08-07,124.2,123.9,124.5,123.3,8970.0,0.24,Train
2014-08-08,123.9,124.0,124.5,123.1,8090.0,-0.24,Train
2014-08-09,124.05,123.96666666666667,124.66666666666667,123.25,8143.333333333333,-0.04000000000000001,Train
2014-08-10,124.2,123.93333333333334,124.83333333333333,123.39999999999999,8196.666666666666,0.15999999999999998,Train
2014-08-11,124.35,123.9,125.0,123.55,8250.0,0.36,Train
2014-08-12,124.95,124.1,125.45,124.0,8980.0,0.48,Train
2014-08-13,123.45,124.7,124.7,123.35,8570.0,-1.2,Train
2014-08-14,121.05,123.35,123.4,120.85,10570.0,-1.94,Train
2014-08-15,121.3125,122.875,123.17500000000001,120.76249999999999,9927.5,-1.2374999999999998,Train
2014-08-16,121.57499999999999,122.4,122.95,120.675,9285.0,-0.5349999999999999,Train
2014-08-17,121.83749999999999,121.925,122.725,120.5875,8642.5,0.16749999999999998,Train
2014-08-18,122.1,121.45,122.5,120.5,8000.0,0.87,Train
2014-08-19,122.95,122.15,123.6,121.95,8090.0,0.7,Train
2014-08-20,125.2,123.15,125.3,122.25,13090.0,1.83,Train
2014-08-21,124.25,124.75,125.5,124.1,10040.0,-0.76,Train
2014-08-22,124.4,124.45,124.85,124.0,5960.0,0.12,Train
2014-08-23,124.60000000000001,124.3,124.98333333333333,124.0,4910.0,0.24,Train
2014-08-24,124.8,124.15,125.11666666666666,124.0,3860.0,0.36,Train
2014-08-25,125.0,124.0,125.25,124.0,2810.0,0.48,Train
2014-08-26,125.75,124.5,126.5,124.5,9280.0,0.6,Train
2014-08-27,125.8,125.55,125.95,125.05,7160.0,0.04,Train
2014-08-28,127.45,125.75,127.65,125.75,8380.0,1.31,Train
2014-08-29,126.7,126.25,129.0,126.25,5780.0,-0.59,Train
2014-08-30,126.7,126.46666666666667,128.45,126.16666666666667,6540.0,-0.3933333333333333,Train
2014-08-31,126.7,126.68333333333334,127.89999999999999,126.08333333333333,7300.000000000001,-0.19666666666666666,Train
2014-09-01,126.7,126.9,127.35,126.0,8060.000000000001,0.0,Train
2014-09-02,127.35,126.95,128.15,126.8,10750.0,0.51,Train
2014-09-03,125.2,127.6,127.75,125.05,10730.0,-1.69,Train
2014-09-04,126.75,125.6,126.85,125.25,10110.0,1.24,Train
2014-09-05,125.65,126.75,127.25,125.4,8970.0,-0.87,Train
2014-09-06,125.8,126.38333333333334,127.06666666666666,125.38333333333334,8510.0,-0.46,Train
2014-09-07,125.95,126.01666666666667,126.88333333333334,125.36666666666666,8050.0,-0.050000000000000044,Train
2014-09-08,126.1,125.65,126.7,125.35,7590.0,0.36,Train
2014-09-09,124.95,125.55,125.55,123.9,10620.0,-0.91,Train
2014-09-10,124.5,124.95,125.2,123.6,9840.0,-0.36,Train
2014-09-11,122.9,124.6,124.6,122.5,10000.0,-1.29,Train
2014-09-12,123.0,123.15,123.95,122.35,10010.0,0.08,Train
2014-09-13,122.18333333333334,122.91666666666667,123.46666666666667,121.61666666666666,10096.666666666666,-0.61,Train
2014-09-14,121.36666666666666,122.68333333333334,122.98333333333333,120.88333333333334,10183.333333333334,-1.2999999999999998,Train
2014-09-15,120.55,122.45,122.5,120.15,10270.0,-1.99,Train
2014-09-16,122.6,120.9,122.7,120.15,12440.0,1.7,Train
2014-09-17,120.2,122.35,122.55,120.1,11060.0,-1.96,Train
2014-09-18,119.1,120.15,120.35,118.85,11560.0,-0.92,Train
2014-09-19,118.9,119.3,119.7,118.8,7490.0,-0.17,Train
2014-09-20,118.98333333333333,119.1,119.55,118.3,7646.666666666667,-0.043333333333333335,Train
2014-09-21,119.06666666666668,118.9,119.4,117.8,7803.333333333333,0.08333333333333334,Train
2014-09-22,119.15,118.7,119.25,117.3,7960.0,0.21,Train
2014-09-23,118.2,118.85,119.3,118.1,8119.999999999999,-0.8,Train
2014-09-24,118.6,118.6,119.0,117.45,8450.0,0.34,Train
2014-09-25,118.4,118.5,118.8,118.05,5860.0,-0.17,Train
2014-09-26,117.95,118.6,118.9,117.8,5810.0,-0.38,Train
2014-09-27,118.38333333333334,118.36666666666666,119.06666666666668,117.66666666666667,5593.333333333333,0.11333333333333334,Train
2014-09-28,118.81666666666666,118.13333333333334,119.23333333333333,117.53333333333333,5376.666666666667,0.6066666666666667,Train
2014-09-29,119.25,117.9,119.4,117.4,5160.0,1.1,Train
2014-09-30,119.45,119.35,119.8,118.8,3620.0,0.17,Train
2014-10-01,118.35,119.6,119.9,117.9,6610.0,-0.92,Train
2014-10-02,117.975,118.69999999999999,119.0,117.0,4560.0,-0.775,Train
2014-10-03,117.6,117.8,118.1,116.1,2510.0,-0.63,Train
2014-10-04,117.63333333333333,117.8,118.06666666666666,116.48333333333333,2253.3333333333335,-0.39,Train
2014-10-05,117.66666666666667,117.8,118.03333333333333,116.86666666666666,1996.6666666666665,-0.15000000000000002,Train
2014-10-06,117.7,117.8,118.0,117.25,1740.0,0.09,Train
2014-10-07,119.25,118.0,119.35,117.1,8270.0,1.32,Train
2014-10-08,118.35,119.35,119.5,117.65,6180.0,-0.75,Train
2014-10-09,117.7,118.35,118.85,117.45,5380.0,-0.55,Train
2014-10-10,117.6,117.8,118.3,116.65,7050.0,-0.08,Train
2014-10-11,117.61666666666666,117.8,118.18333333333334,116.76666666666667,6343.333333333333,-0.04,Train
2014-10-12,117.63333333333334,117.8,118.06666666666666,116.88333333333334,5636.666666666667,0.0,Train
2014-10-13,117.65,117.8,117.95,117.0,4930.0,0.04,Train
2014-10-14,118.75,117.65,118.9,117.45,5880.0,0.93,Train
2014-10-15,118.3,117.725,118.45,116.875,8325.0,0.08500000000000008,Train
2014-10-16,117.85,117.8,118.0,116.3,10770.0,-0.76,Train
2014-10-17,120.2,117.55,121.0,116.85,11320.0,1.99,Train
2014-10-18,120.3,118.36666666666666,121.25,117.86666666666666,10643.333333333334,1.4100000000000001,Train
2014-10-19,120.4,119.18333333333334,121.5,118.88333333333334,9966.666666666666,0.8300000000000001,Train
2014-10-20,120.5,120.0,121.75,119.9,9290.0,0.25,Train
2014-10-21,121.5,120.4,122.0,119.35,10150.0,0.83,Train
2014-10-22,122.95,121.1,123.3,121.05,10540.0,1.19,Train
2014-10-23,121.45,121.44999999999999,122.55,120.32499999999999,7785.0,-0.625,Train
2014-10-24,119.95,121.8,121.8,119.6,5030.0,-2.44,Train
2014-10-25,120.43333333333334,121.26666666666667,121.73333333333333,119.68333333333332,4936.666666666667,-1.2233333333333334,Train
2014-10-26,120.91666666666667,120.73333333333333,121.66666666666666,119.76666666666667,4843.333333333333,-0.006666666666666821,Train
2014-10-27,121.4,120.2,121.6,119.85,4750.0,1.21,Train
2014-10-28,122.4,121.55,122.55,121.55,5780.0,0.82,Train
2014-10-29,124.7,122.25,125.55,122.1,7610.0,1.88,Train
2014-10-30,125.7,124.25,125.85,123.3,8650.0,0.8,Train
2014-10-31,126.6,125.4,127.2,125.35,4059.9999999999995,0.72,Train
2014-11-01,127.2,125.95,127.66666666666667,125.71666666666667,5586.666666666666,0.9533333333333333,Train
2014-11-02,127.8,126.5,128.13333333333333,126.08333333333333,7113.333333333333,1.1866666666666665,Train
2014-11-03,128.4,127.05,128.6,126.45,8640.0,1.42,Train
2014-11-04,126.95,128.35,128.35,126.2,6750.0,-1.13,Train
2014-11-05,127.1,126.45,127.8,124.8,9930.0,0.12,Train
2014-11-06,128.3,126.7,128.45,126.65,5460.0,0.94,Train
2014-11-07,127.0,128.3,129.0,126.85,9290.0,-1.01,Train
2014-11-08,126.68333333333334,127.80000000000001,128.28333333333333,126.48333333333333,8296.666666666666,-0.9233333333333333,Train
2014-11-09,126.36666666666666,127.3,127.56666666666666,126.11666666666666,7303.333333333333,-0.8366666666666667,Train
2014-11-10,126.05,126.8,126.85,125.75,6310.0,-0.75,Train
2014-11-11,126.8,125.85,126.9,124.35,7680.0,0.6,Train
2014-11-12,127.5,126.4,128.4,126.1,9130.0,0.55,Train
2014-11-13,126.1,127.35,128.3,126.0,8740.0,-1.1,Train
2014-11-14,125.85,126.0,126.5,124.8,9180.0,-0.2,Train
2014-11-15,126.0,125.88333333333334,126.66666666666667,124.85,8530.0,-0.013333333333333336,Train
2014-11-16,126.14999999999999,125.76666666666667,126.83333333333333,124.9,7880.0,0.17333333333333334,Train
2014-11-17,126.3,125.65,127.0,124.95,7230.0,0.36,Train
2014-11-18,124.95,126.35,126.35,124.5,7790.0,-1.07,Train
2014-11-19,126.15,125.25,126.6,124.7,7940.0,0.96,Train
2014-11-20,126.55,126.0,126.7,125.1,6800.0,0.32,Train
2014-11-21,127.15,126.45,128.2,126.4,7650.0,0.47,Train
2014-11-22,127.38333333333334,126.66666666666667,128.2,126.48333333333333,7210.0,0.49666666666666665,Train
2014-11-23,127.61666666666666,126.88333333333333,128.2,126.56666666666668,6770.0,0.5233333333333333,Train
2014-11-24,127.85,127.1,128.2,126.65,6330.0,0.55,Train
2014-11-25,128.9,127.9,129.45,127.7,8660.0,0.82,Train
2014-11-26,129.3,128.95,130.15,128.7,9180.0,0.31,Train
2014-11-27,128.45,129.05,129.85,128.15,6810.0,-0.66,Train
2014-11-28,128.1,128.35,129.2,127.2,7580.0,-0.27,Train
2014-11-29,127.39999999999999,127.39999999999999,128.23333333333332,126.13333333333334,7943.333333333333,-0.7266666666666666,Train
2014-11-30,126.7,126.45,127.26666666666667,125.06666666666666,8306.666666666666,-1.1833333333333331,Train
2014-12-01,126.0,125.5,126.3,124.0,8670.0,-1.64,Train
2014-12-02,122.0,125.7,126.0,121.7,8050.000000000001,-3.17,Train
2014-12-03,121.65,122.5,122.85,120.85,9090.0,-0.29,Train
2014-12-04,122.95,122.1,123.1,121.7,6890.0,1.07,Train
2014-12-05,122.4,122.85,123.85,122.2,6620.0,-0.45,Train
2014-12-06,121.88333333333334,122.7,123.48333333333333,121.71666666666667,6236.666666666667,-0.7233333333333334,Train
2014-12-07,121.36666666666666,122.55,123.11666666666666,121.23333333333333,5853.333333333333,-0.9966666666666668,Train
2014-12-08,120.85,122.4,122.75,120.75,5470.0,-1.27,Train
2014-12-09,121.6,121.0,122.15,120.3,7330.0,0.62,Train
2014-12-10,121.35,121.45,122.3,121.0,5250.0,-0.21,Train
2014-12-11,120.85,121.25,121.55,120.5,5930.0,-0.41,Train
2014-12-12,120.65,121.05,121.45,120.25,5110.0,-0.17,Train
2014-12-13,120.98333333333333,120.95,121.68333333333334,120.41666666666667,5260.0,0.1633333333333333,Train
2014-12-14,121.31666666666668,120.85,121.91666666666667,120.58333333333333,5410.0,0.4966666666666666,Train
2014-12-15,121.65,120.75,122.15,120.75,5560.0,0.83,Train
2014-12-16,120.8,121.3,121.6,120.1,7380.0,-0.7,Train
2014-12-17,120.7,120.6,121.0,119.3,7370.0,-0.08,Train
2014-12-18,119.25,120.5,120.7,118.7,7490.0,-1.2,Train
2014-12-19,119.8,119.6,120.7,119.2,5850.0,0.46,Train
2014-12-20,119.25,119.68333333333332,120.55,118.76666666666667,6046.666666666667,-0.15333333333333327,Train
2014-12-21,118.7,119.76666666666667,120.4,118.33333333333334,6243.333333333333,-0.7666666666666666,Train
2014-12-22,118.15,119.85,120.25,117.9,6440.0,-1.38,Train
2014-12-23,117.5,118.3,118.8,117.3,4570.0,-0.55,Train
2014-12-24,117.25,117.65,118.25,117.1,5000.0,-0.21,Train
2014-12-25,117.125,117.525,118.075,116.975,3740.0,-0.21,Train
2014-12-26,117.0,117.4,117.9,116.85,2480.0,-0.21,Train
2014-12-27,117.08333333333333,117.43333333333334,117.88333333333334,116.68333333333332,3453.3333333333335,-0.07,Train
2014-12-28,117.16666666666667,117.46666666666667,117.86666666666666,116.51666666666667,4426.666666666667,0.06999999999999998,Train
2014-12-29,117.25,117.5,117.85,116.35,5400.0,0.21,Train
2014-12-30,116.1,117.75,117.75,115.9,5250.0,-0.98,Train
2014-12-31,115.95,116.6,117.25,115.8,2780.0,-0.13,Train
2015-01-01,115.825,117.0,117.325,115.6,4680.0,-0.175,Train
2015-01-02,115.7,117.4,117.4,115.4,6580.0,-0.22,Train
2015-01-03,115.38333333333334,116.88333333333334,116.91666666666667,115.10000000000001,6356.666666666667,-0.42,Train
2015-01-04,115.06666666666666,116.36666666666666,116.43333333333334,114.8,6133.333333333333,-0.62,Train
2015-01-05,114.75,115.85,115.95,114.5,5910.0,-0.82,Train
2015-01-06,112.6,114.95,114.95,112.4,7870.0,-1.87,Train
2015-01-07,112.65,112.95,113.55,111.55,9740.0,0.04,Train
2015-01-08,113.85,112.5,113.95,111.35,9930.0,1.07,Train
2015-01-09,112.25,113.6,114.5,112.1,10540.0,-1.41,Train
2015-01-10,112.16666666666667,113.11666666666666,114.0,111.83333333333333,9773.333333333334,-1.0133333333333332,Train
2015-01-11,112.08333333333333,112.63333333333334,113.5,111.56666666666666,9006.666666666666,-0.6166666666666666,Train
2015-01-12,112.0,112.15,113.0,111.3,8240.0,-0.22,Train
2015-01-13,110.85,111.8,112.2,109.8,9580.0,-1.03,Train
2015-01-14,110.2,110.65,111.35,108.85,11930.0,-0.59,Train
2015-01-15,110.3,110.5,111.3,109.55,6420.0,0.09,Train
2015-01-16,113.3,111.25,113.85,110.45,8450.0,2.72,Train
2015-01-17,112.81666666666666,111.85,113.68333333333332,110.75,8126.666666666667,1.386666666666667,Train
2015-01-18,112.33333333333333,112.45,113.51666666666667,111.05,7803.333333333333,0.05333333333333368,Train
2015-01-19,111.85,113.05,113.35,111.35,7480.0,-1.28,Train
2015-01-20,114.1,112.4,114.35,111.55,8580.0,2.01,Train
2015-01-21,115.65,113.35,115.9,112.55,8170.0,1.36,Train
2015-01-22,114.4,115.6,116.55,114.3,9420.0,-1.08,Train
2015-01-23,112.3,114.1,114.4,112.15,6390.0,-1.84,Train
2015-01-24,112.7375,113.9375,114.72500000000001,112.15,7642.5,-0.99,Train
2015-01-25,113.175,113.775,115.05000000000001,112.15,8895.0,-0.1399999999999999,Train
2015-01-26,113.6125,113.6125,115.375,112.15,10147.5,0.7100000000000002,Train
2015-01-27,114.05,113.45,115.7,112.15,11400.0,1.56,Train
2015-01-28,112.8,113.55,114.7,112.65,6010.0,-1.1,Train
2015-01-29,112.25,112.7,113.25,111.7,7730.0,-0.49,Train
2015-01-30,113.4,112.0,113.5,111.6,2970.0,1.02,Train
2015-01-31,114.0,113.15,114.28333333333333,112.53333333333333,3910.0,1.21,Train
2015-02-01,114.60000000000001,114.3,115.06666666666666,113.46666666666667,4850.0,1.4000000000000001,Train
2015-02-02,115.2,115.45,115.85,114.4,5790.0,1.59,Train
2015-02-03,116.2,115.35,116.7,115.25,5820.0,0.87,Train
2015-02-04,115.6,115.95,116.35,115.1,7400.0,-0.52,Train
2015-02-05,116.0,115.45,116.25,114.1,7050.0,0.35,Train
2015-02-06,115.85,115.95,116.6,115.2,6950.0,-0.13,Train
2015-02-07,115.85,115.93333333333334,116.64999999999999,115.28333333333333,6333.333333333333,-0.08666666666666667,Train
2015-02-08,115.85,115.91666666666667,116.7,115.36666666666667,5716.666666666667,-0.043333333333333335,Train
2015-02-09,115.85,115.9,116.75,115.45,5100.0,0.0,Train
2015-02-10,114.1,115.25,115.9,114.0,6670.0,-1.51,Train
2015-02-11,113.15,114.1,114.2,112.8,6540.0,-0.83,Train
2015-02-12,114.0,113.35,114.35,113.2,6220.0,0.75,Train
2015-02-13,113.95,114.25,115.1,113.7,5940.0,-0.04,Train
2015-02-14,113.56666666666666,114.08333333333333,114.91666666666666,113.36666666666667,6003.333333333333,-0.3633333333333333,Train
2015-02-15,113.18333333333334,113.91666666666667,114.73333333333333,113.03333333333333,6066.666666666667,-0.6866666666666666,Train
2015-02-16,112.8,113.75,114.55,112.7,6130.0,-1.01,Train
2015-02-17,112.55,112.6,112.85,112.0,4450.0,-0.22,Train
2015-02-18,112.85,112.8,113.5,112.2,6410.0,0.27,Train
2015-02-19,112.25,112.65,112.8,111.6,5700.0,-0.53,Train
2015-02-20,111.35,112.35,112.6,111.05,5440.0,-0.8,Train
2015-02-21,111.14999999999999,112.16666666666666,112.39999999999999,110.81666666666666,5583.333333333333,-0.7133333333333334,Train
2015-02-22,110.95,111.98333333333333,112.2,110.58333333333333,5726.666666666667,-0.6266666666666667,Train
2015-02-23,110.75,111.8,112.0,110.35,5870.0,-0.54,Train
2015-02-24,111.5,110.9,112.6,110.75,6990.0,0.68,Train
2015-02-25,110.75,111.85,112.2,110.4,6040.0,-0.67,Train
2015-02-26,110.9,110.95,112.3,110.4,7330.0,0.14,Train
2015-02-27,110.8,110.8,111.15,110.15,2360.0,-0.09,Train
2015-02-28,112.4,112.0,112.55,111.7,750.0,1.44,Train
2015-03-01,112.1,112.45,112.975,111.7,3120.0,0.45499999999999996,Train
2015-03-02,111.8,112.9,113.4,111.7,5490.0,-0.53,Train
2015-03-03,111.35,111.9,111.95,110.95,5110.0,-0.4,Train
2015-03-04,112.45,111.45,112.6,111.2,5630.0,0.99,Train
2015-03-05,112.45,112.2,113.2,111.9,5680.0,0.0,Train
2015-03-06,111.95,112.35,112.95,111.6,3650.0,-0.44,Train
2015-03-07,111.96666666666667,112.23333333333333,112.75,111.38333333333333,5083.333333333333,-0.28,Train
2015-03-08,111.98333333333333,112.11666666666666,112.55,111.16666666666667,6516.666666666666,-0.12,Train
2015-03-09,112.0,112.0,112.35,110.95,7950.0,0.04,Train
2015-03-10,110.8,112.05,112.25,110.6,8270.0,-1.07,Train
2015-03-11,109.8,110.95,111.2,109.65,6850.0,-0.9,Train
2015-03-12,109.65,110.0,110.5,109.2,6960.0,-0.14,Train
2015-03-13,111.8,109.9,112.1,109.85,8060.000000000001,1.96,Train
2015-03-14,111.56666666666666,110.53333333333333,112.11666666666666,110.16666666666666,7570.000000000001,1.0966666666666667,Train
2015-03-15,111.33333333333333,111.16666666666667,112.13333333333334,110.48333333333333,7080.0,0.2333333333333334,Train
2015-03-16,111.1,111.8,112.15,110.8,6590.0,-0.63,Train
2015-03-17,112.0,111.05,112.15,110.25,8720.0,0.81,Train
2015-03-18,110.05,111.85,111.85,109.85,6820.0,-1.74,Train
2015-03-19,110.95,110.65,111.75,110.4,7270.0,0.82,Train
2015-03-20,111.55,111.05,112.4,110.1,10190.0,0.54,Train
2015-03-21,111.51666666666667,111.25,112.43333333333334,110.41666666666666,9390.0,0.33000000000000007,Train
2015-03-22,111.48333333333333,111.45,112.46666666666667,110.73333333333333,8590.0,0.12000000000000005,Train
2015-03-23,111.45,111.65,112.5,111.05,7790.0,-0.09,Train
2015-03-24,111.4,111.15,111.95,110.9,6540.0,-0.04,Train
2015-03-25,110.85,111.2,111.45,110.2,6370.0,-0.49,Train
2015-03-26,112.55,111.25,112.9,111.25,7120.0,1.53,Train
2015-03-27,111.25,112.3,112.35,110.6,5580.0,-1.16,Train
2015-03-28,111.46666666666667,111.89999999999999,112.3,110.71666666666667,5290.0,-0.58,Train
2015-03-29,111.68333333333334,111.5,112.25,110.83333333333333,5000.0,0.0,Train
2015-03-30,111.9,111.1,112.2,110.95,4710.0,0.58,Train
2015-03-31,111.95,111.95,112.45,111.45,3270.0,0.04,Train
2015-04-01,111.35,112.15,112.55,110.9,5740.0,-0.54,Train
2015-04-02,111.15,111.0,111.65,110.9,2750.0,-0.18,Train
2015-04-03,111.1375,111.1,111.78750000000001,110.9,2770.0,-0.145,Train
2015-04-04,111.125,111.2,111.92500000000001,110.9,2790.0,-0.11,Train
2015-04-05,111.1125,111.30000000000001,112.0625,110.9,2810.0,-0.07500000000000001,Train
2015-04-06,111.1,111.4,112.2,110.9,2830.0,-0.04,Train
2015-04-07,111.45,111.5,112.35,111.3,4680.0,0.32,Train
2015-04-08,110.45,111.3,111.7,110.3,6860.0,-0.9,Train
2015-04-09,109.9,110.35,110.5,109.6,5360.0,-0.5,Train
2015-04-10,110.1,110.0,110.75,109.95,5100.0,0.18,Train
2015-04-11,110.26666666666667,109.93333333333334,110.93333333333334,109.9,5596.666666666667,0.27,Train
2015-04-12,110.43333333333332,109.86666666666666,111.11666666666666,109.85,6093.333333333333,0.36,Train
2015-04-13,110.6,109.8,111.3,109.8,6590.0,0.45,Train
2015-04-14,111.65,110.6,111.85,110.4,4690.0,0.95,Train
2015-04-15,113.95,111.75,114.05,111.7,8800.0,2.06,Train
2015-04-16,114.2,114.0,115.55,113.9,9310.0,0.22,Train
2015-04-17,114.35,114.25,115.4,113.95,7960.0,0.13,Train
2015-04-18,114.55,114.36666666666666,115.53333333333333,114.16666666666667,7656.666666666667,0.26,Train
2015-04-19,114.75,114.48333333333333,115.66666666666667,114.38333333333333,7353.333333333333,0.39,Train
2015-04-20,114.95,114.6,115.8,114.6,7050.0,0.52,Train
2015-04-21,114.65,114.95,115.25,113.45,7010.0,-0.26,Train
2015-04-22,113.75,114.65,115.05,113.6,6360.0,-0.78,Train
2015-04-23,112.75,112.9,113.6,112.25,8080.0,-0.88,Train
2015-04-24,116.2,113.2,116.4,112.9,10270.0,3.06,Train
2015-04-25,116.18333333333334,114.21666666666667,116.7,113.88333333333334,9540.0,2.0266666666666664,Train
2015-04-26,116.16666666666667,115.23333333333333,117.0,114.86666666666666,8810.0,0.9933333333333332,Train
2015-04-27,116.15,116.25,117.3,115.85,8080.0,-0.04,Train
2015-04-28,118.2,116.2,118.3,115.95,7270.0,1.76,Train
2015-04-29,120.1,119.0,120.3,117.8,6830.0,1.61,Train
2015-04-30,121.45,120.15,121.65,120.15,3610.0,1.12,Train
2015-05-01,121.65,121.75,122.65,121.1,3580.0,0.16,Train
2015-05-02,121.51666666666667,121.8,122.4,121.01666666666667,2860.0,-0.003333333333333327,Train
2015-05-03,121.38333333333334,121.85000000000001,122.15,120.93333333333332,2140.0,-0.16666666666666666,Train
2015-05-04,121.25,121.9,121.9,120.85,1420.0,-0.33,Train
2015-05-05,124.6,121.15,125.1,120.5,10360.0,2.76,Train
2015-05-06,121.85,124.7,125.6,120.9,11000.0,-2.21,Train
2015-05-07,119.9,121.5,122.6,119.6,9890.0,-1.6,Train
2015-05-08,119.5,120.05,121.3,118.75,9550.0,-0.33,Train
2015-05-09,119.36666666666666,119.73333333333333,121.11666666666666,118.61666666666666,9186.666666666666,-0.33,Train
2015-05-10,119.23333333333333,119.41666666666666,120.93333333333334,118.48333333333333,8823.333333333334,-0.33,Train
2015-05-11,119.1,119.1,120.75,118.35,8460.0,-0.33,Train
2015-05-12,120.6,119.5,120.9,118.95,9130.0,1.26,Train
2015-05-13,119.3,120.25,121.35,118.8,7240.0,-1.08,Train
2015-05-14,116.95,119.35,119.8,116.55,6900.0,-1.97,Train
2015-05-15,116.25,117.25,117.65,115.8,5890.0,-0.6,Train
2015-05-16,115.61666666666666,117.05,117.4,115.28333333333333,6450.0,-0.9433333333333332,Train
2015-05-17,114.98333333333333,116.85000000000001,117.15,114.76666666666667,7010.0,-1.2866666666666666,Train
2015-05-18,114.35,116.65,116.9,114.25,7570.0,-1.63,Train
2015-05-19,112.8,114.7,114.75,112.25,8230.0,-1.36,Train
2015-05-20,111.85,112.9,113.1,111.7,6610.0,-0.84,Train
2015-05-21,111.0,112.2,112.75,110.9,7930.0,-0.76,Train
2015-05-22,110.3,111.35,111.5,109.7,6450.0,-0.63,Train
2015-05-23,110.3,110.96666666666667,111.2,109.75,4963.333333333333,-0.42000000000000004,Train
2015-05-24,110.3,110.58333333333333,110.89999999999999,109.8,3476.6666666666665,-0.21000000000000002,Train
2015-05-25,110.3,110.2,110.6,109.85,1990.0,0.0,Train
2015-05-26,110.15,110.7,111.3,109.7,6280.0,-0.14,Train
2015-05-27,109.05,110.25,110.65,108.8,6640.0,-1.0,Train
2015-05-28,110.85,109.2,111.05,108.7,10510.0,1.65,Train
2015-05-29,109.15,111.0,111.3,108.65,4040.0,-1.53,Train
2015-05-30,109.76666666666667,110.81666666666666,111.33333333333333,108.93333333333334,5010.0,-0.4566666666666668,Train
2015-05-31,110.38333333333334,110.63333333333334,111.36666666666667,109.21666666666667,5980.0,0.6166666666666665,Train
2015-06-01,111.0,110.45,111.4,109.5,6950.0,1.69,Train
2015-06-02,110.2,111.45,111.85,109.8,8660.0,-0.72,Train
2015-06-03,111.3,110.5,111.8,110.1,7350.0,1.0,Train
2015-06-04,110.7,111.65,111.65,110.3,6260.0,-0.54,Train
2015-06-05,110.95,110.65,111.15,109.25,9350.0,0.23,Train
2015-06-06,110.88333333333334,110.8,111.18333333333334,109.55,8500.0,0.09333333333333332,Train
2015-06-07,110.81666666666666,110.95,111.21666666666667,109.85000000000001,7650.0,-0.04333333333333336,Train
2015-06-08,110.75,111.1,111.25,110.15,6800.0,-0.18,Train
2015-06-09,110.85,110.95,111.75,110.4,10110.0,0.09,Train
2015-06-10,110.85,110.9,112.0,110.75,8330.0,0.0,Train
2015-06-11,110.45,110.9,111.3,109.55,8670.0,-0.36,Train
2015-06-12,110.05,110.55,110.85,109.8,6860.0,-0.36,Train
2015-06-13,109.48333333333333,110.3,110.5,108.95,8150.0,-0.7533333333333334,Train
2015-06-14,108.91666666666666,110.05,110.14999999999999,108.1,9440.0,-1.1466666666666667,Train
2015-06-15,108.35,109.8,109.8,107.25,10730.0,-1.54,Train
2015-06-16,107.75,108.55,108.75,107.4,7820.0,-0.55,Train
2015-06-17,107.55,107.9,108.55,107.25,8070.0,-0.19,Train
2015-06-18,106.75,107.6,108.3,106.55,9380.0,-0.74,Train
2015-06-19,105.75,106.95,107.15,105.5,7260.0,-0.94,Train
2015-06-20,105.9,106.65,106.9,105.43333333333334,7383.333333333333,-0.48333333333333334,Train
2015-06-21,106.05,106.35,106.65,105.36666666666666,7506.666666666667,-0.026666666666666727,Train
2015-06-22,106.2,106.05,106.4,105.3,7630.0,0.43,Train
2015-06-23,107.55,106.45,108.2,106.45,9260.0,1.27,Train
2015-06-24,106.85,107.7,108.3,106.45,7270.0,-0.65,Train
2015-06-25,107.2,107.1,107.55,106.3,7510.0,0.33,Train
2015-06-26,106.15,107.25,107.45,106.05,5810.0,-0.98,Train
2015-06-27,105.98333333333333,106.91666666666667,107.13333333333334,105.61666666666666,6583.333333333334,-0.8099999999999999,Train
2015-06-28,105.81666666666668,106.58333333333333,106.81666666666666,105.18333333333334,7356.666666666667,-0.6399999999999999,Train
2015-06-29,105.65,106.25,106.5,104.75,8130.000000000001,-0.47,Train
2015-06-30,104.85,105.4,105.5,104.45,6360.0,-0.76,Train
2015-07-01,109.25,106.85,109.55,106.2,10760.0,4.2,Train
2015-07-02,108.3,109.05,109.75,108.2,8820.0,-0.87,Train
2015-07-03,107.45,108.35,108.8,107.3,5950.0,-0.78,Train
2015-07-04,106.98333333333333,108.0,108.3,106.81666666666666,7796.666666666667,-0.9533333333333334,Train
2015-07-05,106.51666666666667,107.64999999999999,107.8,106.33333333333333,9643.333333333334,-1.1266666666666667,Train
2015-07-06,106.05,107.3,107.3,105.85,11490.0,-1.3,Train
2015-07-07,104.9,106.2,106.45,103.4,13550.0,-1.08,Train
2015-07-08,105.0,104.1,105.55,102.45,10370.0,0.1,Train
2015-07-09,106.15,105.1,106.5,104.45,10250.0,1.1,Train
2015-07-10,106.15,106.35,106.7,105.4,6180.0,0.0,Train
2015-07-11,106.43333333333334,106.16666666666666,106.93333333333334,105.41666666666667,6890.0,0.26666666666666666,Train
2015-07-12,106.71666666666667,105.98333333333333,107.16666666666667,105.43333333333334,7600.0,0.5333333333333333,Train
2015-07-13,107.0,105.8,107.4,105.45,8310.0,0.8,Train
2015-07-14,106.25,107.0,107.0,105.7,6440.0,-0.7,Train
2015-07-15,106.95,106.4,107.8,106.2,8520.0,0.66,Train
2015-07-16,106.9,106.9,107.65,106.5,6510.0,-0.05,Train
2015-07-17,105.9,106.85,107.15,105.75,5420.0,-0.94,Train
2015-07-18,105.66666666666667,106.46666666666667,106.71666666666667,105.46666666666667,5580.0,-0.8466666666666667,Train
2015-07-19,105.43333333333334,106.08333333333333,106.28333333333333,105.18333333333334,5740.0,-0.7533333333333333,Train
2015-07-20,105.2,105.7,105.85,104.9,5900.0,-0.66,Train
2015-07-21,103.45,105.25,105.4,103.3,8029.999999999999,-1.66,Train
2015-07-22,103.4,103.4,104.0,102.65,8380.0,-0.05,Train
2015-07-23,102.15,103.45,103.9,102.1,7220.0,-1.21,Train
2015-07-24,103.25,102.6,103.45,102.0,8680.0,1.08,Train
2015-07-25,103.28333333333333,102.81666666666666,103.60000000000001,102.15,8250.0,0.7533333333333334,Train
2015-07-26,103.31666666666666,103.03333333333333,103.75,102.3,7820.0,0.42666666666666664,Train
2015-07-27,103.35,103.25,103.9,102.45,7390.0,0.1,Train
2015-07-28,103.9,103.25,104.15,102.85,7730.0,0.53,Train
2015-07-29,103.85,103.9,104.5,103.7,5720.0,-0.05,Train
2015-07-30,103.1,103.85,104.05,102.7,6570.0,-0.72,Train
2015-07-31,101.9,102.85,102.85,101.45,5830.0,-1.16,Train
2015-08-01,102.11666666666667,102.89999999999999,102.91666666666666,101.55,6410.0,-0.5599999999999999,Train
2015-08-02,102.33333333333333,102.95,102.98333333333333,101.65,6990.0,0.040000000000000036,Train
2015-08-03,102.55,103.0,103.05,101.75,7570.0,0.64,Train
2015-08-04,102.35,102.15,102.85,101.75,8360.0,-0.2,Train
2015-08-05,100.9,102.1,102.5,100.85,7410.0,-1.42,Train
2015-08-06,100.55,101.0,101.3,99.7,9290.0,-0.35,Train
2015-08-07,100.35,100.35,101.5,100.15,8780.0,-0.2,Train
2015-08-08,100.85,100.3,101.86666666666666,100.11666666666667,9080.0,0.36333333333333334,Train
2015-08-09,101.35,100.25,102.23333333333333,100.08333333333333,9380.0,0.9266666666666667,Train
2015-08-10,101.85,100.2,102.6,100.05,9680.0,1.49,Train
2015-08-11,101.15,101.55,101.8,100.2,10510.0,-0.69,Train
2015-08-12,102.3,100.3,102.5,99.75,9970.0,1.14,Train
2015-08-13,101.7,102.0,102.4,101.15,7370.0,-0.59,Train
2015-08-14,101.5,101.5,101.9,101.0,5800.0,-0.2,Train
2015-08-15,101.41666666666667,101.56666666666666,101.95,100.86666666666666,6070.0,-0.21666666666666667,Train
2015-08-16,101.33333333333333,101.63333333333334,102.0,100.73333333333333,6340.0,-0.23333333333333334,Train
2015-08-17,101.25,101.7,102.05,100.6,6610.0,-0.25,Train
2015-08-18,100.75,101.65,101.8,100.4,8070.0,-0.49,Train
2015-08-19,100.5,100.6,101.2,100.25,6740.0,-0.25,Train
2015-08-20,101.8,100.6,102.6,100.6,7590.0,1.29,Train
2015-08-21,101.45,102.1,102.6,100.9,7940.0,-0.34,Train
2015-08-22,101.33333333333333,101.66666666666666,102.21666666666667,100.41666666666667,8956.666666666666,-0.34,Train
2015-08-23,101.21666666666667,101.23333333333333,101.83333333333333,99.93333333333334,9973.333333333334,-0.34,Train
2015-08-24,101.1,100.8,101.45,99.45,10990.0,-0.34,Train
2015-08-25,101.95,100.95,102.2,100.25,10230.0,0.84,Train
2015-08-26,100.3,101.4,101.55,100.0,8200.0,-1.62,Train
2015-08-27,101.6,100.6,102.45,100.25,8730.0,1.3,Train
2015-08-28,102.3,102.35,103.0,102.0,4860.0,0.69,Train
2015-08-29,103.3625,103.26249999999999,104.1625,102.775,5627.5,1.5550000000000002,Train
2015-08-30,104.425,104.175,105.325,103.55,6395.0,2.42,Train
2015-08-31,105.4875,105.0875,106.48750000000001,104.32499999999999,7162.5,3.285,Train
2015-09-01,106.55,106.0,107.65,105.1,7930.0,4.15,Train
2015-09-02,106.1,106.2,106.85,105.3,6650.0,-0.42,Train
2015-09-03,107.8,106.25,108.5,106.2,8280.0,1.6,Train
2015-09-04,107.4,107.8,108.6,107.0,7750.0,-0.37,Train
2015-09-05,107.18333333333334,107.8,108.56666666666666,106.88333333333334,7053.333333333333,-0.45,Train
2015-09-06,106.96666666666667,107.8,108.53333333333333,106.76666666666667,6356.666666666667,-0.53,Train
2015-09-07,106.75,107.8,108.5,106.65,5660.0,-0.61,Train
2015-09-08,108.15,106.65,108.3,106.15,7260.0,1.31,Train
2015-09-09,108.05,108.35,109.75,107.95,8590.0,-0.09,Train
2015-09-10,108.5,107.85,108.8,107.8,6050.0,0.42,Train
2015-09-11,108.65,108.45,108.9,108.05,5380.0,0.14,Train
2015-09-12,108.08333333333334,108.46666666666667,108.76666666666667,107.66666666666667,5456.666666666667,-0.42666666666666675,Train
2015-09-13,107.51666666666667,108.48333333333333,108.63333333333334,107.28333333333333,5533.333333333333,-0.9933333333333335,Train
2015-09-14,106.95,108.5,108.5,106.9,5610.0,-1.56,Train
2015-09-15,107.2,107.45,107.45,105.5,8400.0,0.23,Train
2015-09-16,107.45,106.85,107.65,106.5,5930.0,0.23,Train
2015-09-17,107.75,107.0,108.05,106.65,3160.0,0.28,Train
2015-09-18,106.55,107.45,108.25,106.4,8020.0,-1.11,Train
2015-09-19,106.38333333333333,107.10000000000001,107.86666666666666,106.2,7270.0,-0.8966666666666667,Train
2015-09-20,106.21666666666667,106.75,107.48333333333333,106.0,6520.0,-0.6833333333333333,Train
2015-09-21,106.05,106.4,107.1,105.8,5770.0,-0.47,Train
2015-09-22,104.35,105.75,106.0,104.3,6400.0,-1.6,Train
2015-09-23,104.05,104.05,105.0,103.75,6270.0,-0.29,Train
2015-09-24,104.3,104.25,104.85,103.6,5390.0,0.24,Train
2015-09-25,103.25,104.05,104.45,103.1,2830.0,-1.01,Train
2015-09-26,102.81666666666666,103.81666666666666,104.21666666666667,102.51666666666667,4520.0,-1.0933333333333333,Train
2015-09-27,102.38333333333334,103.58333333333333,103.98333333333333,101.93333333333332,6210.0,-1.1766666666666667,Train
2015-09-28,101.95,103.35,103.75,101.35,7900.0,-1.26,Train
2015-09-29,102.45,102.0,102.8,101.15,6370.0,0.49,Train
2015-09-30,102.45,102.3,103.15,102.0,4190.0,0.0,Train
2015-10-01,101.85,102.8,103.95,101.6,6640.0,-0.59,Train
2015-10-02,101.5625,102.5625,103.4875,101.3,7167.5,-0.725,Train
2015-10-03,101.275,102.32499999999999,103.025,101.0,7695.0,-0.8599999999999999,Train
2015-10-04,100.9875,102.08749999999999,102.5625,100.7,8222.5,-0.9949999999999999,Train
2015-10-05,100.7,101.85,102.1,100.4,8750.0,-1.13,Train
2015-10-06,100.5,101.0,101.5,100.2,6360.0,-0.2,Train
2015-10-07,101.25,100.7,102.15,100.5,9630.0,0.75,Train
2015-10-08,99.95,101.1,101.4,99.8,9780.0,-1.28,Train
2015-10-09,102.75,100.55,104.95,100.55,22030.0,2.8,Train
2015-10-10,102.35,101.35,104.66666666666667,100.85,17996.666666666668,1.4766666666666666,Train
2015-10-11,101.95,102.15,104.38333333333333,101.15,13963.333333333332,0.15333333333333332,Train
2015-10-12,101.55,102.95,104.1,101.45,9930.0,-1.17,Train
2015-10-13,102.0,101.25,102.2,100.9,10440.0,0.44,Train
2015-10-14,101.45,101.8,102.35,101.05,9050.0,-0.54,Train
2015-10-15,100.25,101.45,101.75,99.55,14770.0,-1.18,Train
2015-10-16,99.7,100.25,100.25,99.3,10840.0,-0.55,Train
2015-10-17,99.26666666666667,100.0,100.05,98.95,11013.333333333334,-0.8,Train
2015-10-18,98.83333333333334,99.75,99.85000000000001,98.6,11186.666666666666,-1.05,Train
2015-10-19,98.4,99.5,99.65,98.25,11360.0,-1.3,Train
2015-10-20,98.15,98.05,98.4,97.55,8490.0,-0.25,Train
2015-10-21,96.65,98.1,98.1,96.55,10910.0,-1.53,Train
2015-10-22,94.5,97.0,97.25,94.3,7730.0,-2.22,Train
2015-10-23,95.4,94.45,97.4,93.85,17510.0,0.95,Train
2015-10-24,94.88333333333334,94.8,97.01666666666667,93.81666666666666,14946.666666666666,0.09333333333333316,Train
2015-10-25,94.36666666666666,95.15,96.63333333333334,93.78333333333333,12383.333333333332,-0.7633333333333336,Train
2015-10-26,93.85,95.5,96.25,93.75,9820.0,-1.62,Train
2015-10-27,94.3,94.4,94.9,94.0,7660.0,0.48,Train
2015-10-28,94.6,94.3,94.95,93.0,10080.0,0.32,Train
2015-10-29,94.5,94.05,95.2,93.7,9500.0,-0.11,Train
2015-10-30,94.3,94.45,94.45,93.85,9550.0,-0.21,Train
2015-10-31,95.2,95.03333333333333,95.48333333333333,94.56666666666666,9123.333333333334,0.8133333333333332,Train
2015-11-01,96.1,95.61666666666667,96.51666666666667,95.28333333333333,8696.666666666666,1.8366666666666664,Train
2015-11-02,97.0,96.2,97.55,96.0,8270.0,2.86,Train
2015-11-03,98.05,97.5,98.5,97.1,10840.0,1.08,Train
2015-11-04,97.7,97.8,98.75,96.2,11940.0,-0.36,Train
2015-11-05,99.3,98.0,99.4,97.25,13830.0,1.64,Train
2015-11-06,100.95,99.15,101.25,98.75,17980.0,1.66,Train
2015-11-07,100.75,99.76666666666667,101.35,99.25,15116.666666666666,0.9099999999999999,Train
2015-11-08,100.55,100.38333333333334,101.45,99.75,12253.333333333332,0.15999999999999992,Train
2015-11-09,100.35,101.0,101.55,100.25,9390.0,-0.59,Train
2015-11-10,99.75,100.0,100.0,98.15,9530.0,-0.6,Train
2015-11-11,99.2,99.775,99.875,98.325,7245.0,-0.8500000000000001,Train
2015-11-12,98.65,99.55,99.75,98.5,4960.0,-1.1,Train
2015-11-13,98.45,99.0,99.05,98.3,5020.0,-0.2,Train
2015-11-14,97.83333333333333,98.88333333333334,98.96666666666667,97.7,6000.0,-0.76,Train
2015-11-15,97.21666666666667,98.76666666666667,98.88333333333333,97.1,6980.0,-1.3199999999999998,Train
2015-11-16,96.6,98.65,98.8,96.5,7960.0,-1.88,Train
2015-11-17,96.95,96.35,97.8,95.75,8590.0,0.36,Train
2015-11-18,96.95,96.75,97.7,96.2,7440.0,0.0,Train
2015-11-19,96.65,96.65,96.9,95.8,7800.0,-0.31,Train
2015-11-20,95.55,96.7,98.9,94.55,14120.0,-1.14,Train
2015-11-21,95.36666666666666,96.11666666666667,97.86666666666667,94.56666666666666,11716.666666666666,-0.9533333333333333,Train
2015-11-22,95.18333333333334,95.53333333333333,96.83333333333333,94.58333333333333,9313.333333333332,-0.7666666666666666,Train
2015-11-23,95.0,94.95,95.8,94.6,6910.0,-0.58,Train
2015-11-24,95.8,95.5,96.4,95.0,7900.0,0.84,Train
2015-11-25,96.4,95.45,97.25,95.15,5780.0,0.63,Train
2015-11-26,100.55,97.3,100.6,97.3,12670.0,4.3,Train
2015-11-27,96.95,100.35,100.45,96.55,12070.0,-3.58,Train
2015-11-28,96.81666666666666,99.25,99.43333333333334,96.43333333333334,9956.666666666666,-2.5233333333333334,Train
2015-11-29,96.68333333333334,98.14999999999999,98.41666666666667,96.31666666666666,7843.333333333333,-1.4666666666666668,Train
2015-11-30,96.55,97.05,97.4,96.2,5730.0,-0.41,Train
2015-12-01,98.9,97.55,99.0,96.55,9360.0,2.43,Train
2015-12-02,99.25,98.9,100.0,98.3,9360.0,0.35,Train
2015-12-03,99.5,99.1,99.7,98.0,9030.0,0.25,Train
2015-12-04,101.45,99.35,102.1,99.2,10830.0,1.96,Train
2015-12-05,100.75,99.81666666666666,101.88333333333333,99.2,10130.0,0.6166666666666669,Train
2015-12-06,100.05,100.28333333333333,101.66666666666667,99.2,9430.0,-0.7266666666666661,Train
2015-12-07,99.35,100.75,101.45,99.2,8730.0,-2.07,Train
2015-12-08,98.7,99.7,99.7,98.0,8290.0,-0.65,Train
2015-12-09,99.95,99.1,100.65,99.0,10840.0,1.27,Train
2015-12-10,99.65,99.6,99.9,98.75,9520.0,-0.3,Train
2015-12-11,99.95,99.7,101.0,99.65,8760.0,0.3,Train
2015-12-12,100.06666666666666,99.93333333333334,100.83333333333333,99.48333333333333,8190.0,0.31666666666666665,Train
2015-12-13,100.18333333333334,100.16666666666667,100.66666666666667,99.31666666666668,7620.0,0.3333333333333333,Train
2015-12-14,100.3,100.4,100.5,99.15,7050.0,0.35,Train
2015-12-15,98.55,100.05,100.05,98.2,7870.0,-1.74,Train
2015-12-16,99.55,98.75,99.7,98.0,9910.0,1.01,Train
2015-12-17,98.5,99.3,99.3,97.7,8600.0,-1.05,Train
2015-12-18,99.6,98.9,100.25,98.45,10800.0,1.12,Train
2015-12-19,99.88333333333333,99.26666666666667,100.55,98.91666666666667,9746.666666666666,1.03,Train
2015-12-20,100.16666666666667,99.63333333333334,100.85000000000001,99.38333333333333,8693.333333333334,0.9400000000000001,Train
2015-12-21,100.45,100.0,101.15,99.85,7640.0,0.85,Train
2015-12-22,99.7,100.35,100.55,99.6,6200.0,-0.75,Train
2015-12-23,101.5,100.25,101.65,100.15,9490.0,1.81,Train
2015-12-24,100.8,102.4,102.9,100.65,6240.0,-0.69,Train
2015-12-25,100.7375,102.03750000000001,102.41250000000001,100.53750000000001,5262.5,-0.58,Train
2015-12-26,100.675,101.67500000000001,101.92500000000001,100.42500000000001,4285.0,-0.47,Train
2015-12-27,100.6125,101.3125,101.4375,100.3125,3307.5,-0.36,Train
2015-12-28,100.55,100.95,100.95,100.2,2330.0,-0.25,Train
2015-12-29,100.7,99.75,102.25,99.6,11700.0,0.15,Train
2015-12-30,101.15,101.1,101.5,99.9,8630.0,0.45,Train
2015-12-31,99.9,100.95,101.15,99.6,4010.0,-1.24,Train
2016-01-01,100.35,100.25,100.9,99.8,1670.0,0.45,Train
2016-01-02,99.85,100.28333333333333,100.75,99.26666666666667,4926.666666666666,-0.1966666666666666,Train
2016-01-03,99.35,100.31666666666666,100.60000000000001,98.73333333333333,8183.333333333333,-0.8433333333333333,Train
2016-01-04,98.85,100.35,100.45,98.2,11440.0,-1.49,Train
2016-01-05,98.3,99.15,100.1,98.05,11740.0,-0.56,Train
2016-01-06,99.25,98.75,99.4,98.05,8180.0,0.97,Train
2016-01-07,98.5,99.0,99.5,97.6,10540.0,-0.76,Train
2016-01-08,100.15,98.6,100.25,98.5,9380.0,1.68,Train
2016-01-09,99.55,99.03333333333333,100.15,98.3,8590.0,0.52,Train
2016-01-10,98.95,99.46666666666667,100.05,98.10000000000001,7800.0,-0.6399999999999999,Train
2016-01-11,98.35,99.9,99.95,97.9,7010.0,-1.8,Train
2016-01-12,97.75,98.55,98.75,97.7,7060.0,-0.61,Train
2016-01-13,98.15,98.1,98.55,97.75,7660.0,0.41,Train
2016-01-14,100.7,98.25,100.85,98.25,8400.0,2.6,Train
2016-01-15,100.45,100.25,100.7,99.75,7420.0,-0.25,Train
2016-01-16,100.66666666666667,100.3,101.05,99.8,7590.0,0.04999999999999999,Train
2016-01-17,100.88333333333333,100.35000000000001,101.4,99.85000000000001,7760.0,0.35,Train
2016-01-18,101.1,100.4,101.75,99.9,7930.0,0.65,Train
2016-01-19,100.85,101.45,102.4,100.7,9790.0,-0.25,Train
2016-01-20,100.15,100.55,100.9,99.95,6850.0,-0.69,Train
2016-01-21,101.05,100.4,101.2,99.4,8270.0,0.9,Train
2016-01-22,100.75,100.95,101.95,100.6,6680.0,-0.3,Train
2016-01-23,100.66666666666667,100.85000000000001,101.65,100.45,5913.333333333333,-0.2833333333333333,Train
2016-01-24,100.58333333333333,100.75,101.35,100.3,5146.666666666667,-0.26666666666666666,Train
2016-01-25,100.5,100.65,101.05,100.15,4380.0,-0.25,Train
2016-01-26,102.4,101.05000000000001,102.725,100.80000000000001,6680.0,1.7649999999999997,Train
2016-01-27,104.3,101.45,104.4,101.45,8980.0,3.78,Train
2016-01-28,103.35,104.0,104.5,103.05,6270.0,-0.91,Train
2016-01-29,103.75,103.25,104.05,102.9,3120.0,0.39,Train
2016-01-30,103.9,103.35,104.14999999999999,102.76666666666667,4180.0,0.4033333333333333,Train
2016-01-31,104.05,103.45,104.25,102.63333333333334,5240.0,0.4166666666666667,Train
2016-02-01,104.2,103.55,104.35,102.5,6300.0,0.43,Train
2016-02-02,102.9,103.85,104.8,102.8,7910.0,-1.25,Train
2016-02-03,104.05,103.35,104.4,103.2,6060.0,1.12,Train
2016-02-04,104.45,104.45,105.05,103.8,5890.0,0.38,Train
2016-02-05,102.3,104.0,104.6,102.05,6970.0,-2.06,Train
2016-02-06,102.38333333333333,103.45,104.2,101.93333333333334,7580.0,-1.2933333333333334,Train
2016-02-07,102.46666666666667,102.89999999999999,103.8,101.81666666666666,8190.0,-0.5266666666666668,Train
2016-02-08,102.55,102.35,103.4,101.7,8800.0,0.24,Train
2016-02-09,101.2,103.1,103.6,100.9,8820.0,-1.32,Train
2016-02-10,101.3,101.1,102.1,100.65,5210.0,0.1,Train
2016-02-11,102.1,101.95,102.55,101.4,5420.0,0.79,Train
2016-02-12,102.6,102.45,102.85,101.9,3020.0,0.49,Train
2016-02-13,102.78333333333333,102.63333333333334,103.26666666666667,102.2,4210.0,0.5066666666666667,Train
2016-02-14,102.96666666666667,102.81666666666666,103.68333333333332,102.5,5400.0,0.5233333333333333,Train
2016-02-15,103.15,103.0,104.1,102.8,6590.0,0.54,Train
2016-02-16,105.0,104.15,105.6,104.15,8460.0,1.79,Train
2016-02-17,104.7,104.9,105.0,104.0,5950.0,-0.29,Train
2016-02-18,105.25,104.95,105.5,104.15,5740.0,0.53,Train
2016-02-19,107.65,105.7,107.75,105.55,6620.0,2.28,Train
2016-02-20,108.06666666666668,106.3,108.33333333333333,106.08333333333333,6416.666666666667,1.9066666666666665,Train
2016-02-21,108.48333333333333,106.9,108.91666666666667,106.61666666666667,6213.333333333333,1.5333333333333332,Train
2016-02-22,108.9,107.5,109.5,107.15,6010.0,1.16,Train
2016-02-23,107.0,108.5,109.5,106.6,8080.0,-1.74,Train
2016-02-24,108.65,106.75,108.9,106.2,7290.0,1.54,Train
2016-02-25,108.45,108.45,109.9,108.0,9020.0,-0.18,Train
2016-02-26,108.35,108.6,109.6,108.05,7570.0,-0.09,Train
2016-02-27,109.05,108.55,110.16666666666666,108.08333333333333,6466.666666666667,0.5866666666666667,Train
2016-02-28,109.75,108.5,110.73333333333333,108.11666666666667,5363.333333333334,1.2633333333333332,Train
2016-02-29,110.45,108.45,111.3,108.15,4260.0,1.94,Train
2016-03-01,107.35,107.6,108.7,106.9,6500.0,-2.81,Train
2016-03-02,107.7,107.65,108.45,107.05,5600.0,0.33,Train
2016-03-03,106.25,107.45,107.8,106.15,5700.0,-1.35,Train
2016-03-04,106.6,106.8,107.3,105.55,7080.0,0.33,Train
2016-03-05,106.86666666666666,106.83333333333333,107.43333333333334,105.95,5913.333333333333,0.47,Train
2016-03-06,107.13333333333334,106.86666666666667,107.56666666666666,106.35,4746.666666666666,0.61,Train
2016-03-07,107.4,106.9,107.7,106.75,3580.0,0.75,Train
2016-03-08,105.75,107.2,108.0,105.15,7490.0,-1.54,Train
2016-03-09,106.25,105.85,106.4,105.1,6080.0,0.47,Train
2016-03-10,105.0,106.25,106.4,104.1,8510.0,-1.18,Train
2016-03-11,104.7,105.3,105.55,104.55,5430.0,-0.29,Train
2016-03-12,104.3,105.14999999999999,105.43333333333334,104.13333333333333,5800.0,-0.5766666666666667,Train
2016-03-13,103.9,105.0,105.31666666666666,103.71666666666667,6170.0,-0.8633333333333333,Train
2016-03-14,103.5,104.85,105.2,103.3,6540.0,-1.15,Train
2016-03-15,102.25,103.55,103.85,102.15,5870.0,-1.21,Train
2016-03-16,101.55,102.4,102.5,101.4,6130.0,-0.68,Train
2016-03-17,101.3,101.6,102.4,100.4,12230.0,-0.25,Train
2016-03-18,100.05,101.6,101.95,99.5,10610.0,-1.23,Train
2016-03-19,100.0,101.18333333333332,101.45,99.56666666666666,9453.333333333334,-0.8699999999999999,Train
2016-03-20,99.95,100.76666666666667,100.95,99.63333333333334,8296.666666666666,-0.5099999999999999,Train
2016-03-21,99.9,100.35,100.45,99.7,7140.0,-0.15,Train
2016-03-22,99.25,99.9,100.1,99.0,6940.0,-0.65,Train
2016-03-23,98.4,99.35,99.35,98.3,5230.0,-0.86,Train
2016-03-24,98.75,98.25,98.95,98.2,3150.0,0.36,Train
2016-03-25,98.75,98.4125,98.975,98.3,2772.5,0.27,Train
2016-03-26,98.75,98.575,99.0,98.4,2395.0,0.18,Train
2016-03-27,98.75,98.73750000000001,99.025,98.5,2017.5,0.08999999999999997,Train
2016-03-28,98.75,98.9,99.05,98.6,1640.0,0.0,Train
2016-03-29,98.8,99.2,99.35,98.35,6610.0,0.05,Train
2016-03-30,98.5,98.6,99.2,98.05,6910.0,-0.3,Train
2016-03-31,98.75,98.5,99.6,98.25,6090.0,0.25,Train
2016-04-01,102.3,101.25,102.8,101.25,8250.0,3.59,Train
2016-04-02,102.06666666666666,101.58333333333333,102.71666666666667,101.26666666666667,7243.333333333333,2.166666666666667,Train
2016-04-03,101.83333333333333,101.91666666666667,102.63333333333333,101.28333333333333,6236.666666666667,0.7433333333333336,Train
2016-04-04,101.6,102.25,102.55,101.3,5230.0,-0.68,Train
2016-04-05,101.0,101.6,102.2,100.8,4820.0,-0.59,Train
2016-04-06,100.55,101.15,101.4,99.45,8170.0,-0.45,Train
2016-04-07,99.9,100.6,100.9,99.6,6600.0,-0.65,Train
2016-04-08,101.1,100.05,101.4,99.5,6840.0,1.2,Train
2016-04-09,100.63333333333333,100.28333333333333,101.36666666666667,99.53333333333333,6380.0,0.33999999999999997,Train
2016-04-10,100.16666666666667,100.51666666666667,101.33333333333333,99.56666666666666,5920.0,-0.52,Train
2016-04-11,99.7,100.75,101.3,99.6,5460.0,-1.38,Train
2016-04-12,101.8,99.9,102.05,99.75,7930.0,2.11,Train
2016-04-13,103.3,101.6,104.2,101.6,10640.0,1.47,Train
2016-04-14,103.55,103.75,104.35,103.2,4920.0,0.24,Train
2016-04-15,103.3,103.3,103.4,102.55,2640.0,-0.24,Train
2016-04-16,103.71666666666667,103.23333333333333,103.85000000000001,102.56666666666666,4436.666666666666,0.24333333333333335,Train
2016-04-17,104.13333333333333,103.16666666666666,104.3,102.58333333333333,6233.333333333332,0.7266666666666667,Train
2016-04-18,104.55,103.1,104.75,102.6,8029.999999999999,1.21,Train
2016-04-19,105.15,104.0,105.4,104.0,4100.0,0.57,Train
2016-04-20,107.4,105.05,107.6,104.9,7770.0,2.14,Train
2016-04-21,108.35,107.6,109.0,106.95,10880.0,0.88,Train
2016-04-22,109.7,108.5,110.5,108.0,7850.0,1.25,Train
2016-04-23,109.76666666666667,108.86666666666666,110.38333333333334,108.13333333333334,8003.333333333333,0.8933333333333333,Train
2016-04-24,109.83333333333334,109.23333333333333,110.26666666666667,108.26666666666667,8156.666666666667,0.5366666666666666,Train
2016-04-25,109.9,109.6,110.15,108.4,8310.0,0.18,Train
2016-04-26,109.1,109.7,109.85,108.4,7830.0,-0.73,Train
2016-04-27,109.45,108.95,109.7,108.05,8520.0,0.32,Train
2016-04-28,110.4,108.9,110.6,108.45,6270.0,0.87,Train
2016-04-29,111.35,110.8,111.6,110.65,4010.0,0.86,Train
2016-04-30,111.28333333333333,110.98333333333333,111.56666666666666,110.71666666666667,3386.6666666666665,0.5133333333333333,Train
2016-05-01,111.21666666666667,111.16666666666666,111.53333333333333,110.78333333333333,2763.333333333333,0.16666666666666663,Train
2016-05-02,111.15,111.35,111.5,110.85,2140.0,-0.18,Train
2016-05-03,108.75,110.9,111.65,108.2,14920.0,-2.16,Train
2016-05-04,108.7,108.45,109.55,108.1,8020.0,-0.05,Train
2016-05-05,106.9,108.55,108.7,106.8,8100.0,-1.66,Train
2016-05-06,106.4,106.85,107.65,106.0,8150.0,-0.47,Train
2016-05-07,105.58333333333334,106.43333333333332,106.96666666666667,105.28333333333333,7836.666666666667,-1.08,Train
2016-05-08,104.76666666666667,106.01666666666667,106.28333333333333,104.56666666666666,7523.333333333333,-1.69,Train
2016-05-09,103.95,105.6,105.6,103.85,7210.0,-2.3,Train
2016-05-10,103.7,104.2,104.45,103.3,6670.0,-0.24,Train
2016-05-11,104.1,104.2,105.1,103.85,6980.0,0.39,Train
2016-05-12,103.2,104.35,105.2,102.75,10130.0,-0.86,Train
2016-05-13,102.95,103.25,103.5,102.3,6160.0,-0.24,Train
2016-05-14,103.13333333333334,103.25,103.53333333333333,102.38333333333333,6236.666666666667,0.016666666666666663,Train
2016-05-15,103.31666666666666,103.25,103.56666666666666,102.46666666666667,6313.333333333333,0.2733333333333333,Train
2016-05-16,103.5,103.25,103.6,102.55,6390.0,0.53,Train
2016-05-17,103.15,103.45,104.15,103.05,5800.0,-0.34,Train
2016-05-18,104.3,102.9,104.4,102.6,7900.0,1.11,Train
2016-05-19,104.4,103.9,104.65,103.35,6530.0,0.1,Train
2016-05-20,104.1,104.2,106.1,104.0,8880.0,-0.29,Train
2016-05-21,104.26666666666667,104.16666666666667,105.75,103.7,7986.666666666667,-0.033333333333333326,Train
2016-05-22,104.43333333333332,104.13333333333333,105.39999999999999,103.39999999999999,7093.333333333333,0.22333333333333333,Train
2016-05-23,104.6,104.1,105.05,103.1,6200.0,0.48,Train
2016-05-24,105.35,104.7,105.9,104.25,8480.0,0.72,Train
2016-05-25,103.65,104.95,105.15,103.5,7380.0,-1.61,Train
2016-05-26,103.75,103.8,104.8,103.65,6920.0,0.1,Train
2016-05-27,103.65,104.2,104.5,103.4,5090.0,-0.1,Train
2016-05-28,103.61666666666667,104.06666666666666,104.33333333333333,103.41666666666667,4096.666666666667,-0.1,Train
2016-05-29,103.58333333333333,103.93333333333334,104.16666666666667,103.43333333333334,3103.333333333333,-0.1,Train
2016-05-30,103.55,103.8,104.0,103.45,2110.0,-0.1,Train
2016-05-31,103.9,103.35,104.1,103.1,4180.0,0.34,Train
2016-06-01,106.05,104.2,106.45,104.1,8230.0,2.07,Train
2016-06-02,103.7,105.85,106.45,103.55,10690.0,-2.22,Train
2016-06-03,103.35,103.8,105.05,103.3,10300.0,-0.34,Train
2016-06-04,103.53333333333333,103.78333333333333,104.83333333333333,103.3,9460.0,-0.04999999999999999,Train
2016-06-05,103.71666666666667,103.76666666666667,104.61666666666667,103.3,8620.0,0.24000000000000005,Train
2016-06-06,103.9,103.75,104.4,103.3,7780.0,0.53,Train
2016-06-07,104.25,103.5,104.4,103.3,10050.0,0.34,Train
2016-06-08,106.1,104.5,107.1,104.45,11720.0,1.77,Train
2016-06-09,105.2,106.75,107.95,105.0,11440.0,-0.85,Train
2016-06-10,105.1,105.4,106.4,104.9,8510.0,-0.1,Train
2016-06-11,105.85,105.26666666666667,106.78333333333333,104.85000000000001,9326.666666666666,0.6466666666666667,Train
2016-06-12,106.6,105.13333333333334,107.16666666666667,104.8,10143.333333333334,1.3933333333333333,Train
2016-06-13,107.35,105.0,107.55,104.75,10960.0,2.14,Train
2016-06-14,107.8,107.0,108.1,106.75,9370.0,0.42,Train
2016-06-15,108.65,107.6,108.9,107.35,8990.0,0.79,Train
2016-06-16,107.6,108.35,108.45,106.9,8280.0,-0.97,Train
2016-06-17,108.05,108.0,108.4,107.15,7100.0,0.42,Train
2016-06-18,108.66666666666667,107.93333333333334,108.93333333333334,107.36666666666667,6596.666666666667,0.85,Train
2016-06-19,109.28333333333333,107.86666666666666,109.46666666666667,107.58333333333333,6093.333333333333,1.28,Train
2016-06-20,109.9,107.8,110.0,107.8,5590.0,1.71,Train
2016-06-21,110.3,109.65,110.45,109.45,6990.0,0.36,Train
2016-06-22,109.6,110.05,110.35,109.35,5890.0,-0.63,Train
2016-06-23,110.0,109.4,110.15,109.3,4030.0000000000005,0.36,Train
2016-06-24,109.15,109.2,109.8,108.1,8940.0,-0.77,Train
2016-06-25,108.73333333333333,109.2,109.73333333333333,108.0,8223.333333333334,-0.8966666666666666,Train
2016-06-26,108.31666666666668,109.2,109.66666666666666,107.89999999999999,7506.666666666667,-1.0233333333333332,Train
2016-06-27,107.9,109.2,109.6,107.8,6790.0,-1.15,Train
2016-06-28,109.75,108.2,110.1,108.2,5580.0,1.71,Train
2016-06-29,109.75,109.7,109.85,108.9,4150.0,0.0,Train
2016-06-30,110.6,109.6,110.8,109.55,3080.0,0.77,Train
2016-07-01,111.75,111.4,112.15,111.1,7420.0,1.04,Train
2016-07-02,111.41666666666667,111.5,112.25,110.95,6970.0,0.3966666666666666,Train
2016-07-03,111.08333333333333,111.60000000000001,112.35000000000001,110.8,6520.0,-0.2466666666666668,Train
2016-07-04,110.75,111.7,112.45,110.65,6070.0,-0.89,Train
2016-07-05,111.5,110.3,111.7,110.15,7870.0,0.68,Train
2016-07-06,111.4,110.9,111.65,110.25,4600.0,-0.09,Train
2016-07-07,110.45,111.45,111.7,110.35,6740.0,-0.85,Train
2016-07-08,111.25,110.7,112.0,110.55,7290.0,0.72,Train
2016-07-09,111.05,110.96666666666667,111.98333333333333,110.48333333333333,6486.666666666667,0.3,Train
2016-07-10,110.85000000000001,111.23333333333333,111.96666666666667,110.41666666666666,5683.333333333333,-0.12,Train
2016-07-11,110.65,111.5,111.95,110.35,4880.0,-0.54,Train
2016-07-12,112.0,110.55,112.2,110.35,7010.0,1.22,Train
2016-07-13,111.6,112.35,112.8,111.25,5820.0,-0.36,Train
2016-07-14,112.1,111.6,112.3,111.35,4640.0,0.45,Train
2016-07-15,111.45,112.3,113.55,111.15,8370.0,-0.58,Train
2016-07-16,111.25,112.03333333333333,112.95,110.95,7553.333333333333,-0.5666666666666667,Train
2016-07-17,111.05,111.76666666666667,112.35,110.75,6736.666666666667,-0.5533333333333333,Train
2016-07-18,110.85,111.5,111.75,110.55,5920.0,-0.54,Train
2016-07-19,109.75,110.75,111.0,109.35,6440.0,-0.99,Train
2016-07-20,108.35,109.75,109.95,107.8,7480.0,-1.28,Train
2016-07-21,106.85,108.45,109.0,106.75,8029.999999999999,-1.38,Train
2016-07-22,107.45,106.35,107.95,106.35,6510.0,0.56,Train
2016-07-23,107.51666666666667,106.8,107.98333333333333,106.53333333333333,6250.0,0.4366666666666667,Train
2016-07-24,107.58333333333334,107.25,108.01666666666667,106.71666666666667,5990.0,0.31333333333333335,Train
2016-07-25,107.65,107.7,108.05,106.9,5730.0,0.19,Train
2016-07-26,106.95,107.4,108.05,106.8,5060.0,-0.65,Train
2016-07-27,106.45,106.85,106.95,106.1,4670.0,-0.47,Train
2016-07-28,107.0,106.7,107.25,106.45,3770.0,0.52,Train
2016-07-29,108.45,107.15,110.0,106.9,4190.0,1.36,Train
2016-07-30,108.63333333333334,108.01666666666667,110.38333333333334,107.55,5330.0,1.0766666666666667,Train
2016-07-31,108.81666666666666,108.88333333333334,110.76666666666667,108.2,6470.0,0.7933333333333333,Train
2016-08-01,109.0,109.75,111.15,108.85,7610.0,0.51,Train
2016-08-02,108.45,109.45,110.1,108.35,5520.0,-0.5,Train
2016-08-03,109.85,108.6,110.25,108.2,7840.0,1.29,Train
2016-08-04,108.55,109.55,109.95,108.3,6950.0,-1.18,Train
2016-08-05,109.95,108.85,110.05,108.85,6280.0,1.29,Train
2016-08-06,109.86666666666667,109.26666666666667,110.23333333333333,109.01666666666667,5983.333333333333,0.7833333333333333,Train
2016-08-07,109.78333333333333,109.68333333333332,110.41666666666666,109.18333333333332,5686.666666666667,0.2766666666666666,Train
2016-08-08,109.7,110.1,110.6,109.35,5390.0,-0.23,Train
2016-08-09,109.6,109.8,109.95,109.25,3360.0,-0.09,Train
2016-08-10,109.6,109.65,110.85,109.4,6070.0,0.0,Train
2016-08-11,110.35,109.8,110.5,109.65,5340.0,0.68,Train
2016-08-12,110.15,110.3,110.45,109.5,5930.0,-0.18,Train
2016-08-13,110.825,110.3125,111.0875,109.7125,6407.5,0.4775000000000001,Train
2016-08-14,111.5,110.32499999999999,111.725,109.925,6885.0,1.1350000000000002,Train
2016-08-15,112.175,110.33749999999999,112.3625,110.13749999999999,7362.5,1.7925000000000002,Train
2016-08-16,112.85,110.35,113.0,110.35,7840.0,2.45,Train
2016-08-17,113.15,112.45,113.25,112.4,5670.0,0.27,Train
2016-08-18,112.1,113.0,113.7,112.0,5150.0,-0.93,Train
2016-08-19,111.4,112.05,112.4,110.8,6630.0,-0.62,Train
2016-08-20,111.43333333333334,111.73333333333333,112.13333333333334,110.8,5640.0,-0.3833333333333333,Train
2016-08-21,111.46666666666667,111.41666666666666,111.86666666666666,110.8,4650.0,-0.14666666666666667,Train
2016-08-22,111.5,111.1,111.6,110.8,3660.0,0.09,Train
2016-08-23,111.55,111.55,111.75,110.95,3390.0,0.04,Train
2016-08-24,110.1,111.4,111.45,109.7,5090.0,-1.3,Train
2016-08-25,109.45,110.05,110.2,108.8,4480.0,-0.59,Train
2016-08-26,109.55,109.85,110.1,109.0,3730.0,0.09,Train
2016-08-27,109.53333333333333,109.78333333333333,110.01666666666667,109.13333333333334,2740.0,0.04333333333333333,Train
2016-08-28,109.51666666666667,109.71666666666667,109.93333333333332,109.26666666666667,1750.0,-0.003333333333333341,Train
2016-08-29,109.5,109.65,109.85,109.4,760.0,-0.05,Train
2016-08-30,108.25,109.7,109.8,108.15,5350.0,-1.14,Train
2016-08-31,107.2,108.4,108.4,106.95,2410.0,-0.97,Train
2016-09-01,107.7,108.25,108.5,106.9,7170.0,0.47,Train
2016-09-02,105.95,107.8,107.9,105.85,6870.0,-1.62,Train
2016-09-03,105.58333333333333,107.1,107.16666666666667,105.41666666666666,5830.0,-1.4266666666666667,Train
2016-09-04,105.21666666666667,106.4,106.43333333333334,104.98333333333333,4790.0,-1.2333333333333334,Train
2016-09-05,104.85,105.7,105.7,104.55,3750.0,-1.04,Train
2016-09-06,105.0,105.1,105.75,104.85,6260.0,0.14,Train
2016-09-07,105.4,105.4,106.05,105.2,5290.0,0.38,Train
2016-09-08,105.45,105.4,105.55,104.7,6630.0,0.05,Train
2016-09-09,104.85,105.5,105.8,104.75,4070.0000000000005,-0.57,Train
2016-09-10,104.63333333333333,105.53333333333333,105.73333333333333,104.51666666666667,4223.333333333334,-0.5866666666666667,Train
2016-09-11,104.41666666666667,105.56666666666666,105.66666666666666,104.28333333333333,4376.666666666667,-0.6033333333333333,Train
2016-09-12,104.2,105.6,105.6,104.05,4530.0,-0.62,Train
2016-09-13,104.35,104.45,104.7,104.1,2570.0,0.14,Train
2016-09-14,105.3,104.2,105.65,104.0,6500.0,0.91,Train
2016-09-15,104.45,105.45,106.25,104.1,7080.0,-0.81,Train
2016-09-16,105.15,104.4,105.6,104.4,6890.0,0.67,Train
2016-09-17,105.23333333333333,104.56666666666668,105.58333333333333,104.45,6250.0,0.5266666666666667,Train
2016-09-18,105.31666666666668,104.73333333333333,105.56666666666666,104.5,5610.0,0.38333333333333336,Train
2016-09-19,105.4,104.9,105.55,104.55,4970.0,0.24,Train
2016-09-20,105.1,105.5,105.9,105.0,5090.0,-0.28,Train
2016-09-21,105.55,105.3,105.85,105.05,5100.0,0.43,Train
2016-09-22,108.3,105.8,108.4,105.8,10900.0,2.61,Train
2016-09-23,108.7,108.35,109.7,108.2,10890.0,0.37,Train
2016-09-24,109.10000000000001,108.26666666666667,109.88333333333334,108.10000000000001,10273.333333333334,0.6133333333333334,Train
2016-09-25,109.5,108.18333333333332,110.06666666666666,108.0,9656.666666666666,0.8566666666666667,Train
2016-09-26,109.9,108.1,110.25,107.9,9040.0,1.1,Train
2016-09-27,108.7,109.55,110.35,108.45,7530.0,-1.09,Train
2016-09-28,109.7,108.9,110.0,108.8,5320.0,0.92,Train
2016-09-29,111.0,110.1,111.1,110.1,5040.0,1.19,Train
2016-09-30,110.55,110.25,111.05,109.75,3220.0,-0.41,Train
2016-10-01,110.78333333333333,110.51666666666667,111.46666666666667,109.9,4190.0,-0.0633333333333333,Train
2016-10-02,111.01666666666667,110.78333333333333,111.88333333333333,110.05,5160.0,0.2833333333333334,Train
2016-10-03,111.25,111.05,112.3,110.2,6130.0,0.63,Train
2016-10-04,111.05,111.15,111.4,110.5,5020.0,-0.18,Train
2016-10-05,111.15,110.95,111.35,110.35,5230.0,0.09,Train
2016-10-06,111.65,110.75,111.7,110.65,4690.0,0.45,Train
2016-10-07,111.35,111.85,112.0,111.15,3060.0,-0.27,Train
2016-10-08,111.56666666666666,111.8,112.06666666666666,111.23333333333333,2900.0,0.013333333333333308,Train
2016-10-09,111.78333333333333,111.75,112.13333333333334,111.31666666666668,2740.0,0.29666666666666663,Train
2016-10-10,112.0,111.7,112.2,111.4,2580.0,0.58,Train
2016-10-11,111.85,111.5,112.1,111.0,3780.0,-0.13,Train
2016-10-12,111.95,112.05,112.5,111.8,1720.0,0.09,Train
2016-10-13,112.75,111.95,112.9,111.65,5980.0,0.71,Train
2016-10-14,111.15,112.85,112.95,111.0,4600.0,-1.42,Train
2016-10-15,111.10000000000001,112.3,112.43333333333334,110.58333333333333,5150.0,-0.99,Train
2016-10-16,111.05,111.75,111.91666666666667,110.16666666666667,5700.0,-0.5599999999999999,Train
2016-10-17,111.0,111.2,111.4,109.75,6250.0,-0.13,Train
2016-10-18,109.2,111.0,111.7,108.85,7860.0,-1.62,Train
2016-10-19,108.45,109.05,109.05,107.5,7900.0,-0.69,Train
2016-10-20,107.7,108.5,108.75,107.15,5430.0,-0.69,Train
2016-10-21,108.65,108.2,108.8,107.6,5360.0,0.88,Train
2016-10-22,108.78333333333333,108.41666666666667,108.91666666666667,107.88333333333333,4983.333333333333,0.71,Train
2016-10-23,108.91666666666667,108.63333333333333,109.03333333333333,108.16666666666667,4606.666666666667,0.54,Train
2016-10-24,109.05,108.85,109.15,108.45,4230.0,0.37,Train
2016-10-25,111.3,109.3,112.2,109.3,9380.0,2.06,Train
2016-10-26,112.05,111.4,112.2,110.85,4650.0,0.67,Train
2016-10-27,113.25,111.7,113.45,111.5,6360.0,1.07,Train
2016-10-28,114.9,113.25,115.0,113.25,6120.0,1.46,Train
2016-10-29,114.825,114.125,115.225,113.25,3165.0,0.665,Train
2016-10-30,114.75,115.0,115.45,113.25,210.0,-0.13,Train
2016-10-31,115.15,115.325,115.80000000000001,113.975,3205.0,0.285,Train
2016-11-01,115.55,115.65,116.15,114.7,6200.0,0.7,Train
2016-11-02,114.65,114.8,115.15,113.5,8350.0,-0.78,Train
2016-11-03,115.2,114.3,115.75,114.2,6250.0,0.48,Train
2016-11-04,114.75,115.0,115.45,114.4,5160.0,-0.39,Train
2016-11-05,114.88333333333334,115.33333333333333,115.8,114.35000000000001,5546.666666666667,-0.14333333333333334,Train
2016-11-06,115.01666666666667,115.66666666666667,116.15,114.3,5933.333333333333,0.10333333333333333,Train
2016-11-07,115.15,116.0,116.5,114.25,6320.0,0.35,Train
2016-11-08,114.8,115.15,115.25,113.75,6750.0,-0.3,Train
2016-11-09,116.3,114.0,116.95,113.5,6970.0,1.31,Train
2016-11-10,118.5,116.65,118.75,116.4,7630.0,1.89,Train
2016-11-11,117.4,118.25,120.7,117.25,11290.0,-0.93,Train
2016-11-12,117.60000000000001,118.13333333333334,120.13333333333334,117.11666666666666,9156.666666666666,-0.45000000000000007,Train
2016-11-13,117.8,118.01666666666667,119.56666666666666,116.98333333333333,7023.333333333333,0.029999999999999916,Train
2016-11-14,118.0,117.9,119.0,116.85,4890.0,0.51,Train
2016-11-15,117.3,117.95,118.35,115.7,6590.0,-0.59,Train
2016-11-16,115.45,116.2,116.5,115.3,5580.0,-1.58,Train
2016-11-17,114.7,115.2,115.2,113.8,4810.0,-0.65,Train
2016-11-18,115.35,114.6,115.65,114.4,4540.0,0.57,Train
2016-11-19,116.08333333333333,115.03333333333333,116.31666666666668,114.9,4466.666666666667,1.0166666666666666,Train
2016-11-20,116.81666666666666,115.46666666666667,116.98333333333333,115.4,4393.333333333333,1.4633333333333332,Train
2016-11-21,117.55,115.9,117.65,115.9,4320.0,1.91,Train
2016-11-22,120.15,117.9,120.25,117.9,7710.0,2.21,Train
2016-11-23,122.0,119.95,122.6,119.6,7590.0,1.54,Train
2016-11-24,120.95,122.4,122.45,120.75,5990.0,-0.86,Train
2016-11-25,120.6,120.4,120.8,119.15,7160.0,-0.29,Train
2016-11-26,119.95,120.83333333333334,121.36666666666666,118.85000000000001,7443.333333333333,-0.7333333333333334,Train
2016-11-27,119.3,121.26666666666667,121.93333333333334,118.55,7726.666666666667,-1.1766666666666667,Train
2016-11-28,118.65,121.7,122.5,118.25,8010.0,-1.62,Train
2016-11-29,117.7,118.7,119.1,116.9,5370.0,-0.8,Train
2016-11-30,117.45,117.1,118.6,116.55,3060.0,-0.21,Train
2016-12-01,117.4,119.0,119.25,117.15,4840.0,-0.04,Train
2016-12-02,116.85,117.5,117.5,116.35,4019.9999999999995,-0.47,Train
2016-12-03,117.14999999999999,117.36666666666666,117.78333333333333,116.58333333333333,3859.9999999999995,-0.05666666666666664,Train
2016-12-04,117.45,117.23333333333333,118.06666666666666,116.81666666666666,3700.0,0.3566666666666667,Train
2016-12-05,117.75,117.1,118.35,117.05,3540.0,0.77,Train
2016-12-06,115.9,117.05,117.35,115.6,5060.0,-1.57,Train
2016-12-07,115.95,115.75,117.5,115.55,6540.0,0.04,Train
2016-12-08,116.65,116.05,116.9,115.4,4940.0,0.6,Train
2016-12-09,118.2,117.1,118.6,117.05,5110.0,1.33,Train
2016-12-10,117.88333333333334,117.33333333333333,118.48333333333333,117.06666666666666,4266.666666666667,0.6200000000000001,Train
2016-12-11,117.56666666666666,117.56666666666666,118.36666666666666,117.08333333333333,3423.333333333333,-0.08999999999999986,Train
2016-12-12,117.25,117.8,118.25,117.1,2580.0,-0.8,Train
2016-12-13,117.8,117.1,118.25,117.05,3580.0,0.47,Train
2016-12-14,117.9,117.75,118.1,116.95,4270.0,0.08,Train
2016-12-15,118.5,117.85,118.8,117.5,4690.0,0.51,Train
2016-12-16,117.05,118.5,118.7,116.7,4340.0,-1.22,Train
2016-12-17,116.88333333333333,118.0,118.13333333333334,116.48333333333333,4530.0,-0.9566666666666666,Train
2016-12-18,116.71666666666667,117.5,117.56666666666666,116.26666666666667,4720.0,-0.6933333333333332,Train
2016-12-19,116.55,117.0,117.0,116.05,4910.0,-0.43,Train
2016-12-20,117.55,116.2,117.7,115.95,4380.0,0.86,Train
2016-12-21,117.55,117.3,117.85,117.05,3040.0,0.0,Train
2016-12-22,117.9,117.3,118.2,117.1,4890.0,0.3,Train
2016-12-23,117.75,117.65,117.85,117.25,2900.0,-0.13,Train
2016-12-24,117.6,117.58333333333334,118.33333333333333,117.15,2270.0,-0.21333333333333332,Train
2016-12-25,117.45,117.51666666666667,118.81666666666666,117.05,1640.0,-0.29666666666666663,Train
2016-12-26,117.3,117.45,119.3,116.95,1010.0,-0.38,Train
2016-12-27,118.3,117.5,118.45,117.25,1110.0,0.85,Train
2016-12-28,117.2,118.3,118.95,117.1,3640.0,-0.93,Train
2016-12-29,115.6,117.2,117.25,115.25,3280.0,-1.37,Train
2016-12-30,116.35,116.25,117.15,115.5,2000.0,0.65,Train
2016-12-31,116.03333333333333,115.83333333333333,116.60000000000001,115.33333333333333,1466.6666666666665,0.16000000000000003,Train
2017-01-01,115.71666666666667,115.41666666666667,116.05,115.16666666666667,933.3333333333333,-0.32999999999999996,Train
2017-01-02,115.4,115.0,115.5,115.0,400.0,-0.82,Train
2017-01-03,115.25,115.25,116.0,114.8,3030.0,-0.13,Train
2017-01-04,114.95,115.4,115.5,114.6,3240.0,-0.26,Train
2017-01-05,115.5,115.2,116.1,115.1,3670.0,0.48,Train
2017-01-06,116.65,115.45,116.95,115.3,3750.0,1.0,Train
2017-01-07,116.91666666666667,115.95,117.15,115.63333333333333,3460.0,0.8966666666666666,Train
2017-01-08,117.18333333333334,116.45,117.35,115.96666666666667,3170.0,0.7933333333333333,Train
2017-01-09,117.45,116.95,117.55,116.3,2880.0,0.69,Train
2017-01-10,119.05,117.35,119.45,117.25,4550.0,1.36,Train
2017-01-11,119.55,119.15,120.2,118.9,4590.0,0.42,Train
2017-01-12,121.5,119.1,121.9,119.05,5790.0,1.63,Train
2017-01-13,123.45,121.95,123.65,121.2,5180.0,1.6,Train
2017-01-14,122.9,122.35000000000001,123.73333333333333,121.35000000000001,5100.0,0.62,Train
2017-01-15,122.35,122.75,123.81666666666668,121.5,5020.0,-0.3600000000000001,Train
2017-01-16,121.8,123.15,123.9,121.65,4940.0,-1.34,Train
2017-01-17,122.25,120.9,122.9,120.65,5240.0,0.37,Train
2017-01-18,123.95,122.0,124.9,122.0,5530.0,1.39,Train
2017-01-19,124.3,123.9,124.8,123.7,4250.0,0.28,Train
2017-01-20,126.0,124.0,126.55,123.55,6710.0,1.37,Train
2017-01-21,126.03333333333333,124.91666666666667,126.95,124.23333333333333,6353.333333333333,0.9400000000000002,Train
2017-01-22,126.06666666666666,125.83333333333333,127.35,124.91666666666666,5996.666666666667,0.5100000000000001,Train
2017-01-23,126.1,126.75,127.75,125.6,5640.0,0.08,Train
2017-01-24,127.25,126.85,128.25,125.1,6700.0,0.91,Train
2017-01-25,124.85,127.0,127.75,124.25,6880.0,-1.89,Train
2017-01-26,124.475,125.825,126.2,123.65,5595.0,-1.2449999999999999,Train
2017-01-27,124.1,124.65,124.65,123.05,4310.0,-0.6,Train
2017-01-28,123.46666666666667,124.51666666666667,124.51666666666667,122.7,4203.333333333333,-0.9099999999999999,Train
2017-01-29,122.83333333333333,124.38333333333334,124.38333333333334,122.35,4096.666666666667,-1.22,Train
2017-01-30,122.2,124.25,124.25,122.0,3990.0,-1.53,Train
2017-01-31,122.6,122.4,123.25,121.9,1990.0,0.33,Train
2017-02-01,122.2,122.95,123.5,121.55,4290.0,-0.33,Train
2017-02-02,122.45,122.4,122.9,121.75,2740.0,0.2,Train
2017-02-03,122.8,122.25,122.9,121.8,4740.0,0.29,Train
2017-02-04,122.88333333333333,122.36666666666666,123.05,121.81666666666666,4563.333333333333,0.26,Train
2017-02-05,122.96666666666667,122.48333333333333,123.2,121.83333333333333,4386.666666666667,0.23,Train
2017-02-06,123.05,122.6,123.35,121.85,4210.0,0.2,Train
2017-02-07,122.75,122.65,123.0,122.35,2470.0,-0.24,Train
2017-02-08,123.2,122.85,123.9,122.7,3900.0,0.37,Train
2017-02-09,122.95,123.05,123.7,122.75,4360.0,-0.2,Train
2017-02-10,124.85,122.7,124.95,122.7,7430.0,1.55,Train
2017-02-11,124.91666666666666,123.53333333333333,125.3,123.45,6960.0,1.0866666666666667,Train
2017-02-12,124.98333333333333,124.36666666666667,125.65,124.2,6490.0,0.6233333333333333,Train
2017-02-13,125.05,125.2,126.0,124.95,6020.0,0.16,Train
2017-02-14,125.9,125.75,127.15,125.45,7740.0,0.68,Train
2017-02-15,127.35,126.4,127.45,125.2,7500.0,1.15,Train
2017-02-16,127.05,127.35,127.45,125.8,8460.0,-0.24,Train
2017-02-17,125.65,126.95,126.95,124.65,7240.0,-1.1,Train
2017-02-18,126.0,126.53333333333333,126.91666666666667,124.85000000000001,6486.666666666667,-0.4533333333333335,Train
2017-02-19,126.35000000000001,126.11666666666667,126.88333333333333,125.05,5733.333333333333,0.19333333333333313,Train
2017-02-20,126.7,125.7,126.85,125.25,4980.0,0.84,Train
2017-02-21,125.4,126.2,126.5,125.25,4290.0,-1.03,Train
2017-02-22,126.05,125.0,126.2,124.55,5250.0,0.52,Train
2017-02-23,123.9,125.5,125.75,123.55,5980.0,-1.71,Train
2017-02-24,125.9,124.75,126.05,124.7,2870.0,1.61,Train
2017-02-25,126.23333333333333,124.93333333333334,126.51666666666667,124.9,3973.333333333333,1.3366666666666667,Train
2017-02-26,126.56666666666668,125.11666666666666,126.98333333333333,125.1,5076.666666666666,1.0633333333333335,Train
2017-02-27,126.9,125.3,127.45,125.3,6180.0,0.79,Train
2017-02-28,126.55,126.65,126.9,126.25,1790.0,-0.28,Train
2017-03-01,129.85,128.2,130.6,128.2,8520.0,2.61,Train
2017-03-02,127.5,129.5,129.6,127.25,8760.0,-1.81,Train
2017-03-03,126.15,127.3,128.2,125.55,6570.0,-1.06,Train
2017-03-04,125.8,126.75,127.39999999999999,125.06666666666666,6910.0,-0.9833333333333334,Train
2017-03-05,125.45,126.2,126.6,124.58333333333333,7250.0,-0.9066666666666666,Train
2017-03-06,125.1,125.65,125.8,124.1,7590.0,-0.83,Train
2017-03-07,125.25,124.9,125.35,124.1,5390.0,0.12,Train
2017-03-08,125.0,125.6,125.95,124.75,5770.0,-0.2,Train
2017-03-09,124.7,124.85,125.1,123.25,6990.0,-0.24,Train
2017-03-10,124.6,124.95,126.6,123.9,6670.0,-0.08,Train
2017-03-11,124.36666666666666,125.28333333333333,126.38333333333333,123.86666666666667,5266.666666666667,-0.24,Train
2017-03-12,124.13333333333334,125.61666666666667,126.16666666666667,123.83333333333333,3863.3333333333335,-0.4,Train
2017-03-13,123.9,125.95,125.95,123.8,2460.0,-0.56,Train
2017-03-14,122.3,124.1,124.35,121.6,7250.0,-1.29,Train
2017-03-15,123.3,122.6,123.4,121.9,4100.0,0.82,Train
2017-03-16,123.85,123.3,124.8,123.2,4690.0,0.45,Train
2017-03-17,124.9,124.0,125.0,123.3,5620.0,0.85,Train
2017-03-18,124.9,124.16666666666667,125.16666666666667,123.51666666666667,5640.0,0.5666666666666667,Train
2017-03-19,124.9,124.33333333333333,125.33333333333333,123.73333333333333,5660.0,0.2833333333333333,Train
2017-03-20,124.9,124.5,125.5,123.95,5680.0,0.0,Train
2017-03-21,125.3,124.65,125.95,124.35,5730.0,0.32,Train
2017-03-22,125.4,125.2,126.0,124.35,7770.0,0.08,Train
2017-03-23,125.8,125.3,125.9,125.0,5570.0,0.32,Train
2017-03-24,126.15,125.65,126.3,125.4,4590.0,0.28,Train
2017-03-25,125.8,125.7,126.13333333333333,124.93333333333334,4863.333333333333,-0.08999999999999991,Train
2017-03-26,125.45,125.75,125.96666666666667,124.46666666666667,5136.666666666667,-0.45999999999999985,Train
2017-03-27,125.1,125.8,125.8,124.0,5410.0,-0.83,Train
2017-03-28,126.05,124.9,126.2,124.6,4200.0,0.76,Train
2017-03-29,126.25,125.7,126.75,125.35,4950.0,0.16,Train
2017-03-30,126.95,126.0,127.75,126.0,4920.0,0.55,Train
2017-03-31,126.1,126.65,127.25,125.75,2320.0,-0.67,Train
2017-04-01,126.16666666666666,126.63333333333334,127.4,125.9,4070.0,-0.39333333333333337,Train
2017-04-02,126.23333333333333,126.61666666666666,127.55,126.05,5820.0,-0.1166666666666667,Train
2017-04-03,126.3,126.6,127.7,126.2,7570.0,0.16,Train
2017-04-04,125.85,126.6,126.9,125.7,3010.0,-0.36,Train
2017-04-05,127.5,127.1,128.0,126.75,7570.0,1.31,Train
2017-04-06,125.75,127.05,127.5,125.65,6670.0,-1.37,Train
2017-04-07,125.75,125.9,126.05,123.9,7320.0,0.0,Train
2017-04-08,125.08333333333333,125.66666666666667,125.93333333333334,123.8,6980.0,-0.53,Train
2017-04-09,124.41666666666667,125.43333333333334,125.81666666666666,123.7,6640.0,-1.06,Train
2017-04-10,123.75,125.2,125.7,123.6,6300.0,-1.59,Train
2017-04-11,123.75,124.25,124.25,123.1,4930.0,0.0,Train
2017-04-12,122.35,124.1,124.1,122.3,5710.0,-1.13,Train
2017-04-13,123.1,122.8,123.3,122.25,5410.0,0.61,Train
2017-04-14,123.4125,122.725,123.6,122.3125,4975.0,0.7125,Train
2017-04-15,123.725,122.65,123.9,122.375,4540.0,0.815,Train
2017-04-16,124.0375,122.575,124.2,122.4375,4105.0,0.9175,Train
2017-04-17,124.35,122.5,124.5,122.5,3670.0,1.02,Train
2017-04-18,122.0,124.65,125.45,121.8,10870.0,-1.89,Train
2017-04-19,123.15,122.5,123.25,122.0,5090.0,0.94,Train
2017-04-20,125.65,123.1,125.7,122.7,7220.0,2.03,Train
2017-04-21,124.6,125.55,126.35,124.5,5990.0,-0.84,Train
2017-04-22,124.8,125.26666666666667,126.0,124.35,5296.666666666667,-0.4,Train
2017-04-23,125.0,124.98333333333333,125.64999999999999,124.2,4603.333333333333,0.039999999999999925,Train
2017-04-24,125.2,124.7,125.3,124.05,3910.0,0.48,Train
2017-04-25,125.6,124.95,125.8,124.35,4940.0,0.32,Train
2017-04-26,125.6,124.5,125.7,124.5,3790.0,0.0,Train
2017-04-27,122.75,125.15,125.95,122.65,4940.0,-2.27,Train
2017-04-28,123.35,123.4,123.75,122.7,2310.0,0.49,Train
2017-04-29,123.5,123.21666666666667,123.83333333333333,122.75,1816.6666666666667,0.44666666666666666,Train
2017-04-30,123.64999999999999,123.03333333333333,123.91666666666667,122.8,1323.3333333333335,0.4033333333333333,Train
2017-05-01,123.8,122.85,124.0,122.85,830.0,0.36,Train
2017-05-02,123.75,123.3,123.85,122.2,4360.0,-0.04,Train
2017-05-03,123.15,123.25,123.7,122.6,4890.0,-0.48,Train
2017-05-04,122.9,123.15,123.15,122.05,5430.0,-0.2,Train
2017-05-05,122.05,122.8,123.4,121.75,5390.0,-0.69,Train
2017-05-06,121.66666666666667,122.53333333333333,122.93333333333334,121.31666666666666,5296.666666666667,-0.7733333333333333,Train
2017-05-07,121.28333333333333,122.26666666666667,122.46666666666667,120.88333333333334,5203.333333333333,-0.8566666666666666,Train
2017-05-08,120.9,122.0,122.0,120.45,5110.0,-0.94,Train
2017-05-09,121.05,121.1,121.7,120.65,4100.0,0.12,Train
2017-05-10,120.6,121.15,121.2,120.35,4600.0,-0.37,Train
2017-05-11,120.85,120.65,121.8,120.35,6060.0,0.21,Train
2017-05-12,121.2,120.75,121.55,120.65,4800.0,0.29,Train
2017-05-13,121.55,120.91666666666667,121.83333333333333,120.83333333333334,4836.666666666667,0.48333333333333334,Train
2017-05-14,121.9,121.08333333333333,122.11666666666667,121.01666666666667,4873.333333333333,0.6766666666666667,Train
2017-05-15,122.25,121.25,122.4,121.2,4910.0,0.87,Train
2017-05-16,123.45,122.3,123.65,121.7,6730.0,0.98,Train
2017-05-17,123.7,123.25,123.85,123.1,4680.0,0.2,Train
2017-05-18,124.9,123.35,125.0,122.55,7620.0,0.97,Train
2017-05-19,125.35,124.5,125.9,124.4,5950.0,0.36,Train
2017-05-20,125.31666666666666,124.66666666666667,125.78333333333333,124.55,5120.0,0.21333333333333332,Train
2017-05-21,125.28333333333333,124.83333333333333,125.66666666666667,124.7,4290.0,0.06666666666666665,Train
2017-05-22,125.25,125.0,125.55,124.85,3460.0,-0.08,Train
2017-05-23,126.45,125.0,126.5,124.55,5400.0,0.96,Train
2017-05-24,126.1,126.0,126.6,125.25,5780.0,-0.28,Train
2017-05-25,126.3,125.8,126.45,125.55,5370.0,0.16,Train
2017-05-26,125.9,126.6,126.9,125.7,3490.0,-0.32,Train
2017-05-27,125.91666666666667,126.3,126.61666666666667,125.7,2533.3333333333335,-0.2,Train
2017-05-28,125.93333333333334,126.0,126.33333333333333,125.7,1576.6666666666667,-0.08000000000000002,Train
2017-05-29,125.95,125.7,126.05,125.7,620.0,0.04,Train
2017-05-30,124.3,126.1,126.35,123.6,4500.0,-1.31,Train
2017-05-31,123.3,124.3,124.3,123.1,2060.0,-0.8,Train
2017-06-01,124.2,124.2,125.1,123.6,6060.0,0.73,Train
2017-06-02,123.85,124.15,124.4,122.85,6370.0,-0.28,Train
2017-06-03,123.31666666666666,123.96666666666667,124.26666666666667,122.6,5803.333333333333,-0.6166666666666667,Train
2017-06-04,122.78333333333333,123.78333333333333,124.13333333333334,122.35,5236.666666666667,-0.9533333333333334,Train
2017-06-05,122.25,123.6,124.0,122.1,4670.0,-1.29,Train
2017-06-06,122.5,122.45,122.8,121.45,5060.0,0.2,Train
2017-06-07,122.4,122.45,123.1,122.0,4200.0,-0.08,Train
2017-06-08,122.1,122.75,123.3,121.8,4390.0,-0.25,Train
2017-06-09,122.6,122.15,122.7,121.2,5330.0,0.41,Train
2017-06-10,122.14999999999999,122.2,122.58333333333333,121.2,4980.0,-0.09333333333333332,Train
2017-06-11,121.7,122.25,122.46666666666667,121.2,4630.0,-0.5966666666666667,Train
2017-06-12,121.25,122.3,122.35,121.2,4280.0,-1.1,Train
2017-06-13,121.35,121.5,121.75,120.55,4330.0,0.08,Train
2017-06-14,120.15,121.6,121.65,120.0,4850.0,-0.99,Train
2017-06-15,120.7,120.5,120.85,120.25,3400.0,0.46,Train
2017-06-16,120.25,120.95,121.15,120.1,3210.0,-0.37,Train
2017-06-17,120.63333333333334,120.88333333333334,121.26666666666667,120.2,3940.0,0.07333333333333336,Train
2017-06-18,121.01666666666667,120.81666666666666,121.38333333333334,120.3,4670.0,0.5166666666666667,Train
2017-06-19,121.4,120.75,121.5,120.4,5400.0,0.96,Train
2017-06-20,121.45,121.3,122.6,121.3,5590.0,0.04,Train
2017-06-21,120.25,121.65,121.7,120.15,6550.0,-0.99,Train
2017-06-22,120.4,120.5,121.25,120.0,5210.0,0.12,Train
2017-06-23,120.0,120.35,120.95,119.9,3700.0,-0.33,Train
2017-06-24,120.0,120.26666666666667,120.7,119.66666666666667,3233.3333333333335,-0.22000000000000003,Train
2017-06-25,120.0,120.18333333333332,120.45,119.43333333333334,2766.6666666666665,-0.11000000000000001,Train
2017-06-26,120.0,120.1,120.2,119.2,2300.0,0.0,Train
2017-06-27,121.3,120.0,121.4,119.5,4940.0,1.08,Train
2017-06-28,121.85,121.3,121.95,121.15,4080.0,0.45,Train
2017-06-29,123.6,122.15,123.75,122.05,4430.0,1.44,Train
2017-06-30,123.5,123.2,123.65,123.0,1570.0,-0.08,Train
2017-07-01,123.96666666666667,123.71666666666667,124.15,123.38333333333334,2430.0,0.3233333333333333,Train
2017-07-02,124.43333333333334,124.23333333333333,124.65,123.76666666666667,3290.0,0.7266666666666667,Train
2017-07-03,124.9,124.75,125.15,124.15,4150.0,1.13,Train
2017-07-04,124.8,124.5,124.9,123.7,3950.0,-0.08,Train
2017-07-05,124.85,124.7,124.95,124.2,4210.0,0.04,Train
2017-07-06,125.3,124.55,125.8,124.3,5190.0,0.36,Train
2017-07-07,124.45,125.2,125.65,124.1,4400.0,-0.68,Train
2017-07-08,123.61666666666667,124.91666666666667,125.25,123.33333333333333,4946.666666666667,-1.1233333333333333,Train
2017-07-09,122.78333333333333,124.63333333333333,124.85000000000001,122.56666666666666,5493.333333333333,-1.5666666666666664,Train
2017-07-10,121.95,124.35,124.45,121.8,6040.0,-2.01,Train
2017-07-11,122.15,122.2,122.6,121.55,4460.0,0.16,Train
2017-07-12,121.2,122.45,122.6,120.9,5180.0,-0.78,Train
2017-07-13,123.4,121.8,124.6,121.65,12450.0,1.82,Train
2017-07-14,123.1,123.65,123.85,122.8,5960.0,-0.24,Train
2017-07-15,122.8,123.60000000000001,123.96666666666667,122.36666666666666,6596.666666666667,-0.4033333333333333,Train
2017-07-16,122.5,123.55,124.08333333333333,121.93333333333334,7233.333333333333,-0.5666666666666667,Train
2017-07-17,122.2,123.5,124.2,121.5,7870.0,-0.73,Train
2017-07-18,123.0,122.35,123.25,121.45,6400.0,0.65,Train
2017-07-19,122.4,122.7,123.5,122.1,6690.0,-0.49,Train
2017-07-20,122.3,122.85,123.1,122.0,5490.0,-0.08,Train
2017-07-21,122.45,122.45,123.1,122.1,5250.0,0.12,Train
2017-07-22,122.3,122.51666666666667,123.03333333333333,122.0,4996.666666666667,-0.043333333333333335,Train
2017-07-23,122.15,122.58333333333334,122.96666666666667,121.89999999999999,4743.333333333333,-0.20666666666666667,Train
2017-07-24,122.0,122.65,122.9,121.8,4490.0,-0.37,Train
2017-07-25,123.95,122.45,124.45,122.25,7670.0,1.6,Train
2017-07-26,123.55,124.9,125.4,123.25,8390.0,-0.32,Train
2017-07-27,123.15,123.5,124.3,122.9,6250.0,-0.32,Train
2017-07-28,121.15,123.1,123.1,121.0,6560.0,-1.62,Train
2017-07-29,121.31666666666668,122.51666666666667,122.75,121.08333333333333,5386.666666666667,-0.9433333333333334,Train
2017-07-30,121.48333333333333,121.93333333333332,122.39999999999999,121.16666666666667,4213.333333333334,-0.2666666666666666,Train
2017-07-31,121.65,121.35,122.05,121.25,3040.0,0.41,Train
2017-08-01,121.85,122.5,122.65,121.75,4059.9999999999995,0.16,Train
2017-08-02,122.15,122.25,123.65,121.9,8520.0,0.25,Train
2017-08-03,121.55,122.1,122.3,121.35,5110.0,-0.49,Train
2017-08-04,121.1,121.5,121.75,120.95,5720.0,-0.37,Train
2017-08-05,122.58333333333333,121.5,123.05,121.13333333333334,8536.666666666666,0.9766666666666667,Train
2017-08-06,124.06666666666666,121.5,124.35000000000001,121.31666666666666,11353.333333333332,2.3233333333333333,Train
2017-08-07,125.55,121.5,125.65,121.5,14170.0,3.67,Train
2017-08-08,128.8,125.4,129.3,125.25,15340.0,2.59,Train
2017-08-09,128.8,129.15,130.2,128.25,11080.0,0.0,Train
2017-08-10,129.8,129.45,130.7,128.65,12270.0,0.78,Train
2017-08-11,130.3,129.2,130.45,128.85,9950.0,0.39,Train
2017-08-12,129.85,129.33333333333331,130.29999999999998,128.85,9013.333333333334,-0.08666666666666673,Train
2017-08-13,129.4,129.46666666666667,130.15,128.85,8076.666666666667,-0.5633333333333335,Train
2017-08-14,128.95,129.6,130.0,128.85,7140.0,-1.04,Train
2017-08-15,131.05,129.64999999999998,132.1,129.27499999999998,8950.0,1.1099999999999999,Train
2017-08-16,133.15,129.7,134.2,129.7,10760.0,3.26,Train
2017-08-17,131.85,134.35,134.4,131.55,6710.0,-0.98,Train
2017-08-18,131.05,132.0,133.6,130.8,7680.0,-0.61,Train
2017-08-19,131.56666666666666,132.16666666666666,133.66666666666666,131.01666666666668,7676.666666666667,-0.013333333333333308,Train
2017-08-20,132.08333333333334,132.33333333333334,133.73333333333335,131.23333333333332,7673.333333333333,0.5833333333333334,Train
2017-08-21,132.6,132.5,133.8,131.45,7670.0,1.18,Train
2017-08-22,131.95,132.55,132.6,131.55,6740.0,-0.49,Train
2017-08-23,133.95,131.6,134.6,130.8,8880.0,1.52,Train
2017-08-24,133.35,133.55,134.6,132.65,6660.0,-0.45,Train
2017-08-25,131.3,133.0,133.3,130.95,3990.0,-1.54,Train
2017-08-26,131.51666666666668,132.23333333333332,132.9,130.86666666666665,3220.0,-0.86,Train
2017-08-27,131.73333333333332,131.46666666666667,132.5,130.78333333333333,2450.0,-0.17999999999999994,Train
2017-08-28,131.95,130.7,132.1,130.7,1680.0,0.5,Train
2017-08-29,132.95,131.85,133.45,131.4,4750.0,0.76,Train
2017-08-30,132.85,132.6,133.45,132.1,5620.0,-0.08,Train
2017-08-31,135.2,133.35,135.9,133.05,3370.0,1.77,Train
2017-09-01,136.05,135.3,136.55,135.0,6450.0,0.63,Train
2017-09-02,135.70000000000002,135.33333333333334,136.43333333333334,134.7,6220.0,0.16333333333333339,Train
2017-09-03,135.35,135.36666666666667,136.31666666666666,134.4,5990.0,-0.30333333333333323,Train
2017-09-04,135.0,135.4,136.2,134.1,5760.0,-0.77,Train
2017-09-05,133.35,134.45,135.1,133.1,6450.0,-1.22,Train
2017-09-06,134.65,133.7,134.75,132.3,6790.0,0.97,Train
2017-09-07,134.45,134.25,134.7,132.95,7500.0,-0.15,Train
2017-09-08,132.85,134.2,134.6,132.4,7840.0,-1.19,Train
2017-09-09,133.4,133.88333333333333,134.86666666666667,132.63333333333333,7753.333333333333,-0.38,Train
2017-09-10,133.95,133.56666666666666,135.13333333333333,132.86666666666667,7666.666666666667,0.42999999999999994,Train
2017-09-11,134.5,133.25,135.4,133.1,7580.0,1.24,Train
2017-09-12,135.5,134.4,135.6,133.8,7150.0,0.74,Train
2017-09-13,134.1,134.75,135.25,133.3,7160.0,-1.03,Train
2017-09-14,133.55,134.5,134.75,131.9,9070.0,-0.41,Train
2017-09-15,132.35,133.0,133.3,131.5,7140.0,-0.9,Train
2017-09-16,132.5,132.91666666666666,133.31666666666666,131.71666666666667,6756.666666666667,-0.4866666666666667,Train
2017-09-17,132.65,132.83333333333334,133.33333333333334,131.93333333333334,6373.333333333333,-0.07333333333333336,Train
2017-09-18,132.8,132.75,133.35,132.15,5990.0,0.34,Train
2017-09-19,135.3,133.0,135.85,133.0,10360.0,1.88,Train
2017-09-20,139.1,135.5,139.4,135.35,16510.0,2.81,Train
2017-09-21,138.35,138.6,141.4,137.45,14850.0,-0.54,Train
2017-09-22,138.95,137.5,139.2,136.1,10050.0,0.43,Train
2017-09-23,138.9,137.73333333333332,139.21666666666667,136.53333333333333,9126.666666666666,0.24999999999999997,Train
2017-09-24,138.85,137.96666666666667,139.23333333333332,136.96666666666667,8203.333333333334,0.06999999999999995,Train
2017-09-25,138.8,138.2,139.25,137.4,7280.0,-0.11,Train
2017-09-26,137.55,139.1,139.8,137.4,6830.0,-0.9,Train
2017-09-27,138.15,138.05,139.35,137.7,5530.0,0.44,Train
2017-09-28,138.4,138.15,138.75,137.1,5820.0,0.18,Train
2017-09-29,137.8,138.1,138.75,137.55,2600.0,-0.43,Train
2017-09-30,138.26250000000002,137.9,139.0375,137.45000000000002,3872.5,0.012500000000000011,Train
2017-10-01,138.72500000000002,137.7,139.325,137.35000000000002,5145.0,0.455,Train
2017-10-02,139.1875,137.5,139.6125,137.25,6417.5,0.8975000000000002,Train
2017-10-03,139.65,137.3,139.9,137.15,7690.0,1.34,Train
2017-10-04,139.95,139.6,140.4,138.8,8970.0,0.21,Train
2017-10-05,140.65,139.8,140.7,139.05,7510.0,0.5,Train
2017-10-06,139.85,140.75,140.85,139.3,4640.0,-0.57,Train
2017-10-07,140.25,140.4,141.03333333333333,139.38333333333335,5146.666666666667,-0.09333333333333332,Train
2017-10-08,140.65,140.04999999999998,141.21666666666667,139.46666666666667,5653.333333333333,0.3833333333333333,Train
2017-10-09,141.05,139.7,141.4,139.55,6160.0,0.86,Train
2017-10-10,140.3,140.55,140.8,139.3,7610.0,-0.53,Train
2017-10-11,138.45,139.9,140.1,138.1,8620.0,-1.32,Train
2017-10-12,138.8,138.2,139.0,138.0,6020.0,0.25,Train
2017-10-13,137.5,138.85,139.85,136.8,7470.0,-0.94,Train
2017-10-14,137.35,138.54999999999998,139.51666666666665,136.73333333333335,7460.0,-0.7366666666666667,Train
2017-10-15,137.20000000000002,138.25,139.18333333333334,136.66666666666666,7450.0,-0.5333333333333334,Train
2017-10-16,137.05,137.95,138.85,136.6,7440.0,-0.33,Train
2017-10-17,137.95,137.5,138.6,137.05,7140.0,0.66,Train
2017-10-18,136.7,137.7,137.7,136.35,5550.0,-0.91,Train
2017-10-19,138.15,137.6,138.4,137.6,1460.0,1.06,Train
2017-10-20,138.1,138.5,140.6,138.0,5160.0,-0.04,Train
2017-10-21,138.21666666666667,138.58333333333334,140.03333333333333,137.91666666666666,4570.0,0.056666666666666664,Train
2017-10-22,138.33333333333331,138.66666666666666,139.46666666666667,137.83333333333334,3980.0,0.15333333333333332,Train
2017-10-23,138.45,138.75,138.9,137.75,3390.0,0.25,Train
2017-10-24,140.25,138.45,140.3,138.15,5580.0,1.3,Train
2017-10-25,141.2,140.0,141.3,139.15,5910.0,0.68,Train
2017-10-26,141.65,141.5,142.6,140.5,6450.0,0.32,Train
2017-10-27,140.55,141.25,141.25,137.95,8530.0,-0.78,Train
2017-10-28,139.95000000000002,140.85,140.95,138.15,7460.0,-0.9466666666666667,Train
2017-10-29,139.35,140.45000000000002,140.65,138.35,6390.0,-1.1133333333333333,Train
2017-10-30,138.75,140.05,140.35,138.55,5320.0,-1.28,Train
2017-10-31,138.6,138.8,139.7,137.55,3140.0,-0.11,Train
2017-11-01,140.15,140.2,142.7,139.05,13370.0,1.12,Train
2017-11-02,139.85,141.3,141.3,139.15,7150.0,-0.21,Train
2017-11-03,140.95,140.15,141.25,139.75,7380.0,0.79,Train
2017-11-04,140.51666666666665,140.4,141.2,139.66666666666666,7256.666666666667,0.22000000000000008,Train
2017-11-05,140.08333333333334,140.65,141.15,139.58333333333334,7133.333333333333,-0.34999999999999987,Train
2017-11-06,139.65,140.9,141.1,139.5,7010.0,-0.92,Train
2017-11-07,138.8,140.0,140.2,138.5,6800.0,-0.61,Train
2017-11-08,136.2,138.7,139.1,136.1,9850.0,-1.87,Train
2017-11-09,135.95,136.15,136.95,134.8,8910.0,-0.18,Train
2017-11-10,137.2,135.8,137.3,135.25,6500.0,0.92,Train
2017-11-11,137.41666666666666,136.28333333333333,137.66666666666669,135.76666666666668,6653.333333333333,0.77,Train
2017-11-12,137.63333333333333,136.76666666666668,138.03333333333333,136.28333333333333,6806.666666666667,0.62,Train
2017-11-13,137.85,137.25,138.4,136.8,6960.0,0.47,Train
2017-11-14,135.95,137.25,137.8,135.75,6930.0,-1.38,Train
2017-11-15,136.95,135.8,137.65,134.65,8780.0,0.74,Train
2017-11-16,136.55,137.5,138.55,136.3,9050.0,-0.29,Train
2017-11-17,136.25,136.4,137.15,135.0,6590.0,-0.22,Train
2017-11-18,135.85,136.0,136.58333333333334,134.8,7066.666666666667,-0.44,Train
2017-11-19,135.45000000000002,135.6,136.01666666666665,134.6,7543.333333333333,-0.66,Train
2017-11-20,135.05,135.2,135.45,134.4,8020.0,-0.88,Train
2017-11-21,134.4,134.65,134.95,133.9,6210.0,-0.48,Train
2017-11-22,135.45,134.7,136.1,134.65,6740.0,0.78,Train
2017-11-23,135.8,135.65,135.95,134.95,4420.0,0.26,Train
2017-11-24,136.85,136.0,137.1,135.85,4390.0,0.77,Train
2017-11-25,136.86666666666667,136.2,137.08333333333334,135.75,4603.333333333333,0.5266666666666667,Train
2017-11-26,136.88333333333333,136.4,137.06666666666666,135.65,4816.666666666667,0.2833333333333334,Train
2017-11-27,136.9,136.6,137.05,135.55,5030.0,0.04,Train
2017-11-28,134.3,135.9,136.0,134.15,6480.0,-1.9,Train
2017-11-29,131.6,134.6,135.0,131.35,8620.0,-2.01,Train
2017-11-30,131.0,130.85,132.15,130.4,4260.0,-0.46,Train
2017-12-01,133.75,132.3,134.2,132.0,6950.0,2.1,Train
2017-12-02,133.51666666666668,132.63333333333335,133.98333333333332,132.21666666666667,6286.666666666667,1.2266666666666666,Train
2017-12-03,133.28333333333333,132.96666666666667,133.76666666666668,132.43333333333334,5623.333333333333,0.3533333333333333,Train
2017-12-04,133.05,133.3,133.55,132.65,4960.0,-0.52,Train
2017-12-05,132.0,133.1,133.15,131.55,8720.0,-0.79,Train
2017-12-06,130.2,131.7,131.85,129.95,6650.0,-1.36,Train
2017-12-07,129.6,130.0,130.4,128.7,7900.0,-0.46,Train
2017-12-08,129.4,129.95,130.3,128.8,5630.0,-0.15,Train
2017-12-09,129.58333333333334,129.71666666666667,130.21666666666667,128.73333333333335,5533.333333333333,0.043333333333333335,Train
2017-12-10,129.76666666666665,129.48333333333332,130.13333333333335,128.66666666666666,5436.666666666667,0.23666666666666666,Train
2017-12-11,129.95,129.25,130.05,128.6,5340.0,0.43,Train
2017-12-12,129.7,129.6,130.1,129.0,5950.0,-0.19,Train
2017-12-13,129.15,129.65,129.85,128.4,5460.0,-0.42,Train
2017-12-14,131.0,129.5,131.35,129.2,8160.0,1.43,Train
2017-12-15,131.65,130.65,132.4,130.4,6950.0,0.5,Train
2017-12-16,131.95000000000002,131.13333333333333,132.46666666666667,130.86666666666667,6120.0,0.56,Train
2017-12-17,132.25,131.61666666666667,132.53333333333333,131.33333333333334,5290.0,0.62,Train
2017-12-18,132.55,132.1,132.6,131.8,4460.0,0.68,Train
2017-12-19,133.9,132.25,133.95,131.95,7230.0,1.02,Train
2017-12-20,135.0,133.6,135.05,133.25,6820.0,0.82,Train
2017-12-21,136.8,134.85,136.9,134.7,7550.0,1.33,Train
2017-12-22,139.6,136.2,140.2,136.05,11070.0,2.05,Train
2017-12-23,139.3875,136.975,140.0375,136.66250000000002,9207.5,1.3849999999999998,Train
2017-12-24,139.175,137.75,139.875,137.275,7345.0,0.72,Train
2017-12-25,138.9625,138.525,139.7125,137.8875,5482.5,0.05500000000000016,Train
2017-12-26,138.75,139.3,139.55,138.5,3620.0,-0.61,Train
2017-12-27,143.55,138.75,144.05,138.6,12190.0,3.46,Train
2017-12-28,145.4,142.8,145.95,142.6,10280.0,1.29,Train
2017-12-29,143.9,144.2,145.3,143.1,7060.0,-1.03,Train
2017-12-30,144.15,144.48333333333332,145.31666666666666,143.58333333333334,5143.333333333333,-0.5133333333333333,Train
2017-12-31,144.4,144.76666666666668,145.33333333333334,144.06666666666666,3226.6666666666665,0.0033333333333334103,Train
2018-01-01,144.65,145.05,145.35,144.55,1310.0,0.52,Train
2018-01-02,143.45,144.1,145.45,143.25,10400.0,-0.83,Train
2018-01-03,141.4,142.75,143.15,141.05,8810.0,-1.43,Train
2018-01-04,142.0,140.75,142.7,140.5,8270.0,0.42,Train
2018-01-05,139.2,142.0,142.3,139.0,10980.0,-1.97,Train
2018-01-06,138.71666666666667,141.11666666666667,141.53333333333333,138.53333333333333,10376.666666666666,-1.66,Train
2018-01-07,138.23333333333332,140.23333333333332,140.76666666666668,138.06666666666666,9773.333333333334,-1.35,Train
2018-01-08,137.75,139.35,140.0,137.6,9170.0,-1.04,Train
2018-01-09,136.9,138.05,138.3,136.6,6770.0,-0.62,Train
2018-01-10,138.9,137.45,139.1,137.1,8290.0,1.46,Train
2018-01-11,138.8,139.95,140.35,138.0,9730.0,-0.07,Train
2018-01-12,141.0,138.8,141.45,138.6,11100.0,1.59,Train
2018-01-13,141.03333333333333,139.86666666666667,141.81666666666666,139.4,9770.0,1.0833333333333335,Train
2018-01-14,141.06666666666666,140.93333333333334,142.18333333333334,140.2,8440.0,0.5766666666666667,Train
2018-01-15,141.1,142.0,142.55,141.0,7110.0,0.07,Train
2018-01-16,140.35,140.8,141.05,139.0,7530.0,-0.53,Train
2018-01-17,140.3,139.6,140.55,139.35,7380.0,-0.04,Train
2018-01-18,143.5,140.5,143.65,139.85,11450.0,2.28,Train
2018-01-19,141.75,142.85,144.9,141.6,12150.0,-1.22,Train
2018-01-20,142.35,142.53333333333333,144.55,141.61666666666667,10556.666666666666,-0.3899999999999999,Train
2018-01-21,142.95000000000002,142.21666666666667,144.2,141.63333333333333,8963.333333333334,0.44000000000000017,Train
2018-01-22,143.55,141.9,143.85,141.65,7370.0,1.27,Train
2018-01-23,141.85,143.15,143.3,140.85,9450.0,-1.18,Train
2018-01-24,142.75,141.8,143.1,140.55,8150.0,0.63,Train
2018-01-25,141.6,143.5,144.05,141.5,7640.0,-0.81,Train
2018-01-26,141.5875,143.0375,144.07500000000002,141.475,7147.5,-0.6175,Train
2018-01-27,141.575,142.575,144.10000000000002,141.45,6655.0,-0.42500000000000004,Train
2018-01-28,141.5625,142.1125,144.125,141.425,6162.5,-0.23250000000000004,Train
2018-01-29,141.55,141.65,144.15,141.4,5670.0,-0.04,Train
2018-01-30,141.1,141.15,142.2,139.85,7260.0,-0.32,Train
2018-01-31,141.1,141.25,141.75,140.5,3270.0,0.0,Train
2018-02-01,142.55,141.0,142.7,139.4,9010.0,1.03,Train
2018-02-02,141.7,142.45,143.15,141.45,6740.0,-0.6,Train
2018-02-03,141.6,142.04999999999998,142.66666666666666,141.13333333333333,6213.333333333333,-0.47,Train
2018-02-04,141.5,141.65,142.18333333333334,140.81666666666666,5686.666666666667,-0.33999999999999997,Train
2018-02-05,141.4,141.25,141.7,140.5,5160.0,-0.21,Train
2018-02-06,139.3,140.7,141.15,139.2,8170.0,-1.49,Train
2018-02-07,139.1,140.6,140.8,138.3,10370.0,-0.14,Train
2018-02-08,140.2,139.4,140.3,138.15,8990.0,0.79,Train
2018-02-09,137.1,139.6,139.75,136.8,12930.0,-2.21,Train
2018-02-10,137.04999999999998,138.73333333333332,139.25,136.58333333333334,11076.666666666666,-1.5099999999999998,Train
2018-02-11,137.0,137.86666666666667,138.75,136.36666666666667,9223.333333333334,-0.8099999999999998,Train
2018-02-12,136.95,137.0,138.25,136.15,7370.0,-0.11,Train
2018-02-13,137.4,136.85,137.7,136.5,4080.0,0.33,Train
2018-02-14,139.65,137.15,140.5,135.55,14870.0,1.64,Train
2018-02-15,137.75,140.8,140.8,136.65,10270.0,-1.36,Train
2018-02-16,141.6,137.7,142.1,137.65,12520.0,2.79,Train
2018-02-17,142.0,138.95,142.75,138.38333333333333,13910.0,2.1433333333333335,Train
2018-02-18,142.4,140.2,143.4,139.11666666666667,15300.0,1.4966666666666668,Train
2018-02-19,142.8,141.45,144.05,139.85,16690.0,0.85,Train
2018-02-20,142.05,142.4,143.7,141.95,9740.0,-0.53,Train
2018-02-21,142.75,141.8,142.95,140.4,12120.0,0.49,Train
2018-02-22,142.15,141.6,142.35,140.65,10420.0,-0.42,Train
2018-02-23,140.15,142.0,142.5,139.65,11210.0,-1.41,Train
2018-02-24,139.95000000000002,141.98333333333332,142.31666666666666,139.58333333333334,10160.0,-1.0833333333333333,Train
2018-02-25,139.75,141.96666666666667,142.13333333333333,139.51666666666665,9110.0,-0.7566666666666666,Train
2018-02-26,139.55,141.95,141.95,139.45,8060.000000000001,-0.43,Train
2018-02-27,140.6,140.1,140.85,139.6,7140.0,0.75,Train
2018-02-28,140.5,140.7,141.0,140.15,3310.0,-0.07,Train
2018-03-01,140.4,139.8,141.25,138.4,16070.0,-0.07,Train
2018-03-02,140.35,139.8,140.9,139.8,4050.0,-0.04,Train
2018-03-03,140.1,139.8,140.68333333333334,139.55,5893.333333333333,-0.20333333333333337,Train
2018-03-04,139.85,139.8,140.46666666666667,139.3,7736.666666666666,-0.3666666666666667,Train
2018-03-05,139.6,139.8,140.25,139.05,9580.0,-0.53,Train
2018-03-06,138.5,139.35,140.1,138.35,8950.0,-0.79,Train
2018-03-07,136.35,138.6,138.8,136.05,9630.0,-1.55,Train
2018-03-08,136.9,136.0,137.25,135.8,8550.0,0.4,Train
2018-03-09,137.4,136.8,138.3,135.9,12310.0,0.37,Train
2018-03-10,136.76666666666668,136.88333333333335,137.98333333333335,135.73333333333335,10996.666666666666,-0.21333333333333337,Train
2018-03-11,136.13333333333333,136.96666666666667,137.66666666666666,135.56666666666666,9683.333333333334,-0.7966666666666667,Train
2018-03-12,135.5,137.05,137.35,135.4,8370.0,-1.38,Train
2018-03-13,135.55,135.45,136.15,134.65,8240.0,0.04,Train
2018-03-14,135.1,135.8,137.25,134.95,10380.0,-0.33,Train
2018-03-15,134.8,135.6,135.85,134.1,8310.0,-0.22,Train
2018-03-16,134.95,134.7,135.35,134.15,8310.0,0.11,Train
2018-03-17,135.1,134.75,135.54999999999998,134.11666666666667,8150.0,0.18333333333333335,Train
2018-03-18,135.25,134.79999999999998,135.75,134.08333333333334,7990.0,0.2566666666666667,Train
2018-03-19,135.4,134.85,135.95,134.05,7830.0,0.33,Train
2018-03-20,134.8,134.85,135.75,134.4,8220.0,-0.44,Train
2018-03-21,134.5,134.75,135.35,133.7,8490.0,-0.22,Train
2018-03-22,133.75,135.25,135.9,133.7,9240.0,-0.56,Train
2018-03-23,132.4,133.35,134.15,132.2,6270.0,-1.01,Train
2018-03-24,132.13333333333333,133.0,133.63333333333333,131.95,6316.666666666667,-0.8733333333333333,Train
2018-03-25,131.86666666666667,132.65,133.11666666666667,131.7,6363.333333333333,-0.7366666666666666,Train
2018-03-26,131.6,132.3,132.6,131.45,6410.0,-0.6,Train
2018-03-27,131.15,131.8,132.65,131.05,6310.0,-0.34,Train
2018-03-28,130.35,131.1,131.3,129.7,4640.0,-0.61,Train
2018-03-29,130.54,131.14,131.46,129.92999999999998,4372.0,-0.342,Train
2018-03-30,130.73,131.18,131.62,130.16,4104.0,-0.07400000000000007,Train
2018-03-31,130.92000000000002,131.22,131.78,130.39,3836.0,0.19399999999999984,Train
2018-04-01,131.11,131.26000000000002,131.94,130.62,3568.0,0.46199999999999986,Train
2018-04-02,131.3,131.3,132.1,130.85,3300.0,0.73,Train
2018-04-03,129.6,132.05,132.3,128.7,12570.0,-1.29,Train
2018-04-04,129.35,129.8,130.2,128.8,9100.0,-0.19,Train
2018-04-05,130.05,129.9,130.55,128.3,13080.0,0.54,Train
2018-04-06,133.0,129.95,133.3,128.65,18230.0,2.27,Train
2018-04-07,135.1,131.15,135.43333333333334,130.28333333333333,25400.0,3.0933333333333333,Train
2018-04-08,137.20000000000002,132.35,137.56666666666666,131.91666666666669,32570.0,3.916666666666667,Train
2018-04-09,139.3,133.55,139.7,133.55,39740.0,4.74,Train
2018-04-10,144.6,139.75,146.45,138.4,28730.0,3.8,Train
2018-04-11,147.25,144.05,149.45,144.05,31590.0,1.83,Train
2018-04-12,152.0,146.9,153.5,144.7,33080.0,3.23,Train
2018-04-13,149.75,151.8,155.75,149.25,38540.0,-1.48,Train
2018-04-14,152.08333333333334,151.26666666666668,156.68333333333334,149.56666666666666,34233.333333333336,0.5700000000000003,Train
2018-04-15,154.41666666666666,150.73333333333332,157.61666666666667,149.88333333333333,29926.666666666664,2.6200000000000006,Train
2018-04-16,156.75,150.2,158.55,150.2,25620.0,4.67,Train
2018-04-17,159.15,157.4,160.8,154.95,34250.0,1.53,Train
2018-04-18,168.75,158.1,169.3,158.1,36010.0,6.03,Train
2018-04-19,165.3,170.5,178.85,160.0,63760.0,-2.04,Train
2018-04-20,165.9,162.7,168.3,160.95,33340.0,0.36,Train
2018-04-21,160.93333333333334,163.96666666666667,168.6,157.38333333333333,37110.0,-2.7533333333333334,Train
2018-04-22,155.96666666666667,165.23333333333332,168.9,153.81666666666666,40880.0,-5.866666666666666,Train
2018-04-23,151.0,166.5,169.2,150.25,44650.0,-8.98,Train
2018-04-24,146.35,150.35,152.3,145.55,30770.0,-3.08,Train
2018-04-25,149.45,146.3,152.2,146.25,25350.0,2.12,Train
2018-04-26,152.2,148.5,154.15,146.6,25870.0,1.84,Train
2018-04-27,148.8,152.0,153.85,147.45,21470.0,-2.23,Train
2018-04-28,148.75,150.76666666666668,152.5,147.53333333333333,15816.666666666668,-1.52,Train
2018-04-29,148.70000000000002,149.53333333333333,151.15,147.61666666666665,10163.333333333334,-0.81,Train
2018-04-30,148.65,148.3,149.8,147.7,4510.0,-0.1,Train
2018-05-01,151.35,150.5,152.5,149.5,7820.0,1.82,Train
2018-05-02,156.1,151.05,156.7,150.35,18490.0,3.14,Train
2018-05-03,152.75,155.1,157.9,151.8,19940.0,-2.15,Train
2018-05-04,158.65,153.65,159.3,153.6,21790.0,3.86,Train
2018-05-05,158.88333333333333,155.6,159.5,154.83333333333334,16126.666666666668,2.7199999999999998,Train
2018-05-06,159.11666666666667,157.55,159.70000000000002,156.06666666666666,10463.333333333334,1.58,Train
2018-05-07,159.35,159.5,159.9,157.3,4800.0,0.44,Train
2018-05-08,159.95,160.15,161.4,157.0,19570.0,0.38,Train
2018-05-09,159.75,161.4,161.55,155.2,22240.0,-0.13,Train
2018-05-10,155.65,158.6,158.6,155.4,15410.0,-2.57,Train
2018-05-11,153.55,155.5,156.15,152.85,16079.999999999998,-1.35,Train
2018-05-12,154.76666666666668,154.9,156.65,152.95,15256.666666666666,-0.10666666666666669,Train
2018-05-13,155.98333333333332,154.29999999999998,157.15,153.05,14433.333333333332,1.1366666666666667,Train
2018-05-14,157.2,153.7,157.65,153.15,13610.0,2.38,Train
2018-05-15,159.5,157.45,159.9,154.6,14290.0,1.46,Train
2018-05-16,158.6,159.1,159.65,158.15,11740.0,-0.56,Train
2018-05-17,156.4,159.5,159.8,154.0,19600.0,-1.39,Train
2018-05-18,154.8,155.95,158.0,153.8,16670.0,-1.02,Train
2018-05-19,155.11666666666667,155.58333333333331,157.58333333333334,153.98333333333335,14020.0,-0.4766666666666667,Train
2018-05-20,155.43333333333334,155.21666666666667,157.16666666666666,154.16666666666666,11370.0,0.06666666666666665,Train
2018-05-21,155.75,154.85,156.75,154.35,8720.0,0.61,Train
2018-05-22,154.05,155.0,156.15,153.75,10010.0,-1.09,Train
2018-05-23,155.15,154.45,155.5,153.1,8870.0,0.71,Train
2018-05-24,156.9,155.8,157.15,154.15,9440.0,1.13,Train
2018-05-25,153.1,156.5,157.35,152.75,8189.999999999999,-2.42,Train
2018-05-26,153.11666666666667,155.98333333333332,156.56666666666666,152.5,6326.666666666666,-1.6033333333333335,Train
2018-05-27,153.13333333333333,155.46666666666667,155.78333333333333,152.25,4463.333333333333,-0.7866666666666668,Train
2018-05-28,153.15,154.95,155.0,152.0,2600.0,0.03,Train
2018-05-29,153.8,153.8,154.3,152.6,8960.0,0.42,Train
2018-05-30,152.85,153.25,154.1,152.15,7490.0,-0.62,Train
2018-05-31,153.7,152.65,154.35,152.65,3650.0,0.56,Train
2018-06-01,155.25,155.6,156.05,153.0,9580.0,1.01,Train
2018-06-02,155.63333333333333,155.5,156.86666666666667,153.71666666666667,10216.666666666666,0.92,Train
2018-06-03,156.01666666666668,155.4,157.68333333333334,154.43333333333334,10853.333333333334,0.83,Train
2018-06-04,156.4,155.3,158.5,155.15,11490.0,0.74,Train
2018-06-05,156.6,156.75,158.6,156.2,9110.0,0.13,Train
2018-06-06,157.3,156.45,158.3,155.45,8250.0,0.45,Train
2018-06-07,155.15,157.45,158.95,154.85,11150.0,-1.37,Train
2018-06-08,156.9,155.5,157.8,155.05,9180.0,1.13,Train
2018-06-09,156.86666666666667,155.93333333333334,157.68333333333334,155.20000000000002,8406.666666666666,0.7333333333333332,Train
2018-06-10,156.83333333333334,156.36666666666667,157.56666666666666,155.35,7633.333333333333,0.33666666666666656,Train
2018-06-11,156.8,156.8,157.45,155.5,6860.0,-0.06,Train
2018-06-12,156.35,157.2,158.0,155.9,7560.0,-0.29,Train
2018-06-13,154.85,156.15,156.15,154.35,8880.0,-0.96,Train
2018-06-14,154.0,154.65,155.2,153.8,6470.0,-0.55,Train
2018-06-15,151.95,154.1,154.45,151.2,9890.0,-1.33,Train
2018-06-16,152.11666666666665,153.21666666666667,153.86666666666665,150.95,8796.666666666666,-0.7766666666666667,Train
2018-06-17,152.28333333333333,152.33333333333331,153.28333333333333,150.7,7703.333333333334,-0.22333333333333338,Train
2018-06-18,152.45,151.45,152.7,150.45,6610.0,0.33,Train
2018-06-19,149.0,151.9,152.25,148.65,8140.000000000001,-2.26,Train
2018-06-20,148.55,149.35,150.5,148.2,6260.0,-0.3,Train
2018-06-21,149.25,149.1,149.5,147.7,5840.0,0.47,Train
2018-06-22,148.6,148.8,149.2,147.6,5440.0,-0.44,Train
2018-06-23,148.2,148.71666666666667,149.08333333333331,147.45,5233.333333333333,-0.5633333333333334,Train
2018-06-24,147.8,148.63333333333335,148.96666666666667,147.3,5026.666666666667,-0.6866666666666668,Train
2018-06-25,147.4,148.55,148.85,147.15,4820.0,-0.81,Train
2018-06-26,150.3,147.45,150.75,146.45,6120.0,1.97,Train
2018-06-27,150.35,149.5,152.0,148.75,11450.0,0.03,Train
2018-06-28,149.4,150.65,150.95,148.75,5560.0,-0.63,Train
2018-06-29,148.55,148.7,149.85,146.75,3570.0,-0.57,Train
2018-06-30,147.71666666666667,148.03333333333333,149.06666666666666,146.31666666666666,5086.666666666666,-0.94,Train
2018-07-01,146.88333333333335,147.36666666666665,148.28333333333333,145.88333333333333,6603.333333333332,-1.3099999999999998,Train
2018-07-02,146.05,146.7,147.5,145.45,8119.999999999999,-1.68,Train
2018-07-03,144.2,146.1,147.25,143.65,10340.0,-1.27,Train
2018-07-04,144.7,145.45,145.6,143.45,8590.0,0.35,Train
2018-07-05,143.7,144.65,145.65,143.45,7340.0,-0.69,Train
2018-07-06,143.85,143.75,144.35,143.1,6900.0,0.1,Train
2018-07-07,144.1,143.5,145.08333333333334,143.06666666666666,7270.0,0.24000000000000002,Train
2018-07-08,144.35,143.25,145.81666666666666,143.03333333333333,7640.0,0.38,Train
2018-07-09,144.6,143.0,146.55,143.0,8010.0,0.52,Train
2018-07-10,143.25,145.0,146.2,143.05,9010.0,-0.93,Train
2018-07-11,141.95,143.0,143.5,141.35,9270.0,-0.91,Train
2018-07-12,139.4,142.4,142.65,139.25,10890.0,-1.8,Train
2018-07-13,139.35,140.0,140.75,138.4,9480.0,-0.04,Train
2018-07-14,140.03333333333333,139.78333333333333,141.15,138.55,9063.333333333334,0.4633333333333333,Train
2018-07-15,140.71666666666667,139.56666666666666,141.54999999999998,138.7,8646.666666666666,0.9666666666666666,Train
2018-07-16,141.4,139.35,141.95,138.85,8230.0,1.47,Train
2018-07-17,138.95,142.1,142.55,138.8,12330.0,-1.73,Train
2018-07-18,139.25,139.05,139.75,138.1,9130.0,0.22,Train
2018-07-19,138.3,139.7,139.95,137.9,10790.0,-0.68,Train
2018-07-20,140.65,138.5,141.1,137.95,10690.0,1.7,Train
2018-07-21,141.03333333333333,139.11666666666667,141.96666666666667,138.65,11266.666666666666,1.4066666666666667,Train
2018-07-22,141.41666666666669,139.73333333333332,142.83333333333331,139.35,11843.333333333334,1.1133333333333333,Train
2018-07-23,141.8,140.35,143.7,140.05,12420.0,0.82,Train
2018-07-24,142.25,141.5,144.55,141.3,13650.0,0.32,Train
2018-07-25,140.65,142.5,142.75,140.25,8710.0,-1.12,Train
2018-07-26,141.15,141.25,141.75,140.4,7730.0,0.36,Train
2018-07-27,140.45,140.9,142.0,140.3,7840.0,-0.5,Train
2018-07-28,140.86666666666665,140.9,142.1,140.3,7620.0,-0.036666666666666625,Train
2018-07-29,141.28333333333333,140.9,142.20000000000002,140.3,7400.0,0.42666666666666675,Train
2018-07-30,141.7,140.9,142.3,140.3,7180.0,0.89,Train
2018-07-31,141.1,141.7,142.0,140.85,3570.0,-0.42,Train
2018-08-01,140.25,142.25,142.25,139.8,8380.0,-0.6,Train
2018-08-02,139.35,140.25,141.4,139.2,9890.0,-0.64,Train
2018-08-03,138.75,139.4,140.0,138.55,10980.0,-0.43,Train
2018-08-04,139.31666666666666,139.26666666666668,140.2,138.56666666666666,9826.666666666666,0.12333333333333335,Train
2018-08-05,139.88333333333333,139.13333333333333,140.4,138.58333333333334,8673.333333333334,0.6766666666666667,Train
2018-08-06,140.45,139.0,140.6,138.6,7520.0,1.23,Train
2018-08-07,139.45,139.9,141.35,139.25,9760.0,-0.71,Train
2018-08-08,144.6,139.7,144.85,139.35,18680.0,3.69,Train
2018-08-09,142.45,144.9,147.0,142.3,19930.0,-1.49,Train
2018-08-10,143.75,143.05,145.5,141.65,17140.0,0.91,Train
2018-08-11,144.35,143.46666666666667,145.66666666666666,142.36666666666667,15156.666666666666,1.0233333333333334,Train
2018-08-12,144.95000000000002,143.88333333333335,145.83333333333334,143.08333333333334,13173.333333333334,1.1366666666666667,Train
2018-08-13,145.55,144.3,146.0,143.8,11190.0,1.25,Train
2018-08-14,144.3,145.4,145.45,142.8,8960.0,-0.86,Train
2018-08-15,143.15,144.3,144.55,142.25,9795.0,-1.225,Train
2018-08-16,142.0,143.2,143.65,141.7,10630.0,-1.59,Train
2018-08-17,141.9,142.4,142.9,140.85,9070.0,-0.07,Train
2018-08-18,142.3,142.25,143.46666666666667,141.1,10343.333333333334,0.23666666666666664,Train
2018-08-19,142.7,142.1,144.03333333333333,141.35,11616.666666666666,0.5433333333333332,Train
2018-08-20,143.1,141.95,144.6,141.6,12890.0,0.85,Train
2018-08-21,143.3,143.2,144.5,142.55,10090.0,0.14,Train
2018-08-22,143.45,144.0,144.0,143.1,3570.0,0.1,Train
2018-08-23,144.55,143.1,144.7,142.3,9030.0,0.77,Train
2018-08-24,144.75,144.8,146.1,144.05,8130.000000000001,0.14,Train
2018-08-25,144.83333333333334,144.6,145.79999999999998,144.1,6060.0,0.15000000000000002,Train
2018-08-26,144.91666666666666,144.4,145.5,144.15,3990.0,0.16,Train
2018-08-27,145.0,144.2,145.2,144.2,1920.0,0.17,Train
2018-08-28,148.5,145.6,148.85,145.35,11870.0,2.41,Train
2018-08-29,151.05,148.65,152.15,148.3,14520.0,1.72,Train
2018-08-30,149.9,151.3,152.35,149.05,12160.0,-0.76,Train
2018-08-31,150.55,150.2,151.3,149.9,3800.0,0.43,Train
2018-09-01,149.9,149.91666666666666,151.0,149.31666666666666,5823.333333333333,-0.14666666666666667,Train
2018-09-02,149.25,149.63333333333333,150.70000000000002,148.73333333333335,7846.666666666666,-0.7233333333333334,Train
2018-09-03,148.6,149.35,150.4,148.15,9870.0,-1.3,Train
2018-09-04,146.7,149.4,149.6,146.55,10730.0,-1.28,Train
2018-09-05,147.1,147.1,149.0,146.8,11040.0,0.27,Train
2018-09-06,146.05,148.0,149.0,145.3,10360.0,-0.71,Train
2018-09-07,147.2,146.5,148.05,145.9,10850.0,0.79,Train
2018-09-08,148.11666666666665,146.81666666666666,149.23333333333335,146.11666666666667,13840.0,1.1500000000000001,Train
2018-09-09,149.03333333333333,147.13333333333333,150.41666666666666,146.33333333333334,16830.0,1.5100000000000002,Train
2018-09-10,149.95,147.45,151.6,146.55,19820.0,1.87,Train
2018-09-11,147.45,149.45,150.6,147.15,11610.0,-1.67,Train
2018-09-12,146.1,147.95,148.95,143.95,18750.0,-0.92,Train
2018-09-13,145.45,146.35,147.65,144.6,9090.0,-0.44,Train
2018-09-14,145.0,145.6,146.95,144.7,9950.0,-0.31,Train
2018-09-15,145.38333333333333,145.21666666666667,146.78333333333333,144.53333333333333,10036.666666666666,0.0566666666666667,Train
2018-09-16,145.76666666666668,144.83333333333331,146.61666666666665,144.36666666666665,10123.333333333334,0.4233333333333334,Train
2018-09-17,146.15,144.45,146.45,144.2,10210.0,0.79,Train
2018-09-18,145.8,146.1,148.0,145.4,11690.0,-0.24,Train
2018-09-19,144.4,145.4,146.85,143.95,9770.0,-0.96,Train
2018-09-20,145.8,145.25,146.35,145.0,6380.0,0.97,Train
2018-09-21,149.05,146.0,149.75,146.0,13460.0,2.23,Train
2018-09-22,148.43333333333334,146.66666666666666,149.88333333333333,146.35,12336.666666666666,1.0733333333333335,Train
2018-09-23,147.81666666666666,147.33333333333334,150.01666666666668,146.70000000000002,11213.333333333334,-0.08333333333333304,Train
2018-09-24,147.2,148.0,150.15,147.05,10090.0,-1.24,Train
2018-09-25,148.85,147.05,149.0,146.25,9640.0,1.12,Train
2018-09-26,148.05,148.3,150.4,147.8,9720.0,-0.54,Train
2018-09-27,146.2,147.6,148.7,146.1,7860.0,-1.25,Train
2018-09-28,145.75,146.25,146.55,145.15,3110.0,-0.31,Train
2018-09-29,148.2,147.31666666666666,148.76666666666668,146.58333333333334,5923.333333333334,1.4733333333333332,Train
2018-09-30,150.65,148.38333333333333,150.98333333333332,148.01666666666665,8736.666666666668,3.2566666666666664,Train
2018-10-01,153.1,149.45,153.2,149.45,11550.0,5.04,Train
2018-10-02,159.27499999999998,151.725,159.55,151.725,18465.0,6.555,Train
2018-10-03,165.45,154.0,165.9,154.0,25380.0,8.07,Train
2018-10-04,161.2,166.0,167.8,160.2,21340.0,-2.57,Train
2018-10-05,157.7,160.75,163.5,156.7,19900.0,-2.17,Train
2018-10-06,156.54999999999998,159.43333333333334,161.26666666666668,155.25,17223.333333333332,-2.1766666666666667,Train
2018-10-07,155.4,158.11666666666667,159.03333333333333,153.79999999999998,14546.666666666668,-2.183333333333333,Train
2018-10-08,154.25,156.8,156.8,152.35,11870.0,-2.19,Train
2018-10-09,152.9,153.55,154.9,151.35,11460.0,-0.88,Train
2018-10-10,151.8,153.3,153.5,151.35,8920.0,-0.72,Train
2018-10-11,149.8,151.65,151.75,149.6,11160.0,-1.32,Train
2018-10-12,150.0,150.1,151.65,149.75,9590.0,0.13,Train
2018-10-13,150.11666666666667,150.25,151.86666666666667,149.71666666666667,9410.0,0.16333333333333333,Train
2018-10-14,150.23333333333332,150.4,152.08333333333334,149.68333333333334,9230.0,0.19666666666666666,Train
2018-10-15,150.35,150.55,152.3,149.65,9050.0,0.23,Train
2018-10-16,149.4,150.6,150.95,148.65,7830.0,-0.63,Train
2018-10-17,149.05,149.6,150.5,148.55,8300.0,-0.23,Train
2018-10-18,148.85,148.0,149.1,148.0,1940.0,-0.13,Train
2018-10-19,147.95,148.55,149.25,147.25,6010.0,-0.6,Train
2018-10-20,147.9,148.31666666666666,149.23333333333332,147.35,6120.0,-0.43333333333333335,Train
2018-10-21,147.85,148.08333333333334,149.21666666666667,147.45000000000002,6230.0,-0.26666666666666666,Train
2018-10-22,147.8,147.85,149.2,147.55,6340.0,-0.1,Train
2018-10-23,146.6,148.15,148.45,146.35,6370.0,-0.81,Train
2018-10-24,146.05,147.05,147.1,145.35,6650.0,-0.38,Train
2018-10-25,144.55,145.7,146.05,144.4,4950.0,-1.03,Train
2018-10-26,145.25,144.7,145.7,143.6,5730.0,0.48,Train
2018-10-27,144.9,145.1,145.85,143.75,5603.333333333333,0.08000000000000002,Train
2018-10-28,144.54999999999998,145.5,146.0,143.9,5476.666666666667,-0.31999999999999995,Train
2018-10-29,144.2,145.9,146.15,144.05,5350.0,-0.72,Train
2018-10-30,143.35,144.4,144.9,143.2,3920.0,-0.59,Train
2018-10-31,144.1,144.2,144.4,143.45,3210.0,0.52,Train
2018-11-01,144.7,145.35,146.8,144.35,7370.0,0.42,Train
2018-11-02,144.85,145.0,145.9,144.2,7360.0,0.1,Train
2018-11-03,144.6,144.86666666666667,145.86666666666667,144.1,6820.0,-0.10666666666666666,Train
2018-11-04,144.35,144.73333333333332,145.83333333333334,144.0,6280.0,-0.31333333333333335,Train
2018-11-05,144.1,144.6,145.8,143.9,5740.0,-0.52,Train
2018-11-06,142.8,144.35,144.85,142.65,4059.9999999999995,-0.9,Train
2018-11-07,142.9,142.95,143.05,142.7,260.0,0.07,Train
2018-11-08,144.55,143.7,145.9,143.4,3270.0,1.15,Train
2018-11-09,142.65,145.1,145.1,142.45,4200.0,-1.31,Train
2018-11-10,142.4,144.45,144.66666666666666,142.23333333333332,4096.666666666667,-1.05,Train
2018-11-11,142.15,143.8,144.23333333333335,142.01666666666668,3993.3333333333335,-0.79,Train
2018-11-12,141.9,143.15,143.8,141.8,3890.0,-0.53,Train
2018-11-13,140.45,141.5,142.8,140.05,5150.0,-1.02,Train
2018-11-14,140.2,140.0,140.8,139.65,3670.0,-0.18,Train
2018-11-15,138.45,140.15,141.15,138.15,6180.0,-1.25,Train
2018-11-16,139.3,139.0,139.7,138.25,5630.0,0.61,Train
2018-11-17,138.65,139.21666666666667,139.79999999999998,137.9,5626.666666666667,-0.05999999999999994,Train
2018-11-18,138.0,139.43333333333334,139.9,137.54999999999998,5623.333333333333,-0.7299999999999999,Train
2018-11-19,137.35,139.65,140.0,137.2,5620.0,-1.4,Train
2018-11-20,138.75,137.6,138.95,137.35,5870.0,1.02,Train
2018-11-21,139.05,138.45,139.5,138.15,3110.0,0.22,Train
2018-11-22,137.5,139.1,139.5,137.25,4210.0,-1.11,Train
2018-11-23,136.65,137.2,137.4,135.8,2710.0,-0.62,Train
2018-11-24,136.86666666666667,137.01666666666665,137.41666666666666,135.86666666666667,3210.0,-0.2533333333333333,Train
2018-11-25,137.08333333333334,136.83333333333334,137.43333333333334,135.93333333333334,3710.0,0.1133333333333334,Train
2018-11-26,137.3,136.65,137.45,136.0,4210.0,0.48,Train
2018-11-27,135.75,137.05,137.25,135.55,4100.0,-1.13,Train
2018-11-28,136.1,135.9,136.45,134.9,3900.0,0.26,Train
2018-11-29,135.1,135.6,135.9,134.7,3840.0,-0.73,Train
2018-11-30,134.85,134.85,135.0,134.25,2850.0,-0.19,Train
2018-12-01,136.48333333333332,136.06666666666666,136.98333333333332,135.33333333333334,3880.0,1.0833333333333333,Train
2018-12-02,138.11666666666667,137.28333333333333,138.96666666666667,136.41666666666666,4910.0,2.3566666666666665,Train
2018-12-03,139.75,138.5,140.95,137.5,5940.0,3.63,Train
2018-12-04,139.65,139.6,140.75,139.25,4460.0,-0.07,Train
2018-12-05,140.05,139.75,140.5,139.25,3330.0,0.29,Train
2018-12-06,137.7,139.85,140.3,137.6,5440.0,-1.68,Train
2018-12-07,140.3,138.0,141.0,138.0,6200.0,1.89,Train
2018-12-08,140.41666666666669,138.51666666666668,141.41666666666666,138.43333333333334,5870.0,1.3433333333333333,Train
2018-12-09,140.53333333333333,139.03333333333333,141.83333333333334,138.86666666666667,5540.0,0.7966666666666666,Train
2018-12-10,140.65,139.55,142.25,139.3,5210.0,0.25,Train
2018-12-11,139.95,141.1,143.0,139.15,7340.0,-0.5,Train
2018-12-12,138.35,139.55,139.8,138.25,5330.0,-1.14,Train
2018-12-13,137.7,138.8,138.9,137.0,6030.0,-0.47,Train
2018-12-14,137.6,137.8,138.1,137.35,3580.0,-0.07,Train
2018-12-15,137.98333333333332,137.73333333333335,138.45,137.16666666666666,4513.333333333333,0.23333333333333328,Train
2018-12-16,138.36666666666667,137.66666666666666,138.8,136.98333333333335,5446.666666666667,0.5366666666666666,Train
2018-12-17,138.75,137.6,139.15,136.8,6380.0,0.84,Train
2018-12-18,135.5,138.55,138.55,135.35,5330.0,-2.34,Train
2018-12-19,135.05,135.1,136.0,134.5,5340.0,-0.33,Train
2018-12-20,134.0,135.0,135.35,133.8,6670.0,-0.78,Train
2018-12-21,133.85,134.25,134.7,133.5,4620.0,-0.11,Train
2018-12-22,133.2,134.15,134.63333333333333,132.93333333333334,4733.333333333333,-0.5599999999999999,Train
2018-12-23,132.55,134.04999999999998,134.56666666666666,132.36666666666667,4846.666666666667,-1.01,Train
2018-12-24,131.9,133.95,134.5,131.8,4960.0,-1.46,Train
2018-12-25,131.675,133.0,133.325,131.175,4015.0,-0.9,Train
2018-12-26,131.45,132.05,132.15,130.55,3070.0,-0.34,Train
2018-12-27,130.45,132.7,133.65,130.3,7120.0,-0.76,Train
2018-12-28,129.5,131.9,131.9,129.0,6380.0,-0.73,Train
2018-12-29,129.36666666666667,131.21666666666667,131.46666666666667,128.08333333333334,5386.666666666667,-0.59,Train
2018-12-30,129.23333333333332,130.53333333333333,131.03333333333333,127.16666666666667,4393.333333333333,-0.45,Train
2018-12-31,129.1,129.85,130.6,126.25,3400.0,-0.31,Train
2019-01-01,127.95,128.6,128.6,127.55,860.0,-0.89,Train
2019-01-02,125.55,127.5,129.7,124.75,9500.0,-1.88,Train
2019-01-03,129.1,125.7,129.3,125.1,9350.0,2.83,Train
2019-01-04,130.15,128.65,130.9,128.15,11630.0,0.81,Train
2019-01-05,130.3,129.05,131.03333333333333,128.53333333333333,9880.0,0.6566666666666667,Train
2019-01-06,130.45,129.45,131.16666666666669,128.91666666666669,8130.0,0.5033333333333334,Train
2019-01-07,130.6,129.85,131.3,129.3,6380.0,0.35,Train
2019-01-08,130.15,130.1,130.65,129.65,5740.0,-0.34,Train
2019-01-09,130.35,130.2,132.1,128.45,11540.0,0.15,Train
2019-01-10,130.1,130.05,131.2,129.75,6580.0,-0.19,Train
2019-01-11,128.8,130.55,130.95,128.5,7680.0,-1.0,Train
2019-01-12,128.8,130.0,130.46666666666667,128.13333333333333,7613.333333333333,-0.6666666666666667,Train
2019-01-13,128.8,129.45000000000002,129.98333333333332,127.76666666666667,7546.666666666667,-0.33333333333333337,Train
2019-01-14,128.8,128.9,129.5,127.4,7480.0,0.0,Train
2019-01-15,131.5,128.75,131.75,128.7,9560.0,2.1,Train
2019-01-16,131.2,131.5,133.15,130.25,10740.0,-0.23,Train
2019-01-17,131.45,131.15,132.0,129.15,10830.0,0.19,Train
2019-01-18,133.1,131.55,133.25,131.5,9180.0,1.26,Train
2019-01-19,132.65,132.05,133.56666666666666,131.51666666666668,9183.333333333334,0.5033333333333333,Train
2019-01-20,132.2,132.55,133.88333333333333,131.53333333333333,9186.666666666666,-0.2533333333333334,Train
2019-01-21,131.75,133.05,134.2,131.55,9190.0,-1.01,Train
2019-01-22,135.2,132.35,135.5,131.95,13080.0,2.62,Train
2019-01-23,135.0,134.75,136.8,134.7,11800.0,-0.15,Train
2019-01-24,133.35,135.85,135.85,132.25,11570.0,-1.22,Train
2019-01-25,134.65,133.4,135.3,133.05,9410.0,0.97,Train
2019-01-26,133.55,133.6,135.36666666666667,132.43333333333334,9333.333333333334,-0.16999999999999993,Train
2019-01-27,132.45,133.8,135.43333333333334,131.81666666666666,9256.666666666666,-1.3099999999999998,Train
2019-01-28,131.35,134.0,135.5,131.2,9180.0,-2.45,Train
2019-01-29,134.45,131.75,134.7,131.3,9510.0,2.36,Train
2019-01-30,134.45,133.8,134.9,133.1,8990.0,0.0,Train
2019-01-31,133.75,134.65,135.0,133.5,4530.0,-0.52,Train
2019-02-01,134.15,135.2,136.25,134.0,9820.0,0.3,Train
2019-02-02,135.3,135.01666666666665,136.75,134.11666666666667,9656.666666666666,1.0566666666666666,Train
2019-02-03,136.45,134.83333333333334,137.25,134.23333333333332,9493.333333333334,1.8133333333333335,Train
2019-02-04,137.6,134.65,137.75,134.35,9330.0,2.57,Train
2019-02-05,137.8,137.75,138.85,137.0,10140.0,0.15,Train
2019-02-06,136.4,138.1,138.7,136.25,7740.0,-1.02,Train
2019-02-07,134.7,136.45,136.6,134.55,6530.0,-1.25,Train
2019-02-08,133.7,134.8,135.7,133.5,6900.0,-0.74,Train
2019-02-09,133.6,134.33333333333334,135.04999999999998,133.06666666666666,6870.0,-0.5666666666666667,Train
2019-02-10,133.5,133.86666666666667,134.4,132.63333333333333,6840.0,-0.3933333333333333,Train
2019-02-11,133.4,133.4,133.75,132.2,6810.0,-0.22,Train
2019-02-12,130.3,131.3,133.65,130.2,7740.0,-2.32,Train
2019-02-13,131.3,130.65,132.4,130.35,8220.0,0.77,Train
2019-02-14,130.5,131.3,131.9,130.4,7080.0,-0.61,Train
2019-02-15,131.15,130.95,132.3,130.9,7020.0,0.5,Train
2019-02-16,131.03333333333333,131.11666666666665,132.23333333333335,130.76666666666668,7183.333333333333,0.24333333333333335,Train
2019-02-17,130.91666666666669,131.28333333333333,132.16666666666666,130.63333333333333,7346.666666666667,-0.013333333333333308,Train
2019-02-18,130.8,131.45,132.1,130.5,7510.0,-0.27,Train
2019-02-19,130.85,131.35,132.45,130.45,7150.0,0.04,Train
2019-02-20,132.05,131.6,132.15,130.9,6220.0,0.92,Train
2019-02-21,134.6,132.3,134.8,132.0,9290.0,1.93,Train
2019-02-22,134.4,134.1,135.55,134.1,5970.0,-0.15,Train
2019-02-23,134.06666666666666,134.31666666666666,135.5,133.83333333333334,6236.666666666667,-0.3466666666666667,Train
2019-02-24,133.73333333333335,134.53333333333333,135.45000000000002,133.56666666666666,6503.333333333333,-0.5433333333333333,Train
2019-02-25,133.4,134.75,135.4,133.3,6770.0,-0.74,Train
2019-02-26,134.15,135.0,135.0,132.6,6850.0,0.56,Train
2019-02-27,135.2,134.25,135.95,133.95,6380.0,0.78,Train
2019-02-28,134.45,135.2,135.2,133.6,3570.0,-0.55,Train
2019-03-01,149.4,149.75,150.65,148.5,5950.0,11.12,Train
2019-03-02,148.28333333333333,149.46666666666667,150.06666666666666,147.6,5170.0,6.666666666666666,Train
2019-03-03,147.16666666666669,149.18333333333334,149.48333333333335,146.70000000000002,4390.0,2.213333333333333,Train
2019-03-04,146.05,148.9,148.9,145.8,3610.0,-2.24,Train
2019-03-05,145.65,146.95,147.0,145.35,4190.0,-0.27,Train
2019-03-06,144.3,145.55,145.85,144.1,3730.0,-0.93,Train
2019-03-07,144.65,144.05,145.4,143.6,3950.0,0.24,Train
2019-03-08,144.55,144.7,145.75,144.15,4990.0,-0.07,Train
2019-03-09,144.16666666666669,144.65,145.55,143.85,4886.666666666667,-0.31333333333333335,Train
2019-03-10,143.78333333333333,144.6,145.35,143.55,4783.333333333333,-0.5566666666666666,Train
2019-03-11,143.4,144.55,145.15,143.25,4680.0,-0.8,Train
2019-03-12,145.1,144.25,145.5,143.5,4310.0,1.19,Train
2019-03-13,147.1,145.15,148.5,144.9,5460.0,1.38,Train
2019-03-14,146.45,146.85,147.4,145.8,4640.0,-0.44,Train
2019-03-15,145.4,146.35,146.55,144.6,4140.0,-0.72,Train
2019-03-16,145.8,146.1,146.61666666666667,144.2,4690.0,-0.20333333333333337,Train
2019-03-17,146.2,145.85,146.68333333333334,143.8,5240.0,0.31333333333333324,Train
2019-03-18,146.6,145.6,146.75,143.4,5790.0,0.83,Train
2019-03-19,148.1,146.15,148.55,145.85,7010.0,1.02,Train
2019-03-20,146.95,148.35,148.35,146.7,4130.0,-0.78,Train
2019-03-21,144.9,146.35,146.75,144.6,2160.0,-1.4,Train
2019-03-22,145.7,145.05,145.95,144.2,4000.0,0.55,Train
2019-03-23,146.4,144.93333333333334,146.86666666666665,144.36666666666665,3426.6666666666665,0.8466666666666667,Train
2019-03-24,147.1,144.81666666666666,147.78333333333333,144.53333333333333,2853.333333333333,1.1433333333333333,Train
2019-03-25,147.8,144.7,148.7,144.7,2280.0,1.44,Train
2019-03-26,149.1,148.0,149.8,146.9,1710.0,0.88,Train
2019-03-27,149.05,149.1,150.1,148.05,1180.0,-0.03,Train
2019-03-28,149.3,149.0,149.7,148.2,570.0,0.17,Train
2019-03-29,150.15,151.15,158.25,144.0,230.0,0.57,Train
2019-03-30,149.26666666666668,150.61666666666667,155.61666666666667,145.06666666666666,1320.0,-0.20666666666666678,Train
2019-03-31,148.38333333333333,150.08333333333334,152.98333333333332,146.13333333333333,2410.0,-0.9833333333333335,Train
2019-04-01,147.5,149.55,150.35,147.2,3500.0,-1.76,Train
2019-04-02,147.05,147.8,148.05,146.7,3800.0,-0.31,Train
2019-04-03,146.6,146.85,147.8,146.15,5350.0,-0.31,Train
2019-04-04,148.4,146.7,148.65,146.65,4280.0,1.23,Train
2019-04-05,147.1,148.25,149.25,146.95,5020.0,-0.88,Train
2019-04-06,147.04999999999998,148.15,149.03333333333333,146.83333333333331,4760.0,-0.62,Train
2019-04-07,147.0,148.04999999999998,148.81666666666666,146.71666666666667,4500.0,-0.36,Train
2019-04-08,146.95,147.95,148.6,146.6,4240.0,-0.1,Train
2019-04-09,147.4,147.2,147.75,146.55,3900.0,0.31,Train
2019-04-10,147.0,147.25,147.65,146.6,3770.0,-0.27,Train
2019-04-11,146.6,147.05,147.3,146.05,3660.0,-0.27,Train
2019-04-12,147.5,146.45,147.65,146.4,3950.0,0.61,Train
2019-04-13,147.73333333333332,146.6,147.9,146.55,3936.6666666666665,0.5633333333333334,Train
2019-04-14,147.96666666666667,146.75,148.15,146.7,3923.3333333333335,0.5166666666666666,Train
2019-04-15,148.2,146.9,148.4,146.85,3910.0,0.47,Train
2019-04-16,148.05,148.5,148.7,147.8,2910.0,-0.1,Train
2019-04-17,148.4,148.3,148.8,148.05,2350.0,0.24,Train
2019-04-18,149.45,148.15,149.55,147.8,3490.0,0.71,Train
2019-04-19,149.475,148.3875,149.8625,148.01250000000002,3127.5,0.55,Train
2019-04-20,149.5,148.625,150.175,148.22500000000002,2765.0,0.39,Train
2019-04-21,149.525,148.8625,150.4875,148.4375,2402.5,0.23000000000000004,Train
2019-04-22,149.55,149.1,150.8,148.65,2040.0,0.07,Train
2019-04-23,151.25,150.45,151.6,149.95,3110.0,1.14,Train
2019-04-24,152.85,150.9,153.95,150.85,1790.0,1.06,Train
2019-04-25,153.05,152.85,153.6,152.1,1010.0,0.13,Train
2019-04-26,151.0,152.1,153.3,149.9,450.0,-1.34,Train
2019-04-27,151.75,151.7,154.20000000000002,149.85,372.5,-0.5075000000000001,Train
2019-04-28,152.5,151.3,155.10000000000002,149.8,295.0,0.32499999999999996,Train
2019-04-29,153.25,150.9,156.0,149.75,217.5,1.1575,Train
2019-04-30,154.0,150.5,156.9,149.7,140.0,1.99,Train
2019-05-01,147.2,146.15,147.75,144.8,2280.0,-4.42,Train
2019-05-02,146.9,147.05,147.9,146.0,4850.0,-0.2,Train
2019-05-03,145.2,146.9,147.0,145.0,4550.0,-1.16,Train
2019-05-04,145.2,146.41666666666666,146.56666666666666,144.36666666666667,3803.3333333333335,-0.7733333333333332,Train
2019-05-05,145.2,145.93333333333334,146.13333333333333,143.73333333333332,3056.666666666667,-0.3866666666666666,Train
2019-05-06,145.2,145.45,145.7,143.1,2310.0,0.0,Train
2019-05-07,146.7,145.45,146.9,144.75,3620.0,1.03,Train
2019-05-08,146.05,146.5,147.9,145.6,5770.0,-0.44,Train
2019-05-09,147.55,146.2,147.8,145.2,4780.0,1.03,Train
2019-05-10,147.3,147.75,148.0,146.1,4400.0,-0.17,Train
2019-05-11,147.73333333333335,147.6,148.26666666666668,146.23333333333332,4520.0,0.18000000000000002,Train
2019-05-12,148.16666666666666,147.45000000000002,148.53333333333333,146.36666666666667,4640.0,0.53,Train
2019-05-13,148.6,147.3,148.8,146.5,4760.0,0.88,Train
2019-05-14,150.2,148.15,150.6,147.8,6080.0,1.08,Train
2019-05-15,150.75,150.0,151.2,149.25,5460.0,0.37,Train
2019-05-16,150.4,150.45,151.7,150.2,4590.0,-0.23,Train
2019-05-17,149.4,150.6,150.65,149.15,4900.0,-0.66,Train
2019-05-18,148.08333333333334,149.78333333333333,149.96666666666667,147.85,4760.0,-1.32,Train
2019-05-19,146.76666666666665,148.96666666666667,149.28333333333333,146.55,4620.0,-1.98,Train
2019-05-20,145.45,148.15,148.6,145.25,4480.0,-2.64,Train
2019-05-21,145.3,145.0,146.45,145.0,4090.0,-0.1,Train
2019-05-22,144.3,145.45,149.0,144.1,3500.0,-0.69,Train
2019-05-23,145.6,144.25,145.75,143.3,4570.0,0.9,Train
2019-05-24,145.65,145.6,146.5,145.3,3370.0,0.03,Train
2019-05-25,144.85,145.65,146.56666666666666,143.93333333333334,2846.6666666666665,-0.5299999999999999,Train
2019-05-26,144.05,145.7,146.63333333333333,142.56666666666666,2323.333333333333,-1.0899999999999999,Train
2019-05-27,143.25,145.75,146.7,141.2,1800.0,-1.65,Train
2019-05-28,143.65,143.5,145.1,143.15,890.0,0.28,Train
2019-05-29,143.85,144.1,145.0,143.4,410.0,0.14,Train
2019-05-30,142.25,144.2,144.35,141.95,220.0,-1.11,Train
2019-05-31,142.5,142.35,143.6,142.0,230.0,0.18,Train
2019-06-01,142.53333333333333,143.26666666666665,144.15,142.13333333333333,1340.0,0.14333333333333334,Train
2019-06-02,142.56666666666666,144.18333333333334,144.7,142.26666666666668,2450.0,0.10666666666666667,Train
2019-06-03,142.6,145.1,145.25,142.4,3560.0,0.07,Train
2019-06-04,144.0,143.0,144.2,142.5,3070.0,0.98,Train
2019-06-05,142.5,144.65,144.65,142.1,2150.0,-1.04,Train
2019-06-06,142.5,142.7,143.5,142.0,3400.0,0.0,Train
2019-06-07,141.9,142.75,143.35,141.5,4380.0,-0.42,Train
2019-06-08,142.33333333333334,142.58333333333334,143.38333333333333,141.5,4090.0,0.026666666666666727,Train
2019-06-09,142.76666666666665,142.41666666666666,143.41666666666666,141.5,3800.0,0.47333333333333344,Train
2019-06-10,143.2,142.25,143.45,141.5,3510.0,0.92,Train
2019-06-11,142.9,143.15,144.2,142.75,4019.9999999999995,-0.21,Train
2019-06-12,143.4,142.75,143.6,142.45,4300.0,0.35,Train
2019-06-13,143.55,143.0,143.95,142.6,3670.0,0.1,Train
2019-06-14,142.2,143.2,143.45,142.1,3230.0,-0.94,Train
2019-06-15,142.18333333333334,142.96666666666667,143.26666666666665,141.81666666666666,3336.6666666666665,-0.6399999999999999,Train
2019-06-16,142.16666666666666,142.73333333333332,143.08333333333334,141.53333333333333,3443.3333333333335,-0.33999999999999997,Train
2019-06-17,142.15,142.5,142.9,141.25,3550.0,-0.04,Train
2019-06-18,142.85,142.4,143.05,141.95,3850.0,0.49,Train
2019-06-19,143.05,142.8,143.55,142.6,2850.0,0.14,Train
2019-06-20,142.15,143.5,144.4,142.0,5350.0,-0.63,Train
2019-06-21,140.95,142.5,143.5,140.6,3670.0,-0.84,Train
2019-06-22,141.21666666666667,142.1,143.3,140.45,3193.3333333333335,-0.37,Train
2019-06-23,141.48333333333332,141.70000000000002,143.1,140.3,2716.6666666666665,0.09999999999999998,Train
2019-06-24,141.75,141.3,142.9,140.15,2240.0,0.57,Train
2019-06-25,142.6,141.8,143.15,141.4,730.0,0.6,Train
2019-06-26,142.4,142.6,143.75,140.15,540.0,-0.14,Train
2019-06-27,140.6,142.85,142.85,140.0,170.0,-1.26,Train
2019-06-28,140.3,140.8,141.0,139.85,140.0,-0.21,Train
2019-06-29,141.05,141.70000000000002,142.03333333333333,140.71666666666667,1293.3333333333333,0.3933333333333334,Train
2019-06-30,141.8,142.6,143.06666666666666,141.58333333333331,2446.6666666666665,0.9966666666666668,Train
2019-07-01,142.55,143.5,144.1,142.45,3600.0,1.6,Train
2019-07-02,141.5,142.75,143.0,141.0,4019.9999999999995,-0.74,Train
2019-07-03,141.9,141.85,142.0,141.05,3040.0,0.28,Train
2019-07-04,142.35,142.2,142.85,141.55,3140.0,0.32,Train
2019-07-05,141.85,142.2,142.7,141.3,3420.0,-0.35,Train
2019-07-06,141.85,142.13333333333333,142.56666666666666,141.31666666666666,3276.6666666666665,-0.23333333333333334,Train
2019-07-07,141.85,142.06666666666666,142.43333333333334,141.33333333333334,3133.3333333333335,-0.11666666666666667,Train
2019-07-08,141.85,142.0,142.3,141.35,2990.0,0.0,Train
2019-07-09,142.5,141.95,142.6,141.2,3040.0,0.46,Train
2019-07-10,144.25,142.75,144.35,142.65,4220.0,1.23,Train
2019-07-11,142.0,143.25,144.2,141.8,5560.0,-1.56,Train
2019-07-12,142.35,142.0,142.8,141.55,4000.0,0.25,Train
2019-07-13,142.7,142.18333333333334,143.05,141.83333333333334,3900.0,0.41333333333333333,Train
2019-07-14,143.05,142.36666666666667,143.3,142.11666666666667,3800.0,0.5766666666666667,Train
2019-07-15,143.4,142.55,143.55,142.4,3700.0,0.74,Train
2019-07-16,143.15,143.5,143.9,143.0,3790.0,-0.17,Train
2019-07-17,143.05,143.3,143.4,142.7,3010.0,-0.07,Train
2019-07-18,143.7,143.1,143.95,142.8,3690.0,0.45,Train
2019-07-19,143.0,143.6,144.4,141.8,4100.0,-0.49,Train
2019-07-20,142.45,143.43333333333334,143.96666666666667,141.53333333333333,3940.0,-0.71,Train
2019-07-21,141.9,143.26666666666665,143.53333333333333,141.26666666666668,3780.0,-0.9299999999999999,Train
2019-07-22,141.35,143.1,143.1,141.0,3620.0,-1.15,Train
2019-07-23,141.85,141.5,142.2,141.15,3180.0,0.35,Train
2019-07-24,141.3,142.05,142.5,141.0,3630.0,-0.39,Train
2019-07-25,141.05,141.3,141.35,140.4,1380.0,-0.18,Train
2019-07-26,138.55,140.95,140.95,138.2,850.0,-1.77,Train
2019-07-27,138.53333333333333,140.25,140.35,138.08333333333331,633.3333333333334,-1.1933333333333334,Train
2019-07-28,138.51666666666668,139.54999999999998,139.75,137.96666666666667,416.6666666666667,-0.6166666666666667,Train
2019-07-29,138.5,138.85,139.15,137.85,200.0,-0.04,Train
2019-07-30,138.35,138.55,139.3,137.85,180.0,-0.11,Train
2019-07-31,137.75,139.2,139.35,137.0,190.0,-0.43,Train
2019-08-01,138.95,140.45,140.55,138.7,2910.0,0.87,Train
2019-08-02,139.65,139.0,140.3,138.9,3770.0,0.5,Train
2019-08-03,140.16666666666666,139.13333333333333,140.70000000000002,139.06666666666666,3446.6666666666665,0.7033333333333334,Train
2019-08-04,140.68333333333334,139.26666666666668,141.1,139.23333333333335,3123.3333333333335,0.9066666666666667,Train
2019-08-05,141.2,139.4,141.5,139.4,2800.0,1.11,Train
2019-08-06,141.0,141.25,141.55,140.65,2520.0,-0.14,Train
2019-08-07,140.2,140.8,140.9,139.45,3260.0,-0.57,Train
2019-08-08,140.1,140.4,140.8,139.6,3650.0,-0.07,Train
2019-08-09,140.85,140.15,141.3,139.8,3130.0,0.54,Train
2019-08-10,140.71666666666667,140.48333333333335,141.46666666666667,139.86666666666667,2776.6666666666665,0.26666666666666666,Train
2019-08-11,140.58333333333331,140.81666666666666,141.63333333333335,139.93333333333334,2423.3333333333335,-0.00666666666666671,Train
2019-08-12,140.45,141.15,141.8,140.0,2070.0,-0.28,Train
2019-08-13,140.6,140.35,141.2,139.7,3790.0,0.11,Train
2019-08-14,141.1,140.6,141.35,140.15,2900.0,0.36,Train
2019-08-15,141.0,140.675,141.45,140.35000000000002,2830.0,0.10999999999999999,Train
2019-08-16,140.9,140.75,141.55,140.55,2760.0,-0.14,Train
2019-08-17,140.71666666666667,140.8,141.51666666666668,140.36666666666667,2736.6666666666665,-0.22333333333333333,Train
2019-08-18,140.53333333333333,140.85,141.48333333333332,140.18333333333334,2713.3333333333335,-0.30666666666666664,Train
2019-08-19,140.35,140.9,141.45,140.0,2690.0,-0.39,Train
2019-08-20,139.6,140.6,140.65,139.3,3280.0,-0.53,Train
2019-08-21,139.55,139.8,140.2,139.4,2050.0,-0.04,Train
2019-08-22,139.35,139.65,139.9,139.2,1860.0,-0.14,Train
2019-08-23,138.35,139.4,139.6,138.1,2630.0,-0.72,Train
2019-08-24,137.95,139.0,139.16666666666666,137.5,2106.6666666666665,-0.77,Train
2019-08-25,137.55,138.6,138.73333333333335,136.9,1583.3333333333333,-0.82,Train
2019-08-26,137.15,138.2,138.3,136.3,1060.0,-0.87,Train
2019-08-27,136.65,137.1,137.5,136.3,430.0,-0.36,Train
2019-08-28,136.25,137.15,137.25,136.1,350.0,-0.29,Train
2019-08-29,136.75,136.6,137.0,135.15,240.0,0.37,Train
2019-08-30,135.2,136.2,136.6,135.0,90.0,-1.13,Train
2019-08-31,136.6,137.13333333333333,137.61666666666667,136.33333333333334,336.66666666666663,0.28333333333333344,Train
2019-09-01,138.0,138.06666666666666,138.63333333333333,137.66666666666666,583.3333333333333,1.6966666666666668,Train
2019-09-02,139.4,139.0,139.65,139.0,830.0,3.11,Train
2019-09-03,139.95,139.55,140.15,139.05,2260.0,0.39,Train
2019-09-04,140.85,139.8,141.2,139.8,2540.0,0.64,Train
2019-09-05,140.95,141.3,141.7,140.2,3070.0,0.07,Train
2019-09-06,139.8,140.4,140.5,139.55,2950.0,-0.82,Train
2019-09-07,140.0,140.3,140.58333333333334,139.46666666666667,3080.0,-0.40333333333333327,Train
2019-09-08,140.20000000000002,140.2,140.66666666666666,139.38333333333335,3210.0,0.01333333333333342,Train
2019-09-09,140.4,140.1,140.75,139.3,3340.0,0.43,Train
2019-09-10,140.85,140.55,141.05,140.5,1380.0,0.32,Train
2019-09-11,140.2,140.85,141.05,140.05,2540.0,-0.46,Train
2019-09-12,139.75,140.1,140.55,139.4,3520.0,-0.32,Train
2019-09-13,139.8,139.75,140.05,139.4,2300.0,0.04,Train
2019-09-14,139.75,139.95,140.25,139.4,2650.0,-0.009999999999999995,Train
2019-09-15,139.70000000000002,140.15,140.45000000000002,139.4,3000.0,-0.05999999999999999,Train
2019-09-16,139.65,140.35,140.65,139.4,3350.0,-0.11,Train
2019-09-17,139.45,139.75,139.8,139.05,2520.0,-0.14,Train
2019-09-18,139.05,139.55,139.65,138.65,2360.0,-0.29,Train
2019-09-19,139.2,139.05,139.5,138.6,2260.0,0.11,Train
2019-09-20,138.75,139.05,139.15,138.55,1920.0,-0.32,Train
2019-09-21,138.4,138.88333333333335,138.98333333333335,138.16666666666669,2033.3333333333333,-0.4666666666666667,Train
2019-09-22,138.04999999999998,138.71666666666667,138.81666666666666,137.78333333333333,2146.6666666666665,-0.6133333333333333,Train
2019-09-23,137.7,138.55,138.65,137.4,2260.0,-0.76,Train
2019-09-24,136.2,137.85,137.9,136.0,1660.0,-1.09,Train
2019-09-25,135.35,136.1,136.5,135.25,760.0,-0.62,Train
2019-09-26,133.9,135.2,135.3,133.7,290.0,-1.07,Train
2019-09-27,133.3,134.15,134.15,132.5,350.0,-0.45,Train
2019-09-28,133.16666666666669,133.65,133.96666666666667,132.51666666666668,286.6666666666667,-0.4,Train
2019-09-29,133.03333333333333,133.15,133.78333333333333,132.53333333333333,223.33333333333331,-0.35,Train
2019-09-30,132.9,132.65,133.6,132.55,160.0,-0.3,Train
2019-10-01,136.0,134.55,136.3,134.25,3180.0,2.33,Train
2019-10-02,135.15,134.75,135.65,133.875,3280.0,0.54,Train
2019-10-03,134.3,134.95,135.0,133.5,3380.0,-1.25,Train
2019-10-04,134.3,134.2,134.4,133.6,1650.0,0.0,Train
2019-10-05,134.65,134.28333333333333,134.85,133.76666666666665,2106.6666666666665,0.26,Train
2019-10-06,135.0,134.36666666666665,135.3,133.93333333333334,2563.3333333333335,0.52,Train
2019-10-07,135.35,134.45,135.75,134.1,3020.0,0.78,Train
2019-10-08,135.8,135.1,136.1,135.05,1540.0,0.33,Train
2019-10-09,135.3,135.5,135.7,135.0,2430.0,-0.37,Train
2019-10-10,135.3,135.4,136.0,135.15,2370.0,0.0,Train
2019-10-11,133.7,135.15,135.55,133.6,3340.0,-1.18,Train
2019-10-12,133.75,134.83333333333334,135.11666666666667,133.5,3026.6666666666665,-0.75,Train
2019-10-13,133.79999999999998,134.51666666666665,134.68333333333334,133.4,2713.3333333333335,-0.31999999999999995,Train
2019-10-14,133.85,134.2,134.25,133.3,2400.0,0.11,Train
2019-10-15,134.4,134.05,134.6,133.55,2460.0,0.41,Train
2019-10-16,134.0,134.45,134.65,133.65,2270.0,-0.3,Train
2019-10-17,133.55,133.8,133.8,133.3,1630.0,-0.34,Train
2019-10-18,133.3,133.5,133.75,133.25,1830.0,-0.19,Train
2019-10-19,133.03333333333333,133.4,133.66666666666666,132.93333333333334,1700.0,-0.32666666666666666,Train
2019-10-20,132.76666666666668,133.29999999999998,133.58333333333334,132.61666666666667,1570.0,-0.4633333333333333,Train
2019-10-21,132.5,133.2,133.5,132.3,1440.0,-0.6,Train
2019-10-22,131.55,132.6,132.6,131.45,2190.0,-0.72,Train
2019-10-23,131.25,131.8,131.85,131.05,2690.0,-0.23,Train
2019-10-24,129.15,131.35,131.45,128.2,3430.0,-1.6,Train
2019-10-25,129.05,129.35,130.1,128.0,1910.0,-0.08,Train
2019-10-26,129.175,129.39999999999998,129.77499999999998,128.475,1286.6666666666665,0.05500000000000001,Train
2019-10-27,129.3,129.45,129.45,128.95,663.3333333333333,0.19,Train
2019-10-28,129.0,129.15,129.5,128.5,40.0,-0.23,Train
2019-10-29,129.5,129.0,129.9,128.8,110.0,0.39,Train
2019-10-30,130.2,130.3,130.5,130.0,20.0,0.54,Train
2019-10-31,131.25,130.2,134.75,129.3,200.0,0.81,Train
2019-11-01,132.65,132.25,132.9,131.85,3910.0,1.07,Train
2019-11-02,132.96666666666667,132.45,133.23333333333335,132.11666666666667,3696.6666666666665,0.9533333333333334,Train
2019-11-03,133.28333333333333,132.65,133.56666666666666,132.38333333333333,3483.3333333333335,0.8366666666666667,Train
2019-11-04,133.6,132.85,133.9,132.65,3270.0,0.72,Train
2019-11-05,134.0,133.65,134.3,133.5,2990.0,0.3,Train
2019-11-06,134.7,134.05,134.8,134.05,1940.0,0.52,Train
2019-11-07,134.95,134.45,135.2,134.4,1800.0,0.19,Train
2019-11-08,135.65,135.05,136.0,134.9,1530.0,0.52,Train
2019-11-09,135.1,135.26666666666668,135.9,134.53333333333333,1610.0,-0.05999999999999994,Train
2019-11-10,134.55,135.48333333333332,135.79999999999998,134.16666666666669,1690.0,-0.6399999999999999,Train
2019-11-11,134.0,135.7,135.7,133.8,1770.0,-1.22,Train
2019-11-12,133.45,133.3,133.65,132.9,1040.0,-0.41,Train
2019-11-13,133.0,133.5,133.8,132.65,1530.0,-0.34,Train
2019-11-14,131.65,133.0,133.35,131.5,2190.0,-1.02,Train
2019-11-15,131.4,131.6,131.7,130.85,1950.0,-0.19,Train
2019-11-16,131.35,131.45,131.76666666666665,130.9,2093.3333333333335,-0.16333333333333333,Train
2019-11-17,131.3,131.3,131.83333333333334,130.95,2236.6666666666665,-0.13666666666666666,Train
2019-11-18,131.25,131.15,131.9,131.0,2380.0,-0.11,Train
2019-11-19,131.0,131.25,131.45,130.55,1960.0,-0.19,Train
2019-11-20,130.9,131.0,131.05,130.45,1650.0,-0.08,Train
2019-11-21,130.45,130.75,130.75,130.1,1170.0,-0.34,Train
2019-11-22,129.75,130.45,130.5,129.3,1490.0,-0.54,Train
2019-11-23,129.55,129.96666666666667,130.31666666666666,129.11666666666667,1423.3333333333333,-0.5133333333333334,Train
2019-11-24,129.35,129.48333333333332,130.13333333333333,128.93333333333334,1356.6666666666667,-0.4866666666666667,Train
2019-11-25,129.15,129.0,129.95,128.75,1290.0,-0.46,Train
2019-11-26,130.2,129.45,130.8,128.9,130.0,0.81,Train
2019-11-27,132.05,131.05,132.5,130.75,40.0,1.42,Train
2019-11-28,132.15,132.5,132.5,131.85,20.0,0.08,Train
2019-11-29,132.2,132.35,132.4,131.95,50.0,0.04,Train
2019-11-30,133.0,132.79999999999998,133.18333333333334,132.33333333333331,960.0,0.6333333333333334,Train
2019-12-01,133.79999999999998,133.25,133.96666666666667,132.71666666666667,1870.0,1.2266666666666668,Train
2019-12-02,134.6,133.7,134.75,133.1,2780.0,1.82,Train
2019-12-03,133.55,134.5,134.9,133.3,2620.0,-0.78,Train
2019-12-04,133.2,133.55,133.8,132.65,2650.0,-0.26,Train
2019-12-05,132.6,133.1,133.45,132.4,1720.0,-0.45,Train
2019-12-06,133.25,132.7,133.45,131.95,2140.0,0.49,Train
2019-12-07,133.0,132.85,133.43333333333334,132.06666666666666,2096.6666666666665,0.13999999999999996,Train
2019-12-08,132.75,133.0,133.41666666666666,132.18333333333334,2053.333333333333,-0.21000000000000008,Train
2019-12-09,132.5,133.15,133.4,132.3,2009.9999999999998,-0.56,Train
2019-12-10,132.3,132.4,132.8,132.1,1220.0,-0.15,Train
2019-12-11,132.65,132.3,132.8,132.15,1380.0,0.26,Train
2019-12-12,133.5,132.5,133.7,132.4,1830.0,0.64,Train
2019-12-13,132.95,133.75,134.25,132.7,2210.0,-0.41,Train
2019-12-14,133.28333333333333,133.48333333333332,134.28333333333333,132.75,2056.6666666666665,-0.023333333333333317,Train
2019-12-15,133.61666666666665,133.21666666666667,134.31666666666666,132.79999999999998,1903.3333333333333,0.36333333333333334,Train
2019-12-16,133.95,132.95,134.35,132.85,1750.0,0.75,Train
2019-12-17,133.15,133.9,134.35,133.05,2100.0,-0.6,Train
2019-12-18,133.75,133.3,133.95,133.3,1750.0,0.45,Train
2019-12-19,134.45,133.8,134.7,133.6,1530.0,0.52,Train
2019-12-20,134.25,134.55,134.65,134.05,1180.0,-0.15,Train
2019-12-21,134.28333333333333,134.4,134.6,134.0,1240.0,-0.07666666666666666,Train
2019-12-22,134.31666666666666,134.25,134.55,133.95000000000002,1300.0,-0.003333333333333327,Train
2019-12-23,134.35,134.1,134.5,133.9,1360.0,0.07,Train
2019-12-24,134.8,134.35,135.85,133.0,1200.0,0.33,Train
2019-12-25,135.65,135.125,136.7,133.8,620.0,0.7949999999999999,Train
2019-12-26,136.5,135.9,137.55,134.6,40.0,1.26,Train
2019-12-27,137.05,137.05,137.55,135.1,30.0,0.4,Train
2019-12-28,136.88333333333335,136.55,137.76666666666668,135.16666666666666,23.333333333333332,0.14666666666666667,Train
2019-12-29,136.71666666666667,136.05,137.98333333333332,135.23333333333335,16.666666666666664,-0.10666666666666669,Train
2019-12-30,136.55,135.55,138.2,135.3,10.0,-0.36,Train
2019-12-31,137.25,136.25,137.65,135.5,40.0,0.51,Train
2020-01-01,137.2,137.1,137.6,137.0,2220.0,-0.04,Val
2020-01-02,137.65,137.2,138.0,136.8,7610.0,0.33,Val
2020-01-03,139.9,137.85,140.2,137.55,13270.0,1.63,Val
2020-01-04,140.41666666666666,138.31666666666666,140.79999999999998,137.68333333333334,12796.666666666666,1.4566666666666666,Val
2020-01-05,140.93333333333334,138.78333333333333,141.4,137.81666666666666,12323.333333333334,1.2833333333333334,Val
2020-01-06,141.45,139.25,142.0,137.95,11850.0,1.11,Val
2020-01-07,141.3,141.3,141.9,140.8,11060.0,-0.11,Val
2020-01-08,140.65,141.1,142.3,140.15,13300.0,-0.46,Val
2020-01-09,141.1,141.15,141.75,140.45,11000.0,0.32,Val
2020-01-10,141.9,141.1,142.1,140.75,10080.0,0.57,Val
2020-01-11,141.45000000000002,141.36666666666667,142.15,140.56666666666666,10850.0,0.06333333333333324,Val
2020-01-12,141.0,141.63333333333333,142.2,140.38333333333333,11620.0,-0.44333333333333347,Val
2020-01-13,140.55,141.9,142.25,140.2,12390.0,-0.95,Val
2020-01-14,140.35,140.55,140.9,139.9,7080.0,-0.14,Val
2020-01-15,139.7,140.25,140.4,139.55,8680.0,-0.46,Val
2020-01-16,140.45,139.75,140.7,139.75,7110.0,0.54,Val
2020-01-17,140.55,140.5,141.0,140.35,5970.0,0.07,Val
2020-01-18,140.8,140.65,141.2,140.4,6470.0,0.22333333333333336,Val
2020-01-19,141.05,140.79999999999998,141.4,140.45,6970.0,0.3766666666666667,Val
2020-01-20,141.3,140.95,141.6,140.5,7470.0,0.53,Val
2020-01-21,142.05,141.05,142.25,140.65,8820.0,0.53,Val
2020-01-22,141.05,141.85,142.5,140.8,10440.0,-0.7,Val
2020-01-23,140.05,141.0,141.25,139.9,7510.0,-0.71,Val
2020-01-24,139.7,140.1,140.75,139.1,6920.0,-0.25,Val
2020-01-25,141.88333333333333,139.88333333333333,143.18333333333334,139.13333333333333,5003.333333333333,1.3966666666666667,Val
2020-01-26,144.06666666666666,139.66666666666666,145.61666666666667,139.16666666666666,3086.6666666666665,3.0433333333333334,Val
2020-01-27,146.25,139.45,148.05,139.2,1170.0,4.69,Val
2020-01-28,147.55,144.65,149.65,144.65,270.0,0.89,Val
2020-01-29,147.95,148.25,148.5,145.4,130.0,0.27,Val
2020-01-30,145.4,147.95,147.95,144.15,90.0,-1.72,Val
2020-01-31,139.95,147.25,148.45,139.6,140.0,-3.75,Val
2020-02-01,138.85,139.2,139.6,138.4,2130.0,-0.79,Val
2020-02-02,137.325,139.1,139.325,136.55,7370.0,-1.495,Val
2020-02-03,135.8,139.0,139.05,134.7,12610.0,-2.2,Val
2020-02-04,135.4,135.85,137.15,134.6,16960.0,-0.29,Val
2020-02-05,137.35,135.9,137.8,135.4,16920.0,1.44,Val
2020-02-06,138.6,137.25,138.95,136.75,13650.0,0.91,Val
2020-02-07,137.85,139.0,139.2,136.6,13860.0,-0.54,Val
2020-02-08,137.36666666666667,138.66666666666666,138.79999999999998,136.33333333333334,12643.333333333334,-0.7100000000000001,Val
2020-02-09,136.88333333333333,138.33333333333334,138.4,136.06666666666666,11426.666666666666,-0.8800000000000001,Val
2020-02-10,136.4,138.0,138.0,135.8,10210.0,-1.05,Val
2020-02-11,138.3,136.8,138.6,136.45,13510.0,1.39,Val
2020-02-12,138.35,138.2,138.6,137.6,10280.0,0.04,Val
2020-02-13,139.2,138.1,139.5,137.65,12830.0,0.61,Val
2020-02-14,138.1,139.15,139.15,137.75,11430.0,-0.79,Val
2020-02-15,138.01666666666665,138.81666666666666,138.9,137.66666666666666,11643.333333333334,-0.5866666666666667,Val
2020-02-16,137.93333333333334,138.48333333333335,138.65,137.58333333333334,11856.666666666666,-0.3833333333333333,Val
2020-02-17,137.85,138.15,138.4,137.5,12070.0,-0.18,Val
2020-02-18,138.05,137.9,138.4,137.65,10730.0,0.15,Val
2020-02-19,138.45,138.15,138.65,137.65,10360.0,0.29,Val
2020-02-20,137.35,138.4,138.4,136.5,11540.0,-0.79,Val
2020-02-21,137.95,137.05,138.3,136.5,4410.0,0.44,Val
2020-02-22,136.46666666666667,137.1,137.93333333333334,135.33333333333334,3703.3333333333335,-0.7833333333333334,Val
2020-02-23,134.98333333333332,137.15,137.56666666666666,134.16666666666666,2996.666666666667,-2.006666666666667,Val
2020-02-24,133.5,137.2,137.2,133.0,2290.0,-3.23,Val
2020-02-25,135.1,133.25,135.25,133.25,290.0,1.2,Val
2020-02-26,133.65,134.25,134.35,133.25,180.0,-1.07,Val
2020-02-27,133.75,133.65,134.0,133.5,40.0,0.07,Val
2020-02-28,134.95,133.5,135.0,133.0,190.0,0.9,Val
2020-02-29,136.16666666666666,134.61666666666667,136.45,134.06666666666666,4306.666666666667,1.5,Val
2020-03-01,137.38333333333333,135.73333333333332,137.9,135.13333333333333,8423.333333333334,2.1,Val
2020-03-02,138.6,136.85,139.35,136.2,12540.0,2.7,Val
2020-03-03,137.55,138.45,139.8,136.4,17940.0,-0.76,Val
2020-03-04,138.4,137.5,138.75,137.35,9650.0,0.62,Val
2020-03-05,138.5,138.8,138.9,137.95,8220.0,0.07,Val
2020-03-06,138.1,138.3,138.5,137.0,8340.0,-0.29,Val
2020-03-07,138.08333333333334,138.20000000000002,138.48333333333332,136.4,9520.0,-0.20666666666666667,Val
2020-03-08,138.06666666666666,138.1,138.46666666666667,135.79999999999998,10700.0,-0.12333333333333332,Val
2020-03-09,138.05,138.0,138.45,135.2,11880.0,-0.04,Val
2020-03-10,137.9,138.05,139.1,137.65,6790.0,-0.11,Val
2020-03-11,136.9,137.9,137.9,135.2,9910.0,-0.73,Val
2020-03-12,137.0,136.75,137.4,135.8,11340.0,0.07,Val
2020-03-13,137.3,136.45,138.7,136.0,14110.0,0.22,Val
2020-03-14,137.3,136.56666666666666,138.45,135.83333333333334,13570.0,0.14666666666666667,Val
2020-03-15,137.3,136.68333333333334,138.2,135.66666666666666,13030.0,0.07333333333333333,Val
2020-03-16,137.3,136.8,137.95,135.5,12490.0,0.0,Val
2020-03-17,137.45,136.75,137.75,136.35,9170.0,0.11,Val
2020-03-18,135.7,137.4,137.4,134.4,11230.0,-1.27,Val
2020-03-19,136.05,135.35,139.75,127.7,24660.0,0.26,Val
2020-03-20,134.75,132.8,137.15,132.8,16840.0,-0.96,Val
2020-03-21,134.26666666666668,133.23333333333335,136.13333333333333,132.1,15486.666666666666,-1.0,Val
2020-03-22,133.78333333333333,133.66666666666666,135.11666666666667,131.4,14133.333333333334,-1.04,Val
2020-03-23,133.3,134.1,134.1,130.7,12780.0,-1.08,Val
2020-03-24,133.95,133.1,135.0,132.0,10810.0,0.49,Val
2020-03-25,137.5,134.9,139.3,132.85,860.0,2.65,Val
2020-03-26,133.35,134.25,136.35,132.4,390.0,-3.02,Val
2020-03-27,133.9,134.0,138.65,132.5,10.0,0.41,Val
2020-03-28,133.41666666666666,133.66666666666666,136.76666666666668,132.33333333333334,13.333333333333334,-0.08666666666666667,Val
2020-03-29,132.93333333333334,133.33333333333334,134.88333333333333,132.16666666666666,16.666666666666668,-0.5833333333333333,Val
2020-03-30,132.45,133.0,133.0,132.0,20.0,-1.08,Val
2020-03-31,132.45,132.45,132.45,132.45,1725.0,0.0,Val
2020-04-01,134.2,134.0,134.5,133.6,3430.0,1.32,Val
2020-04-02,134.1,134.0,134.45,133.675,3105.0,0.5850000000000001,Val
2020-04-03,134.0,134.0,134.4,133.75,2780.0,-0.15,Val
2020-04-04,133.8875,134.1125,134.6625,133.525,3755.0,-0.1975,Val
2020-04-05,133.775,134.225,134.925,133.3,4730.0,-0.245,Val
2020-04-06,133.66250000000002,134.33749999999998,135.1875,133.075,5705.0,-0.2925,Val
2020-04-07,133.55,134.45,135.45,132.85,6680.0,-0.34,Val
2020-04-08,132.75,133.35,133.4,132.55,4050.0,-0.6,Val
2020-04-09,133.05,133.35,133.4,132.7,3910.0,0.23,Val
2020-04-10,133.0625,133.3125,133.75,132.725,3435.0,0.1825,Val
2020-04-11,133.075,133.27499999999998,134.10000000000002,132.75,2960.0,0.135,Val
2020-04-12,133.0875,133.23749999999998,134.45000000000002,132.775,2485.0,0.0875,Val
2020-04-13,133.1,133.2,134.8,132.8,2009.9999999999998,0.04,Val
2020-04-14,133.375,133.45,134.75,133.05,2720.0,0.225,Val
2020-04-15,133.65,133.7,134.7,133.3,3430.0,0.41,Val
2020-04-16,134.15,133.9,134.35,133.6,3010.0,0.37,Val
2020-04-17,134.0,134.7,134.7,133.75,3340.0,-0.11,Val
2020-04-18,133.43333333333334,134.61666666666665,134.61666666666665,133.13333333333333,3786.6666666666665,-0.49666666666666665,Val
2020-04-19,132.86666666666667,134.53333333333333,134.53333333333333,132.51666666666668,4233.333333333333,-0.8833333333333333,Val
2020-04-20,132.3,134.45,134.45,131.9,4680.0,-1.27,Val
2020-04-21,130.4,132.55,132.55,129.5,7080.0,-1.44,Val
2020-04-22,133.0,130.4,135.6,128.85,9010.0,1.99,Val
2020-04-23,132.15,134.0,134.0,131.7,5550.0,-0.64,Val
2020-04-24,131.2,131.85,132.75,130.5,1130.0,-0.72,Val
2020-04-25,131.33333333333331,131.81666666666666,132.43333333333334,130.56666666666666,763.3333333333333,-0.37999999999999995,Val
2020-04-26,131.46666666666667,131.78333333333333,132.11666666666667,130.63333333333333,396.66666666666663,-0.039999999999999925,Val
2020-04-27,131.6,131.75,131.8,130.7,30.0,0.3,Val
2020-04-28,130.95,131.6,131.6,130.5,20.0,-0.49,Val
2020-04-29,130.8,130.65,131.1,130.65,20.0,-0.11,Val
2020-04-30,130.05,131.2,131.2,130.0,20.0,-0.57,Val
2020-05-01,131.8,131.9,132.0,130.9,3360.0,1.35,Val
2020-05-02,131.58333333333334,131.83333333333334,131.9,130.78333333333333,3920.0,0.7366666666666667,Val
2020-05-03,131.36666666666667,131.76666666666665,131.79999999999998,130.66666666666669,4480.0,0.1233333333333333,Val
2020-05-04,131.15,131.7,131.7,130.55,5040.0,-0.49,Val
2020-05-05,131.55,130.75,131.9,130.5,7270.0,0.31,Val
2020-05-06,131.75,131.4,131.9,131.3,6000.0,0.15,Val
2020-05-07,131.6,131.8,132.15,131.4,6290.0,-0.11,Val
2020-05-08,131.4,131.7,131.7,130.7,3490.0,-0.15,Val
2020-05-09,131.46666666666667,131.73333333333332,131.95,130.9,3980.0,-0.05,Val
2020-05-10,131.53333333333333,131.76666666666668,132.2,131.1,4470.0,0.04999999999999999,Val
2020-05-11,131.6,131.8,132.45,131.3,4960.0,0.15,Val
2020-05-12,129.95,131.4,131.4,129.55,6650.0,-1.25,Val
2020-05-13,130.1,130.1,130.5,129.5,5560.0,0.12,Val
2020-05-14,130.35,130.25,130.65,129.5,7010.0,0.19,Val
2020-05-15,129.8,130.45,131.2,129.6,7360.0,-0.42,Val
2020-05-16,130.06666666666666,130.38333333333333,131.13333333333333,129.71666666666667,6973.333333333333,-0.0733333333333333,Val
2020-05-17,130.33333333333334,130.31666666666666,131.06666666666666,129.83333333333331,6586.666666666667,0.2733333333333334,Val
2020-05-18,130.6,130.25,131.0,129.95,6200.0,0.62,Val
2020-05-19,129.95,130.4,130.75,129.7,6420.0,-0.5,Val
2020-05-20,130.7,130.4,130.95,129.65,6700.0,0.58,Val
2020-05-21,130.2,131.0,131.0,129.9,5900.0,-0.38,Val
2020-05-22,128.45,130.0,130.15,125.6,5900.0,-1.34,Val
2020-05-23,128.18333333333334,128.6,129.76666666666668,125.66666666666666,4363.333333333333,-1.1,Val
2020-05-24,127.91666666666667,127.2,129.38333333333333,125.73333333333333,2826.6666666666665,-0.8600000000000001,Val
2020-05-25,127.65,125.8,129.0,125.8,1290.0,-0.62,Val
2020-05-26,128.65,127.75,128.9,125.5,370.0,0.78,Val
2020-05-27,129.05,133.25,133.25,128.8,50.0,0.31,Val
2020-05-28,130.8,129.5,133.0,129.3,50.0,1.36,Val
2020-05-29,130.0,130.0,130.0,130.0,10.0,-0.61,Val
2020-05-30,130.7,130.53333333333333,130.75,130.4,563.3333333333334,0.1333333333333333,Val
2020-05-31,131.4,131.06666666666666,131.5,130.79999999999998,1116.6666666666667,0.8766666666666666,Val
2020-06-01,132.1,131.6,132.25,131.2,1670.0,1.62,Val
2020-06-02,132.7,131.9,132.8,131.8,1400.0,0.45,Val
2020-06-03,133.7,133.4,134.2,132.45,1610.0,0.75,Val
2020-06-04,133.8,133.55,134.1,133.15,1380.0,0.07,Val
2020-06-05,135.6,134.05,135.85,133.75,1910.0,1.35,Val
2020-06-06,135.48333333333332,134.51666666666668,135.96666666666667,134.15,1810.0,0.8133333333333334,Val
2020-06-07,135.36666666666667,134.98333333333332,136.08333333333331,134.54999999999998,1710.0,0.2766666666666666,Val
2020-06-08,135.25,135.45,136.2,134.95,1610.0,-0.26,Val
2020-06-09,136.15,135.65,136.5,134.3,2280.0,0.67,Val
2020-06-10,138.4,136.15,139.2,135.85,3460.0,1.65,Val
2020-06-11,136.55,138.0,138.0,136.1,2440.0,-1.34,Val
2020-06-12,135.5,136.0,136.65,135.3,2160.0,-0.77,Val
2020-06-13,135.4,135.81666666666666,136.25,134.85,2050.0,-0.5866666666666667,Val
2020-06-14,135.29999999999998,135.63333333333333,135.85,134.4,1940.0,-0.4033333333333333,Val
2020-06-15,135.2,135.45,135.45,133.95,1830.0,-0.22,Val
2020-06-16,136.8,135.45,137.0,135.35,2430.0,1.18,Val
2020-06-17,137.0,136.5,137.2,136.05,1690.0,0.15,Val
2020-06-18,136.75,136.75,137.4,136.55,1660.0,-0.18,Val
2020-06-19,136.0,136.7,137.15,135.8,1840.0,-0.55,Val
2020-06-20,136.0,136.73333333333332,137.03333333333333,135.70000000000002,1820.0,-0.3666666666666667,Val
2020-06-21,136.0,136.76666666666668,136.91666666666669,135.6,1800.0,-0.18333333333333335,Val
2020-06-22,136.0,136.8,136.8,135.5,1780.0,0.0,Val
2020-06-23,134.5,136.15,136.15,134.0,1710.0,-1.1,Val
2020-06-24,132.95,134.5,134.9,132.55,300.0,-1.15,Val
2020-06-25,133.25,133.8,133.85,132.75,40.0,0.23,Val
2020-06-26,133.75,133.7,134.05,133.7,30.0,0.38,Val
2020-06-27,134.5,134.46666666666667,134.75,134.36666666666665,40.0,0.8133333333333332,Val
2020-06-28,135.25,135.23333333333332,135.45000000000002,135.03333333333333,50.0,1.2466666666666666,Val
2020-06-29,136.0,136.0,136.15,135.7,60.0,1.68,Val
2020-06-30,136.0,136.0,136.0,136.0,20.0,0.0,Val
2020-07-01,138.25,137.6,138.5,137.45,1500.0,1.65,Val
2020-07-02,137.3,138.65,138.65,137.0,1610.0,-0.69,Val
2020-07-03,136.6,137.0,137.45,136.5,1350.0,-0.51,Val
2020-07-04,137.03333333333333,136.93333333333334,137.66666666666666,136.56666666666666,1400.0,-0.023333333333333373,Val
2020-07-05,137.46666666666667,136.86666666666667,137.88333333333333,136.63333333333333,1450.0,0.46333333333333326,Val
2020-07-06,137.9,136.8,138.1,136.7,1500.0,0.95,Val
2020-07-07,137.85,137.9,138.55,137.45,1890.0,-0.04,Val
2020-07-08,139.4,138.05,139.9,137.9,2150.0,1.12,Val
2020-07-09,138.55,139.75,140.9,138.0,2380.0,-0.61,Val
2020-07-10,139.65,138.75,140.15,138.3,2400.0,0.79,Val
2020-07-11,139.70000000000002,139.43333333333334,140.46666666666667,138.68333333333334,2326.6666666666665,0.5633333333333334,Val
2020-07-12,139.75,140.11666666666667,140.78333333333333,139.06666666666666,2253.3333333333335,0.33666666666666667,Val
2020-07-13,139.8,140.8,141.1,139.45,2180.0,0.11,Val
2020-07-14,138.8,139.7,139.7,138.4,2200.0,-0.72,Val
2020-07-15,138.1,138.9,139.35,137.75,1850.0,-0.5,Val
2020-07-16,137.35,137.55,137.95,137.05,1620.0,-0.54,Val
2020-07-17,136.75,137.0,137.2,136.5,1270.0,-0.44,Val
2020-07-18,136.63333333333333,136.83333333333334,137.11666666666665,136.4,1340.0,-0.38,Val
2020-07-19,136.51666666666668,136.66666666666666,137.03333333333333,136.29999999999998,1410.0,-0.32,Val
2020-07-20,136.4,136.5,136.95,136.2,1480.0,-0.26,Val
2020-07-21,137.75,136.65,138.25,136.6,1660.0,0.99,Val
2020-07-22,136.5,137.55,138.2,135.8,1890.0,-0.91,Val
2020-07-23,137.8,136.5,138.1,136.4,1650.0,0.95,Val
2020-07-24,137.35,137.4,138.1,136.75,1450.0,-0.33,Val
2020-07-25,137.9,137.38333333333333,139.0,136.95,1010.0,0.18,Val
2020-07-26,138.45,137.36666666666667,139.9,137.15,570.0,0.69,Val
2020-07-27,139.0,137.35,140.8,137.35,130.0,1.2,Val
2020-07-28,140.05,140.0,142.7,138.85,10.0,0.76,Val
2020-07-29,141.0,140.0,142.0,140.0,391.6666666666667,0.68,Val
2020-07-30,141.5,141.5,141.5,141.5,773.3333333333334,0.35,Val
2020-07-31,145.3,144.9,147.0,144.0,1155.0,2.69,Val
2020-08-01,145.0,143.48333333333335,146.36666666666667,142.88333333333333,1536.6666666666667,1.5866666666666667,Val
2020-08-02,144.70000000000002,142.06666666666666,145.73333333333332,141.76666666666668,1918.3333333333335,0.4833333333333334,Val
2020-08-03,144.4,140.65,145.1,140.65,2300.0,-0.62,Val
2020-08-04,146.05,144.25,146.2,143.75,2560.0,1.14,Val
2020-08-05,145.7,146.2,147.8,145.5,2860.0,-0.24,Val
2020-08-06,146.9,145.9,147.3,145.9,2050.0,0.82,Val
2020-08-07,145.05,146.75,147.4,144.8,2320.0,-1.26,Val
2020-08-08,145.65,146.25,147.36666666666667,144.78333333333333,2416.6666666666665,-0.42666666666666664,Val
2020-08-09,146.25,145.75,147.33333333333334,144.76666666666668,2513.3333333333335,0.40666666666666673,Val
2020-08-10,146.85,145.25,147.3,144.75,2610.0,1.24,Val
2020-08-11,146.4,146.75,147.05,146.05,2340.0,-0.31,Val
2020-08-12,145.95,145.95,147.1,145.3,2330.0,-0.31,Val
2020-08-13,144.15,145.95,146.4,143.65,2320.0,-1.23,Val
2020-08-14,143.0,144.15,144.95,142.85,2080.0,-0.8,Val
2020-08-15,143.33333333333334,143.86666666666667,144.78333333333333,143.0,1906.6666666666667,-0.30000000000000004,Val
2020-08-16,143.66666666666666,143.58333333333334,144.61666666666665,143.15,1733.3333333333333,0.19999999999999996,Val
2020-08-17,144.0,143.3,144.45,143.3,1560.0,0.7,Val
2020-08-18,145.65,144.05,146.2,144.05,2029.9999999999998,1.15,Val
2020-08-19,146.7,145.95,147.65,145.9,1990.0,0.72,Val
2020-08-20,146.35,146.35,147.8,146.0,2810.0,-0.24,Val
2020-08-21,144.6,146.7,147.5,144.1,2460.0,-1.2,Val
2020-08-22,144.25,146.4,146.93333333333334,143.76666666666665,2383.3333333333335,-1.0433333333333332,Val
2020-08-23,143.9,146.1,146.36666666666667,143.43333333333334,2306.6666666666665,-0.8866666666666667,Val
2020-08-24,143.55,145.8,145.8,143.1,2230.0,-0.73,Val
2020-08-25,143.15,143.85,144.45,142.5,140.0,-0.28,Val
2020-08-26,144.2,143.25,148.7,143.1,80.0,0.73,Val
2020-08-27,146.65,147.0,147.0,146.0,10.0,1.7,Val
2020-08-28,146.0,146.0,146.0,146.0,328.0,-0.44,Val
2020-08-29,146.0,146.0,146.0,146.0,646.0,-0.29333333333333333,Val
2020-08-30,146.0,146.0,146.0,146.0,964.0,-0.14666666666666667,Val
2020-08-31,146.0,146.0,146.0,146.0,1282.0,0.0,Val
2020-09-01,146.95,146.55,147.2,146.1,1600.0,0.65,Val
2020-09-02,145.6,146.95,147.25,145.5,1770.0,-0.92,Val
2020-09-03,144.8,145.85,146.0,144.45,2080.0,-0.55,Val
2020-09-04,145.45,144.95,145.65,144.25,1690.0,0.45,Val
2020-09-05,145.75,145.1,146.06666666666666,144.56666666666666,1960.0,0.5066666666666667,Val
2020-09-06,146.04999999999998,145.25,146.48333333333335,144.88333333333333,2230.0,0.5633333333333334,Val
2020-09-07,146.35,145.4,146.9,145.2,2500.0,0.62,Val
2020-09-08,146.2,146.3,146.55,145.1,2790.0,-0.1,Val
2020-09-09,144.95,146.1,146.15,144.65,2580.0,-0.85,Val
2020-09-10,144.85,144.95,145.65,143.7,2190.0,-0.07,Val
2020-09-11,144.75,144.85,145.5,144.35,2009.9999999999998,-0.07,Val
2020-09-12,145.21666666666667,144.88333333333333,145.76666666666668,144.5,1999.9999999999998,0.27666666666666667,Val
2020-09-13,145.68333333333334,144.91666666666666,146.03333333333333,144.65,1990.0,0.6233333333333333,Val
2020-09-14,146.15,144.95,146.3,144.8,1980.0,0.97,Val
2020-09-15,145.55,146.15,146.85,145.25,1930.0,-0.41,Val
2020-09-16,144.95,145.7,146.05,144.8,1380.0,-0.41,Val
2020-09-17,144.25,144.55,144.8,144.0,1640.0,-0.48,Val
2020-09-18,144.45,144.35,144.9,144.3,1270.0,0.14,Val
2020-09-19,144.11666666666665,144.38333333333333,144.85,143.56666666666666,1723.3333333333333,-0.13666666666666666,Val
2020-09-20,143.78333333333333,144.41666666666666,144.8,142.83333333333334,2176.6666666666665,-0.41333333333333333,Val
2020-09-21,143.45,144.45,144.75,142.1,2630.0,-0.69,Val
2020-09-22,144.25,144.0,145.0,142.9,1820.0,0.56,Val
2020-09-23,147.0,144.25,152.0,143.6,2080.0,1.91,Val
2020-09-24,142.35,146.5,147.0,141.6,270.0,-3.16,Val
2020-09-25,144.0,144.0,144.0,144.0,520.0,1.16,Val
2020-09-26,144.33333333333334,144.33333333333334,144.33333333333334,144.33333333333334,770.0,1.0033333333333332,Val
2020-09-27,144.66666666666666,144.66666666666666,144.66666666666666,144.66666666666666,1020.0,0.8466666666666667,Val
2020-09-28,145.0,145.0,145.0,145.0,1270.0,0.69,Val
2020-09-29,145.0,145.0,145.0,145.0,1520.0,0.0,Val
2020-09-30,145.0,145.0,145.0,145.0,1770.0,0.0,Val
2020-10-01,142.35,144.05,144.25,141.5,2020.0,-1.83,Val
2020-10-02,142.9625,144.01250000000002,144.425,141.9375,1930.0,-0.9425000000000001,Val
2020-10-03,143.575,143.97500000000002,144.6,142.375,1840.0,-0.05500000000000016,Val
2020-10-04,144.1875,143.9375,144.77499999999998,142.8125,1750.0,0.8324999999999996,Val
2020-10-05,144.8,143.9,144.95,143.25,1660.0,1.72,Val
2020-10-06,144.8,144.7,145.85,144.2,1540.0,0.0,Val
2020-10-07,145.95,144.7,146.35,144.15,2320.0,0.79,Val
2020-10-08,147.35,146.0,147.55,145.6,2140.0,0.96,Val
2020-10-09,150.45,147.9,150.75,147.65,2660.0,2.1,Val
2020-10-10,151.04999999999998,148.75,151.31666666666666,148.58333333333334,2546.6666666666665,1.8,Val
2020-10-11,151.65,149.6,151.88333333333333,149.51666666666665,2433.3333333333335,1.5,Val
2020-10-12,152.25,150.45,152.45,150.45,2320.0,1.2,Val
2020-10-13,152.5,152.0,152.75,151.75,2910.0,0.16,Val
2020-10-14,150.4,152.8,152.8,146.95,2920.0,-1.38,Val
2020-10-15,150.4,150.25,151.25,148.6,2480.0,0.0,Val
2020-10-16,151.15,150.3,151.3,149.35,1980.0,0.5,Val
2020-10-17,151.03333333333333,150.63333333333335,151.48333333333335,149.73333333333332,1906.6666666666667,0.2566666666666667,Val
2020-10-18,150.91666666666669,150.96666666666667,151.66666666666666,150.11666666666667,1833.3333333333333,0.013333333333333364,Val
2020-10-19,150.8,151.3,151.85,150.5,1760.0,-0.23,Val
2020-10-20,151.55,150.8,153.4,150.1,2810.0,0.5,Val
2020-10-21,151.8,151.55,152.9,151.0,2170.0,0.16,Val
2020-10-22,152.05,151.4,152.5,151.05,1700.0,0.16,Val
2020-10-23,153.35,151.7,154.75,151.35,1800.0,0.85,Val
2020-10-24,153.18333333333334,152.56666666666666,154.78333333333333,151.76666666666665,1293.3333333333333,0.45666666666666667,Val
2020-10-25,153.01666666666665,153.43333333333334,154.81666666666666,152.18333333333334,786.6666666666666,0.06333333333333335,Val
2020-10-26,152.85,154.3,154.85,152.6,280.0,-0.33,Val
2020-10-27,153.7,154.3,154.45,153.1,20.0,0.56,Val
2020-10-28,154.0,155.65,155.65,153.95,10.0,0.2,Val
2020-10-29,153.1,153.45,155.4,151.6,10.0,-0.58,Val
2020-10-30,151.0,152.75,152.9,149.95,10.0,-1.37,Val
2020-10-31,152.05,152.81666666666666,153.46666666666667,150.65,873.3333333333334,-0.21666666666666679,Val
2020-11-01,153.1,152.88333333333333,154.03333333333333,151.35,1736.6666666666667,0.9366666666666665,Val
2020-11-02,154.15,152.95,154.6,152.05,2600.0,2.09,Val
2020-11-03,156.25,153.7,156.5,153.6,3120.0,1.36,Val
2020-11-04,156.05,155.4,156.95,154.0,3870.0,-0.13,Val
2020-11-05,154.95,155.9,156.35,154.55,2430.0,-0.7,Val
2020-11-06,155.5,154.95,156.3,154.6,2250.0,0.35,Val
2020-11-07,155.48333333333332,155.4,156.75,154.75,2456.6666666666665,0.2233333333333333,Val
2020-11-08,155.46666666666667,155.85,157.20000000000002,154.9,2663.3333333333335,0.09666666666666662,Val
2020-11-09,155.45,156.3,157.65,155.05,2870.0,-0.03,Val
2020-11-10,156.6,155.5,156.8,155.45,2040.0,0.74,Val
2020-11-11,157.55,156.75,157.9,156.75,2660.0,0.61,Val
2020-11-12,158.35,157.4,158.8,157.25,2400.0,0.51,Val
2020-11-13,159.1,158.45,159.3,158.3,1890.0,0.47,Val
2020-11-14,159.25,158.9,159.4,158.9,60.0,0.09,Val
2020-11-15,159.725,159.10000000000002,159.95,158.97500000000002,820.0,0.345,Val
2020-11-16,160.2,159.3,160.5,159.05,1580.0,0.6,Val
2020-11-17,162.3,160.0,162.6,159.95,2690.0,1.31,Val
2020-11-18,163.6,162.3,164.45,162.3,2920.0,0.8,Val
2020-11-19,164.3,163.75,164.45,163.25,2750.0,0.43,Val
2020-11-20,164.75,164.3,165.3,164.25,2210.0,0.27,Val
2020-11-21,163.3,164.53333333333333,165.53333333333333,162.83333333333334,1616.6666666666665,-0.7000000000000001,Val
2020-11-22,161.85,164.76666666666668,165.76666666666668,161.41666666666666,1023.3333333333333,-1.6700000000000002,Val
2020-11-23,160.4,165.0,166.0,160.0,430.0,-2.64,Val
2020-11-24,160.95,160.7,161.5,160.6,10.0,0.34,Val
2020-11-25,161.5,163.0,163.45,161.5,30.0,0.34,Val
2020-11-26,163.25,163.0,164.55,162.0,10.0,1.08,Val
2020-11-27,163.9,163.9,163.9,163.9,632.5,0.4,Val
2020-11-28,164.95000000000002,164.26666666666668,165.06666666666666,164.26666666666668,1255.0,0.9066666666666667,Val
2020-11-29,166.0,164.63333333333333,166.23333333333335,164.63333333333333,1877.5,1.4133333333333336,Val
2020-11-30,167.05,165.0,167.4,165.0,2500.0,1.92,Val
2020-12-01,167.2,167.0,168.2,166.1,2710.0,0.09,Val
2020-12-02,166.85,167.4,168.25,165.15,3740.0,-0.21,Val
2020-12-03,164.85,166.85,167.3,164.0,3170.0,-1.2,Val
2020-12-04,166.3,165.5,166.8,165.1,2200.0,0.88,Val
2020-12-05,165.93333333333334,165.35,166.45000000000002,164.83333333333334,2240.0,0.3666666666666667,Val
2020-12-06,165.56666666666666,165.20000000000002,166.1,164.56666666666666,2280.0,-0.1466666666666666,Val
2020-12-07,165.2,165.05,165.75,164.3,2320.0,-0.66,Val
2020-12-08,163.2,165.1,165.35,162.75,3000.0,-1.21,Val
2020-12-09,165.25,163.5,165.5,163.35,2740.0,1.26,Val
2020-12-10,166.6,164.9,167.25,164.8,2740.0,0.82,Val
2020-12-11,165.15,166.55,166.55,164.5,3070.0,-0.87,Val
2020-12-12,165.38333333333333,166.36666666666667,166.5,164.78333333333333,2863.3333333333335,-0.44,Val
2020-12-13,165.61666666666667,166.18333333333334,166.45000000000002,165.06666666666666,2656.6666666666665,-0.010000000000000009,Val
2020-12-14,165.85,166.0,166.4,165.35,2450.0,0.42,Val
2020-12-15,164.75,165.5,165.75,164.05,2400.0,-0.66,Val
2020-12-16,164.95,165.1,166.2,164.5,2480.0,0.12,Val
2020-12-17,166.5,165.8,167.95,165.3,3250.0,0.94,Val
2020-12-18,165.75,167.0,167.9,165.0,3880.0,-0.45,Val
2020-12-19,165.18333333333334,166.3,167.13333333333333,164.36666666666667,3663.3333333333335,-0.6433333333333333,Val
2020-12-20,164.61666666666667,165.6,166.36666666666667,163.73333333333332,3446.6666666666665,-0.8366666666666667,Val
2020-12-21,164.05,164.9,165.6,163.1,3230.0,-1.03,Val
2020-12-22,161.7,163.6,163.6,161.1,3180.0,-1.43,Val
2020-12-23,163.1,162.0,164.0,160.6,3070.0,0.87,Val
2020-12-24,169.9,163.0,172.85,161.0,360.0,4.17,Val
2020-12-25,169.925,164.75,172.15,163.1625,275.0,3.1425,Val
2020-12-26,169.95,166.5,171.45,165.325,190.0,2.1149999999999998,Val
2020-12-27,169.975,168.25,170.75,167.4875,105.0,1.0874999999999995,Val
2020-12-28,170.0,170.0,170.05,169.65,20.0,0.06,Val
2020-12-29,170.05,170.0,170.1,170.0,16.666666666666668,0.03,Val
2020-12-30,170.05,170.05,170.05,170.05,13.333333333333332,0.0,Val
2020-12-31,170.0,174.9,174.9,169.5,10.0,-0.03,Val
2021-01-01,161.2,161.4,161.5,160.35,340.0,-5.18,Val
2021-01-02,162.08333333333331,161.16666666666666,162.46666666666667,160.45,1170.0,-2.9066666666666667,Val
2021-01-03,162.96666666666667,160.93333333333334,163.43333333333334,160.55,2000.0,-0.6333333333333337,Val
2021-01-04,163.85,160.7,164.4,160.65,2830.0,1.64,Val
2021-01-05,165.7,163.8,165.9,163.5,2460.0,1.13,Val
2021-01-06,165.1,165.35,167.7,163.6,3140.0,-0.36,Val
2021-01-07,165.5,165.2,166.45,164.35,3180.0,0.24,Val
2021-01-08,164.7,165.2,165.8,164.0,3360.0,-0.48,Val
2021-01-09,164.48333333333332,164.76666666666665,165.33333333333334,163.71666666666667,3013.3333333333335,-0.45,Val
2021-01-10,164.26666666666668,164.33333333333334,164.86666666666667,163.43333333333334,2666.6666666666665,-0.42,Val
2021-01-11,164.05,163.9,164.4,163.15,2320.0,-0.39,Val
2021-01-12,164.8,164.0,165.1,163.55,2290.0,0.46,Val
2021-01-13,164.1,164.45,164.75,163.5,1970.0,-0.42,Val
2021-01-14,163.6,164.55,164.6,163.05,2250.0,-0.3,Val
2021-01-15,162.2,163.75,163.95,162.0,2250.0,-0.86,Val
2021-01-16,161.91666666666666,163.35,163.73333333333332,161.71666666666667,2043.3333333333333,-0.7466666666666667,Val
2021-01-17,161.63333333333333,162.95000000000002,163.51666666666668,161.43333333333334,1836.6666666666667,-0.6333333333333333,Val
2021-01-18,161.35,162.55,163.3,161.15,1630.0,-0.52,Val
2021-01-19,161.75,161.65,162.2,160.05,2170.0,0.25,Val
2021-01-20,163.25,161.75,163.4,160.35,2140.0,0.93,Val
2021-01-21,164.8,163.55,165.25,163.45,2620.0,0.95,Val
2021-01-22,161.95,164.15,164.6,159.2,290.0,-1.73,Val
2021-01-23,162.48333333333332,165.56666666666666,165.86666666666667,159.96666666666667,196.66666666666669,-0.8233333333333334,Val
2021-01-24,163.01666666666668,166.98333333333335,167.13333333333333,160.73333333333332,103.33333333333334,0.08333333333333326,Val
2021-01-25,163.55,168.4,168.4,161.5,10.0,0.99,Val
2021-01-26,163.55,165.97500000000002,165.97500000000002,162.525,10.0,0.495,Val
2021-01-27,163.55,163.55,163.55,163.55,10.0,0.0,Val
2021-01-28,162.1,162.0,162.5,161.85,10.0,-0.89,Val
2021-01-29,163.85,164.0,164.0,162.35,10.0,1.08,Val
2021-01-30,163.0,163.55,164.2,161.81666666666666,823.3333333333334,0.20000000000000007,Val
2021-01-31,162.15,163.1,164.4,161.28333333333333,1636.6666666666667,-0.6799999999999999,Val
2021-02-01,161.3,162.65,164.6,160.75,2450.0,-1.56,Val
2021-02-02,161.05,161.3,161.4,160.2,2160.0,-0.15,Val
2021-02-03,161.35,161.05,161.9,160.5,2000.0,0.19,Val
2021-02-04,162.15,162.0,162.45,161.65,1810.0,0.5,Val
2021-02-05,163.85,162.25,164.1,161.9,1940.0,1.05,Val
2021-02-06,164.15,162.76666666666668,164.45,162.43333333333334,1880.0,0.8833333333333334,Val
2021-02-07,164.45,163.28333333333333,164.8,162.96666666666667,1820.0,0.7166666666666668,Val
2021-02-08,164.75,163.8,165.15,163.5,1760.0,0.55,Val
2021-02-09,166.9,164.75,167.15,164.75,1960.0,1.31,Val
2021-02-10,167.45,166.8,168.1,166.8,2380.0,0.33,Val
2021-02-11,167.7,167.35,167.9,166.75,1860.0,0.15,Val
2021-02-12,168.2,167.85,168.5,167.15,1930.0,0.3,Val
2021-02-13,167.85,168.01666666666665,168.66666666666666,167.06666666666666,1773.3333333333333,-0.006666666666666654,Val
2021-02-14,167.5,168.18333333333334,168.83333333333334,166.98333333333335,1616.6666666666667,-0.3133333333333333,Val
2021-02-15,167.15,168.35,169.0,166.9,1460.0,-0.62,Val
2021-02-16,168.45,167.6,168.65,167.0,1820.0,0.78,Val
2021-02-17,171.2,168.7,171.85,167.9,2450.0,1.63,Val
2021-02-18,172.7,171.6,173.45,171.55,2280.0,0.88,Val
2021-02-19,170.05,171.55,174.3,166.2,2810.0,-1.53,Val
2021-02-20,170.65,171.4,173.76666666666668,167.38333333333333,1943.3333333333335,-0.6666666666666667,Val
2021-02-21,171.25,171.25,173.23333333333332,168.56666666666666,1076.6666666666667,0.19666666666666655,Val
2021-02-22,171.85,171.1,172.7,169.75,210.0,1.06,Val
2021-02-23,170.05,171.85,171.85,169.7,30.0,-1.05,Val
2021-02-24,172.0,172.0,172.0,172.0,33.333333333333336,1.15,Val
2021-02-25,172.0,172.0,172.0,172.0,36.666666666666664,0.0,Val
2021-02-26,174.75,178.15,178.15,172.0,40.0,1.6,Val
2021-02-27,173.16666666666666,176.83333333333334,177.0,171.1,970.0,0.15999999999999992,Val
2021-02-28,171.58333333333334,175.51666666666665,175.85,170.20000000000002,1900.0,-1.2800000000000002,Val
2021-03-01,170.0,174.2,174.7,169.3,2830.0,-2.72,Val
2021-03-02,176.85,170.4,177.25,169.3,5020.0,4.03,Val
2021-03-03,176.3,176.0,178.7,174.7,6380.0,-0.31,Val
2021-03-04,171.8,175.75,177.45,171.4,7380.0,-2.55,Val
2021-03-05,176.75,172.6,177.15,172.6,5270.0,2.88,Val
2021-03-06,176.03333333333333,173.9,177.31666666666666,172.85,4963.333333333333,1.5133333333333334,Val
2021-03-07,175.31666666666666,175.2,177.48333333333335,173.1,4656.666666666667,0.14666666666666694,Val
2021-03-08,174.6,176.5,177.65,173.35,4350.0,-1.22,Val
2021-03-09,172.4,173.65,173.8,171.1,3570.0,-1.26,Val
2021-03-10,171.7,172.3,173.0,171.3,2690.0,-0.41,Val
2021-03-11,172.9,172.55,173.15,172.0,1180.0,0.7,Val
2021-03-12,170.75,172.4,172.4,170.05,2530.0,-1.24,Val
2021-03-13,171.95,172.25,173.26666666666668,170.21666666666667,2876.6666666666665,-0.12333333333333352,Val
2021-03-14,173.15,172.1,174.13333333333333,170.38333333333335,3223.3333333333335,0.993333333333333,Val
2021-03-15,174.35,171.95,175.0,170.55,3570.0,2.11,Val
2021-03-16,174.1,174.0,175.65,173.1,3270.0,-0.14,Val
2021-03-17,176.05,173.6,177.15,173.6,3890.0,1.12,Val
2021-03-18,175.45,175.6,176.5,174.55,3120.0,-0.34,Val
2021-03-19,177.6,174.55,177.9,173.6,4380.0,1.23,Val
2021-03-20,177.45,175.63333333333335,178.03333333333333,174.4,3976.6666666666665,0.7366666666666666,Val
2021-03-21,177.3,176.71666666666667,178.16666666666669,175.2,3573.3333333333335,0.2433333333333333,Val
2021-03-22,177.15,177.8,178.3,176.0,3170.0,-0.25,Val
2021-03-23,173.3,174.0,174.7,172.2,2790.0,-2.17,Val
2021-03-24,175.3,173.4,176.65,172.5,2590.0,1.15,Val
2021-03-25,174.3,174.3,175.0,173.0,360.0,-0.57,Val
2021-03-26,176.05,176.0,177.05,175.8,10.0,1.0,Val
2021-03-27,176.21666666666667,176.2,176.9,176.01666666666668,15.0,0.76,Val
2021-03-28,176.38333333333335,176.4,176.75,176.23333333333332,20.0,0.52,Val
2021-03-29,176.55,176.6,176.6,176.45,25.0,0.28,Val
2021-03-30,176.4,176.5,177.0,175.0,30.0,-0.08,Val
2021-03-31,175.7,175.8,175.8,175.65,1255.0,-0.4,Val
2021-04-01,178.15,177.6,178.45,177.2,2480.0,1.39,Val
2021-04-02,178.3125,177.75,178.67499999999998,177.2875,2180.0,1.1324999999999998,Val
2021-04-03,178.47500000000002,177.89999999999998,178.89999999999998,177.375,1880.0,0.875,Val
2021-04-04,178.63750000000002,178.04999999999998,179.125,177.4625,1580.0,0.6175,Val
2021-04-05,178.8,178.2,179.35,177.55,1280.0,0.36,Val
2021-04-06,180.95,178.55,181.35,178.5,2580.0,1.2,Val
2021-04-07,182.75,180.6,183.2,180.4,2590.0,0.99,Val
2021-04-08,185.7,183.2,185.85,182.7,2600.0,1.61,Val
2021-04-09,182.25,184.85,185.4,181.65,3450.0,-1.86,Val
2021-04-10,182.51666666666668,183.73333333333332,184.70000000000002,181.31666666666666,3396.6666666666665,-1.0933333333333333,Val
2021-04-11,182.78333333333333,182.61666666666667,184.0,180.98333333333335,3343.3333333333335,-0.32666666666666666,Val
2021-04-12,183.05,181.5,183.3,180.65,3290.0,0.44,Val
2021-04-13,186.25,183.0,186.4,183.0,4010.0,1.75,Val
2021-04-14,188.2,186.85,188.4,186.35,1620.0,1.05,Val
2021-04-15,188.75,188.65,190.1,188.15,3730.0,0.29,Val
2021-04-16,187.15,188.5,188.5,186.7,3000.0,-0.85,Val
2021-04-17,187.58333333333334,188.25,188.96666666666667,186.9,2946.6666666666665,-0.33666666666666667,Val
2021-04-18,188.01666666666665,188.0,189.43333333333334,187.1,2893.3333333333335,0.17666666666666664,Val
2021-04-19,188.45,187.75,189.9,187.3,2840.0,0.69,Val
2021-04-20,187.45,188.75,189.85,186.6,4430.0,-0.53,Val
2021-04-21,191.1,188.8,191.35,188.6,2860.0,1.95,Val
2021-04-22,190.3,190.8,191.2,189.85,3990.0,-0.42,Val
2021-04-23,191.95,191.0,192.65,190.2,2380.0,0.87,Val
2021-04-24,191.95,191.68333333333334,193.41666666666666,190.28333333333333,1760.0,0.5800000000000001,Val
2021-04-25,191.95,192.36666666666667,194.18333333333334,190.36666666666665,1140.0,0.29000000000000004,Val
2021-04-26,191.95,193.05,194.95,190.45,520.0,0.0,Val
2021-04-27,193.2,194.4,196.0,192.5,20.0,0.65,Val
2021-04-28,196.45,193.1,198.7,193.0,30.0,1.68,Val
2021-04-29,197.25,203.75,203.75,194.35,20.0,0.41,Val
2021-04-30,195.65,195.5,197.0,195.0,347.5,-0.81,Val
2021-05-01,195.18333333333334,195.46666666666667,196.46666666666667,194.4,675.0,-0.78,Val
2021-05-02,194.71666666666667,195.43333333333334,195.93333333333334,193.79999999999998,1002.5,-0.75,Val
2021-05-03,194.25,195.4,195.4,193.2,1330.0,-0.72,Val
2021-05-04,195.1,194.55,195.7,194.45,2870.0,0.44,Val
2021-05-05,196.4,195.9,196.55,195.15,2650.0,0.67,Val
2021-05-06,199.8,196.35,200.0,196.35,4960.0,1.73,Val
2021-05-07,200.75,201.0,202.35,199.5,4540.0,0.48,Val
2021-05-08,200.76666666666668,201.53333333333333,203.61666666666667,199.36666666666667,5633.333333333333,0.32666666666666666,Val
2021-05-09,200.78333333333333,202.06666666666666,204.88333333333333,199.23333333333332,6726.666666666666,0.17333333333333334,Val
2021-05-10,200.8,202.6,206.15,199.1,7820.0,0.02,Val
2021-05-11,201.0,203.75,204.95,199.9,6340.0,0.1,Val
2021-05-12,198.65,202.3,202.3,197.8,6030.0,-1.17,Val
2021-05-13,195.9,196.2,197.7,194.45,3900.0,-1.38,Val
2021-05-14,194.15,195.9,196.35,191.8,7800.0,-0.89,Val
2021-05-15,195.43333333333334,196.08333333333334,197.41666666666666,192.8,7710.0,0.06666666666666665,Val
2021-05-16,196.71666666666667,196.26666666666665,198.48333333333335,193.8,7620.0,1.0233333333333334,Val
2021-05-17,198.0,196.45,199.55,194.8,7530.0,1.98,Val
2021-05-18,194.7,198.15,199.3,194.35,5730.0,-1.67,Val
2021-05-19,191.75,193.15,194.05,189.85,7450.0,-1.52,Val
2021-05-20,187.65,191.7,192.45,186.1,6950.0,-2.14,Val
2021-05-21,188.15,189.1,192.0,186.6,9290.0,0.27,Val
2021-05-22,188.11666666666667,188.0,190.95,185.43333333333334,8333.333333333334,0.16333333333333333,Val
2021-05-23,188.08333333333334,186.9,189.9,184.26666666666665,7376.666666666667,0.05666666666666667,Val
2021-05-24,188.05,185.8,188.85,183.1,6420.0,-0.05,Val
2021-05-25,187.9,187.4,188.5,185.8,380.0,-0.08,Val
2021-05-26,189.2,190.7,192.3,188.0,60.0,0.69,Val
2021-05-27,192.85,191.4,193.9,190.8,70.0,1.93,Val
2021-05-28,192.85,191.65,194.0,191.65,67.5,0.0,Val
2021-05-29,193.48333333333332,193.01666666666668,194.58333333333334,192.43333333333334,65.0,0.33,Val
2021-05-30,194.11666666666667,194.38333333333333,195.16666666666666,193.21666666666667,62.5,0.66,Val
2021-05-31,194.75,195.75,195.75,194.0,60.0,0.99,Val
2021-06-01,196.05,196.0,198.1,194.4,7170.0,0.67,Val
2021-06-02,192.75,195.25,196.25,192.4,5430.0,-1.68,Val
2021-06-03,189.35,192.75,193.6,188.45,6160.0,-1.76,Val
2021-06-04,192.85,189.7,193.1,188.95,6610.0,1.85,Val
2021-06-05,191.91666666666666,190.88333333333333,193.18333333333334,189.13333333333333,6233.333333333333,0.7500000000000002,Val
2021-06-06,190.98333333333335,192.06666666666666,193.26666666666665,189.31666666666666,5856.666666666667,-0.34999999999999964,Val
2021-06-07,190.05,193.25,193.35,189.5,5480.0,-1.45,Val
2021-06-08,191.8,190.0,192.4,189.6,5540.0,0.92,Val
2021-06-09,192.0,192.0,192.5,190.8,3830.0,0.1,Val
2021-06-10,195.25,191.6,195.7,191.25,6730.0,1.69,Val
2021-06-11,195.0,195.7,197.7,194.65,5590.0,-0.13,Val
2021-06-12,195.58333333333334,195.66666666666666,197.5,194.65,5066.666666666666,0.21333333333333332,Val
2021-06-13,196.16666666666666,195.63333333333333,197.29999999999998,194.65,4543.333333333333,0.5566666666666666,Val
2021-06-14,196.75,195.6,197.1,194.65,4019.9999999999995,0.9,Val
2021-06-15,193.9,195.3,195.9,193.15,5680.0,-1.45,Val
2021-06-16,194.75,193.8,195.25,191.95,4930.0,0.44,Val
2021-06-17,188.75,194.5,195.2,188.1,6610.0,-3.08,Val
2021-06-18,190.15,190.7,191.15,188.8,5010.0,0.74,Val
2021-06-19,190.56666666666666,190.51666666666665,191.66666666666666,188.63333333333335,4983.333333333333,0.7133333333333334,Val
2021-06-20,190.98333333333335,190.33333333333334,192.18333333333334,188.46666666666667,4956.666666666667,0.6866666666666666,Val
2021-06-21,191.4,190.15,192.7,188.3,4930.0,0.66,Val
2021-06-22,190.5,192.0,192.4,189.75,4970.0,-0.47,Val
2021-06-23,189.85,191.25,191.75,189.4,3230.0,-0.34,Val
2021-06-24,189.0,189.45,190.0,187.5,610.0,-0.45,Val
2021-06-25,192.85,191.1,193.0,189.95,40.0,2.04,Val
2021-06-26,192.5,191.48333333333332,192.8,190.04999999999998,36.666666666666664,1.1800000000000002,Val
2021-06-27,192.15,191.86666666666667,192.6,190.15,33.333333333333336,0.32000000000000006,Val
2021-06-28,191.8,192.25,192.4,190.25,30.0,-0.54,Val
2021-06-29,196.75,191.6,197.75,191.5,190.0,2.58,Val
2021-06-30,198.8,196.85,200.8,196.8,50.0,1.04,Val
2021-07-01,198.15,198.0,198.95,197.15,4570.0,-0.33,Val
2021-07-02,200.5,198.3,201.4,198.3,5400.0,1.19,Val
2021-07-03,200.6,198.98333333333335,201.73333333333335,198.81666666666666,4670.0,0.8433333333333333,Val
2021-07-04,200.70000000000002,199.66666666666666,202.06666666666666,199.33333333333334,3940.0,0.4966666666666666,Val
2021-07-05,200.8,200.35,202.4,199.85,3210.0,0.15,Val
2021-07-06,199.7,201.2,201.65,198.6,6130.0,-0.55,Val
2021-07-07,198.1,200.0,200.55,197.6,5100.0,-0.8,Val
2021-07-08,196.15,197.9,197.9,194.8,5410.0,-0.98,Val
2021-07-09,198.0,196.5,198.75,196.25,3510.0,0.94,Val
2021-07-10,198.15,196.95,198.91666666666666,196.45,3460.0,0.7033333333333333,Val
2021-07-11,198.29999999999998,197.4,199.08333333333334,196.65,3410.0,0.4666666666666666,Val
2021-07-12,198.45,197.85,199.25,196.85,3360.0,0.23,Val
2021-07-13,199.65,198.85,200.35,197.55,4170.0,0.6,Val
2021-07-14,198.95,199.3,200.05,198.8,2500.0,-0.35,Val
2021-07-15,198.85,199.1,199.95,198.2,3320.0,-0.05,Val
2021-07-16,197.7,199.45,199.5,197.5,2500.0,-0.58,Val
2021-07-17,196.31666666666666,199.0,199.03333333333333,196.08333333333334,2963.3333333333335,-1.0866666666666667,Val
2021-07-18,194.93333333333334,198.54999999999998,198.56666666666666,194.66666666666666,3426.6666666666665,-1.5933333333333333,Val
2021-07-19,193.55,198.1,198.1,193.25,3890.0,-2.1,Val
2021-07-20,194.55,194.5,196.35,193.25,4290.0,0.52,Val
2021-07-21,195.25,194.7,196.0,194.6,1720.0,0.36,Val
2021-07-22,196.15,195.05,197.45,194.8,3180.0,0.46,Val
2021-07-23,198.4,196.95,199.8,196.25,2060.0,1.15,Val
2021-07-24,198.53333333333333,197.63333333333333,199.63333333333335,196.9,1483.3333333333335,0.8333333333333333,Val
2021-07-25,198.66666666666669,198.31666666666666,199.46666666666667,197.54999999999998,906.6666666666667,0.5166666666666666,Val
2021-07-26,198.8,199.0,199.3,198.2,330.0,0.2,Val
2021-07-27,198.9,199.55,199.6,198.5,160.0,0.05,Val
2021-07-28,200.95,200.2,201.3,198.45,60.0,1.03,Val
2021-07-29,204.35,202.4,205.0,201.9,60.0,1.69,Val
2021-07-30,205.55,205.6,207.0,205.1,30.0,0.59,Val
2021-07-31,206.35,206.26666666666665,207.7,205.91666666666666,1060.0,0.7833333333333333,Val
2021-08-01,207.15,206.93333333333334,208.4,206.73333333333335,2090.0,0.9766666666666666,Val
2021-08-02,207.95,207.6,209.1,207.55,3120.0,1.17,Val
2021-08-03,206.55,207.1,207.55,205.95,3000.0,-0.67,Val
2021-08-04,204.3,206.7,206.75,204.15,3150.0,-1.09,Val
2021-08-05,205.8,205.2,206.15,204.65,2330.0,0.73,Val
2021-08-06,205.85,206.5,208.15,205.25,3670.0,0.02,Val
2021-08-07,205.56666666666666,206.7,208.03333333333333,204.46666666666667,3560.0,-0.12333333333333334,Val
2021-08-08,205.28333333333333,206.9,207.91666666666669,203.68333333333334,3450.0,-0.26666666666666666,Val
2021-08-09,205.0,207.1,207.8,202.9,3340.0,-0.41,Val
2021-08-10,207.15,205.2,207.55,205.2,2960.0,1.05,Val
2021-08-11,207.9,207.35,208.5,207.0,2370.0,0.36,Val
2021-08-12,206.95,207.7,209.05,206.4,2990.0,-0.46,Val
2021-08-13,208.15,207.4,208.8,207.0,2700.0,0.58,Val
2021-08-14,208.15,207.55,208.65,206.88333333333333,2730.0,0.3866666666666666,Val
2021-08-15,208.15,207.7,208.5,206.76666666666668,2760.0,0.1933333333333333,Val
2021-08-16,208.15,207.85,208.35,206.65,2790.0,0.0,Val
2021-08-17,207.45,208.5,210.5,207.25,3500.0,-0.34,Val
2021-08-18,207.2,208.7,209.25,205.85,3110.0,-0.12,Val
2021-08-19,204.75,205.5,206.0,204.1,2000.0,-1.18,Val
2021-08-20,205.8,206.15,207.05,205.0,1960.0,0.51,Val
2021-08-21,206.45000000000002,206.53333333333333,207.41666666666669,205.43333333333334,2053.3333333333335,0.6566666666666666,Val
2021-08-22,207.1,206.91666666666669,207.78333333333333,205.86666666666667,2146.6666666666665,0.8033333333333332,Val
2021-08-23,207.75,207.3,208.15,206.3,2240.0,0.95,Val
2021-08-24,209.7,207.4,210.5,207.4,2470.0,0.94,Val
2021-08-25,212.15,210.3,213.35,210.3,330.0,1.17,Val
2021-08-26,213.45,210.55,214.8,210.55,130.0,0.61,Val
2021-08-27,214.35,214.45,215.2,212.5,80.0,0.42,Val
2021-08-28,214.0,214.43333333333334,214.93333333333334,212.51666666666668,66.66666666666667,0.1166666666666667,Val
2021-08-29,213.65,214.41666666666666,214.66666666666666,212.53333333333333,53.33333333333333,-0.1866666666666666,Val
2021-08-30,213.3,214.4,214.4,212.55,40.0,-0.49,Val
2021-08-31,212.8,213.75,213.75,212.2,10.0,-0.23,Val
2021-09-01,211.5,211.5,213.4,210.1,3290.0,-0.61,Val
2021-09-02,212.4,211.85,214.75,211.65,3510.0,0.43,Val
2021-09-03,214.6,212.7,214.95,211.8,3750.0,1.04,Val
2021-09-04,215.75,213.46666666666667,216.11666666666665,212.86666666666667,3690.0,1.23,Val
2021-09-05,216.9,214.23333333333332,217.28333333333333,213.93333333333334,3630.0,1.4200000000000002,Val
2021-09-06,218.05,215.0,218.45,215.0,3570.0,1.61,Val
2021-09-07,218.05,218.1,218.9,217.1,3100.0,0.0,Val
2021-09-08,221.7,219.0,222.2,219.0,3790.0,1.67,Val
2021-09-09,224.2,223.9,225.4,222.8,4210.0,1.13,Val
2021-09-10,230.95,226.8,231.1,226.8,3820.0,3.01,Val
2021-09-11,230.33333333333331,229.25,232.5,226.3,4906.666666666667,1.74,Val
2021-09-12,229.71666666666667,231.70000000000002,233.9,225.8,5993.333333333334,0.4700000000000002,Val
2021-09-13,229.1,234.15,235.3,225.3,7080.0,-0.8,Val
2021-09-14,225.45,228.35,229.2,225.0,6310.0,-1.59,Val
2021-09-15,229.05,227.0,230.85,226.3,5190.0,1.6,Val
2021-09-16,228.3,229.0,229.2,225.3,5050.0,-0.33,Val
2021-09-17,227.35,228.2,230.8,226.95,4460.0,-0.42,Val
2021-09-18,227.13333333333333,227.79999999999998,229.66666666666669,226.06666666666666,4320.0,-0.37666666666666665,Val
2021-09-19,226.91666666666666,227.4,228.53333333333333,225.18333333333334,4180.0,-0.3333333333333333,Val
2021-09-20,226.7,227.0,227.4,224.3,4040.0,-0.29,Val
2021-09-21,228.55,226.65,230.1,225.6,4200.0,0.82,Val
2021-09-22,232.45,231.6,233.6,230.2,5240.0,1.71,Val
2021-09-23,235.75,233.8,236.3,232.0,3530.0,1.42,Val
2021-09-24,232.7,233.0,234.6,231.5,900.0,-1.29,Val
2021-09-25,232.1,233.08333333333334,234.96666666666667,230.83333333333334,663.3333333333334,-1.1166666666666667,Val
2021-09-26,231.5,233.16666666666666,235.33333333333331,230.16666666666666,426.6666666666667,-0.9433333333333334,Val
2021-09-27,230.9,233.25,235.7,229.5,190.0,-0.77,Val
2021-09-28,232.65,230.9,234.6,228.45,120.0,0.76,Val
2021-09-29,233.0,233.5,234.6,232.0,10.0,0.15,Val
2021-09-30,230.05,232.7,232.7,230.0,40.0,-1.27,Val
2021-10-01,228.05,227.3,230.0,226.05,3450.0,-0.87,Val
2021-10-02,229.75,227.86666666666667,231.16666666666666,226.86666666666667,3446.6666666666665,0.16666666666666685,Val
2021-10-03,231.45000000000002,228.43333333333334,232.33333333333334,227.68333333333334,3443.3333333333335,1.2033333333333336,Val
2021-10-04,233.15,229.0,233.5,228.5,3440.0,2.24,Val
2021-10-05,233.5,232.85,233.9,231.7,2860.0,0.15,Val
2021-10-06,233.15,232.7,234.35,232.1,3470.0,-0.15,Val
2021-10-07,237.1,233.3,238.3,233.3,3600.0,1.69,Val
2021-10-08,238.15,236.9,239.9,235.3,5390.0,0.44,Val
2021-10-09,239.71666666666667,237.16666666666666,241.8,236.05,5376.666666666667,0.95,Val
2021-10-10,241.28333333333333,237.43333333333334,243.7,236.8,5363.333333333333,1.46,Val
2021-10-11,242.85,237.7,245.6,237.55,5350.0,1.97,Val
2021-10-12,244.9,241.0,247.3,241.0,5180.0,0.84,Val
2021-10-13,245.95,244.9,248.75,244.45,6290.0,0.43,Val
2021-10-14,250.2,247.0,253.8,247.0,6260.0,1.73,Val
2021-10-15,254.25,250.9,257.8,250.2,4650.0,1.62,Val
2021-10-16,254.61666666666667,251.93333333333334,258.31666666666666,251.46666666666667,4980.0,1.2233333333333334,Val
2021-10-17,254.98333333333332,252.96666666666667,258.83333333333337,252.73333333333332,5310.0,0.8266666666666667,Val
2021-10-18,255.35,254.0,259.35,254.0,5640.0,0.43,Val
2021-10-19,249.0,253.9,257.6,248.65,5170.0,-2.49,Val
2021-10-20,247.55,248.0,248.0,242.6,6250.0,-0.58,Val
2021-10-21,232.85,248.95,250.65,232.0,7310.0,-5.94,Val
2021-10-22,230.7,232.9,237.85,228.7,4910.0,-0.92,Val
2021-10-23,230.71666666666667,232.70000000000002,237.15,228.5,3593.333333333333,-0.6066666666666667,Val
2021-10-24,230.73333333333332,232.5,236.45,228.29999999999998,2276.6666666666665,-0.29333333333333333,Val
2021-10-25,230.75,232.3,235.75,228.1,960.0,0.02,Val
2021-10-26,229.15,230.0,230.3,226.55,20.0,-0.69,Val
2021-10-27,217.0,223.3,223.45,214.7,40.0,-5.3,Val
2021-10-28,217.55,214.95,218.0,213.3,40.0,0.25,Val
2021-10-29,216.9,218.6,218.6,214.5,10.0,-0.3,Val
2021-10-30,217.96666666666667,219.91666666666666,220.48333333333332,215.96666666666667,1410.0,0.2933333333333334,Val
2021-10-31,219.03333333333333,221.23333333333335,222.36666666666667,217.43333333333334,2810.0,0.8866666666666667,Val
2021-11-01,220.1,222.55,224.25,218.9,4210.0,1.48,Val
2021-11-02,216.55,218.6,220.5,215.75,4810.0,-1.61,Val
2021-11-03,213.8,217.5,220.2,213.2,4380.0,-1.27,Val
2021-11-04,209.45,214.6,214.6,207.6,1200.0,-2.03,Val
2021-11-05,204.6,208.0,208.0,201.5,3870.0,-2.32,Val
2021-11-06,205.58333333333334,206.88333333333333,208.08333333333334,201.65,4173.333333333333,-1.0666666666666667,Val
2021-11-07,206.56666666666666,205.76666666666668,208.16666666666666,201.79999999999998,4476.666666666667,0.18666666666666654,Val
2021-11-08,207.55,204.65,208.25,201.95,4780.0,1.44,Val
2021-11-09,205.4,206.45,208.9,203.55,4820.0,-1.04,Val
2021-11-10,206.0,204.55,208.8,204.0,5120.0,0.29,Val
2021-11-11,211.8,208.6,213.0,207.7,5180.0,2.82,Val
2021-11-12,214.1,211.7,215.45,211.05,4860.0,1.09,Val
2021-11-13,212.75,211.96666666666667,215.1,210.58333333333334,4953.333333333333,0.09666666666666679,Val
2021-11-14,211.4,212.23333333333332,214.75,210.11666666666667,5046.666666666667,-0.8966666666666665,Val
2021-11-15,210.05,212.5,214.4,209.65,5140.0,-1.89,Val
2021-11-16,204.75,211.0,211.5,204.1,5740.0,-2.52,Val
2021-11-17,207.25,205.15,208.2,203.65,5160.0,1.22,Val
2021-11-18,207.25,205.9,207.8,203.9,4510.0,0.0,Val
2021-11-19,212.05,209.0,212.4,209.0,3190.0,2.32,Val
2021-11-20,212.15,209.6,212.8,208.8,3540.0,1.5933333333333333,Val
2021-11-21,212.25,210.20000000000002,213.2,208.6,3890.0,0.8666666666666667,Val
2021-11-22,212.35,210.8,213.6,208.4,4240.0,0.14,Val
2021-11-23,211.25,212.25,213.5,210.35,3020.0,-0.52,Val
2021-11-24,213.2,210.75,213.95,210.6,910.0,0.92,Val
2021-11-25,215.0,214.35,216.75,213.95,40.0,0.84,Val
2021-11-26,208.7,213.45,213.8,207.2,80.0,-2.93,Val
2021-11-27,209.48333333333332,212.13333333333333,213.03333333333333,207.96666666666667,63.33333333333333,-1.5766666666666667,Val
2021-11-28,210.26666666666668,210.81666666666666,212.26666666666668,208.73333333333332,46.666666666666664,-0.22333333333333316,Val
2021-11-29,211.05,209.5,211.5,209.5,30.0,1.13,Val
2021-11-30,210.2,212.3,213.05,209.5,20.0,-0.4,Val
2021-12-01,212.5,211.65,214.0,209.5,4990.0,1.09,Val
2021-12-02,209.85,212.9,213.2,208.6,4490.0,-1.25,Val
2021-12-03,211.45,210.25,213.35,210.25,4770.0,0.76,Val
2021-12-04,211.1,210.2,212.71666666666667,209.8,4346.666666666667,0.34,Val
2021-12-05,210.75,210.15,212.08333333333331,209.35,3923.3333333333335,-0.07999999999999996,Val
2021-12-06,210.4,210.1,211.45,208.9,3500.0,-0.5,Val
2021-12-07,212.4,210.4,213.15,209.7,3960.0,0.95,Val
2021-12-08,213.2,212.65,213.7,211.55,3350.0,0.38,Val
2021-12-09,214.45,213.1,215.0,212.1,5390.0,0.59,Val
2021-12-10,213.2,215.0,215.3,213.0,3080.0,-0.58,Val
2021-12-11,214.31666666666666,214.68333333333334,215.83333333333334,213.25,3140.0,0.13666666666666671,Val
2021-12-12,215.43333333333334,214.36666666666667,216.36666666666667,213.5,3200.0,0.8533333333333334,Val
2021-12-13,216.55,214.05,216.9,213.75,3260.0,1.57,Val
2021-12-14,215.6,216.45,217.55,215.35,3250.0,-0.44,Val
2021-12-15,215.4,215.35,215.85,212.75,3600.0,-0.09,Val
2021-12-16,219.8,215.9,221.45,215.9,5900.0,2.04,Val
2021-12-17,220.55,220.95,221.25,219.2,4520.0,0.34,Val
2021-12-18,219.08333333333334,220.7,220.91666666666666,218.13333333333333,4123.333333333333,-0.4399999999999999,Val
2021-12-19,217.61666666666667,220.45,220.58333333333334,217.06666666666666,3726.6666666666665,-1.2199999999999998,Val
2021-12-20,216.15,220.2,220.25,216.0,3330.0,-2.0,Val
2021-12-21,222.5,216.55,222.75,216.45,3460.0,2.94,Val
2021-12-22,225.0,222.05,226.55,221.8,4050.0,1.12,Val
2021-12-23,225.95,224.95,226.9,223.5,3070.0,0.42,Val
2021-12-24,226.9,226.15,228.75,224.8,2240.0,0.42,Val
2021-12-25,227.13333333333333,226.33333333333334,228.4,225.05,1593.3333333333335,0.3833333333333333,Val
2021-12-26,227.36666666666667,226.51666666666665,228.04999999999998,225.3,946.6666666666667,0.3466666666666667,Val
2021-12-27,227.6,226.7,227.7,225.55,300.0,0.31,Val
2021-12-28,227.2,227.95,228.55,227.0,50.0,-0.18,Val
2021-12-29,226.15,225.0,227.0,223.15,170.0,-0.46,Val
2021-12-30,224.6,226.1,226.3,224.5,20.0,-0.69,Val
2021-12-31,223.4,223.25,224.85,223.25,30.0,-0.53,Val
2022-01-01,224.01666666666668,223.86666666666667,225.45,223.76666666666668,630.0,-0.07666666666666672,Test
2022-01-02,224.63333333333333,224.48333333333332,226.05,224.28333333333333,1230.0,0.3766666666666666,Test
2022-01-03,225.25,225.1,226.65,224.8,1830.0,0.83,Test
2022-01-04,226.15,224.8,227.3,223.5,4180.0,0.4,Test
2022-01-05,230.85,225.5,232.65,225.45,6940.0,2.08,Test
2022-01-06,231.85,231.4,232.45,229.0,5230.0,0.43,Test
2022-01-07,230.8,232.45,235.5,230.3,6110.0,-0.45,Test
2022-01-08,231.26666666666668,232.28333333333333,235.0,230.65,5376.666666666667,-0.09666666666666668,Test
2022-01-09,231.73333333333332,232.11666666666665,234.5,231.0,4643.333333333333,0.25666666666666665,Test
2022-01-10,232.2,231.95,234.0,231.35,3910.0,0.61,Test
2022-01-11,234.15,232.85,234.45,231.05,4200.0,0.84,Test
2022-01-12,232.95,232.75,237.5,232.75,5540.0,-0.51,Test
2022-01-13,233.05,233.8,236.9,232.1,3610.0,0.04,Test
2022-01-14,235.05,232.3,235.4,232.3,5070.0,0.86,Test
2022-01-15,235.46666666666667,233.13333333333335,236.0,232.9,4763.333333333333,0.75,Test
2022-01-16,235.88333333333335,233.96666666666667,236.6,233.5,4456.666666666667,0.64,Test
2022-01-17,236.3,234.8,237.2,234.1,4150.0,0.53,Test
2022-01-18,238.9,236.7,240.4,236.5,4640.0,1.1,Test
2022-01-19,240.9,239.5,241.1,238.7,5060.0,0.84,Test
2022-01-20,245.75,239.9,246.1,239.55,5040.0,2.01,Test
2022-01-21,239.1,244.8,244.8,238.5,4130.0,-2.71,Test
2022-01-22,239.45,242.36666666666667,243.43333333333334,237.71666666666667,3196.6666666666665,-1.66,Test
2022-01-23,239.8,239.93333333333334,242.06666666666666,236.93333333333334,2263.333333333333,-0.6099999999999999,Test
2022-01-24,240.15,237.5,240.7,236.15,1330.0,0.44,Test
2022-01-25,244.7,240.4,245.6,240.4,80.0,1.89,Test
2022-01-26,245.77499999999998,242.72500000000002,246.425,242.60000000000002,90.0,1.385,Test
2022-01-27,246.85,245.05,247.25,244.8,100.0,0.88,Test
2022-01-28,243.3,246.8,248.45,243.1,210.0,-1.44,Test
2022-01-29,243.3,245.88333333333335,246.98333333333332,243.06666666666666,173.33333333333334,-0.96,Test
2022-01-30,243.3,244.96666666666667,245.51666666666668,243.03333333333333,136.66666666666669,-0.48,Test
2022-01-31,243.3,244.05,244.05,243.0,100.0,0.0,Test
2022-02-01,243.25,241.55,244.9,241.3,3400.0,-0.02,Test
2022-02-02,240.4,243.35,245.2,238.3,5070.0,-1.17,Test
2022-02-03,243.15,241.15,243.8,240.3,4580.0,1.14,Test
2022-02-04,246.2,243.35,246.5,243.35,3500.0,1.25,Test
2022-02-05,247.51666666666665,244.56666666666666,247.9,244.56666666666666,4093.3333333333335,1.3666666666666667,Test
2022-02-06,248.83333333333334,245.78333333333333,249.29999999999998,245.78333333333333,4686.666666666667,1.4833333333333334,Test
2022-02-07,250.15,247.0,250.7,247.0,5280.0,1.6,Test
2022-02-08,254.3,250.85,257.0,250.85,6500.0,1.66,Test
2022-02-09,260.55,257.0,260.8,252.6,7480.0,2.46,Test
2022-02-10,260.35,261.0,265.9,259.4,8520.0,-0.08,Test
2022-02-11,254.25,259.0,259.0,250.8,9000.0,-2.34,Test
2022-02-12,255.86666666666667,258.46666666666664,259.3833333333333,252.01666666666668,8346.666666666666,-0.9233333333333331,Test
2022-02-13,257.48333333333335,257.93333333333334,259.76666666666665,253.23333333333332,7693.333333333333,0.4933333333333336,Test
2022-02-14,259.1,257.4,260.15,254.45,7040.0,1.91,Test
2022-02-15,257.0,259.1,259.55,255.2,6270.0,-0.81,Test
2022-02-16,259.45,257.1,260.5,256.55,4220.0,0.95,Test
2022-02-17,261.55,258.15,262.05,258.15,5370.0,0.81,Test
2022-02-18,260.35,260.75,261.6,259.3,3750.0,-0.46,Test
2022-02-19,261.73333333333335,260.68333333333334,262.73333333333335,258.95,3563.3333333333335,0.22333333333333344,Test
2022-02-20,263.1166666666667,260.6166666666667,263.8666666666667,258.6,3376.6666666666665,0.906666666666667,Test
2022-02-21,264.5,260.55,265.0,258.25,3190.0,1.59,Test
2022-02-22,266.05,267.2,271.05,264.95,1230.0,0.59,Test
2022-02-23,265.15,266.15,266.85,262.3,200.0,-0.34,Test
2022-02-24,274.95,268.9,277.8,268.75,60.0,3.7,Test
2022-02-25,268.95,271.7,271.7,265.95,10.0,-2.18,Test
2022-02-26,271.34999999999997,274.3666666666667,274.3666666666667,268.96666666666664,13.333333333333334,-0.56,Test
2022-02-27,273.75,277.0333333333333,277.0333333333333,271.98333333333335,16.666666666666668,1.06,Test
2022-02-28,276.15,279.7,279.7,275.0,20.0,2.68,Test
2022-03-01,281.95,277.15,283.25,277.0,6500.0,2.1,Test
2022-03-02,288.35,281.6,290.8,280.85,10900.0,2.27,Test
2022-03-03,303.15,291.8,304.6,291.8,15530.0,5.13,Test
2022-03-04,308.35,304.7,311.65,304.7,11950.0,1.72,Test
2022-03-05,305.8833333333333,307.8,316.2333333333333,299.8333333333333,12080.0,0.3466666666666667,Test
2022-03-06,303.4166666666667,310.9,320.81666666666666,294.9666666666667,12210.0,-1.0266666666666666,Test
2022-03-07,300.95,314.0,325.4,290.1,12340.0,-2.4,Test
2022-03-08,279.9,302.7,311.3,276.0,9400.0,-6.99,Test
2022-03-09,267.2,282.0,285.8,264.1,5790.0,-4.54,Test
2022-03-10,279.75,269.5,287.85,268.75,5840.0,4.7,Test
2022-03-11,282.65,283.8,285.35,276.25,4050.0,1.04,Test
2022-03-12,278.8833333333333,282.9666666666667,284.18333333333334,273.8,3986.6666666666665,-0.6399999999999999,Test
2022-03-13,275.1166666666667,282.1333333333333,283.0166666666667,271.34999999999997,3923.3333333333335,-2.32,Test
2022-03-14,271.35,281.3,281.85,268.9,3860.0,-4.0,Test
2022-03-15,266.35,270.5,270.5,262.15,3020.0,-1.84,Test
2022-03-16,264.35,267.3,271.15,262.6,3830.0,-0.75,Test
2022-03-17,271.15,267.3,272.6,263.9,4050.0,2.57,Test
2022-03-18,272.2,275.9,275.9,270.9,1680.0,0.39,Test
2022-03-19,274.98333333333335,274.93333333333334,278.46666666666664,271.59999999999997,2090.0,1.2833333333333332,Test
2022-03-20,277.76666666666665,273.96666666666664,281.03333333333336,272.3,2500.0,2.1766666666666663,Test
2022-03-21,280.55,273.0,283.6,273.0,2910.0,3.07,Test
2022-03-22,280.25,282.0,284.4,277.4,3580.0,-0.11,Test
2022-03-23,296.4,280.4,297.05,278.45,3410.0,5.76,Test
2022-03-24,284.0,296.2,301.4,283.5,2740.0,-4.18,Test
2022-03-25,287.35,285.2,288.9,282.1,830.0,1.18,Test
2022-03-26,287.33333333333337,286.46666666666664,289.26666666666665,283.03333333333336,620.0,0.78,Test
2022-03-27,287.31666666666666,287.73333333333335,289.6333333333333,283.96666666666664,410.0,0.38,Test
2022-03-28,287.3,289.0,290.0,284.9,200.0,-0.02,Test
2022-03-29,278.5,288.0,292.75,276.2,60.0,-3.06,Test
2022-03-30,284.15,281.9,286.0,281.6,10.0,2.03,Test
2022-03-31,282.1,286.0,286.0,281.0,60.0,-0.72,Test
2022-04-01,280.6,281.95,285.45,279.55,2720.0,-0.53,Test
2022-04-02,279.1166666666667,281.76666666666665,284.6166666666667,278.03333333333336,2593.3333333333335,-0.8833333333333333,Test
2022-04-03,277.6333333333333,281.5833333333333,283.7833333333333,276.51666666666665,2466.6666666666665,-1.2366666666666668,Test
2022-04-04,276.15,281.4,282.95,275.0,2340.0,-1.59,Test
2022-04-05,279.9,278.1,283.8,278.05,2540.0,1.36,Test
2022-04-06,280.9,279.0,285.45,279.0,2390.0,0.36,Test
2022-04-07,276.65,281.3,281.6,273.45,3180.0,-1.51,Test
2022-04-08,276.7,275.85,280.55,275.55,2440.0,0.02,Test
2022-04-09,273.7,275.0,278.7,272.06666666666666,3120.0,-1.07,Test
2022-04-10,270.7,274.15000000000003,276.85,268.58333333333337,3800.0,-2.16,Test
2022-04-11,267.7,273.3,275.0,265.1,4480.0,-3.25,Test
2022-04-12,269.5,269.0,270.0,266.5,3920.0,0.67,Test
2022-04-13,268.4,270.0,271.75,266.0,3290.0,-0.41,Test
2022-04-14,270.8,270.0,271.75,267.5,1700.0,0.89,Test
2022-04-15,270.9875,270.0375,272.0625,267.7,1640.0,0.7375,Test
2022-04-16,271.175,270.075,272.375,267.9,1580.0,0.585,Test
2022-04-17,271.3625,270.11249999999995,272.6875,268.1,1520.0,0.4325,Test
2022-04-18,271.55,270.15,273.0,268.3,1460.0,0.28,Test
2022-04-19,269.4,272.85,276.35,268.3,3700.0,-0.79,Test
2022-04-20,269.3,269.0,270.4,266.45,2700.0,-0.04,Test
2022-04-21,271.5,269.55,272.5,268.15,2360.0,0.82,Test
2022-04-22,270.35,270.4,272.05,267.1,2310.0,-0.42,Test
2022-04-23,265.20000000000005,269.59999999999997,270.7,262.78333333333336,1936.6666666666667,-2.1833333333333336,Test
2022-04-24,260.05,268.8,269.35,258.4666666666667,1563.3333333333335,-3.9466666666666668,Test
2022-04-25,254.9,268.0,268.0,254.15,1190.0,-5.71,Test
2022-04-26,254.15,258.4,259.05,254.0,160.0,-0.29,Test
2022-04-27,256.1,253.65,257.6,253.6,60.0,0.77,Test
2022-04-28,257.0,255.75,258.0,255.75,90.0,0.35,Test
2022-04-29,251.95,251.1,254.8,250.7,70.0,-1.96,Test
2022-04-30,249.78333333333333,251.1,253.95000000000002,246.38333333333333,800.0,-2.1666666666666665,Test
2022-05-01,247.61666666666665,251.1,253.1,242.06666666666666,1530.0,-2.3733333333333335,Test
2022-05-02,245.45,251.1,252.25,237.75,2260.0,-2.58,Test
2022-05-03,243.55,246.1,248.0,241.0,2220.0,-0.77,Test
2022-05-04,246.95,243.15,248.4,240.7,4370.0,1.4,Test
2022-05-05,243.95,249.65,250.65,240.9,4690.0,-1.21,Test
2022-05-06,239.8,243.45,244.0,238.25,4400.0,-1.7,Test
2022-05-07,237.71666666666667,242.35,242.73333333333332,236.53333333333333,4510.0,-2.0033333333333334,Test
2022-05-08,235.63333333333335,241.25,241.46666666666667,234.81666666666666,4620.0,-2.3066666666666666,Test
2022-05-09,233.55,240.15,240.2,233.1,4730.0,-2.61,Test
2022-05-10,232.0,234.25,235.1,229.25,6060.0,-0.66,Test
2022-05-11,232.55,232.65,234.9,232.0,4150.0,0.24,Test
2022-05-12,232.3,231.9,233.3,228.2,3930.0,-0.11,Test
2022-05-13,236.35,232.55,236.7,230.1,4550.0,1.74,Test
2022-05-14,236.7,233.86666666666667,237.26666666666665,231.81666666666666,4033.3333333333335,1.3066666666666666,Test
2022-05-15,237.05,235.18333333333334,237.83333333333334,233.53333333333333,3516.666666666667,0.8733333333333333,Test
2022-05-16,237.4,236.5,238.4,235.25,3000.0,0.44,Test
2022-05-17,240.3,237.85,240.9,236.1,3950.0,1.22,Test
2022-05-18,238.25,240.8,244.25,237.7,4750.0,-0.85,Test
2022-05-19,244.7,239.2,245.25,238.15,5550.0,2.71,Test
2022-05-20,248.4,245.25,250.05,243.75,5470.0,1.51,Test
2022-05-21,248.03333333333333,246.26666666666668,250.13333333333335,244.46666666666667,5230.0,0.86,Test
2022-05-22,247.66666666666669,247.28333333333333,250.21666666666667,245.18333333333334,4990.0,0.20999999999999996,Test
2022-05-23,247.3,248.3,250.3,245.9,4750.0,-0.44,Test
2022-05-24,241.1,247.0,247.0,240.35,2250.0,-2.51,Test
2022-05-25,240.4,241.25,241.5,236.45,670.0,-0.29,Test
2022-05-26,240.2,240.85,241.3,239.05,100.0,-0.08,Test
2022-05-27,241.25,242.8,242.8,241.0,20.0,0.44,Test
2022-05-28,242.05,242.86666666666667,243.38333333333335,241.66666666666666,16.666666666666668,0.6233333333333333,Test
2022-05-29,242.85,242.93333333333334,243.96666666666667,242.33333333333334,13.333333333333332,0.8066666666666666,Test
2022-05-30,243.65,243.0,244.55,243.0,10.0,0.99,Test
2022-05-31,243.8,243.8,244.0,243.75,50.0,0.06,Test
2022-06-01,231.25,235.7,237.4,230.2,6040.0,-5.15,Test
2022-06-02,234.05,231.0,235.15,231.0,3400.0,1.21,Test
2022-06-03,232.85,235.0,235.0,231.15,2420.0,-0.51,Test
2022-06-04,234.25,234.96666666666667,235.93333333333334,231.53333333333333,3436.6666666666665,0.26,Test
2022-06-05,235.65,234.93333333333334,236.86666666666667,231.91666666666669,4453.333333333333,1.03,Test
2022-06-06,237.05,234.9,237.8,232.3,5470.0,1.8,Test
2022-06-07,235.1,237.1,237.2,232.55,4660.0,-0.82,Test
2022-06-08,238.4,234.95,239.4,234.0,5870.0,1.4,Test
2022-06-09,233.15,238.4,239.85,232.7,5930.0,-2.2,Test
2022-06-10,228.15,232.5,233.0,226.6,5880.0,-2.14,Test
2022-06-11,226.71666666666667,230.86666666666667,231.2,224.6,5706.666666666667,-2.0533333333333332,Test
2022-06-12,225.28333333333333,229.23333333333332,229.4,222.6,5533.333333333333,-1.9666666666666666,Test
2022-06-13,223.85,227.6,227.6,220.6,5360.0,-1.88,Test
2022-06-14,217.45,223.8,224.3,217.1,5980.0,-2.86,Test
2022-06-15,222.3,219.1,222.8,217.7,6030.0,2.23,Test
2022-06-16,215.8,223.0,224.0,211.95,8360.0,-2.92,Test
2022-06-17,215.35,214.5,216.9,212.9,6620.0,-0.21,Test
2022-06-18,215.45,214.66666666666666,216.85,212.8,5836.666666666667,-0.09333333333333334,Test
2022-06-19,215.55,214.83333333333334,216.8,212.7,5053.333333333333,0.023333333333333317,Test
2022-06-20,215.65,215.0,216.75,212.6,4270.0,0.14,Test
2022-06-21,216.6,217.3,218.45,215.15,4500.0,0.44,Test
2022-06-22,217.1,215.0,217.65,213.3,4420.0,0.23,Test
2022-06-23,208.9,215.0,216.4,208.45,4110.0,-3.78,Test
2022-06-24,208.1,209.9,210.25,205.1,660.0,-0.38,Test
2022-06-25,209.29999999999998,209.4,211.16666666666666,206.06666666666666,456.66666666666663,0.32333333333333325,Test
2022-06-26,210.5,208.9,212.08333333333334,207.03333333333333,253.33333333333331,1.0266666666666664,Test
2022-06-27,211.7,208.4,213.0,208.0,50.0,1.73,Test
2022-06-28,214.55,213.0,215.5,213.0,10.0,1.35,Test
2022-06-29,212.0,212.0,212.0,212.0,10.0,-1.19,Test
2022-06-30,210.5,210.95,211.8,210.25,10.0,-0.71,Test
2022-07-01,211.3,208.6,211.55,205.0,6770.0,0.38,Test
2022-07-02,211.48333333333335,209.51666666666665,212.65,206.65,6420.0,0.34,Test
2022-07-03,211.66666666666666,210.43333333333334,213.75,208.29999999999998,6070.0,0.3,Test
2022-07-04,211.85,211.35,214.85,209.95,5720.0,0.26,Test
2022-07-05,206.35,210.35,210.85,205.8,7760.0,-2.6,Test
2022-07-06,208.05,204.0,209.25,204.0,7320.0,0.82,Test
2022-07-07,211.45,208.7,214.2,206.1,10530.0,1.63,Test
2022-07-08,211.4,210.5,212.1,207.75,7940.0,-0.02,Test
2022-07-09,209.91666666666666,210.2,211.83333333333334,207.36666666666667,7373.333333333333,-0.7166666666666667,Test
2022-07-10,208.43333333333334,209.9,211.56666666666666,206.98333333333332,6806.666666666667,-1.4133333333333333,Test
2022-07-11,206.95,209.6,211.3,206.6,6240.0,-2.11,Test
2022-07-12,205.7,207.35,208.15,205.0,7010.0,-0.6,Test
2022-07-13,206.2,205.1,207.65,204.45,7520.0,0.24,Test
2022-07-14,204.15,206.5,207.0,203.6,5720.0,-0.99,Test
2022-07-15,204.7,204.15,206.0,202.25,6320.0,0.27,Test
2022-07-16,206.61666666666665,204.75,208.15,203.31666666666666,6830.0,1.1166666666666667,Test
2022-07-17,208.53333333333333,205.35,210.29999999999998,204.38333333333333,7340.0,1.9633333333333334,Test
2022-07-18,210.45,205.95,212.45,205.45,7850.0,2.81,Test
2022-07-19,207.6,209.25,210.8,207.3,5880.0,-1.35,Test
2022-07-20,209.45,208.8,212.2,208.5,6510.0,0.89,Test
2022-07-21,210.5,209.45,211.0,207.65,5830.0,0.5,Test
2022-07-22,211.45,209.55,213.2,209.55,3470.0,0.45,Test
2022-07-23,209.93333333333334,209.56666666666666,212.15,208.58333333333334,2636.6666666666665,-0.4166666666666667,Test
2022-07-24,208.41666666666666,209.58333333333334,211.1,207.61666666666667,1803.3333333333333,-1.2833333333333334,Test
2022-07-25,206.9,209.6,210.05,206.65,970.0,-2.15,Test
2022-07-26,207.95,209.35,209.5,207.4,130.0,0.51,Test
2022-07-27,208.45,209.0,209.75,207.0,80.0,0.24,Test
2022-07-28,210.9,209.4,213.45,209.4,60.0,1.18,Test
2022-07-29,212.1,211.0,212.35,211.0,50.0,0.57,Test
2022-07-30,211.73333333333332,212.06666666666666,212.96666666666667,210.33333333333334,2653.3333333333335,0.20666666666666667,Test
2022-07-31,211.36666666666667,213.13333333333333,213.58333333333331,209.66666666666666,5256.666666666667,-0.15666666666666662,Test
2022-08-01,211.0,214.2,214.2,209.0,7860.0,-0.52,Test
2022-08-02,208.45,210.2,210.75,208.2,5990.0,-1.21,Test
2022-08-03,207.75,209.25,210.2,207.2,5240.0,-0.34,Test
2022-08-04,209.45,208.15,209.85,207.0,6210.0,0.82,Test
2022-08-05,211.55,210.0,212.7,209.55,6690.0,1.0,Test
2022-08-06,212.03333333333333,210.33333333333334,212.93333333333334,209.95000000000002,5780.0,0.8966666666666666,Test
2022-08-07,212.51666666666668,210.66666666666666,213.16666666666666,210.35,4870.0,0.7933333333333333,Test
2022-08-08,213.0,211.0,213.4,210.75,3960.0,0.69,Test
2022-08-09,214.85,213.4,217.5,213.4,5870.0,0.87,Test
2022-08-10,215.3,214.85,215.9,212.2,7860.0,0.21,Test
2022-08-11,218.15,215.05,218.7,215.05,6130.0,1.32,Test
2022-08-12,212.4,217.75,219.6,211.55,9080.0,-2.64,Test
2022-08-13,211.6,216.075,218.0125,210.70000000000002,8772.5,-2.3575,Test
2022-08-14,210.8,214.4,216.425,209.85000000000002,8465.0,-2.075,Test
2022-08-15,210.0,212.72500000000002,214.8375,209.0,8157.5,-1.7925,Test
2022-08-16,209.2,211.05,213.25,208.15,7850.0,-1.51,Test
2022-08-17,210.65,209.8,211.95,209.4,6720.0,0.69,Test
2022-08-18,210.8,210.55,211.75,208.8,4990.0,0.07,Test
2022-08-19,209.95,211.15,211.15,209.05,4450.0,-0.4,Test
2022-08-20,209.9,210.76666666666668,210.9,208.96666666666667,3893.3333333333335,-0.29000000000000004,Test
2022-08-21,209.85,210.38333333333333,210.65,208.88333333333335,3336.666666666667,-0.18000000000000002,Test
2022-08-22,209.8,210.0,210.4,208.8,2780.0,-0.07,Test
2022-08-23,210.55,210.1,211.2,209.65,4250.0,0.36,Test
2022-08-24,209.5,210.7,211.25,204.05,930.0,-0.5,Test
2022-08-25,210.4,210.7,210.95,209.35,110.0,0.43,Test
2022-08-26,214.15,210.65,215.1,210.65,30.0,1.78,Test
2022-08-27,214.43333333333334,211.55,215.31666666666666,210.9,26.666666666666668,1.32,Test
2022-08-28,214.71666666666667,212.45,215.53333333333333,211.15,23.333333333333332,0.8600000000000001,Test
2022-08-29,215.0,213.35,215.75,211.4,20.0,0.4,Test
2022-08-30,209.7,212.0,212.0,209.25,10.0,-2.47,Test
2022-08-31,206.25,208.25,208.25,204.8,2420.0,-1.65,Test
2022-09-01,203.25,205.9,205.9,202.0,4710.0,-1.45,Test
2022-09-02,203.05,205.0,205.0,202.55,4510.0,-0.1,Test
2022-09-03,202.81666666666666,204.21666666666667,204.76666666666668,202.4,3990.0,-0.18,Test
2022-09-04,202.58333333333334,203.43333333333334,204.53333333333333,202.25,3470.0,-0.26,Test
2022-09-05,202.35,202.65,204.3,202.1,2950.0,-0.34,Test
2022-09-06,199.4,202.65,203.4,199.2,4150.0,-1.46,Test
2022-09-07,197.4,199.0,199.35,197.1,3720.0,-1.0,Test
2022-09-08,200.1,198.55,200.3,198.4,4300.0,1.37,Test
2022-09-09,200.25,202.95,203.8,198.55,6270.0,0.07,Test
2022-09-10,200.15,201.96666666666667,203.3,198.76666666666668,5690.0,-0.003333333333333327,Test
2022-09-11,200.04999999999998,200.98333333333332,202.8,198.98333333333332,5110.0,-0.07666666666666666,Test
2022-09-12,199.95,200.0,202.3,199.2,4530.0,-0.15,Test
2022-09-13,201.05,200.7,202.65,199.4,6380.0,0.55,Test
2022-09-14,198.5,201.0,201.65,196.3,6480.0,-1.27,Test
2022-09-15,201.6,199.5,201.9,198.8,5960.0,1.56,Test
2022-09-16,199.1,200.25,200.75,196.85,5750.0,-1.24,Test
2022-09-17,198.25,199.83333333333334,200.16666666666666,196.6,4983.333333333333,-1.2533333333333334,Test
2022-09-18,197.4,199.41666666666666,199.58333333333334,196.35,4216.666666666667,-1.2666666666666666,Test
2022-09-19,196.55,199.0,199.0,196.1,3450.0,-1.28,Test
2022-09-20,196.5,197.3,197.9,195.6,3870.0,-0.03,Test
2022-09-21,193.55,196.85,197.2,192.9,5320.0,-1.5,Test
2022-09-22,196.95,194.5,197.75,194.05,5040.0,1.76,Test
2022-09-23,191.85,196.4,197.1,191.0,3790.0,-2.59,Test
2022-09-24,190.68333333333334,195.26666666666668,195.86666666666667,189.56666666666666,2986.6666666666665,-2.333333333333333,Test
2022-09-25,189.51666666666665,194.13333333333333,194.63333333333333,188.13333333333333,2183.333333333333,-2.0766666666666667,Test
2022-09-26,188.35,193.0,193.4,186.7,1380.0,-1.82,Test
2022-09-27,188.9,188.65,191.45,188.35,60.0,0.29,Test
2022-09-28,187.1,187.4,188.6,186.5,10.0,-0.95,Test
2022-09-29,191.95,188.75,194.5,188.75,10.0,2.59,Test
2022-09-30,195.05,195.5,195.6,194.5,10.0,1.62,Test
2022-10-01,195.56666666666666,195.26666666666668,196.06666666666666,193.16666666666666,2793.3333333333335,1.3433333333333335,Test
2022-10-02,196.08333333333334,195.03333333333333,196.53333333333333,191.83333333333334,5576.666666666667,1.0666666666666669,Test
2022-10-03,196.6,194.8,197.0,190.5,8360.0,0.79,Test
2022-10-04,205.0,197.3,205.6,197.2,10320.0,4.27,Test
2022-10-05,206.65,204.2,206.95,200.8,6110.0,0.8,Test
2022-10-06,206.4,207.4,211.4,205.0,10430.0,-0.12,Test
2022-10-07,204.55,208.4,208.95,204.0,7280.0,-0.9,Test
2022-10-08,203.33333333333334,206.38333333333333,207.53333333333333,202.86666666666667,7376.666666666667,-1.1933333333333334,Test
2022-10-09,202.11666666666667,204.36666666666667,206.11666666666665,201.73333333333332,7473.333333333333,-1.4866666666666668,Test
2022-10-10,200.9,202.35,204.7,200.6,7570.0,-1.78,Test
2022-10-11,199.35,201.0,201.0,195.65,7570.0,-0.77,Test
2022-10-12,207.7,198.45,211.3,196.3,12900.0,4.19,Test
2022-10-13,208.45,205.0,212.0,202.45,14240.0,0.36,Test
2022-10-14,203.2,208.95,212.0,202.7,13530.0,-2.52,Test
2022-10-15,202.0,207.28333333333333,209.31666666666666,200.96666666666667,11943.333333333334,-2.27,Test
2022-10-16,200.79999999999998,205.61666666666665,206.63333333333333,199.23333333333332,10356.666666666666,-2.02,Test
2022-10-17,199.6,203.95,203.95,197.5,8770.0,-1.77,Test
2022-10-18,194.65,199.5,200.75,194.25,8810.0,-2.48,Test
2022-10-19,196.2,195.6,196.8,193.0,6730.0,0.8,Test
2022-10-20,197.75,196.8,199.8,196.4,6360.0,0.79,Test
2022-10-21,196.9,198.05,198.6,194.15,6530.0,-0.43,Test
2022-10-22,196.06666666666666,197.43333333333334,197.93333333333334,194.15,4423.333333333334,-0.71,Test
2022-10-23,195.23333333333335,196.81666666666666,197.26666666666665,194.15,2316.666666666667,-0.99,Test
2022-10-24,194.4,196.2,196.6,194.15,210.0,-1.27,Test
2022-10-25,195.65,194.8,197.35,191.65,1500.0,0.64,Test
2022-10-26,201.9,197.6,202.8,197.6,200.0,3.19,Test
2022-10-27,199.15,200.85,202.45,198.95,110.0,-1.36,Test
2022-10-28,194.95,197.65,198.75,194.45,30.0,-2.11,Test
2022-10-29,194.43333333333334,196.18333333333334,197.35,193.51666666666665,50.0,-1.6733333333333333,Test
2022-10-30,193.91666666666666,194.71666666666667,195.95000000000002,192.58333333333334,70.0,-1.2366666666666668,Test
2022-10-31,193.4,193.25,194.55,191.65,90.0,-0.8,Test
2022-11-01,199.4,198.05,200.75,197.8,7670.0,3.1,Test
2022-11-02,200.4,199.75,202.0,198.8,7010.0,0.5,Test
2022-11-03,200.85,200.75,201.35,197.75,6770.0,0.22,Test
2022-11-04,206.6,202.2,206.85,201.5,9650.0,2.86,Test
2022-11-05,205.98333333333332,202.7,206.96666666666667,201.5,10230.0,1.6066666666666667,Test
2022-11-06,205.36666666666667,203.2,207.08333333333331,201.5,10810.0,0.3533333333333335,Test
2022-11-07,204.75,203.7,207.2,201.5,11390.0,-0.9,Test
2022-11-08,205.85,203.5,207.15,202.8,6010.0,0.54,Test
2022-11-09,201.7,206.8,208.2,201.5,12550.0,-2.02,Test
2022-11-10,201.65,204.6,204.6,199.2,11580.0,-0.02,Test
2022-11-11,211.8,202.7,213.7,202.55,18100.0,5.03,Test
2022-11-12,211.13333333333335,205.13333333333333,213.7,204.70000000000002,16063.333333333334,3.04,Test
2022-11-13,210.46666666666667,207.56666666666666,213.7,206.85,14026.666666666666,1.0499999999999998,Test
2022-11-14,209.8,210.0,213.7,209.0,11990.0,-0.94,Test
2022-11-15,209.75,211.05,212.25,208.7,8189.999999999999,-0.02,Test
2022-11-16,208.45,209.45,211.35,206.55,8109.999999999999,-0.62,Test
2022-11-17,207.45,208.8,208.95,205.5,6920.0,-0.48,Test
2022-11-18,209.15,207.65,210.0,206.25,6530.0,0.82,Test
2022-11-19,208.20000000000002,207.96666666666667,209.53333333333333,205.63333333333333,6153.333333333333,0.09333333333333327,Test
2022-11-20,207.25,208.28333333333333,209.06666666666666,205.01666666666668,5776.666666666667,-0.6333333333333334,Test
2022-11-21,206.3,208.6,208.6,204.4,5400.0,-1.36,Test
2022-11-22,209.75,206.65,209.9,205.2,5100.0,1.67,Test
2022-11-23,206.55,209.6,210.0,206.2,5240.0,-1.53,Test
2022-11-24,204.25,207.35,207.75,204.0,750.0,-1.11,Test
2022-11-25,205.8,205.85,206.5,204.5,90.0,0.76,Test
2022-11-26,205.43333333333334,205.43333333333334,206.0,204.18333333333334,83.33333333333333,0.33,Test
2022-11-27,205.06666666666666,205.01666666666665,205.5,203.86666666666667,76.66666666666667,-0.09999999999999998,Test
2022-11-28,204.7,204.6,205.0,203.55,70.0,-0.53,Test
2022-11-29,206.25,206.7,208.6,204.05,30.0,0.76,Test
2022-11-30,210.2,208.0,211.5,208.0,10.0,1.92,Test
2022-12-01,211.1,210.2,213.0,209.8,8790.0,0.43,Test
2022-12-02,214.1,211.1,216.5,209.15,10410.0,1.42,Test
2022-12-03,214.21666666666667,212.2,217.0,210.8,9860.0,1.0,Test
2022-12-04,214.33333333333331,213.3,217.5,212.45,9310.0,0.58,Test
2022-12-05,214.45,214.4,218.0,214.1,8760.0,0.16,Test
2022-12-06,215.35,215.55,216.8,213.65,7180.0,0.42,Test
2022-12-07,215.1,215.4,215.85,213.55,6200.0,-0.12,Test
2022-12-08,215.45,215.05,217.1,214.45,5080.0,0.16,Test
2022-12-09,214.15,215.6,216.25,213.8,4910.0,-0.6,Test
2022-12-10,213.13333333333333,214.63333333333333,215.33333333333334,212.66666666666669,5063.333333333333,-0.8733333333333333,Test
2022-12-11,212.11666666666667,213.66666666666666,214.41666666666666,211.53333333333333,5216.666666666667,-1.1466666666666665,Test
2022-12-12,211.1,212.7,213.5,210.4,5370.0,-1.42,Test
2022-12-13,212.9,211.25,214.2,210.8,5740.0,0.85,Test
2022-12-14,212.85,213.65,213.65,211.55,4040.0,-0.02,Test
2022-12-15,210.1,213.1,213.3,209.85,6690.0,-1.29,Test
2022-12-16,209.8,211.15,211.7,209.05,5930.0,-0.14,Test
2022-12-17,209.43333333333334,210.83333333333334,211.25,208.58333333333334,5366.666666666667,-0.2666666666666667,Test
2022-12-18,209.06666666666666,210.51666666666665,210.79999999999998,208.11666666666667,4803.333333333333,-0.39333333333333337,Test
2022-12-19,208.7,210.2,210.35,207.65,4240.0,-0.52,Test
2022-12-20,209.4,208.3,211.4,208.1,6390.0,0.34,Test
2022-12-21,208.55,209.8,210.4,208.0,3620.0,-0.41,Test
2022-12-22,207.75,208.7,209.2,207.55,2140.0,-0.38,Test
2022-12-23,206.4,207.75,208.7,204.2,2900.0,-0.65,Test
2022-12-24,206.51666666666668,207.28333333333333,208.29999999999998,204.76666666666665,2100.0,-0.37666666666666665,Test
2022-12-25,206.63333333333333,206.81666666666666,207.9,205.33333333333334,1300.0,-0.10333333333333328,Test
2022-12-26,206.75,206.35,207.5,205.9,500.0,0.17,Test
2022-12-27,209.2,208.35,209.95,208.05,30.0,1.19,Test
2022-12-28,207.55,210.0,211.4,205.3,130.0,-0.79,Test
2022-12-29,207.55,207.0,209.0,207.0,10.0,0.0,Test
2022-12-30,210.35,210.35,210.35,210.35,217.5,1.35,Test
2022-12-31,210.08333333333334,209.85,210.13333333333333,209.73333333333332,425.0,0.7733333333333334,Test
2023-01-01,209.81666666666666,209.35,209.91666666666666,209.11666666666667,632.5,0.19666666666666677,Test
2023-01-02,209.55,208.85,209.7,208.5,840.0,-0.38,Test
2023-01-03,205.0,209.45,210.15,204.35,5360.0,-2.17,Test
2023-01-04,202.3,204.8,205.5,201.75,5050.0,-1.32,Test
2023-01-05,202.15,202.95,205.4,201.4,6700.0,-0.07,Test
2023-01-06,204.8,204.4,205.2,201.8,6020.0,1.31,Test
2023-01-07,206.85,204.93333333333334,207.43333333333334,203.1,6956.666666666667,1.8733333333333335,Test
2023-01-08,208.9,205.46666666666667,209.66666666666666,204.4,7893.333333333333,2.4366666666666665,Test
2023-01-09,210.95,206.0,211.9,205.7,8830.0,3.0,Test
2023-01-10,211.1,212.8,212.8,209.15,5270.0,0.07,Test
2023-01-11,213.8,211.6,214.55,210.75,4670.0,1.28,Test
2023-01-12,215.6,213.05,215.9,211.15,6040.0,0.84,Test
2023-01-13,219.1,216.85,220.15,216.35,6450.0,1.62,Test
2023-01-14,219.86666666666667,217.95,220.96666666666667,216.96666666666667,6153.333333333333,1.4300000000000002,Test
2023-01-15,220.63333333333333,219.05,221.78333333333333,217.58333333333331,5856.666666666667,1.24,Test
2023-01-16,221.4,220.15,222.6,218.2,5560.0,1.05,Test
2023-01-17,221.5,221.05,221.8,219.85,3920.0,0.05,Test
2023-01-18,221.75,222.65,226.45,220.0,6120.0,0.11,Test
2023-01-19,220.1,221.5,222.45,218.2,5870.0,-0.74,Test
2023-01-20,220.6,220.2,221.95,219.55,3750.0,0.23,Test
2023-01-21,221.6,220.33333333333331,222.78333333333333,219.78333333333333,3836.6666666666665,0.6066666666666667,Test
2023-01-22,222.6,220.46666666666667,223.61666666666665,220.01666666666668,3923.3333333333335,0.9833333333333334,Test
2023-01-23,223.6,220.6,224.45,220.25,4010.0,1.36,Test
2023-01-24,225.7,223.35,226.65,223.35,1510.0,0.94,Test
2023-01-25,226.3,226.3,226.7,224.0,230.0,0.27,Test
2023-01-26,225.425,226.075,226.8,224.0,190.0,-0.25,Test
2023-01-27,224.55,225.85,226.9,224.0,150.0,-0.77,Test
2023-01-28,224.0,225.23333333333332,227.16666666666666,223.2,140.0,-0.7566666666666667,Test
2023-01-29,223.45000000000002,224.61666666666667,227.43333333333334,222.4,130.0,-0.7433333333333333,Test
2023-01-30,222.9,224.0,227.7,221.6,120.0,-0.73,Test
2023-01-31,220.8,220.6,221.1,220.0,30.0,-0.94,Test
2023-02-01,224.9,225.7,226.85,222.85,4430.0,1.86,Test
2023-02-02,225.2,225.95,227.45,224.0,5580.0,0.13,Test
2023-02-03,223.3,224.95,225.85,222.5,4610.0,-0.84,Test
2023-02-04,222.71666666666667,224.11666666666665,225.73333333333332,221.4,5346.666666666667,-0.82,Test
2023-02-05,222.13333333333335,223.28333333333333,225.61666666666667,220.29999999999998,6083.333333333333,-0.8,Test
2023-02-06,221.55,222.45,225.5,219.2,6820.0,-0.78,Test
2023-02-07,221.55,222.4,222.9,219.3,4560.0,0.0,Test
2023-02-08,218.35,221.15,222.45,217.65,4430.0,-1.44,Test
2023-02-09,219.1,218.05,219.4,217.0,4290.0,0.34,Test
2023-02-10,215.55,218.1,218.3,214.1,4320.0,-1.62,Test
2023-02-11,215.06666666666666,217.28333333333333,217.75,213.73333333333332,4290.0,-1.3033333333333335,Test
2023-02-12,214.58333333333334,216.46666666666667,217.20000000000002,213.36666666666667,4260.0,-0.9866666666666667,Test
2023-02-13,214.1,215.65,216.65,213.0,4230.0,-0.67,Test
2023-02-14,213.75,213.95,214.9,213.2,3380.0,-0.16,Test
2023-02-15,211.6,213.7,213.7,211.2,3430.0,-1.01,Test
2023-02-16,212.2,207.15,212.4,207.15,3570.0,0.28,Test
2023-02-17,210.45,211.4,211.85,209.5,2510.0,-0.82,Test
2023-02-18,211.31666666666666,211.4,212.36666666666667,210.13333333333333,2770.0,-0.1333333333333333,Test
2023-02-19,212.18333333333334,211.4,212.88333333333333,210.76666666666668,3030.0,0.5533333333333333,Test
2023-02-20,213.05,211.4,213.4,211.4,3290.0,1.24,Test
2023-02-21,212.2,212.6,214.0,212.1,2720.0,-0.4,Test
2023-02-22,207.7,211.7,211.7,206.95,1080.0,-2.12,Test
2023-02-23,207.45,208.8,208.8,206.5,200.0,-0.12,Test
2023-02-24,207.25,207.95,208.8,205.6,240.0,-0.1,Test
2023-02-25,207.15,207.29999999999998,208.21666666666667,205.7,170.0,-0.11333333333333334,Test
2023-02-26,207.04999999999998,206.65,207.63333333333335,205.8,100.0,-0.12666666666666668,Test
2023-02-27,206.95,206.0,207.05,205.9,30.0,-0.14,Test
2023-02-28,206.95,206.95,206.95,206.95,2530.0,0.0,Test
2023-03-01,212.4,209.65,212.7,209.4,5030.0,2.63,Test
2023-03-02,209.7,212.3,213.5,209.3,4560.0,-1.27,Test
2023-03-03,209.3,210.35,210.9,209.05,2940.0,-0.19,Test
2023-03-04,209.11666666666667,209.46666666666667,210.26666666666668,208.43333333333334,2823.3333333333335,-0.21333333333333335,Test
2023-03-05,208.93333333333334,208.58333333333331,209.63333333333333,207.81666666666666,2706.6666666666665,-0.23666666666666666,Test
2023-03-06,208.75,207.7,209.0,207.2,2590.0,-0.26,Test
2023-03-07,206.65,207.9,207.9,206.0,1310.0,-1.01,Test
2023-03-08,206.85,206.95,207.5,204.45,3690.0,0.1,Test
2023-03-09,205.3,206.4,206.75,205.15,2570.0,-0.75,Test
2023-03-10,204.3,204.1,205.0,202.5,3850.0,-0.49,Test
2023-03-11,204.91666666666669,204.25,205.65,202.43333333333334,4250.0,-0.023333333333333373,Test
2023-03-12,205.53333333333333,204.4,206.29999999999998,202.36666666666667,4650.0,0.44333333333333325,Test
2023-03-13,206.15,204.55,206.95,202.3,5050.0,0.91,Test
2023-03-14,207.3,205.7,207.6,205.0,3210.0,0.56,Test
2023-03-15,203.75,207.1,209.25,203.25,5050.0,-1.71,Test
2023-03-16,203.6,204.5,204.85,202.8,3750.0,-0.07,Test
2023-03-17,203.5,204.95,206.45,202.85,3030.0,-0.05,Test
2023-03-18,203.61666666666667,204.48333333333332,205.71666666666667,202.35,3003.3333333333335,0.023333333333333345,Test
2023-03-19,203.73333333333332,204.01666666666668,204.98333333333332,201.85,2976.6666666666665,0.09666666666666669,Test
2023-03-20,203.85,203.55,204.25,201.35,2950.0,0.17,Test
2023-03-21,202.35,203.65,204.15,202.0,2100.0,-0.74,Test
2023-03-22,202.75,201.8,203.2,201.75,1480.0,0.2,Test
2023-03-23,203.85,202.8,204.4,202.05,2320.0,0.54,Test
2023-03-24,202.7,203.95,204.95,201.95,2840.0,-0.56,Test
2023-03-25,203.01666666666665,203.35,204.71666666666667,201.88333333333333,2206.6666666666665,-0.21666666666666673,Test
2023-03-26,203.33333333333334,202.75,204.48333333333332,201.81666666666666,1573.3333333333333,0.1266666666666666,Test
2023-03-27,203.65,202.15,204.25,201.75,940.0,0.47,Test
2023-03-28,205.4,205.5,206.6,203.85,100.0,0.86,Test
2023-03-29,207.35,206.2,207.85,205.55,110.0,0.95,Test
2023-03-30,206.8,206.65,207.0,206.65,10.0,-0.27,Test
2023-03-31,206.2,206.6,206.6,206.1,10.0,-0.29,Test
2023-04-01,207.29999999999998,207.6,208.4,207.08333333333334,913.3333333333334,0.34,Test
2023-04-02,208.4,208.6,210.2,208.06666666666666,1816.6666666666667,0.97,Test
2023-04-03,209.5,209.6,212.0,209.05,2720.0,1.6,Test
2023-04-04,208.15,209.6,209.6,207.3,1200.0,-0.64,Test
2023-04-05,205.8,208.0,208.0,204.8,2320.0,-1.13,Test
2023-04-06,206.55,206.2,207.2,205.65,1640.0,0.36,Test
2023-04-07,206.7125,206.21249999999998,207.3125,205.775,1345.0,0.3475,Test
2023-04-08,206.875,206.225,207.425,205.9,1050.0,0.33499999999999996,Test
2023-04-09,207.0375,206.2375,207.5375,206.025,755.0,0.3225,Test
2023-04-10,207.2,206.25,207.65,206.15,460.0,0.31,Test
2023-04-11,204.1,206.1,206.6,203.65,2660.0,-1.5,Test
2023-04-12,205.1,204.5,205.75,202.95,2240.0,0.49,Test
2023-04-13,208.25,205.1,208.95,204.85,2100.0,1.54,Test
2023-04-14,209.7,209.5,211.2,209.1,1170.0,0.7,Test
2023-04-15,209.51666666666665,209.55,210.88333333333333,208.63333333333333,1423.3333333333333,0.37999999999999995,Test
2023-04-16,209.33333333333334,209.6,210.56666666666666,208.16666666666666,1676.6666666666667,0.05999999999999994,Test
2023-04-17,209.15,209.65,210.25,207.7,1930.0,-0.26,Test
2023-04-18,214.35,209.8,214.55,209.65,3550.0,2.49,Test
2023-04-19,214.4,214.25,214.65,211.7,2610.0,0.02,Test
2023-04-20,212.9,213.75,215.1,212.55,2200.0,-0.7,Test
2023-04-21,211.3,212.85,212.85,210.8,2410.0,-0.75,Test
2023-04-22,211.1,212.31666666666666,212.73333333333332,210.4,1883.3333333333335,-0.5933333333333334,Test
2023-04-23,210.9,211.78333333333333,212.61666666666667,210.0,1356.6666666666667,-0.4366666666666667,Test
2023-04-24,210.7,211.25,212.5,209.6,830.0,-0.28,Test
2023-04-25,207.65,210.85,211.55,207.35,130.0,-1.45,Test
2023-04-26,208.5,208.8,209.0,208.0,10.0,0.41,Test
2023-04-27,206.8,206.5,207.0,206.5,70.0,-0.82,Test
2023-04-28,211.1,210.8,213.8,208.2,10.0,2.08,Test
2023-04-29,210.95,210.70000000000002,213.28333333333333,208.4,240.0,1.3166666666666669,Test
2023-04-30,210.8,210.6,212.76666666666668,208.6,470.0,0.5533333333333335,Test
2023-05-01,210.65,210.5,212.25,208.8,700.0,-0.21,Test
2023-05-02,210.45,211.3,212.4,209.55,2620.0,-0.09,Test
2023-05-03,207.95,210.25,210.25,207.55,2050.0,-1.19,Test
2023-05-04,206.6,208.9,208.9,205.5,2690.0,-0.65,Test
2023-05-05,208.05,206.8,208.45,205.55,2900.0,0.7,Test
2023-05-06,208.3,207.26666666666668,208.66666666666666,206.41666666666669,2126.6666666666665,0.5866666666666667,Test
2023-05-07,208.55,207.73333333333332,208.88333333333333,207.28333333333333,1353.3333333333333,0.4733333333333333,Test
2023-05-08,208.8,208.2,209.1,208.15,580.0,0.36,Test
2023-05-09,209.55,208.5,210.5,207.1,3060.0,0.36,Test
2023-05-10,207.8,209.3,209.7,207.45,1660.0,-0.84,Test
2023-05-11,205.95,207.95,208.5,205.7,2440.0,-0.89,Test
2023-05-12,206.35,205.75,206.7,204.4,1920.0,0.19,Test
2023-05-13,206.79999999999998,205.68333333333334,207.26666666666665,204.78333333333333,1916.6666666666667,0.3433333333333334,Test
2023-05-14,207.25,205.61666666666667,207.83333333333334,205.16666666666669,1913.3333333333333,0.4966666666666667,Test
2023-05-15,207.7,205.55,208.4,205.55,1910.0,0.65,Test
2023-05-16,206.65,207.5,207.85,206.05,1480.0,-0.51,Test
2023-05-17,208.3,206.85,208.45,206.15,1240.0,0.8,Test
2023-05-18,208.85,207.95,209.5,207.8,1220.0,0.26,Test
2023-05-19,210.3,208.85,210.5,208.2,1110.0,0.69,Test
2023-05-20,209.86666666666667,209.08333333333334,210.18333333333334,208.28333333333333,956.6666666666666,0.25333333333333324,Test
2023-05-21,209.43333333333334,209.31666666666666,209.86666666666667,208.36666666666665,803.3333333333333,-0.18333333333333346,Test
2023-05-22,209.0,209.55,209.55,208.45,650.0,-0.62,Test
2023-05-23,208.8,208.6,209.5,207.1,1520.0,-0.1,Test
2023-05-24,207.55,207.0,209.0,207.0,1920.0,-0.6,Test
2023-05-25,207.1,206.95,208.65,206.1,640.0,-0.22,Test
2023-05-26,209.3,208.2,210.35,208.05,290.0,1.06,Test
2023-05-27,209.05,208.23333333333332,210.43333333333334,208.13333333333335,313.3333333333333,0.5866666666666667,Test
2023-05-28,208.8,208.26666666666668,210.51666666666665,208.21666666666667,336.6666666666667,0.1133333333333334,Test
2023-05-29,208.55,208.3,210.6,208.3,360.0,-0.36,Test
2023-05-30,207.05,207.5,207.5,206.4,100.0,-0.72,Test
2023-05-31,206.3,206.3,206.3,206.3,615.0,-0.36,Test
2023-06-01,208.5,208.35,209.1,207.65,1130.0,1.07,Test
2023-06-02,207.6,208.75,210.2,207.2,1670.0,-0.43,Test
2023-06-03,207.15,208.11666666666667,209.36666666666665,206.75,1646.6666666666667,-0.5033333333333333,Test
2023-06-04,206.7,207.48333333333332,208.53333333333333,206.29999999999998,1623.3333333333333,-0.5766666666666667,Test
2023-06-05,206.25,206.85,207.7,205.85,1600.0,-0.65,Test
2023-06-06,204.1,206.45,206.45,204.05,2470.0,-1.04,Test
2023-06-07,204.15,204.55,205.0,203.85,1710.0,0.02,Test
2023-06-08,205.65,205.4,207.0,204.0,1970.0,0.73,Test
2023-06-09,205.65,205.65,206.45,205.25,1450.0,0.0,Test
2023-06-10,204.91666666666666,205.4,206.0,204.6,1370.0,-0.3566666666666667,Test
2023-06-11,204.18333333333334,205.15,205.54999999999998,203.95000000000002,1290.0,-0.7133333333333334,Test
2023-06-12,203.45,204.9,205.1,203.3,1210.0,-1.07,Test
2023-06-13,204.05,203.95,204.45,203.55,780.0,0.29,Test
2023-06-14,204.85,204.3,205.2,204.25,1240.0,0.39,Test
2023-06-15,204.55,204.05,204.8,203.0,1370.0,-0.15,Test
2023-06-16,205.5,205.55,206.3,204.45,1190.0,0.46,Test
2023-06-17,204.86666666666667,205.38333333333335,205.88333333333335,204.03333333333333,1106.6666666666667,0.0,Test
2023-06-18,204.23333333333332,205.21666666666667,205.46666666666667,203.61666666666665,1023.3333333333334,-0.46,Test
2023-06-19,203.6,205.05,205.05,203.2,940.0,-0.92,Test
2023-06-20,202.8,203.15,203.9,202.5,900.0,-0.39,Test
2023-06-21,202.85,202.75,203.3,200.75,1170.0,0.02,Test
2023-06-22,199.65,202.4,203.0,198.35,1780.0,-1.58,Test
2023-06-23,196.35,199.1,199.85,195.3,2100.0,-1.65,Test
2023-06-24,195.31666666666666,198.26666666666665,198.91666666666666,194.33333333333334,1676.6666666666667,-1.6266666666666667,Test
2023-06-25,194.28333333333333,197.43333333333334,197.98333333333335,193.36666666666667,1253.3333333333335,-1.6033333333333333,Test
2023-06-26,193.25,196.6,197.05,192.4,830.0,-1.58,Test
2023-06-27,196.7,195.55,197.2,195.55,40.0,1.79,Test
2023-06-28,196.2,195.95,197.75,195.95,110.0,-0.25,Test
2023-06-29,195.25,194.4,195.45,194.3,140.0,-0.48,Test
2023-06-30,193.6,195.25,195.25,193.2,20.0,-0.85,Test
2023-07-01,194.28333333333333,195.58333333333334,195.71666666666667,193.68333333333334,473.3333333333333,-0.21333333333333326,Test
2023-07-02,194.96666666666667,195.91666666666666,196.18333333333334,194.16666666666666,926.6666666666666,0.42333333333333345,Test
2023-07-03,195.65,196.25,196.65,194.65,1380.0,1.06,Test
2023-07-04,196.2,195.25,196.35,195.15,860.0,0.28,Test
2023-07-05,195.05,195.55,196.95,194.5,1550.0,-0.59,Test
2023-07-06,195.05,194.85,196.0,194.65,1170.0,0.0,Test
2023-07-07,195.55,195.05,195.8,194.7,820.0,0.26,Test
2023-07-08,195.63333333333335,195.26666666666668,195.96666666666667,194.9,860.0,0.21666666666666667,Test
2023-07-09,195.71666666666667,195.48333333333332,196.13333333333335,195.1,900.0,0.17333333333333334,Test
2023-07-10,195.8,195.7,196.3,195.3,940.0,0.13,Test
2023-07-11,196.45,196.2,197.9,196.15,1430.0,0.33,Test
2023-07-12,199.75,196.9,199.95,196.2,2290.0,1.68,Test
2023-07-13,201.9,199.3,202.2,199.1,1810.0,1.08,Test
2023-07-14,201.55,202.15,203.4,200.75,1190.0,-0.17,Test
2023-07-15,200.91666666666669,201.83333333333334,202.66666666666666,199.9,1330.0,-0.42666666666666664,Test
2023-07-16,200.28333333333333,201.51666666666665,201.93333333333334,199.04999999999998,1470.0,-0.6833333333333333,Test
2023-07-17,199.65,201.2,201.2,198.2,1610.0,-0.94,Test
2023-07-18,197.3,199.6,200.05,197.15,1710.0,-1.18,Test
2023-07-19,196.25,197.2,197.35,195.75,1240.0,-0.53,Test
2023-07-20,196.1,196.4,197.65,195.7,1290.0,-0.08,Test
2023-07-21,196.6,196.55,196.9,195.55,1100.0,0.25,Test
2023-07-22,196.33333333333334,196.53333333333333,196.78333333333333,195.18333333333334,1593.3333333333333,0.030000000000000027,Test
2023-07-23,196.06666666666666,196.51666666666668,196.66666666666669,194.81666666666666,2086.6666666666665,-0.18999999999999995,Test
2023-07-24,195.8,196.5,196.55,194.45,2580.0,-0.41,Test
2023-07-25,198.4,196.75,198.9,196.1,940.0,1.33,Test
2023-07-26,198.5,197.6,199.15,197.5,30.0,0.05,Test
2023-07-27,199.1,199.5,200.7,197.45,20.0,0.3,Test
2023-07-28,197.8,198.1,198.1,197.6,60.0,-0.65,Test
2023-07-29,197.8,198.0,198.0,197.66666666666666,467.5,-0.43333333333333335,Test
2023-07-30,197.8,197.9,197.9,197.73333333333335,875.0,-0.21666666666666667,Test
2023-07-31,197.8,197.8,197.8,197.8,1282.5,0.0,Test
2023-08-01,202.6,203.4,204.65,202.0,1690.0,2.43,Test
2023-08-02,199.95,202.65,202.7,199.6,1840.0,-1.31,Test
2023-08-03,201.7,200.15,201.95,199.45,2120.0,0.88,Test
2023-08-04,202.25,202.05,202.4,200.05,1830.0,0.27,Test
2023-08-05,202.21666666666667,201.96666666666667,202.51666666666668,200.45000000000002,1613.3333333333333,0.16333333333333333,Test
2023-08-06,202.18333333333334,201.88333333333335,202.63333333333333,200.85,1396.6666666666667,0.05666666666666667,Test
2023-08-07,202.15,201.8,202.75,201.25,1180.0,-0.05,Test
2023-08-08,200.3,201.9,202.1,199.6,1910.0,-0.92,Test
2023-08-09,200.4,201.0,201.65,200.05,1550.0,0.05,Test
2023-08-10,200.4,200.4,201.75,199.8,1600.0,0.0,Test
2023-08-11,198.25,199.95,200.3,197.65,1790.0,-1.07,Test
2023-08-12,197.9,198.98333333333332,199.58333333333334,197.43333333333334,1656.6666666666667,-0.89,Test
2023-08-13,197.54999999999998,198.01666666666668,198.86666666666667,197.21666666666667,1523.3333333333333,-0.71,Test
2023-08-14,197.2,197.05,198.15,197.0,1390.0,-0.53,Test
2023-08-15,197.075,196.925,198.0,196.6,1395.0,-0.33,Test
2023-08-16,196.95,196.8,197.85,196.2,1400.0,-0.13,Test
2023-08-17,196.9,195.95,199.35,194.7,2190.0,-0.03,Test
2023-08-18,197.25,197.0,198.1,196.55,1230.0,0.18,Test
2023-08-19,197.25,196.8,197.96666666666667,196.36666666666667,1456.6666666666667,0.12,Test
2023-08-20,197.25,196.6,197.83333333333331,196.18333333333334,1683.3333333333333,0.06,Test
2023-08-21,197.25,196.4,197.7,196.0,1910.0,0.0,Test
2023-08-22,198.85,197.1,199.3,197.1,1920.0,0.81,Test
2023-08-23,198.65,198.25,200.0,197.9,1430.0,-0.1,Test
2023-08-24,197.5,198.6,198.7,197.25,1290.0,-0.58,Test
2023-08-25,196.15,197.85,198.45,195.25,710.0,-0.68,Test
2023-08-26,196.26666666666668,197.63333333333333,198.03333333333333,195.4,516.6666666666666,-0.39333333333333337,Test
2023-08-27,196.38333333333333,197.41666666666666,197.61666666666665,195.54999999999998,323.3333333333333,-0.10666666666666669,Test
2023-08-28,196.5,197.2,197.2,195.7,130.0,0.18,Test
2023-08-29,196.2,196.2,196.2,196.2,80.0,-0.15,Test
2023-08-30,198.5,197.45,198.9,197.4,30.0,1.17,Test
2023-08-31,201.3,199.9,201.35,199.5,40.0,1.41,Test
2023-09-01,203.45,202.4,204.5,202.4,1730.0,1.07,Test
2023-09-02,202.73333333333332,202.5,203.98333333333332,201.78333333333333,1643.3333333333333,0.3600000000000001,Test
2023-09-03,202.01666666666668,202.6,203.46666666666667,201.16666666666669,1556.6666666666667,-0.34999999999999987,Test
2023-09-04,201.3,202.7,202.95,200.55,1470.0,-1.06,Test
2023-09-05,200.7,201.3,201.55,199.8,950.0,-0.3,Test
2023-09-06,201.35,200.9,202.85,200.85,1310.0,0.32,Test
2023-09-07,201.25,201.3,201.4,200.05,1120.0,-0.05,Test
2023-09-08,199.85,200.5,200.5,199.4,1240.0,-0.7,Test
2023-09-09,200.45,200.5,201.01666666666668,199.71666666666667,1203.3333333333333,-0.16666666666666663,Test
2023-09-10,201.05,200.5,201.53333333333333,200.03333333333333,1166.6666666666667,0.3666666666666667,Test
2023-09-11,201.65,200.5,202.05,200.35,1130.0,0.9,Test
2023-09-12,201.1,202.0,202.35,200.8,980.0,-0.27,Test
2023-09-13,202.3,201.05,202.8,200.85,1030.0,0.6,Test
2023-09-14,203.75,202.45,204.45,202.45,1870.0,0.72,Test
2023-09-15,201.7,204.45,204.8,201.3,1710.0,-1.01,Test
2023-09-16,202.18333333333334,203.38333333333333,204.35,201.21666666666667,1530.0,-0.43333333333333335,Test
2023-09-17,202.66666666666666,202.31666666666666,203.9,201.13333333333335,1350.0,0.1433333333333333,Test
2023-09-18,203.15,201.25,203.45,201.05,1170.0,0.72,Test
2023-09-19,203.05,202.4,203.85,202.25,620.0,-0.05,Test
2023-09-20,204.45,203.35,204.6,202.6,1670.0,0.69,Test
2023-09-21,202.9,203.95,204.6,201.8,1720.0,-0.76,Test
2023-09-22,204.05,203.4,204.45,202.35,2470.0,0.57,Test
2023-09-23,203.51666666666668,203.3,204.28333333333333,202.23333333333332,1863.3333333333335,0.11999999999999994,Test
2023-09-24,202.98333333333332,203.2,204.11666666666665,202.11666666666667,1256.6666666666667,-0.33000000000000007,Test
2023-09-25,202.45,203.1,203.95,202.0,650.0,-0.78,Test
2023-09-26,206.4,203.55,207.25,203.5,80.0,1.95,Test
2023-09-27,205.8,206.0,206.1,204.0,110.0,-0.29,Test
2023-09-28,207.65,206.0,209.0,206.0,10.0,0.9,Test
2023-09-29,209.5,209.3,210.35,209.3,10.0,0.89,Test
2023-09-30,209.3375,209.47500000000002,210.4375,208.9875,480.0,0.5900000000000001,Test
2023-10-01,209.175,209.65,210.52499999999998,208.675,950.0,0.29000000000000004,Test
2023-10-02,209.0125,209.825,210.61249999999998,208.3625,1420.0,-0.009999999999999898,Test
2023-10-03,208.85,210.0,210.7,208.05,1890.0,-0.31,Test
2023-10-04,205.45,207.75,208.5,205.1,1930.0,-1.63,Test
2023-10-05,205.55,205.55,206.1,204.6,1380.0,0.05,Test
2023-10-06,205.75,205.8,206.6,205.0,1440.0,0.1,Test
2023-10-07,206.0,205.70000000000002,206.79999999999998,204.9,1660.0,0.18666666666666668,Test
2023-10-08,206.25,205.6,207.0,204.79999999999998,1880.0,0.2733333333333333,Test
2023-10-09,206.5,205.5,207.2,204.7,2100.0,0.36,Test
2023-10-10,204.3,205.75,206.15,204.15,1480.0,-1.07,Test
2023-10-11,204.3,204.85,205.1,203.65,980.0,0.0,Test
2023-10-12,203.55,204.45,204.85,203.0,1550.0,-0.37,Test
2023-10-13,203.05,203.1,204.1,202.9,1170.0,-0.25,Test
2023-10-14,203.05,203.13333333333333,203.83333333333334,202.73333333333335,993.3333333333334,-0.16666666666666669,Test
2023-10-15,203.05,203.16666666666666,203.56666666666666,202.56666666666666,816.6666666666667,-0.08333333333333334,Test
2023-10-16,203.05,203.2,203.3,202.4,640.0,0.0,Test
2023-10-17,202.1,202.15,202.2,201.25,1300.0,-0.47,Test
2023-10-18,202.85,202.75,203.25,202.2,1250.0,0.37,Test
2023-10-19,202.7,202.3,203.4,201.85,910.0,-0.07,Test
2023-10-20,202.2,202.6,202.65,201.5,990.0,-0.25,Test
2023-10-21,202.06666666666666,202.23333333333332,202.65,201.3,1383.3333333333333,-0.23333333333333334,Test
2023-10-22,201.93333333333334,201.86666666666667,202.65,201.1,1776.6666666666665,-0.21666666666666667,Test
2023-10-23,201.8,201.5,202.65,200.9,2170.0,-0.2,Test
2023-10-24,202.8,200.95,203.6,200.85,1250.0,0.5,Test
2023-10-25,203.25,203.1,204.9,202.15,510.0,0.22,Test
2023-10-26,204.0,205.5,205.5,201.75,40.0,0.37,Test
2023-10-27,204.7,203.9,206.0,202.55,20.0,0.34,Test
2023-10-28,205.26666666666665,204.56666666666666,206.26666666666668,203.53333333333333,23.333333333333332,0.5033333333333333,Test
2023-10-29,205.83333333333334,205.23333333333335,206.53333333333333,204.51666666666668,26.666666666666668,0.6666666666666666,Test
2023-10-30,206.4,205.9,206.8,205.5,30.0,0.83,Test
2023-10-31,206.25,205.6,206.5,205.6,10.0,-0.07,Test
2023-11-01,206.25,206.7,207.7,205.9,1560.0,0.0,Test
2023-11-02,205.8,206.5,207.0,205.25,1200.0,-0.22,Test
2023-11-03,207.1,206.3,207.4,205.85,820.0,0.63,Test
2023-11-04,207.79999999999998,206.61666666666667,208.21666666666667,206.23333333333332,983.3333333333334,0.7566666666666667,Test
2023-11-05,208.5,206.93333333333334,209.03333333333333,206.61666666666667,1146.6666666666667,0.8833333333333333,Test
2023-11-06,209.2,207.25,209.85,207.0,1310.0,1.01,Test
2023-11-07,208.4,208.9,208.9,207.3,710.0,-0.38,Test
2023-11-08,207.95,208.7,208.95,207.75,550.0,-0.22,Test
2023-11-09,206.55,207.4,207.55,205.75,930.0,-0.67,Test
2023-11-10,204.8,206.55,206.55,204.5,1080.0,-0.85,Test
2023-11-11,204.97500000000002,205.675,205.85000000000002,204.6,555.0,-0.33999999999999997,Test
2023-11-12,205.15,204.8,205.15,204.7,30.0,0.17,Test
2023-11-13,205.5,204.55,205.95,204.25,580.0,0.17,Test
2023-11-14,205.1,205.05,206.35,204.8,490.0,-0.19,Test
2023-11-15,206.1,205.35,206.4,205.15,740.0,0.49,Test
2023-11-16,204.3,205.8,206.2,203.95,860.0,-0.87,Test
2023-11-17,203.4,204.4,204.7,203.05,1030.0,-0.44,Test
2023-11-18,204.08333333333334,204.5,205.06666666666666,203.6,1133.3333333333333,0.043333333333333335,Test
2023-11-19,204.76666666666665,204.6,205.43333333333334,204.15,1236.6666666666667,0.5266666666666666,Test
2023-11-20,205.45,204.7,205.8,204.7,1340.0,1.01,Test
2023-11-21,205.7,206.0,206.45,204.75,860.0,0.12,Test
2023-11-22,203.15,204.95,205.05,203.05,1210.0,-1.24,Test
2023-11-23,202.9,203.2,203.9,202.75,2040.0,-0.12,Test
2023-11-24,201.8,203.3,203.35,199.45,580.0,-0.54,Test
2023-11-25,201.8,202.8,202.83333333333334,200.23333333333332,440.0,-0.36,Test
2023-11-26,201.8,202.3,202.31666666666666,201.01666666666668,300.0,-0.18,Test
2023-11-27,201.8,201.8,201.8,201.8,160.0,0.0,Test
2023-11-28,200.9,201.7,201.7,200.65,20.0,-0.45,Test
2023-11-29,200.15,200.05,200.2,199.9,150.0,-0.37,Test
2023-11-30,203.5,201.1,201.1,201.1,1005.0,1.67,Test
2023-12-01,201.8,200.9,202.3,200.4,1860.0,-0.84,Test
2023-12-02,201.25,201.1,202.06666666666666,200.21666666666667,1630.0,-0.8333333333333333,Test
2023-12-03,200.70000000000002,201.3,201.83333333333334,200.03333333333333,1400.0,-0.8266666666666667,Test
2023-12-04,200.15,201.5,201.6,199.85,1170.0,-0.82,Test
2023-12-05,198.6,199.4,199.5,197.3,1510.0,-0.77,Test
2023-12-06,196.35,198.3,198.75,196.1,1140.0,-1.13,Test
2023-12-07,195.1,197.1,197.1,194.5,1570.0,-0.64,Test
2023-12-08,195.6,195.9,197.45,195.05,1380.0,0.26,Test
2023-12-09,195.1,195.33333333333334,196.75,194.55,1300.0,-0.08333333333333331,Test
2023-12-10,194.6,194.76666666666665,196.04999999999998,194.05,1220.0,-0.42666666666666664,Test
2023-12-11,194.1,194.2,195.35,193.55,1140.0,-0.77,Test
2023-12-12,194.4,194.45,195.8,194.1,900.0,0.15,Test
2023-12-13,195.65,193.35,195.9,193.2,1230.0,0.64,Test
2023-12-14,200.45,197.25,202.0,197.1,3040.0,2.45,Test
2023-12-15,202.85,200.75,204.7,200.2,3110.0,1.2,Test
2023-12-16,203.5,201.41666666666666,204.96666666666667,200.96666666666667,2740.0,1.1199999999999999,Test
2023-12-17,204.15,202.08333333333334,205.23333333333332,201.73333333333332,2370.0,1.04,Test
2023-12-18,204.8,202.75,205.5,202.5,2000.0,0.96,Test
2023-12-19,204.05,204.2,205.6,203.7,1600.0,-0.37,Test
2023-12-20,202.75,204.3,205.0,202.35,1740.0,-0.64,Test
2023-12-21,199.95,202.55,202.55,199.65,2260.0,-1.38,Test
2023-12-22,205.7,201.35,206.5,200.75,680.0,2.88,Test
2023-12-23,205.61249999999998,202.4125,206.35,201.8,517.5,2.1174999999999997,Test
2023-12-24,205.52499999999998,203.475,206.2,202.85,355.0,1.355,Test
2023-12-25,205.4375,204.5375,206.05,203.89999999999998,192.5,0.5925000000000002,Test
2023-12-26,205.35,205.6,205.9,204.95,30.0,-0.17,Test
2023-12-27,208.3,208.3,208.3,208.3,38.333333333333336,1.44,Test
2023-12-28,208.45,208.65,208.65,208.3,46.66666666666667,0.07,Test
2023-12-29,208.45,211.7,211.7,211.7,55.0,0.0,Test
2023-12-30,209.66666666666666,211.56666666666666,212.03333333333333,211.54999999999998,63.333333333333336,0.5833333333333334,Test
2023-12-31,210.88333333333333,211.43333333333334,212.36666666666665,211.4,71.66666666666667,1.1666666666666667,Test
2024-01-01,212.1,211.3,212.7,211.25,80.0,1.75,Test
2024-01-02,208.25,211.35,213.45,207.85,3250.0,-1.82,Test
2024-01-03,207.2,208.1,208.1,205.9,2060.0,-0.5,Test
2024-01-04,206.1,206.4,207.0,205.1,1430.0,-0.53,Test
2024-01-05,205.45,205.95,206.35,204.25,1640.0,-0.32,Test
2024-01-06,204.81666666666666,205.53333333333333,205.93333333333334,203.9,1706.6666666666667,-0.52,Test
2024-01-07,204.18333333333334,205.11666666666665,205.51666666666665,203.54999999999998,1773.3333333333333,-0.7200000000000001,Test
2024-01-08,203.55,204.7,205.1,203.2,1840.0,-0.92,Test
2024-01-09,203.65,204.0,204.35,202.5,1420.0,0.05,Test
2024-01-10,202.85,203.95,204.25,202.5,1040.0,-0.39,Test
2024-01-11,203.1,202.5,203.9,202.45,940.0,0.12,Test
2024-01-12,201.6,203.1,203.3,201.2,1940.0,-0.74,Test
2024-01-13,201.08333333333334,202.58333333333334,202.91666666666669,200.76666666666665,1930.0,-0.75,Test
2024-01-14,200.56666666666666,202.06666666666666,202.53333333333333,200.33333333333334,1920.0,-0.76,Test
2024-01-15,200.05,201.55,202.15,199.9,1910.0,-0.77,Test
2024-01-16,201.1,199.6,201.25,199.55,1530.0,0.52,Test
2024-01-17,198.75,200.55,200.7,198.5,1650.0,-1.17,Test
2024-01-18,197.45,198.7,199.1,197.3,1260.0,-0.65,Test
2024-01-19,197.4,197.55,198.2,196.65,1290.0,-0.03,Test
2024-01-20,196.98333333333335,197.16666666666669,197.71666666666667,196.41666666666666,1293.3333333333333,-0.22999999999999998,Test
2024-01-21,196.56666666666666,196.78333333333333,197.23333333333332,196.18333333333334,1296.6666666666667,-0.42999999999999994,Test
2024-01-22,196.15,196.4,196.75,195.95,1300.0,-0.63,Test
2024-01-23,200.15,196.2,200.9,195.7,2950.0,2.04,Test
2024-01-24,199.6,200.15,202.25,198.6,1630.0,-0.27,Test
2024-01-25,200.05,198.0,200.4,198.0,80.0,0.23,Test
2024-01-26,200.3125,198.75,200.6,198.725,67.5,0.3025,Test
2024-01-27,200.575,199.5,200.8,199.45,55.0,0.375,Test
2024-01-28,200.8375,200.25,201.0,200.175,42.5,0.4475,Test
2024-01-29,201.1,201.0,201.2,200.9,30.0,0.52,Test
2024-01-30,200.75,200.7,200.8,200.7,10.0,-0.17,Test
2024-01-31,204.75,202.3,202.5,202.3,10.0,1.99,Test
2024-02-01,202.5,204.15,204.25,202.35,1390.0,-1.1,Test
2024-02-02,201.7,202.4,202.6,201.1,1010.0,-0.4,Test
2024-02-03,201.0,201.93333333333334,202.2,200.46666666666667,1063.3333333333333,-0.6133333333333334,Test
2024-02-04,200.29999999999998,201.46666666666667,201.8,199.83333333333331,1116.6666666666667,-0.8266666666666667,Test
2024-02-05,199.6,201.0,201.4,199.2,1170.0,-1.04,Test
2024-02-06,201.75,199.15,202.3,199.0,1210.0,1.08,Test
2024-02-07,200.7,201.75,201.75,200.1,750.0,-0.52,Test
2024-02-08,200.9,200.95,202.4,199.85,1370.0,0.1,Test
2024-02-09,200.5,200.15,201.05,199.15,1530.0,-0.2,Test
2024-02-10,200.71666666666667,200.3,201.13333333333335,199.16666666666666,1486.6666666666667,-0.026666666666666672,Test
2024-02-11,200.93333333333334,200.45,201.21666666666667,199.18333333333334,1443.3333333333333,0.14666666666666667,Test
2024-02-12,201.15,200.6,201.3,199.2,1400.0,0.32,Test
2024-02-13,200.1,201.8,202.2,200.0,1420.0,-0.52,Test
2024-02-14,201.1,199.7,201.8,199.35,1300.0,0.5,Test
2024-02-15,200.05,201.45,201.9,199.75,1010.0,-0.52,Test
2024-02-16,199.05,199.7,200.9,198.9,1480.0,-0.5,Test
2024-02-17,198.51666666666668,199.53333333333333,200.35,198.23333333333335,1446.6666666666667,-0.6,Test
2024-02-18,197.98333333333332,199.36666666666665,199.8,197.56666666666666,1413.3333333333333,-0.7000000000000001,Test
2024-02-19,197.45,199.2,199.25,196.9,1380.0,-0.8,Test
2024-02-20,199.3,196.85,200.15,195.7,2870.0,0.94,Test
2024-02-21,199.3,201.0,202.0,198.25,1970.0,0.0,Test
2024-02-22,198.6,198.35,200.0,195.3,2860.0,-0.35,Test
2024-02-23,195.25,199.7,200.6,193.95,570.0,-1.69,Test
2024-02-24,196.36666666666667,198.96666666666667,200.04999999999998,195.13333333333333,694.2857142857143,-0.5533333333333332,Test
2024-02-25,197.48333333333332,198.23333333333332,199.5,196.31666666666666,818.5714285714286,0.5833333333333335,Test
2024-02-26,198.6,197.5,198.95,197.5,942.8571428571429,1.72,Test
2024-02-27,198.6,198.6,198.6,198.6,1067.142857142857,0.0,Test
2024-02-28,199.85,199.85,199.85,199.85,1191.4285714285716,0.63,Test
2024-02-29,196.9,196.9,196.9,196.9,1315.7142857142858,-1.48,Test
2024-03-01,201.45,200.1,202.2,199.35,1440.0,2.31,Test
2024-03-02,201.65,200.4,202.21666666666667,199.88333333333333,1296.6666666666667,1.6400000000000001,Test
2024-03-03,201.85,200.7,202.23333333333332,200.41666666666666,1153.3333333333333,0.97,Test
2024-03-04,202.05,201.0,202.25,200.95,1010.0,0.3,Test
2024-03-05,201.8,201.45,202.25,201.25,800.0,-0.12,Test
2024-03-06,201.6,201.45,202.45,201.4,1080.0,-0.1,Test
2024-03-07,203.1,201.85,203.65,201.7,1260.0,0.74,Test
2024-03-08,202.55,203.1,204.6,201.75,730.0,-0.27,Test
2024-03-09,202.76666666666668,202.86666666666667,204.31666666666666,201.83333333333334,803.3333333333334,-0.07333333333333333,Test
2024-03-10,202.98333333333332,202.63333333333333,204.03333333333333,201.91666666666666,876.6666666666666,0.12333333333333335,Test
2024-03-11,203.2,202.4,203.75,202.0,950.0,0.32,Test
2024-03-12,203.95,203.2,204.6,202.8,1100.0,0.37,Test
2024-03-13,204.3,204.1,205.0,203.8,950.0,0.17,Test
2024-03-14,203.7,204.8,204.9,203.25,800.0,-0.29,Test
2024-03-15,204.6,204.4,205.4,203.95,1460.0,0.44,Test
2024-03-16,204.6,204.45000000000002,205.45000000000002,204.01666666666665,1413.3333333333333,0.29333333333333333,Test
2024-03-17,204.6,204.5,205.5,204.08333333333334,1366.6666666666667,0.14666666666666667,Test
2024-03-18,204.6,204.55,205.55,204.15,1320.0,0.0,Test
2024-03-19,203.85,204.15,204.95,203.0,1320.0,-0.37,Test
2024-03-20,204.05,204.4,204.5,203.5,1290.0,0.1,Test
2024-03-21,205.0,205.1,205.9,204.4,3010.0,0.47,Test
2024-03-22,206.95,204.05,207.4,203.9,660.0,0.95,Test
2024-03-23,208.33333333333331,206.46666666666667,208.71666666666667,206.15,443.33333333333337,1.3033333333333332,Test
2024-03-24,209.71666666666667,208.88333333333335,210.03333333333333,208.4,226.66666666666669,1.6566666666666665,Test
2024-03-25,211.1,211.3,211.35,210.65,10.0,2.01,Test
2024-03-26,208.9,211.0,211.0,208.3,30.0,-1.04,Test
2024-03-27,207.5,207.5,207.55,207.5,73.33333333333334,-0.67,Test
2024-03-28,210.2,207.8,215.0,207.8,116.66666666666667,1.3,Test
2024-03-29,210.0375,208.01250000000002,213.6625,207.9875,160.0,0.8975,Test
2024-03-30,209.875,208.22500000000002,212.325,208.175,203.33333333333334,0.495,Test
2024-03-31,209.7125,208.4375,210.9875,208.3625,246.66666666666669,0.09250000000000003,Test
2024-04-01,209.55,208.65,209.65,208.55,290.0,-0.31,Test
2024-04-02,212.65,209.65,213.3,209.15,1490.0,1.48,Test
2024-04-03,218.75,212.8,219.0,212.4,1830.0,2.87,Test
2024-04-04,222.85,220.15,223.7,218.4,2790.0,1.87,Test
2024-04-05,223.95,222.05,224.95,221.4,1250.0,0.49,Test
2024-04-06,223.88333333333333,222.4,225.03333333333333,221.76666666666668,1266.6666666666667,0.29666666666666663,Test
2024-04-07,223.81666666666666,222.75,225.11666666666665,222.13333333333333,1283.3333333333333,0.10333333333333333,Test
2024-04-08,223.75,223.1,225.2,222.5,1300.0,-0.09,Test
2024-04-09,223.3,223.3,225.3,220.4,2080.0,-0.2,Test
2024-04-10,224.4,224.35,226.25,222.1,1410.0,0.49,Test
2024-04-11,224.1,224.15,224.9,223.05,530.0,-0.13,Test
2024-04-12,226.45,225.3,229.35,224.85,2090.0,1.05,Test
2024-04-13,228.45,228.33333333333334,232.28333333333333,226.68333333333334,2590.0,1.5833333333333335,Test
2024-04-14,230.45,231.36666666666667,235.21666666666667,228.51666666666665,3090.0,2.1166666666666667,Test
2024-04-15,232.45,234.4,238.15,230.35,3590.0,2.65,Test
2024-04-16,232.0,232.3,234.75,229.15,2460.0,-0.19,Test
2024-04-17,234.85,233.6,236.65,232.9,1570.0,1.23,Test
2024-04-18,237.3,234.9,237.9,234.9,2110.0,1.04,Test
2024-04-19,242.45,239.45,243.1,238.15,2610.0,2.17,Test
2024-04-20,242.81666666666666,240.29999999999998,243.46666666666667,239.20000000000002,2230.0,1.5966666666666667,Test
2024-04-21,243.18333333333334,241.15,243.83333333333331,240.25,1850.0,1.0233333333333332,Test
2024-04-22,243.55,242.0,244.2,241.3,1470.0,0.45,Test
2024-04-23,241.05,242.1,242.7,237.4,1860.0,-1.03,Test
2024-04-24,243.0,241.4,246.8,239.0,700.0,0.81,Test
2024-04-25,248.45,241.55,252.6,239.6,100.0,2.24,Test
2024-04-26,242.05,253.4,255.5,240.9,50.0,-2.58,Test
2024-04-27,241.21666666666667,248.76666666666668,250.66666666666666,240.23333333333335,36.666666666666664,-2.0633333333333335,Test
2024-04-28,240.38333333333335,244.13333333333333,245.83333333333334,239.56666666666666,23.333333333333332,-1.5466666666666666,Test
2024-04-29,239.55,239.5,241.0,238.9,10.0,-1.03,Test
2024-04-30,242.0,242.0,242.0,242.0,355.0,1.02,Test
2024-05-01,236.1,236.5,236.75,234.55,700.0,-2.44,Test
2024-05-02,231.95,236.55,237.35,230.25,2740.0,-1.76,Test
2024-05-03,233.3,231.55,234.7,230.7,2050.0,0.58,Test
2024-05-04,233.71666666666667,233.35,235.56666666666666,229.9,1573.3333333333333,0.5666666666666667,Test
2024-05-05,234.13333333333335,235.15,236.43333333333334,229.1,1096.6666666666665,0.5533333333333333,Test
2024-05-06,234.55,236.95,237.3,228.3,620.0,0.54,Test
2024-05-07,234.35,236.0,236.0,233.15,1540.0,-0.09,Test
2024-05-08,232.35,233.05,234.1,230.5,1670.0,-0.85,Test
2024-05-09,234.25,233.35,234.45,231.4,1290.0,0.82,Test
2024-05-10,230.85,235.0,236.4,230.65,2950.0,-1.45,Test
2024-05-11,231.46666666666667,233.61666666666667,235.48333333333335,230.70000000000002,2590.0,-0.7,Test
2024-05-12,232.08333333333331,232.23333333333332,234.56666666666666,230.75,2230.0,0.050000000000000044,Test
2024-05-13,232.7,230.85,233.65,230.8,1870.0,0.8,Test
2024-05-14,233.95,232.85,234.25,231.55,2830.0,0.54,Test
2024-05-15,237.65,234.75,239.85,234.5,3530.0,1.58,Test
2024-05-16,238.05,239.0,240.85,236.25,2210.0,0.17,Test
2024-05-17,239.75,238.5,239.9,237.75,1570.0,0.71,Test
2024-05-18,240.65,239.2,240.86666666666667,238.0,1336.6666666666667,0.85,Test
2024-05-19,241.54999999999998,239.9,241.83333333333334,238.25,1103.3333333333333,0.99,Test
2024-05-20,242.45,240.6,242.8,238.5,870.0,1.13,Test
2024-05-21,247.65,242.0,252.1,240.55,2990.0,2.14,Test
2024-05-22,241.5,247.6,250.35,240.2,3060.0,-2.48,Test
2024-05-23,239.85,241.1,241.4,236.85,1610.0,-0.68,Test
2024-05-24,240.8,239.8,243.8,238.65,1420.0,0.4,Test
2024-05-25,240.38333333333335,240.93333333333334,243.95000000000002,238.76666666666668,1080.0,0.09333333333333332,Test
2024-05-26,239.96666666666667,242.06666666666666,244.1,238.88333333333333,740.0,-0.21333333333333337,Test
2024-05-27,239.55,243.2,244.25,239.0,400.0,-0.52,Test
2024-05-28,245.65,243.6,247.0,242.65,30.0,2.55,Test
2024-05-29,249.3,247.55,250.9,247.55,10.0,1.49,Test
2024-05-30,247.75,249.8,249.8,243.7,416.0,-0.62,Test
2024-05-31,246.4,246.2,246.6,246.2,822.0,-0.54,Test
2024-06-01,244.53333333333333,243.68333333333334,245.23333333333332,243.41666666666666,1228.0,-1.1166666666666667,Test
2024-06-02,242.66666666666669,241.16666666666666,243.86666666666667,240.63333333333333,1634.0,-1.6933333333333334,Test
2024-06-03,240.8,238.65,242.5,237.85,2040.0,-2.27,Test
2024-06-04,241.1,241.7,243.15,238.85,1920.0,0.12,Test
2024-06-05,239.1,239.8,240.35,237.55,2060.0,-0.83,Test
2024-06-06,241.65,240.0,242.75,239.8,1580.0,1.07,Test
2024-06-07,235.6,241.6,242.15,234.7,2370.0,-2.5,Test
2024-06-08,235.66666666666666,238.81666666666666,240.23333333333335,234.15,2320.0,-1.6400000000000001,Test
2024-06-09,235.73333333333335,236.03333333333333,238.31666666666666,233.6,2270.0,-0.78,Test
2024-06-10,235.8,233.25,236.4,233.05,2220.0,0.08,Test
2024-06-11,233.0,234.35,235.35,231.55,2360.0,-1.19,Test
2024-06-12,235.5,235.3,236.3,231.8,2400.0,1.07,Test
2024-06-13,233.7,233.0,236.9,232.45,2570.0,-0.76,Test
2024-06-14,232.5,232.9,234.0,231.9,1800.0,-0.51,Test
2024-06-15,232.16666666666666,232.20000000000002,233.48333333333332,231.35,1463.3333333333333,-0.48333333333333334,Test
2024-06-16,231.83333333333334,231.5,232.96666666666667,230.8,1126.6666666666665,-0.45666666666666667,Test
2024-06-17,231.5,230.8,232.45,230.25,790.0,-0.43,Test
2024-06-18,230.1,231.8,232.35,228.7,1930.0,-0.6,Test
2024-06-19,230.95,230.15,232.9,229.3,1350.0,0.37,Test
2024-06-20,232.45,230.7,232.9,230.7,1390.0,0.65,Test
2024-06-21,232.7,232.3,234.1,230.0,2150.0,0.11,Test
2024-06-22,231.03333333333333,232.3,233.71666666666667,228.85,1650.0,-0.6433333333333333,Test
2024-06-23,229.36666666666665,232.3,233.33333333333331,227.70000000000002,1150.0,-1.3966666666666665,Test
2024-06-24,227.7,232.3,232.95,226.55,650.0,-2.15,Test
2024-06-25,228.15,229.3,229.3,227.75,30.0,0.2,Test
2024-06-26,228.2,227.7,229.15,227.6,30.0,0.02,Test
2024-06-27,227.85,227.85,227.85,227.85,20.0,-0.15,Test
2024-06-28,228.35,228.95,228.95,226.3,10.0,0.22,Test
2024-06-29,229.04999999999998,229.45,230.23333333333332,227.55,453.3333333333333,0.45333333333333337,Test
2024-06-30,229.75,229.95,231.51666666666668,228.8,896.6666666666666,0.6866666666666668,Test
2024-07-01,230.45,230.45,232.8,230.05,1340.0,0.92,Test
2024-07-02,230.3,230.6,231.7,230.1,1070.0,-0.07,Test
2024-07-03,233.4,231.1,234.1,230.6,1600.0,1.35,Test
2024-07-04,232.9,234.1,234.1,232.4,810.0,-0.21,Test
2024-07-05,234.05,232.95,235.75,232.6,1430.0,0.49,Test
2024-07-06,233.58333333333334,233.33333333333331,235.31666666666666,232.48333333333332,1673.3333333333333,0.1266666666666667,Test
2024-07-07,233.11666666666667,233.71666666666667,234.88333333333333,232.36666666666667,1916.6666666666667,-0.23666666666666658,Test
2024-07-08,232.65,234.1,234.45,232.25,2160.0,-0.6,Test
2024-07-09,230.35,232.75,233.75,229.65,1390.0,-0.99,Test
2024-07-10,228.95,229.8,230.0,228.2,1330.0,-0.61,Test
2024-07-11,228.45,230.6,230.8,228.25,1500.0,-0.22,Test
2024-07-12,229.05,228.0,229.7,227.5,1160.0,0.26,Test
2024-07-13,228.43333333333334,228.31666666666666,229.45,227.33333333333334,1113.3333333333333,-0.09666666666666668,Test
2024-07-14,227.81666666666666,228.63333333333333,229.2,227.16666666666666,1066.6666666666667,-0.45333333333333337,Test
2024-07-15,227.2,228.95,228.95,227.0,1020.0,-0.81,Test
2024-07-16,223.5,226.9,227.4,222.8,1480.0,-1.63,Test
2024-07-17,222.5,223.4,224.5,222.1,630.0,-0.45,Test
2024-07-18,221.85,221.65,224.5,221.5,1500.0,-0.29,Test
2024-07-19,220.7,221.65,223.2,220.5,1800.0,-0.52,Test
2024-07-20,219.04999999999998,221.55,222.58333333333331,218.65,1810.0,-1.0933333333333333,Test
2024-07-21,217.4,221.45,221.96666666666667,216.79999999999998,1820.0,-1.6666666666666667,Test
2024-07-22,215.75,221.35,221.35,214.95,1830.0,-2.24,Test
2024-07-23,213.95,216.05,216.95,213.25,1320.0,-0.83,Test
2024-07-24,213.1,214.95,215.0,211.85,1670.0,-0.4,Test
2024-07-25,206.6,210.15,211.9,205.4,700.0,-3.05,Test
2024-07-26,210.35,209.95,210.9,209.4,40.0,1.82,Test
2024-07-27,210.08333333333334,209.88333333333333,210.55,209.16666666666666,30.0,1.0866666666666667,Test
2024-07-28,209.81666666666666,209.81666666666666,210.2,208.93333333333334,20.0,0.3533333333333333,Test
2024-07-29,209.55,209.75,209.85,208.7,10.0,-0.38,Test
2024-07-30,209.55,209.55,209.55,209.55,806.6666666666666,0.0,Test
2024-07-31,209.55,209.55,209.55,209.55,1603.3333333333333,0.0,Test
2024-08-01,211.8,214.9,215.75,211.5,2400.0,1.07,Test
2024-08-02,210.55,215.0,215.0,210.0,1680.0,-0.59,Test
2024-08-03,210.61666666666667,213.95,214.05,209.51666666666668,1943.3333333333333,-0.3633333333333333,Test
2024-08-04,210.68333333333334,212.9,213.1,209.03333333333333,2206.6666666666665,-0.13666666666666666,Test
2024-08-05,210.75,211.85,212.15,208.55,2470.0,0.09,Test
2024-08-06,214.0,209.7,214.25,208.95,2160.0,1.54,Test
2024-08-07,211.9,213.2,213.6,209.9,2000.0,-0.98,Test
2024-08-08,213.05,211.8,213.3,210.45,1590.0,0.54,Test
2024-08-09,214.2,213.8,216.5,213.8,2370.0,0.54,Test
2024-08-10,214.54999999999998,213.9,216.61666666666667,213.9,2143.3333333333335,0.5233333333333333,Test
2024-08-11,214.9,214.0,216.73333333333332,214.0,1916.6666666666667,0.5066666666666667,Test
2024-08-12,215.25,214.1,216.85,214.1,1690.0,0.49,Test
2024-08-13,216.05,214.05,216.9,213.35,1560.0,0.37,Test
2024-08-14,216.35,215.8,218.95,215.5,1790.0,0.14,Test
2024-08-15,217.7,217.525,219.7,216.225,1990.0,0.695,Test
2024-08-16,219.05,219.25,220.45,216.95,2190.0,1.25,Test
2024-08-17,220.68333333333334,219.5,221.91666666666666,217.9,2240.0,1.58,Test
2024-08-18,222.31666666666666,219.75,223.38333333333333,218.85,2290.0,1.9100000000000001,Test
2024-08-19,223.95,220.0,224.85,219.8,2340.0,2.24,Test
2024-08-20,226.55,224.25,227.75,223.45,2560.0,1.16,Test
2024-08-21,226.25,226.85,227.6,224.6,2090.0,-0.13,Test
2024-08-22,224.7,226.95,229.6,224.15,2820.0,-0.69,Test
2024-08-23,229.8,226.65,230.3,224.75,2690.0,2.27,Test
2024-08-24,229.70000000000002,228.05,231.36666666666667,226.11666666666667,1963.3333333333335,1.4700000000000002,Test
2024-08-25,229.6,229.45,232.43333333333334,227.48333333333332,1236.6666666666667,0.6700000000000002,Test
2024-08-26,229.5,230.85,233.5,228.85,510.0,-0.13,Test
2024-08-27,231.55,229.0,233.0,228.2,60.0,0.89,Test
2024-08-28,232.05,233.4,233.4,231.4,35.0,0.22,Test
2024-08-29,228.3,230.15,230.15,227.5,10.0,-1.62,Test
