"Date","Price","Open","High","Low","Vol.","Change %"
2022-06-22,2528.00,2509.00,2528.00,2464.00,NaN,-0.22
2022-06-21,2533.50,2526.00,2530.00,2526.00,NaN,0.26
2022-06-20,2527.00,2488.00,2482.00,2481.00,21890,1.16
2022-06-17,2498.00,2500.00,2500.00,2500.00,40740,-0.26
2022-06-16,2504.50,2535.00,2529.00,2525.00,56340,-3.39
2022-06-15,2592.50,2600.00,2594.00,2593.50,46510,0.88
2022-06-14,2570.00,2615.00,2610.00,2610.00,51080,-2.21
2022-06-13,2628.00,2608.00,2607.00,2606.00,61180,-1.94
2022-06-10,2680.00,2705.00,2710.00,2705.00,44180,-2.93
2022-06-09,2761.00,2785.00,2788.00,2785.00,41390,-2.06
2022-06-08,2819.00,2798.00,2797.00,2798.00,35340,1.46
2022-06-07,2778.50,2755.00,2745.00,2745.00,39600,-0.14
2022-06-06,2782.50,2783.00,2781.00,2774.00,44100,2.07
2022-06-01,2726.00,2740.00,2730.00,2728.00,57000,-2.19
2022-05-31,2787.00,2855.00,2853.00,2850.00,40090,-3.51
2022-05-30,2888.50,2891.00,2890.00,2891.00,18020,0.59
2022-05-27,2871.50,2855.00,2845.00,2847.00,23680,0.23
2022-05-26,2865.00,2876.00,2856.00,2857.00,23780,-0.31
2022-05-25,2874.00,2858.00,2857.50,2857.00,32050,-0.95
2022-05-24,2901.50,2907.00,2907.00,2907.00,30170,-1.84
2022-05-23,2956.00,2975.00,2973.00,2975.00,35610,0.34
2022-05-20,2946.00,2958.00,2953.00,2935.00,40390,1.36
2022-05-19,2906.50,2850.00,2840.00,2840.00,33060,1.71
2022-05-18,2857.50,2878.00,2873.00,2875.00,33800,-1.14
2022-05-17,2890.50,2865.00,2862.00,2858.00,42270,2.07
2022-05-16,2832.00,2814.00,2820.00,2814.00,29610,1.58
2022-05-13,2788.00,2763.00,2758.00,2750.00,37940,1.68
2022-05-12,2742.00,2723.00,2722.00,2723.00,46720,-1.30
2022-05-11,2778.00,2770.00,2770.00,2770.00,44510,0.89
2022-05-10,2753.50,2715.00,2713.00,2715.00,44150,-0.05
2022-05-09,2755.00,2754.00,2750.00,2750.00,51520,-3.06
2022-05-06,2842.00,2875.00,2868.00,2870.00,48510,-2.54
2022-05-05,2916.00,2948.00,2946.00,2947.00,48400,-1.25
2022-05-04,2953.00,2960.00,2961.50,2960.00,34420,1.44
2022-05-03,2911.00,2945.00,2945.00,2945.00,61370,-4.64
2022-04-29,3052.50,3050.00,3043.00,3044.00,36840,0.69
2022-04-28,3031.50,3088.00,3083.00,3083.00,30340,-2.00
2022-04-27,3093.50,3110.00,3115.00,3110.00,24270,0.95
2022-04-26,3064.50,3122.00,3117.00,3117.00,33240,-0.99
2022-04-25,3095.00,3156.00,3184.00,3062.00,NaN,-4.64
2022-04-22,3245.50,3265.00,3259.00,3260.00,NaN,-1.59
2022-04-21,3298.00,3283.00,3275.50,3275.50,21170,0.89
2022-04-20,3269.00,3250.00,3250.00,3250.00,43640,0.25
2022-04-19,3261.00,3327.00,3325.00,3325.00,32810,-0.75
2022-04-14,3285.50,3275.00,3270.00,3265.00,27380,1.53
2022-04-13,3236.00,3240.00,3237.50,3238.00,31950,-0.95
2022-04-12,3267.00,3245.00,3244.00,3245.00,33610,0.58
2022-04-11,3248.00,3251.00,3249.00,3251.00,50280,-3.75
2022-04-08,3374.50,3423.00,3422.00,3423.00,25820,-0.31
2022-04-07,3385.00,3380.00,3372.00,3374.00,41480,-1.63
2022-04-06,3441.00,3462.00,3466.00,3460.00,34060,-0.69
2022-04-05,3465.00,3445.00,3440.00,3441.00,24420,0.52
2022-04-04,3447.00,3487.00,3481.00,3461.00,30760,-0.09
2022-04-01,3450.00,3499.00,3497.00,3499.00,29150,-1.17
2022-03-31,3491.00,3525.00,3518.00,3518.00,37280,-1.69
2022-03-30,3551.00,3530.00,3526.00,3527.00,24500,3.35
2022-03-29,3436.00,3610.00,3606.00,3608.00,60300,-4.93
2022-03-28,3614.00,3615.00,3615.50,3615.00,17900,0.25
2022-03-25,3605.00,3600.00,3595.00,3590.50,20850,-0.51
2022-03-24,3623.50,3677.00,3675.00,3675.50,30650,-0.81
2022-03-23,3653.00,3560.00,3558.00,3560.00,32580,4.24
2022-03-22,3504.50,3570.00,3553.00,3550.50,32400,-0.47
2022-03-21,3521.00,3502.00,3524.00,3502.00,39490,4.14
2022-03-18,3381.00,3400.50,3399.50,3400.00,27280,-0.10
2022-03-17,3384.50,3317.00,3315.00,3317.00,29820,3.87
2022-03-16,3258.50,3327.00,3325.00,3327.00,36070,-0.58
2022-03-15,3277.50,3276.00,3274.00,3254.00,63060,-1.27
2022-03-14,3319.50,3413.00,3410.00,3411.00,37150,-4.69
2022-03-11,3483.00,3437.00,3500.00,3437.00,30790,1.62
2022-03-10,3427.50,3530.00,3531.00,3530.00,53250,2.59
2022-03-09,3341.00,3522.00,3533.00,3522.00,69170,-4.49
2022-03-08,3498.00,3516.00,3514.00,3516.00,92280,-6.47
2022-03-07,3740.00,3968.00,3966.00,3968.00,83050,-2.83
2022-03-04,3849.00,3804.00,3819.00,3804.00,76730,3.57
2022-03-03,3716.50,3704.00,3703.50,3704.00,106230,4.13
2022-03-02,3569.00,3566.00,3568.00,3566.00,68400,2.62
2022-03-01,3478.00,3463.00,3462.00,3463.00,68560,3.25
2022-02-28,3368.50,3415.00,3445.00,3414.00,85690,0.33
2022-02-25,3357.50,3314.00,3312.00,3314.00,57610,-1.09
2022-02-24,3394.50,3425.00,3443.00,3425.00,106850,3.10
2022-02-23,3292.50,3285.00,3288.00,3285.00,50200,-0.32
2022-02-22,3303.00,3326.00,3366.00,3326.00,69130,0.72
2022-02-21,3279.50,3272.00,3270.00,3269.00,28210,0.52
2022-02-18,3262.50,3261.00,3263.00,3261.00,42990,-0.17
2022-02-17,3268.00,3254.00,3252.00,3241.00,39810,0.37
2022-02-16,3256.00,3242.00,3240.00,3242.00,55310,1.50
2022-02-15,3208.00,3200.00,3194.00,3195.00,41550,-0.20
2022-02-14,3214.50,3186.00,3305.00,3186.00,55230,2.49
2022-02-11,3136.50,3183.00,3179.00,3180.00,73470,-3.51
2022-02-10,3250.50,3290.00,3286.00,3286.00,64740,-0.47
2022-02-09,3266.00,3225.50,3225.00,3225.50,51530,2.61
2022-02-08,3183.00,3205.00,3194.50,3195.00,77230,1.63
2022-02-07,3132.00,3115.00,3110.50,3110.50,45880,1.89
2022-02-04,3074.00,3065.00,3063.00,3065.00,42230,0.79
2022-02-03,3050.00,3035.00,3033.00,3035.00,39360,2.14
2022-02-02,2986.00,3028.00,3026.00,3028.00,64020,-1.53
2022-02-01,3032.50,3049.00,3048.00,3049.00,33740,0.38
2022-01-31,3021.00,3052.00,3050.00,3052.00,34830,-2.00
2022-01-28,3082.50,3100.00,3085.00,3085.00,40850,-0.52
2022-01-27,3098.50,3099.00,3095.00,3096.00,36620,0.15
2022-01-26,3094.00,3082.00,3079.50,3079.50,30610,0.06
2022-01-25,3092.00,3070.00,3062.00,3061.00,45240,2.10
2022-01-24,3028.50,3031.00,3030.00,3031.00,34440,-0.39
2022-01-21,3040.50,3062.00,3060.00,3060.50,51530,-2.27
2022-01-20,3111.00,3080.00,3080.00,3080.00,81130,1.98
2022-01-19,3050.50,3035.00,3027.00,3027.00,46620,0.86
2022-01-18,3024.50,3008.00,3005.50,3005.50,43360,0.92
2022-01-17,2997.00,2990.00,2994.00,2990.00,25070,0.69
2022-01-14,2976.50,2983.00,2980.00,2980.00,60360,0.83
2022-01-13,2952.00,2978.00,2970.00,2970.00,40860,-1.02
2022-01-12,2982.50,3014.00,3012.00,3014.00,56450,0.42
2022-01-11,2970.00,2962.00,2960.00,2962.00,42570,1.31
2022-01-10,2931.50,2940.00,2934.00,2934.50,1120,0.58
2022-01-07,2914.50,2933.00,2930.00,2932.00,47050,-0.24
2022-01-06,2921.50,2928.00,2923.00,2923.50,51160,-0.02
2022-01-05,2922.00,2885.00,2883.00,2885.00,68350,2.92
2022-01-04,2839.00,2825.00,2822.00,2821.00,52870,1.12
2021-12-31,2807.50,2815.00,2805.00,2810.00,47530,-0.37
2021-12-30,2818.00,2828.00,2827.00,2825.00,47530,0.27
2021-12-29,2810.50,2818.00,2820.00,2818.00,74660,-0.93
2021-12-24,2837.00,2850.00,2842.00,2841.00,17780,-0.32
2021-12-23,2846.00,2835.00,2829.00,2830.00,43450,0.76
2021-12-22,2824.50,2835.00,2828.00,2829.00,62530,2.56
2021-12-21,2754.00,2710.00,2714.00,2708.00,39130,3.11
2021-12-20,2671.00,2679.00,2677.00,2675.00,38220,-1.96
2021-12-17,2724.50,2716.00,2710.00,2710.50,46100,2.16
2021-12-16,2667.00,2642.00,2644.00,2641.00,66370,2.70
2021-12-15,2597.00,2590.00,2589.50,2590.00,41760,-1.20
2021-12-14,2628.50,2634.00,2630.00,2631.00,26750,-0.96
2021-12-13,2654.00,2652.00,2650.50,2651.00,35020,1.82
2021-12-10,2606.50,2620.00,2617.00,2619.00,28340,-0.76
2021-12-09,2626.50,2640.00,2636.00,2634.00,28640,-0.02
2021-12-08,2627.00,2627.00,2625.00,2627.00,21620,-0.06
2021-12-07,2628.50,2625.00,2619.00,2620.00,25960,1.56
2021-12-06,2588.00,2590.00,2588.00,2585.00,34480,-1.33
2021-12-03,2623.00,2629.00,2627.00,2629.00,32720,0.88
2021-12-02,2600.00,2645.00,2639.50,2640.00,55450,-2.42
2021-12-01,2664.50,2648.00,2650.00,2646.00,61530,1.50
2021-11-30,2625.00,2630.00,2625.00,2626.00,51650,-0.19
2021-11-29,2630.00,2645.00,2642.00,2642.50,49980,0.57
2021-11-26,2615.00,2625.00,2617.00,2617.00,48350,-3.77
2021-11-25,2717.50,2733.00,2734.00,2733.00,23860,0.50
2021-11-24,2704.00,2705.00,2690.50,2690.50,29450,1.33
2021-11-23,2668.50,2685.00,2684.50,2685.00,20740,-0.78
2021-11-22,2689.50,2655.00,2655.00,2655.00,30230,0.37
2021-11-19,2679.50,2649.00,2643.00,2644.00,42360,2.43
2021-11-18,2616.00,2600.00,2595.00,2596.00,28270,-0.02
2021-11-17,2616.50,2622.00,2621.50,2622.00,32340,1.63
2021-11-16,2574.50,2628.00,2628.00,2628.00,61520,-3.11
2021-11-15,2657.00,2682.00,2677.00,2678.00,41160,-1.59
2021-11-12,2700.00,2690.00,2677.00,2679.00,38530,1.50
2021-11-11,2660.00,2662.00,2655.00,2655.50,41370,3.18
2021-11-10,2578.00,2585.00,2573.00,2575.00,36590,0.84
2021-11-09,2556.50,2600.00,2600.00,2600.00,42700,-1.86
2021-11-08,2605.00,2549.00,2557.00,2548.00,33760,1.90
2021-11-05,2556.50,2522.00,2520.00,2522.00,53690,0.08
2021-11-04,2554.50,2666.00,2664.00,2666.00,68700,-3.82
2021-11-03,2656.00,2726.00,2724.00,2724.00,56410,-1.36
2021-11-02,2692.50,2700.00,2697.00,2698.00,46720,-0.99
2021-11-01,2719.50,2732.00,2730.00,2730.00,39110,0.11
2021-10-29,2716.50,2709.00,2693.00,2695.00,67420,-1.09
2021-10-28,2746.50,2740.00,2732.00,2733.00,87060,2.25
2021-10-27,2686.00,2720.00,2724.50,2720.00,116370,-5.05
2021-10-26,2829.00,2853.00,2851.00,2844.50,64000,-1.62
2021-10-25,2875.50,2925.00,2923.00,2925.00,50450,0.26
2021-10-22,2868.00,2957.00,2955.00,2957.00,105920,-1.46
2021-10-21,2910.50,3025.00,3023.00,3023.50,90310,-5.18
2021-10-20,3069.50,3073.00,3074.00,3073.00,70750,-1.37
2021-10-19,3112.00,3187.00,3194.00,3187.00,74020,-1.75
2021-10-18,3167.50,3200.00,3198.00,3200.00,59540,-0.13
2021-10-15,3171.50,3190.00,3185.00,3185.50,66740,1.75
2021-10-14,3117.00,3172.00,3171.00,3172.00,69440,1.60
2021-10-13,3068.00,3109.00,3107.00,3089.00,51510,0.00
2021-10-12,3068.00,3073.00,3072.00,3073.00,58810,0.13
2021-10-11,3064.00,3035.00,3033.00,3032.00,64030,3.30
2021-10-08,2966.00,2918.00,2922.00,2918.00,60140,0.68
2021-10-07,2946.00,2919.00,2933.00,2918.00,42440,1.69
2021-10-06,2897.00,2890.00,2892.00,2887.00,38670,-0.82
2021-10-05,2921.00,2908.00,2911.00,2908.00,26220,0.17
2021-10-04,2916.00,2913.00,2913.00,2910.00,25250,2.07
2021-10-01,2857.00,2881.00,2880.00,2881.00,38560,-0.05
2021-09-30,2858.50,2870.00,2866.00,2867.00,60390,-1.82
2021-09-29,2911.50,2937.00,2935.00,2930.00,36670,-1.12
2021-09-28,2944.50,2916.00,2917.00,2916.00,59190,2.12
2021-09-27,2883.50,2904.00,2903.00,2904.00,42200,-1.10
2021-09-24,2915.50,2925.00,2917.50,2918.00,41620,-1.15
2021-09-23,2949.50,2953.00,2950.00,2951.00,56000,0.49
2021-09-22,2935.00,2910.00,2905.50,2905.50,61220,3.13
2021-09-21,2846.00,2880.00,2878.00,2878.50,40300,-0.59
2021-09-20,2863.00,2860.00,2856.00,2857.00,38730,-0.78
2021-09-17,2885.50,2929.00,2927.00,2927.00,35700,0.21
2021-09-16,2879.50,2895.00,2892.50,2893.00,40820,-0.47
2021-09-15,2893.00,2888.00,2887.50,2888.00,72980,2.19
2021-09-14,2831.00,2867.00,2865.00,2858.00,57540,-2.26
2021-09-13,2896.50,2948.00,2950.00,2882.00,71540,-0.94
2021-09-10,2924.00,2910.00,2906.00,2906.00,56530,2.98
2021-09-09,2839.50,2829.00,2837.00,2828.00,47380,1.63
2021-09-08,2794.00,2788.00,2792.00,2788.00,46320,1.34
2021-09-07,2757.00,2769.00,2767.00,2756.00,22830,-0.58
2021-09-06,2773.00,2758.00,2756.50,2757.00,41120,1.69
2021-09-03,2727.00,2723.38,2723.63,2684.00,36370,1.19
2021-09-02,2695.00,2685.88,2727.88,2673.32,57920,0.19
2021-09-01,2690.00,2685.88,2713.00,2673.32,53080,-1.03
2021-08-31,2718.00,2689.00,2726.25,2681.25,63980,2.59
2021-08-27,2649.50,2621.00,2697.25,2618.00,60330,1.15
2021-08-26,2619.50,2620.50,2638.50,2594.25,35400,0.08
2021-08-25,2617.50,2612.75,2616.23,2606.75,25690,0.10
2021-08-24,2615.00,2601.00,2615.82,2597.75,49170,0.50
2021-08-23,2602.00,2539.75,2590.65,2539.75,41380,2.18
2021-08-20,2546.50,2543.75,2579.75,2542.50,32790,0.04
2021-08-19,2545.50,2565.25,2571.75,2516.25,49790,-0.37
2021-08-18,2555.00,2564.00,2594.25,2559.50,37380,-1.71
2021-08-17,2599.50,2597.75,2615.75,2588.00,68570,-0.10
2021-08-16,2602.00,2601.13,2605.55,2594.75,33970,0.08
2021-08-13,2600.00,2606.50,2607.50,2579.50,27260,0.68
2021-08-12,2582.50,2587.50,2607.25,2567.50,32810,-0.12
2021-08-11,2585.50,2583.50,2593.75,2574.25,21600,0.43
2021-08-10,2574.50,2555.25,2591.75,2551.00,37920,1.00
2021-08-09,2549.00,2551.25,2573.25,2542.40,42080,-1.12
2021-08-06,2578.00,2582.25,2590.42,2582.25,30090,-0.39
2021-08-05,2588.00,2590.00,2590.57,2568.25,22730,0.84
2021-08-04,2566.50,2564.75,2588.15,2564.50,24790,-0.75
2021-08-03,2586.00,2618.75,2618.75,2597.88,39180,-1.11
2021-08-02,2615.00,2628.50,2631.14,2603.00,33540,0.97
2021-07-30,2590.00,2596.75,2641.25,2582.50,62860,-0.06
2021-07-29,2591.50,2524.75,2596.25,2518.50,46890,2.15
2021-07-28,2537.00,2534.25,2538.50,2502.50,40940,1.89
2021-07-27,2490.00,2502.75,2524.50,2479.25,34410,-1.15
2021-07-26,2519.00,2510.25,2526.25,2481.00,34820,0.66
2021-07-23,2502.50,2468.25,2509.75,2468.00,25530,0.79
2021-07-22,2483.00,2456.00,2488.75,2448.50,29330,1.20
2021-07-21,2453.50,2461.95,2461.95,2443.43,35610,-0.49
2021-07-20,2465.50,2423.00,2470.25,2421.50,60720,1.65
2021-07-19,2425.50,2470.25,2540.00,2412.00,41110,-2.53
2021-07-16,2488.50,2509.00,2528.75,2484.25,23920,-1.17
2021-07-15,2518.00,2519.00,2537.50,2502.75,25620,-0.28
2021-07-14,2525.00,2505.00,2522.75,2502.75,21450,-0.41
2021-07-13,2535.50,2493.75,2546.25,2481.00,34500,1.85
2021-07-12,2489.50,2479.25,2485.25,2472.50,34450,-0.48
2021-07-09,2501.50,2453.25,2511.00,2453.25,31820,2.44
2021-07-08,2442.00,2488.25,2492.50,2431.75,42390,-2.30
2021-07-07,2499.50,2474.25,2516.75,2474.00,37710,-1.21
2021-07-06,2530.00,2496.25,2543.50,2493.00,35310,-1.02
2021-07-05,2556.00,2553.50,2554.50,2550.25,24760,-0.23
2021-07-02,2562.00,2506.50,2564.00,2506.25,31240,1.99
2021-07-01,2512.00,2522.50,2526.50,2491.75,29370,-0.46
2021-06-30,2523.50,2521.00,2549.00,2510.61,41140,-1.10
2021-06-29,2551.50,2524.50,2554.75,2509.25,39390,2.47
2021-06-28,2490.00,2493.50,2543.75,2470.75,36920,0.16
2021-06-25,2486.00,2441.50,2497.75,2435.75,60510,1.89
2021-06-24,2440.00,2427.00,2427.75,2422.97,39860,0.02
2021-06-23,2439.50,2426.50,2442.75,2411.75,26670,0.60
2021-06-22,2425.00,2404.50,2428.75,2395.25,31160,0.89
2021-06-21,2403.50,2391.62,2397.70,2375.00,35250,0.78
2021-06-18,2385.00,2372.88,2389.50,2372.88,42820,-0.63
2021-06-17,2400.00,2446.75,2464.00,2352.50,51260,-2.81
2021-06-16,2469.50,2451.25,2475.75,2427.25,28800,0.10
2021-06-15,2467.00,2425.25,2482.75,2423.25,51900,-1.08
2021-06-14,2494.00,2498.50,2498.50,2453.20,23290,1.20
2021-06-11,2464.50,2474.75,2504.75,2460.25,38800,-0.46
2021-06-10,2476.00,2490.80,2491.55,2472.80,38540,0.71
2021-06-09,2458.50,2453.13,2457.00,2453.13,29820,0.24
2021-06-08,2452.50,2447.51,2449.39,2423.26,25850,1.09
2021-06-07,2426.00,2418.00,2448.75,2416.00,28840,-1.18
2021-06-04,2455.00,2438.09,2439.09,2389.59,26120,2.08
2021-06-03,2405.00,2423.70,2454.95,2375.63,25610,-1.60
2021-06-02,2444.00,2423.70,2454.95,2421.95,31340,-1.01
2021-06-01,2469.00,2484.01,2491.51,2445.26,40240,-0.56
2021-05-28,2483.00,2493.25,2494.00,2432.27,54850,0.08
2021-05-27,2481.00,2465.13,2466.63,2379.75,44880,3.29
2021-05-26,2402.00,2392.50,2393.50,2349.75,29250,1.26
2021-05-25,2372.00,2362.25,2367.05,2361.50,39980,-0.63
2021-05-24,2387.00,2373.25,2373.25,2351.25,63500,0.72
2021-05-21,2370.00,2364.00,2377.65,2345.53,66910,-1.09
2021-05-20,2396.00,2354.25,2397.25,2340.89,40940,-0.79
2021-05-19,2415.00,2461.25,2461.25,2402.72,50350,-2.54
2021-05-18,2478.00,2447.75,2484.82,2446.50,57570,-0.84
2021-05-17,2499.00,2484.35,2490.50,2448.25,39250,1.46
2021-05-14,2463.00,2430.85,2430.85,2424.50,51350,0.47
2021-05-13,2451.50,2435.13,2459.52,2431.90,54520,-1.17
2021-05-12,2480.50,2500.70,2500.70,2472.70,55020,-1.61
2021-05-11,2521.00,2512.85,2524.93,2512.85,51160,-0.40
2021-05-10,2531.00,2512.74,2524.20,2511.85,78160,-0.35
2021-05-07,2540.00,2523.00,2525.24,2475.00,54330,2.07
2021-05-06,2488.50,2501.50,2501.50,2431.50,55690,1.80
2021-05-05,2444.50,2435.25,2435.75,2416.75,28420,0.68
2021-05-04,2428.00,2423.00,2427.00,2390.50,32890,1.29
2021-04-30,2397.00,2406.50,2414.43,2391.71,38220,-0.83
2021-04-29,2417.00,2402.10,2408.67,2386.10,42740,0.73
2021-04-28,2399.50,2388.20,2390.23,2379.70,22920,0.15
2021-04-27,2396.00,2392.25,2392.25,2388.05,31900,-0.31
2021-04-26,2403.50,2391.25,2391.50,2352.75,24420,1.65
2021-04-23,2364.50,2362.38,2367.17,2352.75,23230,0.06
2021-04-22,2363.00,2354.50,2354.50,2354.50,24180,-0.06
2021-04-21,2364.50,2353.63,2355.13,2296.75,48110,2.38
2021-04-20,2309.50,2316.65,2317.25,2302.53,26760,-0.88
2021-04-19,2330.00,2317.23,2319.63,2300.95,24090,0.65
2021-04-16,2315.00,2304.45,2323.20,2301.45,25130,-1.03
2021-04-15,2339.00,2308.50,2331.75,2308.50,38650,0.67
2021-04-14,2323.50,2314.00,2314.25,2278.00,33650,1.33
2021-04-13,2293.00,2288.25,2289.00,2246.50,29400,1.37
2021-04-12,2262.00,2251.25,2251.25,2248.50,25750,-0.09
2021-04-09,2264.00,2255.11,2268.11,2246.96,21730,-0.81
2021-04-08,2282.50,2272.00,2272.75,2245.00,26240,1.00
2021-04-07,2260.00,2255.25,2255.25,2245.50,24200,-0.35
2021-04-06,2268.00,2209.25,2249.47,2209.25,36050,1.91
2021-04-01,2225.50,2209.75,2217.75,2194.25,26580,0.61
2021-03-31,2212.00,2214.50,2214.50,2196.25,39460,-0.85
2021-03-30,2231.00,2250.00,2250.00,2212.07,26180,-1.54
2021-03-29,2266.00,2284.00,2284.00,2257.60,27680,-1.39
2021-03-26,2298.00,2269.75,2281.75,2231.25,39960,2.32
2021-03-25,2246.00,2241.00,2246.00,2227.01,42020,-0.53
2021-03-24,2258.00,2240.63,2240.63,2203.40,25990,1.73
2021-03-23,2219.50,2260.00,2263.50,2176.00,59290,-2.31
2021-03-22,2272.00,2260.00,2262.25,2249.00,50250,0.29
2021-03-19,2265.50,2253.88,2261.13,2194.20,42730,2.23
2021-03-18,2216.00,2206.00,2224.75,2185.25,35380,-0.52
2021-03-17,2227.50,2206.00,2221.75,2187.00,31960,1.14
2021-03-16,2202.50,2184.38,2202.88,2177.63,49120,-0.70
2021-03-15,2218.00,2204.00,2210.72,2155.00,50210,2.16
2021-03-12,2171.00,2145.25,2150.00,2142.00,29900,-0.32
2021-03-11,2178.00,2155.63,2162.13,2140.13,55220,0.46
2021-03-10,2168.00,2141.75,2151.00,2136.50,33790,-0.02
2021-03-09,2168.50,2142.00,2145.75,2137.10,38030,-0.12
2021-03-08,2171.00,2149.00,2155.00,2144.13,30620,-0.23
2021-03-05,2176.00,2157.13,2162.13,2128.75,39100,1.04
2021-03-04,2153.50,2112.00,2175.00,2105.25,65040,-2.11
2021-03-03,2200.00,2179.00,2194.25,2178.50,52340,-0.52
2021-03-02,2211.50,2203.38,2206.63,2105.25,69320,3.85
2021-03-01,2129.50,2103.38,2132.13,2085.63,61370,-1.16
2021-02-26,2154.50,2138.63,2215.63,2133.13,71660,-3.60
2021-02-25,2235.00,2212.50,2212.50,2163.00,77710,2.31
2021-02-24,2184.50,2171.25,2185.38,2126.00,43080,1.75
2021-02-23,2147.00,2132.25,2147.75,2123.50,47250,-0.90
2021-02-22,2166.50,2155.26,2158.76,2114.51,37190,1.64
2021-02-19,2131.50,2117.63,2136.95,2114.00,56340,-0.28
2021-02-18,2137.50,2125.38,2134.24,2100.63,51770,1.06
2021-02-17,2115.00,2101.75,2102.25,2073.00,31360,1.37
2021-02-16,2086.50,2071.25,2075.50,2070.25,22690,0.14
2021-02-15,2083.50,2068.50,2078.25,2066.25,22940,-0.29
2021-02-12,2089.50,2085.00,2087.00,2075.75,23690,0.48
2021-02-11,2079.50,2075.09,2077.34,2069.59,24460,0.02
2021-02-10,2079.00,2012.00,2070.75,1997.00,32390,1.22
2021-02-09,2054.00,2055.85,2059.10,2023.35,30050,1.28
2021-02-08,2028.00,2027.43,2029.63,2012.25,25150,0.62
2021-02-05,2015.50,2011.65,2013.98,1987.40,26970,1.10
2021-02-04,1993.50,1988.50,1989.50,1966.75,28780,1.01
2021-02-03,1973.50,1966.00,1971.25,1962.50,23370,0.05
2021-02-02,1972.50,1968.25,1972.88,1963.00,31410,0.18
2021-02-01,1969.00,1964.13,1980.05,1956.63,37530,-0.43
2021-01-29,1977.50,1971.10,1986.09,1968.10,37310,-0.35
2021-01-28,1984.50,1987.75,2016.50,1962.62,28400,-0.38
2021-01-27,1992.00,1987.75,2016.50,1983.25,27470,-1.39
2021-01-26,2020.00,2015.33,2021.58,2009.33,26820,0.40
2021-01-25,2012.00,2009.50,2012.00,1986.75,28240,0.88
2021-01-22,1994.50,1985.25,1987.00,1974.91,30070,-0.15
2021-01-21,1997.50,1989.13,1995.76,1969.45,37650,0.86
2021-01-20,1980.50,1953.80,1978.05,1953.80,25050,0.84
2021-01-19,1964.00,1959.50,1963.25,1959.50,36710,-0.41
2021-01-18,1972.00,1984.00,1984.00,1963.50,26850,-0.95
2021-01-15,1991.00,1985.25,2004.75,1982.00,29540,-0.72
2021-01-14,2005.50,2009.10,2016.75,1981.88,26940,-0.37
2021-01-13,2013.00,2009.10,2013.85,2007.35,26940,-0.32
2021-01-12,2019.50,2020.63,2022.13,2003.55,31570,0.50
2021-01-11,2009.50,2006.25,2018.00,2002.14,27560,-0.59
2021-01-08,2021.50,2017.50,2031.25,2011.00,23800,-0.74
2021-01-07,2036.50,2025.25,2035.25,2023.25,24130,-0.10
2021-01-06,2038.50,2027.50,2040.25,2024.80,43440,-0.10
2021-01-05,2040.50,2047.50,2049.25,2031.63,25750,0.44
2021-01-04,2031.50,2025.50,2032.75,1979.00,37700,2.63
2020-12-31,1979.50,1992.62,2003.12,1981.87,19690,-1.00
2020-12-30,1999.50,1999.75,2002.00,1992.50,16880,0.43
2020-12-29,1991.00,1989.50,2031.00,1983.75,33360,-1.92
2020-12-24,2030.00,2021.65,2023.90,2003.15,13620,1.20
2020-12-23,2006.00,1991.75,2021.38,1964.00,29260,0.53
2020-12-22,1995.50,1991.75,2014.00,1985.25,38660,-1.24
2020-12-21,2020.50,2021.13,2051.13,2019.00,28900,-1.75
2020-12-18,2056.50,2005.00,2050.50,2002.00,28190,0.17
2020-12-17,2053.00,2055.50,2068.25,2029.75,77920,0.88
2020-12-16,2035.00,2023.63,2026.65,2017.65,32730,0.27
2020-12-15,2029.50,2023.13,2041.85,2018.13,23340,-0.85
2020-12-14,2047.00,2031.40,2033.90,2007.40,27080,1.21
2020-12-11,2022.50,2013.49,2048.49,2010.49,27260,-1.82
2020-12-10,2060.00,2042.50,2045.50,2024.50,25620,1.23
2020-12-09,2035.00,2022.63,2023.50,1973.25,31370,2.26
2020-12-08,1990.00,1982.50,2001.75,1977.68,31760,-1.34
2020-12-07,2017.00,2001.75,2034.85,1997.75,24280,-1.32
2020-12-04,2044.00,2036.50,2040.00,2019.50,24950,0.79
2020-12-03,2028.00,2013.50,2049.65,2008.00,47050,-1.31
2020-12-02,2055.00,2060.25,2061.00,2037.75,44650,-0.46
2020-12-01,2064.50,2055.38,2062.78,2041.63,52660,0.95
2020-11-30,2045.00,1995.88,2041.38,1994.00,59750,2.33
2020-11-27,1998.50,1989.50,1991.00,1967.25,41470,1.14
2020-11-26,1976.00,1961.25,1970.25,1961.25,23630,0.30
2020-11-25,1970.00,1963.50,1980.00,1959.75,42090,-0.83
2020-11-24,1986.50,1981.50,1982.00,1966.50,37330,0.66
2020-11-23,1973.50,1988.00,1988.00,1962.25,34720,-0.98
2020-11-20,1993.00,1988.10,1988.10,1981.85,38680,0.03
2020-11-19,1992.50,1987.75,1994.50,1970.00,24750,-0.28
2020-11-18,1998.00,1987.75,1991.40,1970.00,37160,1.04
2020-11-17,1977.50,1960.25,1966.00,1936.00,69400,1.36
2020-11-16,1951.00,1938.50,1939.50,1916.50,30550,0.98
2020-11-13,1932.00,1919.55,1919.55,1913.00,21990,0.10
2020-11-12,1930.00,1909.50,1912.25,1901.00,24440,0.63
2020-11-11,1918.00,1899.05,1902.43,1890.80,29720,0.52
2020-11-10,1908.00,1897.00,1897.75,1878.00,23750,0.77
2020-11-09,1893.50,1888.00,1889.00,1884.38,39380,-0.42
2020-11-06,1901.50,1889.35,1893.60,1887.35,30700,0.21
2020-11-05,1897.50,1884.00,1904.50,1882.25,35080,-0.58
2020-11-04,1908.50,1903.74,1910.00,1902.25,50980,0.16
2020-11-03,1905.50,1899.25,1902.88,1866.50,48030,2.12
2020-11-02,1866.00,1876.75,1878.75,1853.50,37530,0.95
2020-10-30,1848.50,1851.50,1853.13,1804.75,39200,2.52
2020-10-29,1803.00,1799.75,1804.25,1794.18,28750,-0.36
2020-10-28,1809.50,1807.00,1818.00,1801.20,29500,-0.69
2020-10-27,1822.00,1813.31,1819.56,1806.80,25720,-0.30
2020-10-26,1827.50,1816.95,1836.95,1816.20,26420,-0.81
2020-10-23,1842.50,1836.50,1840.25,1834.38,19120,-0.22
2020-10-22,1846.50,1837.50,1837.88,1835.38,19610,0.16
2020-10-21,1843.50,1834.83,1840.18,1823.25,31680,0.49
2020-10-20,1834.50,1841.20,1841.20,1821.83,49740,-1.03
2020-10-19,1853.50,1833.75,1861.00,1832.50,35960,-0.91
2020-10-16,1870.50,1852.75,1855.00,1840.75,38890,1.00
2020-10-15,1852.00,1837.25,1837.25,1833.00,27000,0.00
2020-10-14,1852.00,1835.49,1845.50,1833.25,29290,-0.32
2020-10-13,1858.00,1842.00,1843.75,1841.50,38710,0.13
2020-10-12,1855.50,1843.00,1843.25,1828.50,40660,0.76
2020-10-09,1841.50,1833.50,1833.50,1789.75,53270,2.05
2020-10-08,1804.50,1765.50,1786.38,1765.50,33990,1.18
2020-10-07,1783.50,1766.50,1766.50,1745.00,31170,1.05
2020-10-06,1765.00,1752.75,1762.75,1748.06,34260,-0.62
2020-10-05,1776.00,1753.50,1753.50,1741.75,24540,0.45
2020-10-02,1768.00,1732.00,1736.63,1711.75,44790,1.64
2020-10-01,1739.50,1737.75,1739.75,1709.75,37580,-1.44
2020-09-30,1765.00,1741.50,1759.00,1739.50,34350,-1.01
2020-09-29,1783.00,1752.75,1754.50,1752.75,27430,0.45
2020-09-28,1775.00,1760.99,1761.74,1725.00,30060,1.52
2020-09-25,1748.50,1736.01,1737.26,1715.50,34330,0.49
2020-09-24,1740.00,1729.36,1729.36,1713.78,47910,-0.83
2020-09-23,1754.50,1731.63,1751.55,1730.13,44650,-1.24
2020-09-22,1776.50,1754.00,1758.50,1753.00,27790,-0.17
2020-09-21,1779.50,1756.00,1768.75,1755.75,29830,-0.73
2020-09-18,1792.50,1771.51,1772.26,1757.00,29550,0.65
2020-09-17,1781.00,1772.35,1772.35,1772.35,28670,-0.81
2020-09-16,1795.50,1751.76,1754.51,1750.76,64330,0.34
2020-09-15,1789.50,1755.01,1761.76,1754.76,27830,-0.61
2020-09-14,1800.50,1764.56,1764.81,1737.50,32820,1.44
2020-09-11,1775.00,1738.25,1752.90,1737.75,24430,-0.81
2020-09-10,1789.50,1743.51,1752.65,1742.01,27730,0.31
2020-09-09,1784.00,1757.10,1757.10,1748.09,28470,-0.45
2020-09-08,1792.00,1763.62,1763.62,1752.87,28460,-0.31
2020-09-07,1797.50,1763.50,1765.00,1763.50,18540,0.62
2020-09-04,1786.50,1759.88,1760.55,1749.55,25410,0.37
2020-09-03,1780.00,1746.76,1755.85,1746.76,32860,-0.34
2020-09-02,1786.00,1788.00,1788.00,1761.65,51110,-1.68
2020-09-01,1816.50,1771.50,1789.50,1771.50,48020,0.92
2020-08-28,1800.00,1772.51,1773.01,1751.25,38940,1.07
2020-08-27,1781.00,1750.25,1750.25,1746.13,28440,0.06
2020-08-26,1780.00,1747.38,1752.28,1745.38,27520,0.25
2020-08-25,1775.50,1747.95,1749.61,1741.86,26240,0.28
2020-08-24,1770.50,1741.87,1744.50,1737.62,27870,0.31
2020-08-21,1765.00,1740.38,1763.50,1738.13,44340,-1.37
2020-08-20,1789.50,1754.50,1780.49,1736.25,39320,-0.22
2020-08-19,1793.50,1754.50,1754.75,1736.25,34280,1.13
2020-08-18,1773.50,1718.75,1741.16,1718.75,43090,1.00
2020-08-17,1756.00,1710.75,1723.22,1710.75,29510,0.57
2020-08-14,1746.00,1728.00,1728.00,1710.43,30980,-0.99
2020-08-13,1763.50,1753.85,1757.60,1724.15,33920,-1.32
2020-08-12,1787.00,1753.85,1755.60,1753.85,30200,0.06
2020-08-11,1786.00,1754.50,1754.50,1749.68,37810,0.00
2020-08-10,1786.00,1739.55,1750.93,1739.55,36400,0.85
2020-08-07,1771.00,1747.00,1747.00,1734.75,32590,-0.37
2020-08-06,1777.50,1736.50,1746.69,1736.50,36430,0.59
2020-08-05,1767.00,1731.90,1742.75,1729.00,48210,-0.17
2020-08-04,1770.00,1721.50,1734.62,1721.50,45850,1.03
2020-08-03,1752.00,1715.50,1720.75,1683.50,62260,2.25
2020-07-31,1713.50,1681.50,1696.25,1678.50,51660,-0.38
2020-07-30,1720.00,1699.00,1699.50,1687.50,32520,-0.29
2020-07-29,1725.00,1700.25,1701.75,1697.25,24500,0.06
2020-07-28,1724.00,1699.13,1701.99,1682.50,33010,0.94
2020-07-27,1708.00,1686.10,1686.35,1676.60,20570,0.47
2020-07-24,1700.00,1675.25,1678.50,1668.64,35960,-0.06
2020-07-23,1701.00,1686.50,1688.00,1670.75,28480,0.59
2020-07-22,1691.00,1668.75,1676.00,1666.39,35740,-0.32
2020-07-21,1696.50,1675.22,1678.50,1640.22,61850,1.92
2020-07-20,1664.50,1643.25,1644.00,1638.08,29320,0.18
2020-07-17,1661.50,1644.50,1651.25,1640.75,27500,-0.54
2020-07-16,1670.50,1648.00,1665.75,1647.55,43580,-0.77
2020-07-15,1683.50,1644.75,1655.00,1644.00,32620,-0.30
2020-07-14,1688.50,1656.50,1656.50,1649.44,39420,-0.09
2020-07-13,1690.00,1660.75,1676.00,1656.00,58300,0.09
2020-07-10,1688.50,1658.88,1662.25,1638.00,44110,1.47
2020-07-09,1664.00,1623.00,1651.59,1620.25,56370,-0.06
2020-07-08,1665.00,1604.25,1637.50,1604.25,55110,1.90
2020-07-07,1634.00,1604.75,1604.75,1600.33,32250,-0.03
2020-07-06,1634.50,1605.00,1606.50,1586.00,33660,1.27
2020-07-03,1614.00,1585.75,1593.25,1584.25,26760,-0.43
2020-07-02,1621.00,1594.00,1598.25,1594.00,227090,0.00
2020-07-01,1621.00,1598.00,1598.00,1586.75,260050,0.09
2020-06-30,1619.50,1591.25,1596.71,1583.00,192480,0.65
2020-06-29,1609.00,1589.25,1589.25,1577.25,155590,0.47
2020-06-26,1601.50,1545.50,1579.40,1545.50,205520,2.01
2020-06-25,1570.00,1551.25,1551.25,1540.93,149620,-0.38
2020-06-24,1576.00,1551.50,1570.75,1549.50,126810,-1.19
2020-06-23,1595.00,1579.00,1579.00,1579.00,125420,-0.50
2020-06-22,1603.00,1569.00,1569.00,1569.00,129270,0.69
2020-06-19,1592.00,1562.25,1584.50,1561.75,151590,-0.90
2020-06-18,1606.50,1585.25,1585.25,1585.25,149770,-0.06
2020-06-17,1607.50,1585.38,1586.00,1576.00,168670,0.63
2020-06-16,1597.50,1556.75,1584.50,1554.05,224950,1.30
2020-06-15,1577.00,1565.25,1565.25,1555.36,318710,-0.50
2020-06-12,1585.00,1554.25,1577.50,1552.75,341460,-1.03
2020-06-11,1601.50,1608.25,1608.25,1582.36,324180,-1.60
2020-06-10,1627.50,1608.13,1610.39,1584.00,320330,1.37
2020-06-09,1605.50,1581.50,1584.18,1581.50,306610,0.03
2020-06-08,1605.00,1571.13,1587.85,1571.00,286960,0.85
2020-06-05,1591.50,1571.75,1572.88,1550.75,289580,1.34
2020-06-04,1570.50,1548.75,1548.75,1548.75,220000,0.13
2020-06-03,1568.50,1547.00,1547.00,1527.75,221950,1.39
2020-06-02,1547.00,1538.50,1538.75,1517.50,284860,0.65
2020-06-01,1537.00,1524.50,1535.00,1524.50,234260,-0.71
2020-05-29,1548.00,1524.25,1534.50,1524.25,294570,0.72
2020-05-28,1537.00,1525.51,1525.75,1512.25,251270,0.79
2020-05-27,1525.00,1516.25,1516.25,1505.50,354800,0.36
2020-05-26,1519.50,1508.00,1508.00,1492.25,214750,0.86
2020-05-22,1506.50,1505.75,1505.75,1487.33,223090,-0.95
2020-05-21,1521.00,1498.25,1507.08,1498.25,216590,0.56
2020-05-20,1512.50,1498.25,1498.75,1474.65,340470,1.37
2020-05-19,1492.00,1471.50,1478.25,1470.75,277510,-0.27
2020-05-18,1496.00,1480.75,1481.00,1443.75,354830,2.33
2020-05-15,1462.00,1428.80,1441.30,1428.05,290090,-0.88
2020-05-14,1475.00,1447.25,1447.25,1443.01,819110,-0.34
2020-05-13,1480.00,1443.50,1444.00,1443.50,314460,0.17
2020-05-12,1477.50,1464.75,1464.75,1464.75,274520,-1.34
2020-05-11,1497.50,1465.50,1465.50,1453.00,323420,0.84
2020-05-07,1485.00,1447.20,1457.46,1447.20,242400,0.37
2020-05-06,1479.50,1451.26,1451.50,1447.00,219430,-0.34
2020-05-05,1484.50,1451.15,1457.75,1451.15,240300,0.10
2020-05-04,1483.00,1452.75,1457.61,1452.75,226620,-0.27
2020-05-01,1487.00,1458.50,1466.75,1456.19,167880,-0.50
2020-04-30,1494.50,1466.75,1477.50,1464.91,277970,-0.76
2020-04-29,1506.00,1478.00,1478.00,1477.25,198350,0.10
2020-04-28,1504.50,1480.75,1482.25,1480.75,200210,-0.17
2020-04-27,1507.00,1483.50,1490.75,1483.00,134360,-0.46
2020-04-24,1514.00,1488.00,1488.00,1488.00,380390,0.26
2020-04-23,1510.00,1491.05,1491.05,1488.93,232820,-0.33
2020-04-22,1515.00,1496.78,1498.25,1466.00,150810,1.64
2020-04-21,1490.50,1479.75,1479.75,1462.67,222720,-0.83
2020-04-20,1503.00,1475.50,1485.00,1475.50,181580,-0.27
2020-04-17,1507.00,1485.25,1498.00,1484.75,255680,-0.36
2020-04-16,1512.50,1512.00,1522.75,1507.25,212300,0.33
2020-04-15,1507.50,1489.69,1491.69,1482.69,245550,0.27
2020-04-14,1503.50,1493.00,1493.50,1458.50,371080,1.62
2020-04-09,1479.50,1426.50,1445.44,1426.50,431850,0.96
2020-04-08,1465.50,1434.50,1444.25,1433.38,482040,-0.81
2020-04-07,1477.50,1441.50,1441.50,1441.50,313660,0.37
2020-04-06,1472.00,1446.50,1453.75,1445.00,238320,-0.64
2020-04-03,1481.50,1463.50,1463.50,1463.50,241540,-0.64
2020-04-02,1491.00,1473.00,1473.21,1470.35,291430,-0.57
2020-04-01,1499.50,1501.50,1501.50,1473.47,286730,-1.74
2020-03-31,1526.00,1502.85,1507.75,1501.75,240540,-0.29
2020-03-30,1530.50,1509.75,1526.50,1509.25,259680,-0.97
2020-03-27,1545.50,1533.00,1534.25,1517.00,283630,0.62
2020-03-26,1536.00,1525.18,1525.18,1517.43,198030,-0.10
2020-03-25,1537.50,1527.75,1538.63,1526.00,229790,-0.65
2020-03-24,1547.50,1536.13,1552.59,1531.25,179210,-0.86
2020-03-23,1561.00,1552.75,1571.75,1548.75,291330,-1.33
2020-03-20,1582.00,1610.00,1603.00,1582.50,296680,-2.94
2020-03-19,1630.00,1612.00,1630.00,1607.00,358250,-1.21
2020-03-18,1650.00,1630.00,1650.00,1625.00,434180,-0.09
2020-03-17,1651.50,1650.00,1657.00,1647.00,418760,-1.40
2020-03-16,1675.00,1655.00,1683.00,1655.00,542380,-0.33
2020-03-13,1680.50,1703.00,1701.00,1672.00,388580,1.48
2020-03-12,1656.00,1658.00,1661.00,1656.00,334080,-1.13
2020-03-11,1675.00,1688.00,1686.00,1675.00,388960,-1.30
2020-03-10,1697.00,1709.00,1708.00,1697.00,419490,0.59
2020-03-09,1687.00,1668.00,1687.00,1666.00,377880,0.12
2020-03-06,1685.00,1709.00,1708.00,1685.50,323220,-2.03
2020-03-05,1720.00,1731.50,1726.00,1720.00,268250,-0.35
2020-03-04,1726.00,1735.00,1732.00,1725.00,300240,0.23
2020-03-03,1722.00,1723.00,1728.00,1719.00,294570,0.29
2020-03-02,1717.00,1700.00,1717.00,1699.50,307230,1.33
2020-02-28,1694.50,1685.00,1694.50,1679.00,313520,0.27
2020-02-27,1690.00,1692.00,1690.00,1688.00,228870,-0.35
2020-02-26,1696.00,1702.00,1702.00,1696.00,189030,-0.41
2020-02-25,1703.00,1706.00,1705.00,1702.00,176110,0.24
2020-02-24,1699.00,1698.00,1702.00,1697.00,173230,-0.85
2020-02-21,1713.50,1708.00,1713.50,1703.00,145510,0.15
2020-02-20,1711.00,1717.00,1714.00,1710.00,144510,-0.52
2020-02-19,1720.00,1714.00,1720.00,1712.00,166360,0.00
2020-02-18,1720.00,1710.00,1721.00,1708.00,219360,-0.06
2020-02-17,1721.00,1716.00,1721.00,1712.00,265800,-0.06
2020-02-14,1722.00,1735.00,1733.00,1722.50,186700,-1.49
2020-02-13,1748.00,1730.00,1747.50,1727.50,265630,0.63
2020-02-12,1737.00,1735.00,1737.00,1733.00,288820,0.17
2020-02-11,1734.00,1718.00,1734.00,1717.00,365050,1.88
2020-02-10,1702.00,1706.00,1705.00,1702.50,276600,-1.39
2020-02-07,1726.00,1725.50,1726.00,1721.00,360500,-0.63
2020-02-06,1737.00,1726.00,1740.00,1723.50,278000,1.16
2020-02-05,1717.00,1717.00,1718.00,1712.00,288690,1.84
2020-02-04,1686.00,1715.00,1712.00,1686.00,399920,-0.03
2020-02-03,1686.50,1721.00,1718.00,1686.50,415240,-2.06
2020-01-31,1722.00,1729.00,1727.00,1719.00,338490,-0.52
2020-01-30,1731.00,1737.00,1735.00,1731.50,245750,-0.35
2020-01-29,1737.00,1748.00,1748.00,1735.50,312470,-0.86
2020-01-28,1752.00,1759.00,1759.00,1752.50,282540,-0.68
2020-01-27,1764.00,1767.00,1769.00,1764.00,255550,-0.95
2020-01-24,1781.00,1788.00,1785.00,1781.00,313990,-0.78
2020-01-23,1795.00,1797.50,1795.50,1792.50,216450,-0.88
2020-01-22,1811.00,1820.00,1819.00,1810.00,233040,-0.74
2020-01-21,1824.50,1820.00,1824.50,1817.50,278860,0.69
2020-01-20,1812.00,1818.00,1815.00,1812.00,182450,0.39
2020-01-17,1805.00,1812.00,1810.00,1805.00,137120,-0.39
2020-01-16,1812.00,1814.00,1813.00,1810.00,196030,0.61
2020-01-15,1801.00,1805.00,1807.00,1800.00,178690,-0.44
2020-01-14,1809.00,1796.00,1809.00,1796.00,209810,0.61
2020-01-13,1798.00,1797.00,1799.00,1793.00,383510,-0.44
2020-01-10,1806.00,1798.50,1809.50,1798.00,378240,0.14
2020-01-09,1803.50,1806.00,1813.00,1799.50,383680,0.19
2020-01-08,1800.00,1806.00,1805.00,1798.00,313190,-0.88
2020-01-07,1816.00,1828.00,1827.50,1815.50,302340,-0.93
2020-01-06,1833.00,1818.50,1833.00,1818.00,295360,0.49
2020-01-03,1824.00,1791.00,1825.00,1791.00,258970,1.08
2020-01-02,1804.50,1807.00,1806.00,1796.00,290020,-0.30
2019-12-31,1810.00,1831.00,1829.00,1810.00,253420,-0.93
2019-12-30,1827.00,1822.00,1826.00,1822.00,193900,0.11
2019-12-27,1825.00,1818.50,1825.00,1816.50,181720,0.61
2019-12-24,1814.00,1817.00,1817.50,1812.00,169820,0.55
2019-12-23,1804.00,1805.00,1805.00,1802.00,172250,0.22
2019-12-20,1800.00,1804.00,1804.00,1797.00,221700,0.17
2019-12-19,1797.00,1790.00,1797.00,1788.00,272880,1.13
2019-12-18,1777.00,1773.50,1777.50,1773.50,726930,0.74
2019-12-17,1764.00,1770.00,1767.00,1764.00,298040,-0.79
2019-12-16,1778.00,1775.00,1782.00,1771.00,363450,0.57
2019-12-13,1768.00,1778.00,1778.00,1767.00,210290,-0.39
2019-12-12,1775.00,1767.00,1775.00,1767.00,315170,0.85
2019-12-11,1760.00,1758.00,1762.00,1758.00,279790,0.28
2019-12-10,1755.00,1755.00,1756.00,1752.50,286860,-0.11
2019-12-09,1757.00,1762.00,1764.00,1757.00,278870,-0.45
2019-12-06,1765.00,1742.00,1765.00,1741.00,318490,1.03
2019-12-05,1747.00,1749.00,1751.00,1747.00,235730,-0.63
2019-12-04,1758.00,1763.50,1763.00,1757.00,241720,-0.45
2019-12-03,1766.00,1790.00,1790.00,1767.00,330180,-1.34
2019-12-02,1790.00,1765.00,1789.50,1765.00,254150,1.13
2019-11-29,1770.00,1758.00,1770.00,1758.00,230240,1.03
2019-11-28,1752.00,1758.00,1756.00,1752.00,134590,-0.68
2019-11-27,1764.00,1761.00,1765.00,1761.00,205070,0.63
2019-11-26,1753.00,1742.50,1752.00,1742.50,206030,0.98
2019-11-25,1736.00,1740.00,1738.00,1736.00,156810,-0.17
2019-11-22,1739.00,1738.00,1740.00,1737.00,185150,0.29
2019-11-21,1734.00,1745.00,1739.00,1735.00,191720,-0.40
2019-11-20,1741.00,1740.50,1740.00,1738.00,186320,0.58
2019-11-19,1731.00,1734.00,1733.00,1731.00,267390,-0.40
2019-11-18,1738.00,1746.00,1745.00,1738.00,385280,-0.97
2019-11-15,1755.00,1742.50,1755.00,1742.50,374790,0.80
2019-11-14,1741.00,1759.00,1758.00,1741.00,316130,-1.36
2019-11-13,1765.00,1770.00,1768.00,1765.50,308690,-0.73
2019-11-12,1778.00,1768.00,1777.50,1768.00,297180,-0.06
2019-11-11,1779.00,1805.00,1804.50,1779.00,236340,-1.58
2019-11-08,1807.50,1821.20,1820.00,1806.00,214850,-0.30
2019-11-07,1813.00,1812.00,1816.00,1808.00,327530,0.17
2019-11-06,1810.00,1810.00,1809.50,1803.50,324870,-0.06
2019-11-05,1811.00,1815.00,1816.00,1811.00,380830,-0.22
2019-11-04,1815.00,1784.00,1814.50,1782.00,338470,1.62
2019-11-01,1786.00,1762.00,1787.40,1762.00,269740,1.77
2019-10-31,1755.00,1750.00,1754.50,1741.00,263070,-0.28
2019-10-30,1760.00,1751.00,1760.00,1751.00,220050,0.34
2019-10-29,1754.00,1742.00,1754.00,1742.00,203370,0.98
2019-10-28,1737.00,1737.00,1736.00,1731.50,180310,0.52
2019-10-25,1728.00,1724.00,1728.50,1720.00,215820,0.23
2019-10-24,1724.00,1725.00,1725.00,1724.00,130240,-0.35
2019-10-23,1730.00,1717.00,1730.00,1717.00,140070,0.64
2019-10-22,1719.00,1717.00,1725.00,1717.00,119890,-0.58
2019-10-21,1729.00,1745.00,1741.00,1729.00,153920,-0.52
2019-10-18,1738.00,1735.00,1739.00,1731.00,142680,0.64
2019-10-17,1727.00,1729.00,1729.50,1727.00,183130,-0.06
2019-10-16,1728.00,1716.00,1728.00,1715.00,293720,0.00
2019-10-15,1728.00,1715.00,1728.00,1714.00,284230,0.47
2019-10-14,1720.00,1715.00,1720.00,1715.00,417470,-0.12
2019-10-11,1722.00,1727.00,1727.00,1722.00,617820,-1.77
2019-10-10,1753.00,1747.00,1753.00,1743.00,552560,0.52
2019-10-09,1744.00,1739.50,1746.00,1738.00,414940,-0.43
2019-10-08,1751.50,1742.30,1751.50,1738.50,432340,0.32
2019-10-07,1746.00,1722.00,1746.00,1720.00,347490,1.57
2019-10-04,1719.00,1717.00,1719.00,1715.00,286900,0.06
2019-10-03,1718.00,1712.00,1717.50,1710.00,329770,0.76
2019-10-02,1705.00,1723.00,1722.00,1706.00,484720,-2.01
2019-10-01,1740.00,1719.00,1740.00,1719.00,473950,1.07
2019-09-30,1721.50,1728.00,1727.50,1721.50,290360,-0.78
2019-09-27,1735.00,1735.00,1737.00,1728.00,298280,-0.12
2019-09-26,1737.00,1747.00,1743.00,1737.50,278420,-0.86
2019-09-25,1752.00,1757.00,1758.00,1752.00,374010,-0.60
2019-09-24,1762.50,1778.00,1776.00,1762.50,304950,-1.26
2019-09-23,1785.00,1784.00,1788.00,1778.00,206210,-1.00
2019-09-20,1803.00,1775.25,1788.00,1775.25,23370,-0.17
2019-09-19,1806.00,1781.50,1781.50,1767.25,41930,1.15
2019-09-18,1785.50,1774.50,1776.87,1767.75,90210,-0.36
2019-09-17,1792.00,1769.00,1793.25,1759.75,47790,0.22
2019-09-16,1788.00,1769.00,1791.25,1768.75,47230,-0.93
2019-09-13,1804.75,1782.25,1782.25,1772.50,75010,0.31
2019-09-12,1799.25,1768.75,1800.00,1768.75,75110,-1.28
2019-09-11,1822.50,1796.00,1805.45,1794.75,84860,0.22
2019-09-10,1818.50,1798.50,1799.93,1777.75,89950,1.20
2019-09-09,1797.00,1778.75,1778.75,1769.25,87170,0.48
2019-09-06,1788.50,1762.50,1770.25,1762.00,48940,0.39
2019-09-05,1781.50,1762.75,1767.43,1754.00,70350,0.51
2019-09-04,1772.50,1749.50,1754.25,1732.25,63490,1.26
2019-09-03,1750.50,1734.25,1734.25,1727.58,49820,0.21
2019-09-02,1746.75,1729.25,1732.50,1728.50,16800,-0.24
2019-08-30,1751.00,1731.25,1732.05,1730.55,34000,-0.01
2019-08-29,1751.25,1733.25,1733.25,1724.88,17250,0.37
2019-08-28,1744.75,1730.25,1742.75,1728.00,38080,-0.91
2019-08-27,1760.75,1742.50,1754.25,1742.50,18640,-0.55
2019-08-23,1770.50,1752.75,1753.75,1750.00,16350,0.23
2019-08-22,1766.50,1751.75,1763.25,1747.00,40670,-0.76
2019-08-21,1780.00,1764.75,1776.75,1758.00,57970,-0.11
2019-08-20,1782.00,1764.75,1776.75,1764.50,61940,-0.15
2019-08-19,1784.75,1760.00,1789.50,1760.00,45150,0.15
2019-08-16,1782.00,1761.50,1761.88,1751.75,19350,0.55
2019-08-15,1772.25,1756.25,1756.25,1746.75,15620,0.37
2019-08-14,1765.75,1758.00,1758.00,1748.00,55560,-0.56
2019-08-13,1775.75,1745.75,1764.88,1734.25,48500,0.85
2019-08-12,1760.75,1745.75,1749.16,1745.75,39940,-0.10
2019-08-09,1762.50,1751.25,1754.75,1747.25,39180,-0.41
2019-08-08,1769.75,1756.00,1756.25,1722.75,35970,1.90
2019-08-07,1736.75,1739.50,1739.50,1734.78,77570,-0.87
2019-08-06,1752.00,1743.00,1746.82,1739.50,86500,-0.28
2019-08-05,1757.00,1746.25,1750.50,1743.13,49210,-0.45
2019-08-02,1765.00,1756.00,1762.50,1752.75,33790,-0.63
2019-08-01,1776.25,1759.50,1782.25,1759.50,35970,-1.09
2019-07-31,1795.75,1788.00,1799.00,1780.25,14690,-0.25
2019-07-30,1800.25,1788.00,1788.58,1788.00,17400,-0.47
2019-07-29,1808.75,1790.00,1801.00,1780.25,14050,0.43
2019-07-26,1801.00,1784.25,1808.25,1783.89,32000,-1.27
2019-07-25,1824.25,1808.50,1808.50,1808.00,12800,0.00
2019-07-24,1824.25,1808.25,1809.00,1798.75,16400,0.52
2019-07-23,1814.75,1805.00,1805.00,1799.75,19240,-0.03
2019-07-22,1815.25,1797.00,1831.00,1797.00,23710,-1.81
2019-07-19,1848.75,1842.50,1855.25,1834.50,16940,-0.34
2019-07-18,1855.00,1842.50,1846.00,1839.00,17750,0.38
2019-07-17,1848.00,1839.75,1842.50,1833.26,30080,-0.11
2019-07-16,1850.00,1835.25,1842.00,1834.25,69030,0.56
2019-07-15,1839.75,1834.00,1834.00,1813.25,58120,1.18
2019-07-12,1818.25,1809.00,1809.00,1802.50,45460,-0.29
2019-07-11,1823.50,1807.00,1835.50,1807.00,67760,-1.35
2019-07-10,1848.50,1839.00,1839.25,1809.50,71260,1.57
2019-07-09,1820.00,1803.00,1804.75,1792.50,88070,0.76
2019-07-08,1806.25,1789.50,1793.38,1787.00,41630,0.32
2019-07-05,1800.50,1784.25,1787.75,1784.00,49560,-0.22
2019-07-04,1804.50,1789.75,1789.75,1780.85,12020,0.95
2019-07-03,1787.50,1770.00,1770.00,1761.75,28680,0.44
2019-07-02,1779.75,1760.50,1775.00,1760.50,42960,-0.73
2019-07-01,1792.75,1774.50,1782.25,1774.50,31270,-0.42
2019-06-28,1800.25,1775.88,1782.88,1772.38,48100,0.56
2019-06-27,1790.25,1779.63,1802.38,1772.88,37000,-1.69
2019-06-26,1821.00,1796.00,1814.25,1776.00,29800,0.32
2019-06-25,1815.25,1796.00,1796.00,1776.00,34080,1.18
2019-06-24,1794.00,1750.75,1784.75,1749.50,32410,1.41
2019-06-21,1769.00,1751.50,1751.50,1749.75,38130,-0.80
2019-06-20,1783.25,1764.75,1767.00,1763.75,40600,-0.17
2019-06-19,1786.25,1759.50,1769.18,1759.50,42130,0.29
2019-06-18,1781.00,1760.25,1762.50,1739.75,76210,1.82
2019-06-17,1749.25,1739.00,1745.50,1733.00,34020,-0.41
2019-06-14,1756.50,1728.75,1757.00,1728.75,26230,-1.26
2019-06-13,1779.00,1758.75,1762.25,1751.00,43080,-0.21
2019-06-12,1782.75,1751.75,1766.00,1742.75,38140,0.62
2019-06-11,1771.75,1751.75,1756.10,1749.25,44820,0.18
2019-06-10,1768.50,1751.00,1751.00,1737.50,40320,0.58
2019-06-07,1758.25,1734.75,1750.75,1734.75,32560,-0.71
2019-06-06,1770.75,1749.50,1751.25,1745.75,28850,0.23
2019-06-05,1766.75,1746.75,1766.25,1746.75,25080,-0.88
2019-06-04,1782.50,1766.75,1766.75,1757.75,44350,0.48
2019-06-03,1774.00,1754.50,1775.00,1754.50,42100,-1.07
2019-05-31,1793.25,1776.00,1783.40,1763.50,40300,0.70
2019-05-30,1780.75,1761.25,1774.25,1761.13,27610,-0.72
2019-05-29,1793.75,1776.00,1786.50,1773.93,16410,-0.69
2019-05-28,1806.25,1783.75,1787.00,1780.00,14000,0.33
2019-05-24,1800.25,1781.00,1781.75,1776.25,11500,0.15
2019-05-23,1797.50,1776.25,1776.25,1757.50,17960,1.03
2019-05-22,1779.25,1757.75,1775.25,1757.75,25130,-0.93
2019-05-21,1796.00,1775.75,1779.25,1773.83,66220,-0.07
2019-05-20,1797.25,1771.25,1819.00,1771.25,13490,-2.19
2019-05-17,1837.50,1833.25,1855.25,1809.25,17090,-1.24
2019-05-16,1860.50,1833.25,1853.25,1819.74,18480,0.24
2019-05-15,1856.00,1833.25,1837.25,1819.74,16730,0.58
2019-05-14,1845.25,1821.00,1826.25,1790.50,19420,2.51
2019-05-13,1800.00,1796.00,1796.00,1787.60,68320,-0.01
2019-05-10,1800.25,1785.50,1785.50,1768.75,36680,0.52
2019-05-09,1791.00,1770.50,1772.71,1768.00,39910,0.10
2019-05-08,1789.25,1770.50,1788.50,1770.00,53230,-1.08
2019-05-07,1808.75,1792.25,1792.25,1769.50,67240,1.08
2019-05-03,1789.50,1790.50,1790.50,1769.75,51460,-1.16
2019-05-02,1810.50,1800.25,1818.25,1773.00,33890,-0.01
2019-05-01,1810.75,1800.25,1800.25,1773.00,34230,0.99
2019-04-30,1793.00,1782.50,1803.75,1773.00,55910,-1.75
2019-04-29,1825.00,1808.25,1818.00,1808.25,31120,-0.57
2019-04-26,1835.50,1828.50,1839.00,1818.75,26900,-1.09
2019-04-25,1855.75,1839.50,1854.00,1838.25,18900,-0.80
2019-04-24,1870.75,1853.75,1854.50,1847.50,27140,0.34
2019-04-23,1864.50,1848.75,1859.08,1848.75,36170,-0.16
2019-04-18,1867.50,1851.25,1851.25,1832.75,32760,0.95
2019-04-17,1850.00,1834.25,1849.18,1832.50,90320,-0.31
2019-04-16,1855.75,1835.25,1845.00,1834.13,32310,-0.12
2019-04-15,1858.00,1845.00,1846.00,1844.50,41130,0.08
2019-04-12,1856.50,1845.00,1845.00,1839.28,41040,0.15
2019-04-11,1853.75,1837.25,1842.00,1837.25,52700,-0.20
2019-04-10,1857.50,1855.50,1861.75,1838.25,46360,-0.72
2019-04-09,1871.00,1855.50,1856.00,1848.25,111780,0.38
2019-04-08,1864.00,1849.75,1869.25,1849.75,124980,-1.09
2019-04-05,1884.50,1908.00,1914.75,1880.25,61570,-0.29
2019-04-04,1890.00,1876.25,1891.25,1869.50,36290,-0.07
2019-04-03,1891.25,1876.25,1877.25,1869.50,43980,0.33
2019-04-02,1885.00,1867.25,1883.00,1867.25,37650,-0.58
2019-04-01,1896.00,1880.50,1908.01,1880.50,47250,-0.78
2019-03-29,1911.00,1904.75,1911.58,1893.75,47940,0.49
2019-03-28,1901.75,1896.00,1902.50,1894.50,33940,-0.41
2019-03-27,1909.50,1895.75,1904.80,1875.75,28910,1.22
2019-03-26,1886.50,1882.25,1886.50,1864.98,41370,0.29
2019-03-25,1881.00,1871.25,1888.00,1868.25,48450,-1.17
2019-03-22,1903.25,1887.75,1889.00,1880.78,44370,0.17
2019-03-21,1900.00,1890.50,1926.00,1888.25,41870,-1.96
2019-03-20,1938.00,1922.00,1935.96,1921.00,32400,-0.41
2019-03-19,1946.00,1929.50,1936.00,1908.63,94040,1.74
2019-03-18,1912.75,1916.00,1918.50,1886.75,45610,1.23
2019-03-15,1889.50,1875.75,1878.25,1868.65,26170,-0.30
2019-03-14,1895.25,1884.75,1884.75,1880.15,28290,-0.12
2019-03-13,1897.50,1883.75,1885.50,1850.00,35280,1.70
2019-03-12,1865.75,1854.00,1855.25,1819.75,69620,1.45
2019-03-11,1839.00,1825.00,1845.75,1819.75,44250,-1.47
2019-03-08,1866.50,1840.50,1847.50,1839.50,30400,0.43
2019-03-07,1858.50,1836.50,1842.75,1836.25,32760,-0.11
2019-03-06,1860.50,1838.50,1851.75,1836.75,29900,-0.44
2019-03-05,1868.75,1851.00,1857.67,1849.50,37380,-0.09
2019-03-04,1870.50,1850.25,1900.75,1848.25,43080,-2.34
2019-03-01,1915.25,1893.00,1902.00,1887.88,45070,0.35
2019-02-28,1908.50,1891.00,1905.25,1888.50,25120,-0.57
2019-02-27,1919.50,1905.25,1912.00,1893.75,16970,0.58
2019-02-26,1908.50,1896.25,1899.25,1880.99,30360,0.21
2019-02-25,1904.50,1889.25,1899.00,1885.25,24690,-0.39
2019-02-22,1912.00,1899.00,1905.93,1892.25,32230,0.39
2019-02-21,1904.50,1895.25,1895.75,1855.00,28700,1.95
2019-02-20,1868.00,1858.50,1859.75,1840.00,22320,0.63
2019-02-19,1856.25,1841.25,1847.50,1836.74,26160,0.56
2019-02-18,1846.00,1837.25,1843.25,1834.25,30660,-0.11
2019-02-15,1848.00,1830.25,1834.88,1820.25,67330,0.48
2019-02-14,1839.25,1827.25,1836.50,1823.25,40520,-0.55
2019-02-13,1849.50,1836.50,1848.91,1834.50,43090,-0.08
2019-02-12,1851.00,1831.38,1860.75,1831.13,44510,-1.13
2019-02-11,1872.25,1859.75,1863.25,1846.54,39440,-0.11
2019-02-08,1874.25,1891.50,1907.25,1876.25,30750,-0.70
2019-02-07,1887.50,1874.38,1890.00,1873.63,38840,-0.71
2019-02-06,1901.00,1912.88,1919.50,1886.25,27720,-0.85
2019-02-05,1917.25,1912.88,1914.38,1903.50,52010,0.12
2019-02-04,1915.00,1900.50,1905.00,1867.25,31400,1.97
2019-02-01,1878.00,1867.25,1901.00,1864.75,27570,-1.47
2019-01-31,1906.00,1900.75,1906.00,1897.25,25190,0.04
2019-01-30,1905.25,1894.00,1900.00,1882.25,19560,0.91
2019-01-29,1888.00,1887.00,1888.00,1856.50,18060,1.31
2019-01-28,1863.50,1864.25,1912.75,1857.75,23860,-2.84
2019-01-25,1918.00,1907.00,1914.50,1884.75,18400,1.55
2019-01-24,1888.75,1886.00,1907.25,1869.00,25160,-1.03
2019-01-23,1908.50,1898.00,1910.55,1883.50,40740,1.38
2019-01-22,1882.50,1892.50,1894.75,1850.50,17200,1.67
2019-01-21,1851.50,1846.25,1867.75,1845.25,17810,-1.07
2019-01-18,1871.50,1865.00,1866.50,1853.25,42620,0.73
2019-01-17,1858.00,1851.13,1856.13,1828.38,75550,-0.01
2019-01-16,1858.25,1854.00,1868.46,1836.00,46520,0.76
2019-01-15,1844.25,1845.75,1847.50,1818.00,32940,0.88
2019-01-14,1828.25,1820.25,1825.25,1814.22,121030,-0.58
2019-01-11,1839.00,1818.75,1840.75,1812.00,78380,-1.45
2019-01-10,1866.00,1835.00,1839.25,1829.75,102800,0.40
2019-01-09,1858.50,1830.75,1847.40,1826.00,67260,-0.64
2019-01-08,1870.50,1842.25,1860.25,1840.50,57400,-0.83
2019-01-07,1886.25,1859.50,1864.00,1850.25,43790,0.61
2019-01-04,1874.75,1855.50,1858.25,1817.50,58060,1.75
2019-01-03,1842.50,1822.50,1825.00,1773.00,44780,2.42
2019-01-02,1799.00,1777.75,1822.75,1764.00,45740,-2.65
2018-12-31,1848.00,1827.75,1830.50,1816.75,25440,0.08
2018-12-28,1846.50,1846.50,1846.50,1846.50,27760,-0.38
2018-12-27,1853.50,1834.75,1869.75,1831.50,37210,-2.22
2018-12-24,1895.50,1860.75,1885.75,1858.75,14550,-0.82
2018-12-21,1911.25,1885.00,1891.90,1883.50,37300,-0.04
2018-12-20,1912.00,1891.00,1903.50,1887.63,82080,-0.74
2018-12-19,1926.25,1889.25,1905.81,1881.50,45290,0.13
2018-12-18,1923.75,1901.38,1917.38,1900.63,49690,-0.44
2018-12-17,1932.25,1914.13,1918.00,1902.25,32710,0.85
2018-12-14,1916.00,1908.50,1915.33,1906.18,12820,-0.35
2018-12-13,1922.75,1921.25,1925.25,1915.00,29090,-0.43
2018-12-12,1931.00,1927.00,1931.63,1926.25,25480,-0.01
2018-12-11,1931.25,1933.50,1952.90,1928.50,53730,0.04
2018-12-10,1930.50,1933.75,1956.50,1933.75,37520,-1.00
2018-12-07,1950.00,1969.75,1972.18,1943.00,39010,0.85
2018-12-06,1933.50,1949.00,1978.50,1945.75,16470,-1.72
2018-12-05,1967.25,1979.25,1981.50,1975.75,16310,-0.24
2018-12-04,1972.00,1976.25,1987.86,1971.00,27410,-0.01
2018-12-03,1972.25,1981.25,1990.90,1966.75,26320,0.77
2018-11-30,1957.25,1962.25,1965.00,1945.72,22400,0.95
2018-11-29,1938.75,1936.75,1945.75,1936.75,20310,0.44
2018-11-28,1930.25,1937.00,1939.75,1927.90,18840,0.09
2018-11-27,1928.50,1922.75,1952.25,1921.75,16410,-1.10
2018-11-26,1950.00,1949.75,1954.00,1941.50,11430,0.04
2018-11-23,1949.25,1948.25,1952.50,1940.25,18310,0.09
2018-11-22,1947.50,1955.75,1958.25,1953.00,10900,-0.36
2018-11-21,1954.50,1960.25,1961.00,1944.25,28690,0.75
2018-11-20,1940.00,1941.50,1944.00,1932.50,54820,0.99
2018-11-19,1921.00,1926.50,1937.00,1925.75,47330,-0.36
2018-11-16,1928.00,1926.75,1927.25,1908.50,37700,0.55
2018-11-15,1917.50,1923.00,1929.50,1915.25,53700,-0.81
2018-11-14,1933.25,1932.00,1933.75,1926.00,31050,0.35
2018-11-13,1926.50,1929.13,1937.38,1927.38,50870,-0.39
2018-11-12,1934.00,1937.00,1949.75,1933.00,38830,-0.74
2018-11-09,1948.50,1949.00,1984.50,1948.75,36160,-1.84
2018-11-08,1985.00,1980.50,1994.25,1942.00,48400,0.24
2018-11-07,1980.25,1980.50,1982.50,1942.00,40160,1.80
2018-11-06,1945.25,1940.75,1964.00,1939.25,28940,-1.21
2018-11-05,1969.00,1968.25,1970.74,1963.01,32260,-0.03
2018-11-02,1969.50,1969.75,1979.46,1958.25,34340,0.41
2018-11-01,1961.50,1964.25,1975.30,1947.00,36630,0.67
2018-10-31,1948.50,1948.25,1964.51,1897.50,36610,-0.66
2018-10-30,1961.50,1975.75,1975.75,1957.50,32350,-0.90
2018-10-29,1979.25,1976.50,1994.25,1974.50,16660,-0.78
2018-10-26,1994.75,1989.75,1989.75,1979.11,21160,0.24
2018-10-25,1990.00,1985.50,1994.97,1985.50,22270,-0.23
2018-10-24,1994.50,1999.25,2000.00,1992.50,19610,-0.24
2018-10-23,1999.25,2009.00,2009.00,2004.25,34300,-0.36
2018-10-22,2006.50,2014.75,2021.63,2010.50,16560,0.15
2018-10-19,2003.50,2017.25,2035.25,2007.50,43520,-0.50
2018-10-18,2013.50,2017.25,2030.75,2016.83,20430,-0.44
2018-10-17,2022.50,2030.25,2039.00,2024.75,36950,-0.57
2018-10-16,2034.00,2041.50,2041.50,2031.00,76780,-0.34
2018-10-15,2041.00,2043.50,2057.25,2030.25,36800,-0.66
2018-10-12,2054.50,2025.50,2040.43,2014.50,27180,1.01
2018-10-11,2034.00,2020.50,2044.00,2017.25,56260,-1.36
2018-10-10,2062.00,2035.50,2053.00,2035.50,48340,-0.41
2018-10-09,2070.50,2053.75,2067.50,2053.75,83960,-0.58
2018-10-08,2082.50,2069.00,2132.00,2058.50,56880,-2.94
2018-10-05,2145.50,2131.75,2171.50,2111.25,85560,-1.90
2018-10-04,2187.00,2171.00,2205.00,2159.57,49170,-1.60
2018-10-03,2222.50,2105.25,2242.00,2079.00,67710,4.29
2018-10-02,2131.00,2105.25,2113.34,2079.00,50530,1.50
2018-10-01,2099.50,2075.50,2077.75,2056.00,31470,1.16
2018-09-28,2075.50,2042.00,2051.75,2020.00,44560,1.67
2018-09-27,2041.50,2014.75,2053.75,2014.75,26610,-1.73
2018-09-26,2077.50,2038.25,2054.50,2038.25,37190,-0.16
2018-09-25,2080.75,2046.50,2049.59,2041.50,39170,0.52
2018-09-24,2070.00,2028.25,2074.50,2028.25,43840,-1.45
2018-09-21,2100.50,2063.00,2071.50,2023.50,35860,2.56
2018-09-20,2048.00,2037.50,2037.50,2007.50,77730,1.09
2018-09-19,2026.00,2005.75,2012.50,2000.62,93890,-0.43
2018-09-18,2034.75,2015.00,2036.75,2003.25,47940,0.47
2018-09-17,2025.25,2015.00,2022.75,2012.00,22170,-0.56
2018-09-14,2036.75,1999.00,2029.00,1999.00,34010,-1.04
2018-09-13,2058.25,2010.00,2030.88,2010.00,34500,0.02
2018-09-12,2057.75,2019.75,2028.50,2008.50,45510,0.94
2018-09-11,2038.50,2013.75,2060.25,2009.00,21600,-2.46
2018-09-10,2090.00,2045.50,2061.00,2036.25,33850,1.19
2018-09-07,2065.50,2030.25,2038.00,2008.00,24260,1.47
2018-09-06,2035.50,2021.75,2044.25,2015.25,27460,-1.46
2018-09-05,2065.75,2039.00,2051.15,2039.00,25850,0.27
2018-09-04,2060.25,2041.75,2076.25,2040.88,20770,-1.68
2018-09-03,2095.50,2104.50,2109.50,2070.50,16240,-1.39
2018-08-31,2125.00,2104.00,2118.25,2104.00,29830,-0.35
2018-08-30,2132.50,2114.75,2156.75,2112.25,17720,-1.84
2018-08-29,2172.50,2144.00,2157.25,2119.00,25300,1.80
2018-08-28,2134.00,2118.63,2119.13,2080.38,14790,1.80
2018-08-24,2096.25,2073.25,2082.85,2061.75,13070,0.98
2018-08-23,2076.00,2058.50,2061.50,2052.00,8420,0.51
2018-08-22,2065.50,2051.75,2052.25,2041.50,26620,0.54
2018-08-21,2054.50,2052.50,2052.75,2042.00,51900,-0.01
2018-08-20,2054.75,2046.50,2046.50,2018.25,8830,1.26
2018-08-17,2029.25,2023.75,2038.00,2020.25,14900,-0.92
2018-08-16,2048.00,2039.00,2039.00,2015.50,16360,1.11
2018-08-15,2025.50,2019.25,2064.00,2017.36,17310,-2.20
2018-08-14,2071.00,2069.25,2082.50,2062.95,26840,-0.60
2018-08-13,2083.50,2083.25,2106.00,2080.84,50970,-1.02
2018-08-10,2105.00,2066.00,2089.25,2062.25,35360,1.25
2018-08-09,2079.00,2053.00,2087.75,2053.00,40370,-1.24
2018-08-08,2105.00,2084.75,2091.13,2017.25,38380,3.47
2018-08-07,2034.50,2014.50,2020.50,2014.50,26060,-0.22
2018-08-06,2039.00,2028.75,2028.75,2022.35,21050,0.72
2018-08-03,2024.50,2008.50,2021.50,2007.50,14010,-0.41
2018-08-02,2032.75,2022.25,2022.25,2019.63,29400,-0.84
2018-08-01,2050.00,2040.75,2067.25,2038.50,23490,-1.42
2018-07-31,2079.50,2066.25,2080.50,2066.25,19730,-0.63
2018-07-30,2092.75,2065.75,2081.25,2058.50,18150,1.07
2018-07-27,2070.50,2040.00,2040.00,2040.00,12950,0.17
2018-07-26,2067.00,2051.25,2051.25,2051.25,14600,0.23
2018-07-25,2062.25,2049.25,2049.25,2049.25,19440,-1.09
2018-07-24,2085.00,2069.25,2069.25,2069.25,28320,0.75
2018-07-23,2069.50,2061.25,2061.25,2061.25,29270,1.96
2018-07-20,2029.75,2029.25,2029.25,2029.25,20400,1.42
2018-07-19,2001.25,1990.25,1990.25,1990.25,27560,-1.28
2018-07-18,2027.25,2020.75,2020.75,2011.25,26600,-0.23
2018-07-17,2032.00,2017.00,2017.00,2017.00,74670,-0.79
2018-07-16,2048.25,2039.50,2039.50,2039.50,47350,1.19
2018-07-13,2024.25,2088.50,2088.50,2088.50,46290,-0.54
2018-07-12,2035.25,2081.25,2081.25,2081.25,48900,-0.91
2018-07-11,2054.00,2089.50,2089.50,2089.50,57320,-1.46
2018-07-10,2084.50,2115.75,2115.75,2115.75,56230,-1.49
2018-07-09,2116.00,2135.00,2151.75,2135.00,47380,1.91
2018-07-06,2076.25,2112.00,2112.00,2112.00,31260,-0.01
2018-07-05,2076.50,2108.25,2108.25,2108.25,28510,-0.43
2018-07-04,2085.50,2126.25,2126.25,2126.25,13400,0.41
2018-07-03,2077.00,2105.50,2105.50,2105.50,41840,-0.91
2018-07-02,2096.00,2130.00,2130.00,2130.00,47050,-1.68
2018-06-29,2131.75,2175.00,2194.50,2155.75,27210,-1.03
2018-06-28,2154.00,2175.00,2175.00,2175.00,19440,-0.99
2018-06-27,2175.50,2187.50,2187.50,2187.50,25470,0.85
2018-06-26,2157.25,2211.25,2211.25,2211.25,19450,0.08
2018-06-25,2155.50,2168.75,2168.75,2168.75,20790,-0.94
2018-06-22,2176.00,2192.50,2192.50,2192.50,29860,-0.18
2018-06-21,2180.00,2205.00,2205.00,2205.00,57990,0.61
2018-06-20,2166.75,2186.50,2186.50,2186.50,33790,-0.20
2018-06-19,2171.00,2196.25,2196.25,2196.25,68750,-2.04
2018-06-18,2216.25,2248.00,2248.00,2248.00,25190,0.67
2018-06-15,2201.50,2219.50,2219.50,2219.50,19560,-2.34
2018-06-14,2254.25,2263.00,2263.00,2263.00,27670,-0.86
2018-06-13,2273.75,2284.00,2284.00,2284.00,40400,-1.18
2018-06-12,2301.00,2301.00,2301.00,2301.00,22800,0.07
2018-06-11,2299.50,2312.00,2312.00,2312.00,39520,0.09
2018-06-08,2297.50,2308.75,2308.75,2308.75,28910,-0.53
2018-06-07,2309.75,2287.50,2318.50,2287.50,24670,-1.42
2018-06-06,2343.00,2341.25,2341.25,2341.25,17740,1.45
2018-06-05,2309.50,2330.00,2330.00,2330.00,21520,-0.15
2018-06-04,2313.00,2319.75,2319.75,2319.75,21140,0.46
2018-06-01,2302.50,2304.50,2304.50,2304.50,12690,0.57
2018-05-31,2289.50,2298.25,2298.25,2298.25,21210,0.97
2018-05-30,2267.50,2272.25,2272.25,2272.25,15140,-0.23
2018-05-29,2272.75,2274.25,2279.25,2274.25,16050,0.50
2018-05-25,2261.50,2278.00,2278.00,2275.25,12280,-0.83
2018-05-24,2280.50,2303.25,2303.25,2303.25,21860,0.51
2018-05-23,2269.00,2274.50,2274.50,2274.50,31830,0.01
2018-05-22,2268.75,2273.75,2280.25,2273.75,13700,-0.47
2018-05-21,2279.50,2288.25,2288.25,2288.25,29950,0.40
2018-05-18,2270.50,2280.25,2280.25,2280.25,31650,-1.02
2018-05-17,2294.00,2323.25,2323.25,2323.25,19380,-0.99
2018-05-16,2317.00,2326.50,2326.50,2326.50,42110,-0.43
2018-05-15,2327.00,2332.00,2332.00,2332.00,57120,-0.36
2018-05-14,2335.50,2318.75,2322.00,2318.75,26100,1.61
2018-05-11,2298.50,2270.00,2270.00,2270.00,50150,-2.07
2018-05-10,2347.00,2331.25,2331.25,2331.25,47600,-1.63
2018-05-09,2386.00,2381.00,2381.00,2381.00,69660,-0.23
2018-05-08,2391.50,2374.75,2374.75,2374.75,52190,0.48
2018-05-04,2380.00,2350.25,2350.25,2350.25,38670,4.25
2018-05-03,2283.00,2280.00,2280.00,2280.00,35360,-2.16
2018-05-02,2333.50,2325.00,2328.25,2325.00,44310,2.84
2018-05-01,2269.00,2251.75,2251.75,2251.75,26770,0.33
2018-04-30,2261.50,2263.50,2263.50,2263.50,26880,1.50
2018-04-27,2228.00,2276.25,2300.50,2210.25,31020,-2.30
2018-04-26,2280.50,2279.50,2279.50,2279.50,30870,1.42
2018-04-25,2248.50,2230.50,2242.75,2230.50,33520,0.83
2018-04-24,2230.00,2211.25,2211.25,2211.25,54340,-2.96
2018-04-23,2298.00,2296.00,2296.00,2296.00,35650,-7.17
2018-04-20,2475.50,2491.50,2491.50,2491.50,39820,-0.60
2018-04-19,2490.50,2489.75,2489.75,2489.75,65160,-1.83
2018-04-18,2537.00,2556.00,2556.00,2556.00,152040,5.50
2018-04-17,2404.75,2420.00,2420.00,2410.00,39390,-0.13
2018-04-16,2408.00,2389.75,2389.75,2389.75,54650,5.11
2018-04-13,2291.00,2331.25,2331.25,2331.25,96320,-2.14
2018-04-12,2341.00,2289.75,2332.25,2289.75,87730,3.81
2018-04-11,2255.00,2255.25,2255.25,2255.25,88650,2.26
2018-04-10,2205.25,2225.00,2225.00,2225.00,95630,2.90
2018-04-09,2143.00,2117.75,2117.75,2117.75,121890,5.05
2018-04-06,2040.00,2036.50,2036.50,2036.50,52220,1.73
2018-04-05,2005.25,1991.75,1991.75,1991.75,41510,0.88
2018-04-04,1987.75,1975.25,1975.25,1975.25,48830,0.58
2018-04-03,1976.25,1983.00,1983.00,1983.00,49000,-1.35
2018-03-29,2003.25,1990.25,1990.25,1990.25,58890,-1.10
2018-03-28,2025.50,2016.25,2016.25,2016.25,36010,-0.88
2018-03-27,2043.50,2028.50,2028.50,2028.50,34610,-0.38
2018-03-26,2051.25,2034.50,2034.50,2034.50,29100,0.02
2018-03-23,2050.75,2039.75,2040.75,2039.00,25070,-1.17
2018-03-22,2075.00,2057.75,2061.25,2057.25,27560,-0.31
2018-03-21,2081.50,2067.88,2080.50,2050.25,39410,0.26
2018-03-20,2076.00,2067.88,2069.13,2065.13,85930,-0.31
2018-03-19,2082.50,2077.38,2079.63,2075.13,28960,0.14
2018-03-16,2079.50,2066.25,2066.25,2061.75,8210,0.04
2018-03-15,2078.75,2068.50,2069.75,2065.75,27690,-0.24
2018-03-14,2083.75,2073.25,2073.75,2070.00,23100,-0.67
2018-03-13,2097.75,2097.75,2097.75,2097.75,23980,0.60
2018-03-12,2085.25,2079.25,2079.75,2075.25,31280,-1.42
2018-03-09,2115.25,2104.88,2106.50,2102.63,30590,0.67
2018-03-08,2101.25,2094.00,2094.50,2091.00,36480,0.43
2018-03-07,2092.25,2093.00,2093.25,2085.75,44740,-2.39
2018-03-06,2143.50,2131.00,2135.00,2130.75,16320,-0.01
2018-03-05,2143.75,2137.63,2142.75,2135.25,21070,-0.20
2018-03-02,2148.00,2147.50,2148.00,2145.00,22080,0.07
2018-03-01,2146.50,2153.00,2153.00,2144.25,20210,0.70
2018-02-28,2131.50,2126.50,2127.50,2121.00,33470,-0.70
2018-02-27,2146.50,2139.63,2142.25,2139.38,15650,0.41
2018-02-26,2137.75,2133.00,2134.50,2132.25,9300,-0.11
2018-02-23,2140.00,2144.50,2145.25,2143.25,15500,-2.08
2018-02-22,2185.50,2187.00,2188.00,2181.25,9360,-0.75
2018-02-21,2202.00,2206.50,2208.75,2200.00,15650,0.73
2018-02-20,2186.00,2184.00,2186.00,2183.25,16970,-1.29
2018-02-19,2214.50,2206.25,2210.50,2199.25,24240,0.34
2018-02-16,2207.00,2204.25,2206.75,2195.50,34060,2.09
2018-02-15,2161.75,2162.00,2162.00,2152.25,20370,-0.60
2018-02-14,2174.75,2184.50,2184.50,2179.00,33810,1.81
2018-02-13,2136.00,2140.25,2140.50,2137.50,30580,0.56
2018-02-12,2124.00,2124.25,2152.75,2119.25,33260,0.09
2018-02-09,2122.00,2134.75,2135.75,2130.25,33790,-2.17
2018-02-08,2169.00,2179.75,2180.50,2176.25,32190,0.60
2018-02-07,2156.00,2165.25,2168.25,2163.00,27170,-0.51
2018-02-06,2167.00,2173.25,2174.50,2172.00,26600,-1.90
2018-02-05,2209.00,2211.00,2213.00,2207.25,22190,0.02
2018-02-02,2208.50,2215.75,2217.25,2215.75,19790,-0.69
2018-02-01,2223.75,2235.50,2238.25,2234.25,13480,0.24
2018-01-31,2218.50,2212.50,2214.25,2209.75,35620,0.57
2018-01-30,2206.00,2218.00,2225.75,2216.50,16920,-0.80
2018-01-29,2223.75,2228.75,2230.50,2228.25,12630,-1.47
2018-01-26,2257.00,2234.50,2266.00,2226.00,12580,0.71
2018-01-25,2241.00,2234.50,2237.75,2233.75,10380,-0.41
2018-01-24,2250.25,2247.50,2248.75,2247.25,14010,0.92
2018-01-23,2229.75,2225.00,2227.75,2225.00,11220,-0.86
2018-01-22,2249.00,2248.75,2251.25,2247.75,8750,1.28
2018-01-19,2220.50,2222.75,2223.50,2220.25,17460,-0.91
2018-01-18,2241.00,2250.00,2253.25,2247.75,75760,2.26
2018-01-17,2191.50,2199.25,2200.75,2192.75,11610,0.14
2018-01-16,2188.50,2192.25,2193.50,2191.50,13540,-1.59
2018-01-15,2223.75,2220.00,2223.75,2219.00,30330,0.59
2018-01-12,2210.75,2211.25,2214.50,2208.50,59950,1.77
2018-01-11,2172.25,2172.00,2174.00,2171.25,53770,-0.31
2018-01-10,2179.00,2169.50,2171.75,2168.50,68320,1.37
2018-01-09,2149.50,2141.75,2145.75,2138.50,47910,-1.08
2018-01-08,2173.00,2160.75,2162.50,2160.75,50210,-1.31
2018-01-05,2201.75,2189.50,2192.25,2189.25,31430,-2.14
2018-01-04,2250.00,2236.25,2236.25,2231.25,35900,0.96
2018-01-03,2228.50,2220.00,2222.25,2217.25,41070,-1.70
2018-01-02,2267.00,2253.50,2258.00,2253.50,50520,-0.20
2017-12-29,2271.50,2270.50,2271.75,2267.75,41020,-0.72
2017-12-28,2288.00,2272.00,2272.00,2267.00,44790,1.42
2017-12-27,2256.00,2235.75,2245.00,2235.75,46090,2.83
2017-12-22,2194.00,2180.75,2181.50,2168.25,36780,2.14
2017-12-21,2148.00,2137.00,2137.75,2135.00,67300,1.21
2017-12-20,2122.25,2109.25,2110.50,2108.75,21010,1.08
2017-12-19,2099.50,2090.00,2091.25,2088.75,54830,1.44
2017-12-18,2069.75,2062.38,2063.63,2061.88,17380,0.35
2017-12-15,2062.50,2025.75,2057.75,2020.50,24940,0.82
2017-12-14,2045.75,2025.75,2028.25,2025.00,20620,2.02
2017-12-13,2005.25,1995.25,1997.75,1993.75,31790,-0.36
2017-12-12,2012.50,1998.00,1998.25,1995.25,29040,-0.28
2017-12-11,2018.25,2011.25,2011.25,2008.25,24570,0.52
2017-12-08,2007.75,1998.25,2000.75,1994.00,15560,0.01
2017-12-07,2007.50,1996.75,2002.00,1996.75,24880,-0.46
2017-12-06,2016.75,2003.75,2008.25,2003.75,21650,-1.61
2017-12-05,2049.75,2040.25,2040.75,2037.25,18610,-0.81
2017-12-04,2066.50,2056.75,2057.50,2054.75,18760,-0.30
2017-12-01,2072.75,2063.00,2063.00,2058.75,21280,1.28
2017-11-30,2046.50,2031.75,2034.75,2029.50,66380,-0.99
2017-11-29,2067.00,2044.08,2054.50,2039.70,18730,-1.65
2017-11-28,2101.75,2084.75,2089.75,2084.75,16140,-1.53
2017-11-27,2134.50,2124.00,2124.25,2120.50,9230,0.11
2017-11-24,2132.25,2119.00,2120.25,2118.00,6860,0.90
2017-11-23,2113.25,2103.75,2103.75,2098.50,5020,0.30
2017-11-22,2107.00,2091.50,2091.75,2089.25,11340,1.20
2017-11-21,2082.00,2073.00,2076.75,2072.25,36990,-0.18
2017-11-20,2085.75,2074.25,2075.00,2073.25,10720,-0.89
2017-11-17,2104.50,2098.25,2098.25,2096.25,8440,0.10
2017-11-16,2102.50,2089.88,2099.88,2089.88,8520,-0.18
2017-11-15,2106.25,2092.50,2094.25,2092.25,11090,1.15
2017-11-14,2082.25,2078.13,2078.88,2070.38,32400,-0.99
2017-11-13,2103.00,2102.50,2105.50,2097.00,26250,0.33
2017-11-10,2096.00,2089.75,2093.00,2089.50,31520,0.38
2017-11-09,2088.00,2076.00,2078.75,2075.75,36800,-0.77
2017-11-08,2104.25,2088.13,2092.13,2086.38,28200,-1.10
2017-11-07,2127.75,2120.25,2121.50,2118.25,32390,-1.83
2017-11-06,2167.50,2153.50,2155.25,2152.00,12770,-0.68
2017-11-03,2182.25,2169.63,2173.35,2169.60,20740,0.50
2017-11-02,2171.50,2159.00,2162.25,2158.75,24500,-0.56
2017-11-01,2183.75,2159.75,2164.00,2157.50,22780,1.17
2017-10-31,2158.50,2150.63,2153.50,2149.63,15730,-0.15
2017-10-30,2161.75,2144.00,2149.75,2143.50,14580,-0.28
2017-10-27,2167.75,2155.50,2155.50,2155.50,16050,-1.03
2017-10-26,2190.25,2180.25,2180.25,2180.25,14050,0.18
2017-10-25,2186.25,2178.75,2178.75,2178.75,8460,1.45
2017-10-24,2155.00,2149.75,2149.75,2144.00,12200,0.84
2017-10-23,2137.00,2137.00,2137.00,2137.00,8960,0.02
2017-10-20,2136.50,2125.50,2125.50,2125.50,16090,-0.81
2017-10-19,2154.00,2154.00,2154.00,2154.00,21450,1.53
2017-10-18,2121.50,2121.50,2121.50,2121.50,27610,-0.86
2017-10-17,2140.00,2126.50,2126.50,2126.50,50000,0.46
2017-10-16,2130.25,2122.25,2122.25,2122.25,31820,-0.01
2017-10-13,2130.50,2114.25,2114.25,2110.00,24610,-0.59
2017-10-12,2143.25,2126.25,2126.25,2126.25,45880,0.78
2017-10-11,2126.75,2108.00,2108.00,2108.00,43430,-1.53
2017-10-10,2159.75,2142.25,2142.50,2142.25,34280,-0.50
2017-10-09,2170.50,2151.50,2151.50,2151.50,41420,0.91
2017-10-06,2151.00,2151.00,2151.00,2151.00,29970,-0.81
2017-10-05,2168.50,2151.00,2151.00,2151.00,27570,0.25
2017-10-04,2163.00,2146.50,2146.50,2146.50,23000,1.66
2017-10-03,2127.75,2128.50,2128.50,2128.50,27790,1.43
2017-10-02,2097.75,2083.50,2083.50,2083.50,27700,-0.08
2017-09-29,2099.50,2084.38,2084.38,2081.38,28570,-1.37
2017-09-28,2128.75,2115.25,2115.25,2110.00,18580,-0.04
2017-09-27,2129.50,2105.50,2125.50,2101.25,166900,0.25
2017-09-26,2124.25,2105.50,2107.75,2105.50,164890,-1.08
2017-09-25,2147.50,2133.50,2133.50,2133.50,31560,-0.52
2017-09-22,2158.75,2140.25,2140.25,2140.25,21560,-0.59
2017-09-21,2171.50,2136.75,2136.75,2136.75,28990,-0.25
2017-09-20,2177.00,2106.25,2173.63,2101.00,102620,2.46
2017-09-19,2124.75,2106.25,2106.25,2106.25,38950,2.16
2017-09-18,2079.75,2079.75,2079.75,2079.75,36900,0.10
2017-09-15,2077.75,2077.75,2077.75,2077.75,43310,-0.60
2017-09-14,2090.25,2073.00,2073.00,2073.00,41070,-0.58
2017-09-13,2102.50,2079.75,2079.75,2079.75,43160,-1.31
2017-09-12,2130.50,2114.25,2114.25,2114.25,35080,0.66
2017-09-11,2116.50,2116.50,2116.50,2116.50,33970,1.03
2017-09-08,2095.00,2072.75,2072.75,2072.75,21670,-0.39
2017-09-07,2103.25,2103.25,2103.25,2103.25,23810,0.10
2017-09-06,2101.25,2098.00,2098.00,2098.00,29310,0.39
2017-09-05,2093.00,2076.00,2076.00,2076.00,53870,-1.13
2017-09-04,2117.00,2117.00,2117.00,2117.00,11450,-0.82
2017-09-01,2134.50,2134.50,2134.50,2134.50,17610,0.87
2017-08-31,2116.00,2114.00,2114.00,2114.00,20750,1.41
2017-08-30,2086.50,2086.50,2086.50,2086.50,19220,-0.37
2017-08-29,2094.25,2081.00,2081.00,2081.00,19800,1.18
2017-08-25,2069.75,2056.75,2056.75,2056.75,13810,-1.71
2017-08-24,2105.75,2086.25,2086.25,2086.25,12110,0.45
2017-08-23,2096.25,2094.25,2094.25,2094.25,21050,1.06
2017-08-22,2074.25,2074.25,2074.25,2074.25,20260,-0.29
2017-08-21,2080.25,2075.50,2075.50,2075.50,12450,0.87
2017-08-18,2062.25,2052.88,2052.88,2051.13,16180,-0.67
2017-08-17,2076.25,2076.25,2076.25,2076.25,18630,-0.86
2017-08-16,2094.25,2078.75,2078.75,2078.75,27540,2.21
2017-08-15,2049.00,2039.00,2039.00,2039.00,60790,1.50
2017-08-14,2018.75,2018.75,2018.75,2018.75,27240,-1.04
2017-08-11,2040.00,2038.50,2038.50,2038.50,23650,0.31
2017-08-10,2033.75,2026.50,2026.50,2026.50,24480,0.47
2017-08-09,2024.25,2016.50,2016.50,2016.50,33490,-0.11
2017-08-08,2026.50,2012.50,2012.50,2012.50,41830,3.39
2017-08-07,1960.00,1955.25,1955.25,1955.25,19550,2.78
2017-08-04,1907.00,1907.00,1907.00,1907.00,14290,-0.30
2017-08-03,1912.75,1893.75,1893.75,1893.75,13820,-0.51
2017-08-02,1922.50,1908.00,1908.00,1907.50,14790,0.98
2017-08-01,1903.75,1890.75,1890.75,1890.75,18690,-0.57
2017-07-31,1914.75,1899.50,1899.50,1899.50,14150,0.54
2017-07-28,1904.50,1904.50,1904.50,1904.50,17750,-1.65
2017-07-27,1936.50,1919.75,1921.75,1919.75,13370,-0.23
2017-07-26,1941.00,1919.75,1919.75,1919.75,12840,0.61
2017-07-25,1929.25,1923.50,1923.50,1923.50,15660,0.93
2017-07-24,1911.50,1897.25,1897.25,1897.00,11670,-0.20
2017-07-21,1915.25,1901.50,1901.50,1901.50,13390,-0.09
2017-07-20,1917.00,1902.25,1902.25,1902.25,22830,-0.17
2017-07-19,1920.25,1908.00,1908.00,1908.00,16920,-0.56
2017-07-18,1931.00,1918.00,1918.00,1918.00,56240,0.93
2017-07-17,1913.25,1901.25,1907.00,1901.25,29400,-0.55
2017-07-14,1923.75,1910.00,1910.00,1910.00,29730,0.18
2017-07-13,1920.25,1909.75,1909.75,1909.75,52140,1.80
2017-07-12,1886.25,1876.25,1881.75,1876.25,53910,-0.59
2017-07-11,1897.50,1887.75,1887.75,1887.75,33360,0.13
2017-07-10,1895.00,1920.50,1925.75,1885.00,47410,-1.80
2017-07-07,1929.75,1921.50,1921.50,1920.50,23860,-0.72
2017-07-06,1943.75,1930.50,1936.50,1930.50,34590,0.79
2017-07-05,1928.50,1923.50,1924.50,1909.75,28200,0.04
2017-07-04,1927.75,1923.50,1923.50,1923.50,9910,0.05
2017-07-03,1926.75,1925.75,1925.75,1925.75,29130,0.38
2017-06-30,1919.50,1914.00,1914.00,1911.00,27310,0.20
2017-06-29,1915.75,1903.00,1909.25,1903.00,31990,1.02
2017-06-28,1896.50,1887.13,1887.13,1887.13,21150,0.69
2017-06-27,1883.50,1878.50,1878.50,1878.50,27960,1.15
2017-06-26,1862.00,1859.25,1859.25,1859.25,26500,-0.19
2017-06-23,1865.50,1857.25,1857.25,1857.25,21390,-0.27
2017-06-22,1870.50,1861.50,1861.50,1861.50,29220,0.17
2017-06-21,1867.25,1858.25,1858.25,1858.25,44200,-1.02
2017-06-20,1886.50,1878.50,1878.50,1878.50,73760,0.25
2017-06-19,1881.75,1881.00,1881.00,1881.00,27370,1.01
2017-06-16,1863.00,1860.00,1860.00,1860.00,20740,-0.25
2017-06-15,1867.75,1863.25,1863.25,1863.25,20650,-0.60
2017-06-14,1879.00,1867.50,1867.50,1867.50,18190,-0.36
2017-06-13,1885.75,1880.25,1880.25,1880.25,29230,-0.01
2017-06-12,1886.00,1878.50,1879.75,1878.50,30060,-1.00
2017-06-09,1905.00,1900.00,1900.00,1900.00,21760,0.21
2017-06-08,1901.00,1894.75,1894.75,1894.75,25860,-0.17
2017-06-07,1904.25,1896.88,1903.63,1896.88,33990,0.25
2017-06-06,1899.50,1898.55,1898.55,1898.55,20970,-0.11
2017-06-05,1901.50,1901.50,1901.50,1901.50,21500,-1.48
2017-06-02,1930.00,1923.25,1923.25,1923.25,18290,0.18
2017-06-01,1926.50,1923.75,1923.75,1923.75,17640,-0.06
2017-05-31,1927.75,1922.25,1928.75,1922.25,19720,0.12
2017-05-30,1925.50,1925.50,1925.50,1925.50,14850,-1.33
2017-05-26,1951.50,1944.88,1944.88,1944.88,17410,-0.47
2017-05-25,1960.75,1954.00,1954.00,1954.00,13150,0.78
2017-05-24,1945.50,1941.88,1941.88,1941.88,11350,0.09
2017-05-23,1943.75,1943.00,1943.00,1943.00,7540,0.27
2017-05-22,1938.50,1933.75,1933.75,1933.75,10620,-0.31
2017-05-19,1944.50,1944.50,1944.50,1944.50,13240,1.08
2017-05-18,1923.75,1916.75,1916.75,1916.75,10560,-0.08
2017-05-17,1925.25,1925.25,1925.25,1925.25,22330,0.12
2017-05-16,1923.00,1921.25,1924.25,1921.25,57750,1.09
2017-05-15,1902.25,1899.75,1899.75,1899.75,20330,0.69
2017-05-12,1889.25,1881.25,1889.00,1881.25,15040,0.84
2017-05-11,1873.50,1868.50,1875.25,1868.50,16160,0.54
2017-05-10,1863.50,1859.00,1867.00,1859.00,27080,-0.27
2017-05-09,1868.50,1865.25,1871.25,1864.00,57690,-0.51
2017-05-08,1878.00,1871.75,1877.00,1871.75,30030,-1.26
2017-05-05,1902.00,1893.50,1902.00,1893.50,34340,-0.50
2017-05-04,1911.50,1912.75,1920.50,1892.75,22180,-0.60
2017-05-03,1923.00,1912.75,1920.50,1912.75,21830,-0.30
2017-05-02,1928.75,1923.25,1931.25,1923.25,21850,0.92
2017-04-28,1911.25,1904.13,1916.88,1904.13,35130,-0.66
2017-04-27,1924.00,1918.75,1923.00,1918.75,18710,-2.07
2017-04-26,1964.75,1961.50,1964.00,1961.50,21700,0.08
2017-04-25,1963.25,1934.25,1957.75,1925.00,18330,0.89
2017-04-24,1946.00,1934.25,1942.75,1925.00,17610,0.62
2017-04-21,1934.00,1927.50,1934.00,1927.50,16580,-0.50
2017-04-20,1943.75,1934.00,1934.00,1894.00,25250,2.14
2017-04-19,1903.00,1903.50,1903.50,1894.25,47890,0.62
2017-04-18,1891.25,1887.75,1899.00,1887.75,18570,-0.83
2017-04-13,1907.00,1901.38,1901.38,1882.63,37990,0.57
2017-04-12,1896.25,1885.50,1894.75,1885.50,45930,-1.20
2017-04-11,1919.25,1906.75,1906.75,1906.75,47860,-0.29
2017-04-10,1924.75,1908.50,1916.50,1908.50,42970,-1.84
2017-04-07,1960.75,1950.75,1954.50,1950.75,71240,0.40
2017-04-06,1953.00,1942.50,1947.50,1942.50,27410,-0.42
2017-04-05,1961.25,1956.00,1959.50,1956.00,32200,1.17
2017-04-04,1938.50,1928.75,1933.50,1928.75,24120,-0.74
2017-04-03,1953.00,1944.00,1947.75,1944.00,40960,-0.57
2017-03-31,1964.25,1953.25,1953.25,1953.25,34420,-0.51
2017-03-30,1974.25,1971.50,1971.50,1971.50,32470,0.62
2017-03-29,1962.00,1965.25,1967.25,1965.25,29870,0.86
2017-03-28,1945.25,1934.75,1941.75,1934.75,21340,0.74
2017-03-27,1931.00,1930.25,1930.25,1930.25,15720,-0.49
2017-03-24,1940.50,1933.75,1933.75,1932.25,11790,0.30
2017-03-23,1934.75,1929.50,1929.75,1928.00,21190,0.57
2017-03-22,1923.75,1917.25,1929.75,1902.20,27380,-0.17
2017-03-21,1927.00,1917.25,1920.63,1915.25,68940,0.26
2017-03-20,1922.00,1914.50,1914.75,1909.75,20240,0.40
2017-03-17,1914.25,1908.75,1910.75,1908.25,16940,0.76
2017-03-16,1899.75,1897.50,1899.00,1893.75,18850,0.70
2017-03-15,1886.50,1877.25,1883.50,1876.75,13370,1.45
2017-03-14,1859.50,1858.50,1858.50,1852.75,42020,-0.93
2017-03-13,1877.00,1872.75,1874.25,1872.25,34490,0.00
2017-03-10,1877.00,1866.00,1868.25,1866.00,27380,0.63
2017-03-09,1865.25,1864.75,1866.00,1864.00,29090,-0.55
2017-03-08,1875.50,1861.75,1869.25,1861.75,26520,0.04
2017-03-07,1874.75,1874.25,1875.00,1871.50,33160,-0.01
2017-03-06,1875.00,1870.50,1873.00,1869.50,28410,-0.91
2017-03-03,1892.25,1885.00,1885.00,1883.00,19360,-1.01
2017-03-02,1911.50,1905.25,1906.00,1904.50,24210,-2.00
2017-03-01,1950.50,1943.50,1944.75,1939.00,36300,1.32
2017-02-28,1925.00,1916.75,1920.25,1916.00,46800,1.24
2017-02-27,1901.50,1900.25,1900.50,1897.00,30180,0.81
2017-02-24,1886.25,1881.50,1882.50,1878.50,28060,0.98
2017-02-23,1868.00,1859.00,1860.50,1857.50,29450,-0.91
2017-02-22,1885.25,1882.00,1885.25,1881.75,33190,-0.07
2017-02-21,1886.50,1874.50,1875.75,1871.00,17550,-0.74
2017-02-20,1900.50,1892.50,1895.00,1891.00,12020,1.09
2017-02-17,1880.00,1873.88,1875.63,1873.38,54870,-0.86
2017-02-16,1896.25,1894.75,1894.75,1893.00,19330,-0.88
2017-02-15,1913.00,1906.50,1907.25,1906.00,16010,1.38
2017-02-14,1887.00,1878.25,1888.00,1875.25,19290,1.04
2017-02-13,1867.50,1864.00,1865.25,1862.75,32630,-0.16
2017-02-10,1870.50,1858.25,1862.75,1858.25,28700,1.30
2017-02-09,1846.50,1833.75,1835.25,1833.00,33520,0.14
2017-02-08,1844.00,1830.25,1832.50,1829.75,27310,0.92
2017-02-07,1827.25,1817.25,1818.25,1814.00,26380,-0.25
2017-02-06,1831.75,1821.25,1823.75,1816.75,14580,-0.03
2017-02-03,1832.25,1823.50,1826.50,1821.50,17800,0.29
2017-02-02,1827.00,1810.25,1819.25,1809.75,30280,0.55
2017-02-01,1817.00,1805.75,1806.75,1803.50,22250,-0.06
2017-01-31,1818.00,1809.50,1811.25,1807.00,17470,0.97
2017-01-30,1800.50,1797.75,1799.00,1791.50,11900,-0.80
2017-01-27,1815.00,1813.75,1818.50,1813.00,11810,-0.23
2017-01-26,1819.25,1810.50,1813.75,1809.50,21840,-0.75
2017-01-25,1833.00,1832.25,1835.25,1830.00,13680,-1.83
2017-01-24,1867.25,1859.13,1862.75,1859.13,15800,0.93
2017-01-23,1850.00,1849.25,1850.75,1845.25,10240,0.22
2017-01-20,1846.00,1847.63,1848.88,1843.88,27540,1.10
2017-01-19,1826.00,1820.13,1820.63,1815.50,50610,-0.46
2017-01-18,1834.50,1811.75,1813.00,1809.50,23620,2.02
2017-01-17,1798.25,1796.10,1798.35,1796.10,25630,0.47
2017-01-16,1789.75,1784.10,1785.85,1783.85,23890,-0.95
2017-01-13,1807.00,1810.75,1811.75,1808.25,46980,1.06
2017-01-12,1788.00,1787.25,1791.25,1786.75,49620,1.78
2017-01-11,1756.75,1758.25,1758.75,1754.75,35610,0.50
2017-01-10,1748.00,1745.25,1746.25,1743.50,43540,1.33
2017-01-09,1725.00,1723.00,1726.50,1723.00,32330,0.77
2017-01-06,1711.75,1711.50,1719.75,1711.50,23700,0.63
2017-01-05,1701.00,1703.75,1704.75,1702.00,31230,1.01
2017-01-04,1684.00,1690.50,1690.75,1688.75,31890,-0.13
2017-01-03,1686.25,1687.25,1687.75,1686.25,35360,-0.38
2016-12-30,1692.75,1693.75,1698.00,1689.75,27660,0.82
2016-12-29,1679.00,1686.00,1689.00,1682.00,27890,-1.54
2016-12-28,1705.25,1706.50,1706.75,1705.00,25540,-0.86
2016-12-23,1720.00,1725.50,1726.00,1718.25,12090,-0.16
2016-12-22,1722.75,1726.75,1727.25,1725.75,32930,-0.17
2016-12-21,1725.75,1726.63,1728.63,1725.50,27950,0.26
2016-12-20,1721.25,1720.75,1724.00,1720.50,33320,0.64
2016-12-19,1710.25,1710.50,1710.75,1703.75,28380,-0.25
2016-12-16,1714.50,1746.00,1750.75,1720.00,22850,-1.10
2016-12-15,1733.50,1746.00,1749.00,1745.50,32830,-0.62
2016-12-14,1744.25,1750.50,1751.00,1748.50,20750,0.27
2016-12-13,1739.50,1746.25,1747.25,1743.00,33650,0.56
2016-12-12,1729.75,1742.50,1742.50,1738.75,14580,-1.10
2016-12-09,1749.00,1754.75,1755.00,1749.00,24470,1.51
2016-12-08,1723.00,1729.75,1733.00,1729.75,29220,0.97
2016-12-07,1706.50,1714.75,1719.50,1713.75,21230,-0.06
2016-12-06,1707.50,1710.75,1711.00,1708.00,17790,-1.47
2016-12-05,1733.00,1732.50,1732.75,1727.00,14720,1.18
2016-12-02,1712.75,1719.00,1721.50,1714.75,14460,-0.44
2016-12-01,1720.25,1722.00,1722.75,1720.00,14820,-0.62
2016-11-30,1731.00,1728.00,1730.75,1726.75,17490,0.64
2016-11-29,1720.00,1719.50,1723.00,1718.50,15810,-1.49
2016-11-28,1746.00,1736.50,1742.25,1728.50,15260,-0.61
2016-11-25,1756.75,1766.25,1770.25,1764.25,8800,-0.75
2016-11-24,1770.00,1765.50,1766.00,1762.50,9420,-0.45
2016-11-23,1778.00,1780.75,1784.00,1779.50,11180,1.01
2016-11-22,1760.25,1764.75,1766.00,1762.50,17220,2.21
2016-11-21,1722.25,1725.63,1726.13,1719.63,13310,1.62
2016-11-18,1694.75,1697.22,1700.22,1693.25,20800,0.37
2016-11-17,1688.50,1688.50,1688.50,1688.50,11340,-0.53
2016-11-16,1697.50,1697.50,1697.50,1697.50,22960,-2.16
2016-11-15,1735.00,1735.00,1735.00,1735.00,79500,0.14
2016-11-14,1732.50,1732.50,1732.50,1732.50,36910,-0.57
2016-11-11,1742.50,1742.50,1742.50,1742.50,51600,-1.47
2016-11-10,1768.50,1768.50,1768.50,1768.50,61310,0.97
2016-11-09,1751.50,1751.50,1751.50,1751.50,32910,1.26
2016-11-08,1729.75,1729.75,1729.75,1729.75,29090,0.20
2016-11-07,1726.25,1726.25,1726.25,1726.25,37890,0.25
2016-11-04,1722.00,1722.00,1722.00,1722.00,18280,-0.61
2016-11-03,1732.50,1732.50,1732.50,1732.50,20200,0.29
2016-11-02,1727.50,1727.50,1727.50,1727.50,16400,-0.52
2016-11-01,1736.50,1736.50,1736.50,1736.50,22170,0.07
2016-10-31,1735.25,1735.25,1735.25,1735.25,28190,0.89
2016-10-28,1720.00,1720.00,1720.00,1720.00,20330,1.21
2016-10-27,1699.50,1699.50,1699.50,1699.50,39610,1.19
2016-10-26,1679.50,1679.50,1679.50,1679.50,16670,0.63
2016-10-25,1669.00,1669.00,1669.00,1669.00,27340,2.36
2016-10-24,1630.50,1630.50,1630.50,1630.50,18550,0.32
2016-10-21,1625.25,1625.25,1625.25,1625.25,23110,0.81
2016-10-20,1612.25,1612.25,1612.25,1612.25,26160,-1.20
2016-10-19,1631.75,1631.75,1631.75,1631.75,40450,-0.62
2016-10-18,1642.00,1642.00,1642.00,1642.00,72930,-0.91
2016-10-17,1657.00,1657.00,1657.00,1657.00,48320,-0.90
2016-10-14,1672.00,1672.00,1672.00,1672.00,22040,-1.05
2016-10-13,1689.75,1689.75,1689.75,1689.75,33540,0.40
2016-10-12,1683.00,1683.00,1683.00,1683.00,205990,0.34
2016-10-11,1677.25,1677.25,1677.25,1677.25,176340,-0.70
2016-10-10,1689.00,1689.00,1689.00,1689.00,55300,0.81
2016-10-07,1675.50,1675.50,1675.50,1675.50,36750,-0.12
2016-10-06,1677.50,1677.50,1677.50,1677.50,75440,0.13
2016-10-05,1675.25,1675.25,1675.25,1675.25,25550,0.36
2016-10-04,1669.25,1669.25,1669.25,1669.25,35940,-0.52
2016-10-03,1678.00,1678.00,1678.00,1678.00,28350,0.21
2016-09-30,1674.50,1674.50,1674.50,1674.50,36340,0.12
2016-09-29,1672.50,1672.50,1672.50,1672.50,20560,0.38
2016-09-28,1666.25,1666.25,1666.25,1666.25,29120,0.85
2016-09-27,1652.25,1652.25,1652.25,1652.25,38260,-0.59
2016-09-26,1662.00,1662.00,1662.00,1662.00,27770,1.42
2016-09-23,1638.75,1638.75,1638.75,1638.75,35910,0.21
2016-09-22,1635.25,1635.25,1635.25,1635.25,36760,3.24
2016-09-21,1584.00,1584.00,1584.00,1584.00,38670,0.49
2016-09-20,1576.25,1576.25,1576.25,1576.25,51510,-0.06
2016-09-19,1577.25,1577.25,1577.25,1577.25,16590,0.43
2016-09-16,1570.50,1570.50,1570.50,1570.50,12180,0.26
2016-09-15,1566.50,1566.50,1566.50,1566.50,12010,-0.82
2016-09-14,1579.50,1579.50,1579.50,1579.50,22970,1.28
2016-09-13,1559.50,1559.50,1559.50,1559.50,22140,-0.19
2016-09-12,1562.50,1562.50,1562.50,1562.50,22580,-0.70
2016-09-09,1573.50,1573.50,1573.50,1573.50,22300,-0.80
2016-09-08,1586.25,1586.25,1586.25,1586.25,17230,-0.16
2016-09-07,1588.75,1588.75,1588.75,1588.75,18800,0.24
2016-09-06,1585.00,1585.00,1585.00,1585.00,15010,0.57
2016-09-05,1576.00,1576.00,1576.00,1576.00,7560,-0.88
2016-09-02,1590.00,1590.00,1590.00,1590.00,14850,-1.30
2016-09-01,1611.00,1611.00,1611.00,1611.00,17840,0.02
2016-08-31,1610.75,1610.75,1610.75,1610.75,29810,-1.04
2016-08-30,1627.75,1627.75,1627.75,1627.75,21460,-0.84
2016-08-26,1641.50,1641.50,1641.50,1641.50,10470,-0.14
2016-08-25,1643.75,1643.75,1643.75,1643.75,18940,-0.12
2016-08-24,1645.75,1645.75,1645.75,1645.75,18660,-1.41
2016-08-23,1669.25,1669.25,1669.25,1669.25,7290,0.10
2016-08-22,1667.50,1667.50,1667.50,1667.50,9660,0.01
2016-08-19,1667.25,1667.25,1667.25,1667.25,12890,-0.97
2016-08-18,1683.50,1683.50,1683.50,1683.50,15480,-0.66
2016-08-17,1694.75,1694.75,1694.75,1694.75,24580,0.10
2016-08-16,1693.00,1693.00,1693.00,1693.00,58250,1.23
2016-08-15,1672.50,1672.50,1672.50,1672.50,25340,1.30
2016-08-12,1651.00,1651.00,1651.00,1651.00,9450,0.12
2016-08-11,1649.00,1649.00,1649.00,1649.00,13070,0.37
2016-08-10,1643.00,1643.00,1643.00,1643.00,17320,0.29
2016-08-09,1638.25,1638.25,1638.25,1638.25,24840,-0.06
2016-08-08,1639.25,1639.25,1639.25,1639.25,20210,-0.17
2016-08-05,1642.00,1642.00,1642.00,1642.00,10340,1.37
2016-08-04,1619.75,1619.75,1619.75,1619.75,12370,-1.23
2016-08-03,1640.00,1640.00,1640.00,1640.00,20150,1.05
2016-08-02,1623.00,1623.00,1623.00,1623.00,17190,-0.64
2016-08-01,1633.50,1633.50,1633.50,1633.50,20350,-0.64
2016-07-29,1644.00,1644.00,1644.00,1644.00,19050,2.22
2016-07-28,1608.25,1608.25,1608.25,1608.25,14220,1.05
2016-07-27,1591.50,1591.50,1591.50,1591.50,17820,0.00
2016-07-26,1591.50,1591.50,1591.50,1591.50,12550,-0.83
2016-07-25,1604.75,1604.75,1604.75,1604.75,11060,-0.40
2016-07-22,1611.25,1611.25,1611.25,1611.25,20580,0.64
2016-07-21,1601.00,1601.00,1601.00,1601.00,16840,-1.49
2016-07-20,1625.25,1625.25,1625.25,1625.25,20880,-1.32
2016-07-19,1647.00,1647.00,1647.00,1647.00,37310,-0.47
2016-07-18,1654.75,1654.75,1654.75,1654.75,19720,-0.60
2016-07-15,1664.75,1664.75,1664.75,1664.75,20130,-0.94
2016-07-14,1680.50,1680.50,1680.50,1680.50,19620,0.60
2016-07-13,1670.50,1670.50,1670.50,1670.50,36740,-0.21
2016-07-12,1674.00,1674.00,1674.00,1674.00,45780,1.36
2016-07-11,1651.50,1651.50,1651.50,1651.50,31030,-0.72
2016-07-08,1663.50,1663.50,1663.50,1663.50,26470,1.57
2016-07-07,1637.75,1637.75,1637.75,1637.75,21160,-0.91
2016-07-06,1652.75,1652.75,1652.75,1652.75,28140,-0.17
2016-07-05,1655.50,1655.50,1655.50,1655.50,27280,0.26
2016-07-04,1651.25,1651.25,1651.25,1651.25,20570,-0.90
2016-07-01,1666.25,1666.25,1666.25,1666.25,34720,0.91
2016-06-30,1651.25,1651.25,1651.25,1651.25,37970,0.86
2016-06-29,1637.25,1637.25,1637.25,1637.25,31360,0.75
2016-06-28,1625.00,1625.00,1625.00,1625.00,16110,1.77
2016-06-27,1596.75,1596.75,1596.75,1596.75,11780,-1.36
2016-06-24,1618.75,1618.75,1618.75,1618.75,16530,-1.49
2016-06-23,1643.25,1643.25,1643.25,1643.25,19950,0.49
2016-06-22,1635.25,1635.25,1635.25,1635.25,21310,-0.02
2016-06-21,1635.50,1635.50,1635.50,1635.50,52780,0.14
2016-06-20,1633.15,1633.15,1633.15,1633.15,29070,1.12
2016-06-17,1615.00,1615.00,1615.00,1615.00,20460,0.64
2016-06-16,1604.75,1604.75,1604.75,1604.75,20980,-1.37
2016-06-15,1627.00,1627.00,1627.00,1627.00,22820,0.99
2016-06-14,1611.00,1611.00,1611.00,1611.00,40540,0.85
2016-06-13,1597.50,1597.50,1597.50,1597.50,18350,1.70
2016-06-10,1570.75,1570.75,1570.75,1570.75,22270,-0.22
2016-06-09,1574.25,1574.25,1574.25,1574.25,24330,-1.69
2016-06-08,1601.25,1601.25,1601.25,1601.25,25720,2.56
2016-06-07,1561.25,1561.25,1561.25,1561.25,22760,0.77
2016-06-06,1549.25,1549.25,1549.25,1549.25,13040,0.50
2016-06-03,1541.50,1541.50,1541.50,1541.50,14270,0.26
2016-06-02,1537.50,1537.50,1537.50,1537.50,15910,-1.85
2016-06-01,1566.50,1566.50,1566.50,1566.50,17830,0.82
2016-05-31,1553.75,1553.75,1553.75,1553.75,15750,-0.05
2016-05-27,1554.50,1554.50,1554.50,1554.50,14760,-0.02
2016-05-26,1554.75,1554.75,1554.75,1554.75,17310,0.73
2016-05-25,1543.50,1543.50,1543.50,1543.50,10440,-0.77
2016-05-24,1555.50,1555.50,1555.50,1555.50,14430,0.13
2016-05-23,1553.50,1553.50,1553.50,1553.50,8490,0.42
2016-05-20,1547.00,1547.00,1547.00,1547.00,14370,0.13
2016-05-19,1545.00,1545.00,1545.00,1545.00,15460,-0.43
2016-05-18,1551.75,1551.75,1551.75,1551.75,28650,0.44
2016-05-17,1545.00,1545.00,1545.00,1545.00,55010,0.13
2016-05-16,1543.00,1543.00,1543.00,1543.00,12690,0.82
2016-05-13,1530.50,1530.50,1530.50,1530.50,25190,-0.68
2016-05-12,1541.00,1541.00,1541.00,1541.00,19680,-1.27
2016-05-11,1560.75,1560.75,1560.75,1560.75,18870,0.61
2016-05-10,1551.25,1551.25,1551.25,1551.25,26680,-0.47
2016-05-09,1558.50,1558.50,1558.50,1558.50,27780,-2.41
2016-05-06,1597.00,1597.00,1597.00,1597.00,25440,-0.68
2016-05-05,1608.00,1608.00,1608.00,1608.00,20560,-1.53
2016-05-04,1633.00,1633.00,1633.00,1633.00,19340,-0.03
2016-05-03,1633.50,1633.50,1633.50,1633.50,28470,-2.87
2016-04-29,1681.75,1681.75,1681.75,1681.75,25900,0.84
2016-04-28,1667.75,1667.75,1667.75,1667.75,30950,1.38
2016-04-27,1645.00,1645.00,1645.00,1645.00,19600,-0.30
2016-04-26,1650.00,1650.00,1650.00,1650.00,13810,-0.39
2016-04-25,1656.50,1656.50,1656.50,1656.50,10200,0.12
2016-04-22,1654.50,1654.50,1654.50,1654.50,13410,1.07
2016-04-21,1637.00,1637.00,1637.00,1637.00,23550,0.92
2016-04-20,1622.00,1622.00,1622.00,1622.00,110210,2.27
2016-04-19,1586.00,1586.00,1586.00,1586.00,27270,0.89
2016-04-18,1572.00,1572.00,1572.00,1572.00,35880,1.19
2016-04-15,1553.50,1553.50,1553.50,1553.50,29620,-0.22
2016-04-14,1557.00,1557.00,1557.00,1557.00,38760,0.06
2016-04-13,1556.00,1556.00,1556.00,1556.00,41620,1.70
2016-04-12,1530.00,1530.00,1530.00,1530.00,37650,1.69
2016-04-11,1504.50,1504.50,1504.50,1504.50,26250,-0.74
2016-04-08,1515.75,1515.75,1515.75,1515.75,21810,1.13
2016-04-07,1498.75,1498.75,1498.75,1498.75,38010,-0.78
2016-04-06,1510.50,1510.50,1510.50,1510.50,26490,-0.46
2016-04-05,1517.50,1517.50,1517.50,1517.50,27030,-0.95
2016-04-04,1532.00,1532.00,1532.00,1532.00,21490,-0.02
2016-04-01,1532.25,1532.25,1532.25,1532.25,28300,1.04
2016-03-31,1516.50,1516.50,1516.50,1516.50,30430,1.64
2016-03-30,1492.00,1492.00,1492.00,1492.00,32020,0.45
2016-03-29,1485.25,1485.25,1485.25,1485.25,45340,0.80
2016-03-24,1473.50,1473.50,1473.50,1473.50,33780,-0.27
2016-03-23,1477.50,1477.50,1477.50,1477.50,29370,-1.42
2016-03-22,1498.75,1498.75,1498.75,1498.75,33130,-0.81
2016-03-21,1511.00,1511.00,1511.00,1511.00,26340,-0.66
2016-03-18,1521.00,1521.00,1521.00,1521.00,28290,-0.54
2016-03-17,1529.25,1529.25,1529.25,1529.25,30400,1.34
2016-03-16,1509.00,1509.00,1509.00,1509.00,39010,-0.72
2016-03-15,1520.00,1520.00,1520.00,1520.00,71700,-1.30
2016-03-14,1540.00,1540.00,1540.00,1540.00,24000,-1.28
2016-03-11,1560.00,1560.00,1560.00,1560.00,23990,0.13
2016-03-10,1558.00,1558.00,1558.00,1558.00,26870,-1.38
2016-03-09,1579.75,1579.75,1579.75,1579.75,25070,0.86
2016-03-08,1566.25,1566.25,1566.25,1566.25,22320,-1.99
2016-03-07,1598.00,1598.00,1598.00,1598.00,17220,0.74
2016-03-04,1586.25,1586.25,1586.25,1586.25,15020,0.62
2016-03-03,1576.50,1576.50,1576.50,1576.50,27240,-0.77
2016-03-02,1588.75,1588.75,1588.75,1588.75,15700,1.02
2016-03-01,1572.75,1572.75,1572.75,1572.75,19350,-0.05
2016-02-29,1573.50,1573.50,1573.50,1573.50,13060,0.80
2016-02-26,1561.00,1561.00,1561.00,1561.00,15890,0.19
2016-02-25,1558.00,1558.00,1558.00,1558.00,26510,-0.67
2016-02-24,1568.50,1568.50,1568.50,1568.50,26400,1.23
2016-02-23,1549.50,1549.50,1549.50,1549.50,12280,-1.67
2016-02-22,1575.75,1575.75,1575.75,1575.75,37950,1.60
2016-02-19,1551.00,1551.00,1551.00,1551.00,23140,2.24
2016-02-18,1517.00,1517.00,1517.00,1517.00,40370,-0.05
2016-02-17,1517.75,1517.75,1517.75,1517.75,14980,-0.21
2016-02-16,1521.00,1521.00,1521.00,1521.00,13940,0.75
2016-02-15,1509.75,1509.75,1509.75,1509.75,11300,0.89
2016-02-12,1496.50,1496.50,1496.50,1496.50,15510,1.05
2016-02-11,1481.00,1481.00,1481.00,1481.00,18450,0.34
2016-02-10,1476.00,1476.00,1476.00,1476.00,39400,-0.08
2016-02-09,1477.25,1477.25,1477.25,1477.25,33590,-1.40
2016-02-08,1498.25,1498.25,1498.25,1498.25,32400,0.12
2016-02-05,1496.50,1496.50,1496.50,1496.50,42550,-2.43
2016-02-04,1533.75,1533.75,1533.75,1533.75,20980,0.61
2016-02-03,1524.50,1524.50,1524.50,1524.50,25220,1.60
2016-02-02,1500.50,1500.50,1500.50,1500.50,27890,-1.33
2016-02-01,1520.75,1520.75,1520.75,1520.75,15410,0.10
2016-01-29,1519.25,1519.25,1519.25,1519.25,19570,0.35
2016-01-28,1514.00,1514.00,1514.00,1514.00,22480,-0.85
2016-01-27,1527.00,1527.00,1527.00,1527.00,16290,2.09
2016-01-26,1495.75,1495.75,1495.75,1495.75,25450,1.30
2016-01-25,1476.50,1476.50,1476.50,1476.50,15690,-0.39
2016-01-22,1482.25,1482.25,1482.25,1482.25,11080,-0.02
2016-01-21,1482.50,1482.50,1482.50,1482.50,13350,0.92
2016-01-20,1469.00,1469.00,1469.00,1469.00,46110,-0.81
2016-01-19,1481.00,1481.00,1481.00,1481.00,24770,0.05
2016-01-18,1480.25,1480.25,1480.25,1480.25,30700,0.49
2016-01-15,1473.00,1473.00,1473.00,1473.00,32840,-0.67
2016-01-14,1483.00,1483.00,1483.00,1483.00,51600,1.40
2016-01-13,1462.50,1462.50,1462.50,1462.50,50560,0.90
2016-01-12,1449.50,1449.50,1449.50,1449.50,43920,-0.65
2016-01-11,1459.00,1459.00,1459.00,1459.00,49910,-2.20
2016-01-08,1491.75,1491.75,1491.75,1491.75,48780,1.24
2016-01-07,1473.50,1473.50,1473.50,1473.50,29900,-0.03
2016-01-06,1474.00,1474.00,1474.00,1474.00,27610,0.79
2016-01-05,1462.50,1462.50,1462.50,1462.50,65090,-0.71
2016-01-04,1473.00,1473.00,1473.00,1473.00,35960,-2.30
2015-12-31,1507.75,1507.75,1507.75,1507.75,14670,-1.37
2015-12-30,1528.75,1528.75,1528.75,1528.75,17340,-0.46
2015-12-29,1535.75,1535.75,1535.75,1535.75,22050,0.11
2015-12-24,1534.00,1534.00,1534.00,1534.00,16510,-0.20
2015-12-23,1537.00,1537.00,1537.00,1537.00,31420,1.92
2015-12-22,1508.00,1508.00,1508.00,1508.00,19920,-0.36
2015-12-21,1513.50,1513.50,1513.50,1513.50,27450,0.48
2015-12-18,1506.25,1506.25,1506.25,1506.25,24210,2.01
2015-12-17,1476.50,1476.50,1476.50,1476.50,28080,-0.64
2015-12-16,1486.00,1486.00,1486.00,1486.00,51810,1.02
2015-12-15,1471.00,1471.00,1471.00,1471.00,31590,-1.44
2015-12-14,1492.50,1492.50,1492.50,1492.50,25340,0.62
2015-12-11,1483.25,1483.25,1483.25,1483.25,37750,-0.57
2015-12-10,1491.75,1491.75,1491.75,1491.75,29300,0.07
2015-12-09,1490.75,1490.75,1490.75,1490.75,29720,0.93
2015-12-08,1477.00,1477.00,1477.00,1477.00,36780,-0.54
2015-12-07,1485.00,1485.00,1485.00,1485.00,23710,-1.98
2015-12-04,1515.00,1515.00,1515.00,1515.00,35960,2.75
2015-12-03,1474.50,1474.50,1474.50,1474.50,21390,-0.84
2015-12-02,1487.00,1487.00,1487.00,1487.00,18080,1.14
2015-12-01,1470.25,1470.25,1470.25,1470.25,23130,1.61
2015-11-30,1447.00,1447.00,1447.00,1447.00,14890,-0.79
2015-11-27,1458.50,1458.50,1458.50,1458.50,12810,-2.90
2015-11-26,1502.00,1502.00,1502.00,1502.00,9890,2.88
2015-11-25,1460.00,1460.00,1460.00,1460.00,68110,0.99
2015-11-24,1445.75,1445.75,1445.75,1445.75,7910,0.70
2015-11-23,1435.75,1435.75,1435.75,1435.75,13140,-0.81
2015-11-20,1447.50,1447.50,1447.50,1447.50,9070,-1.30
2015-11-19,1466.50,1466.50,1466.50,1466.50,7560,-0.41
2015-11-18,1472.50,1472.50,1472.50,1472.50,15920,-0.10
2015-11-17,1474.00,1474.00,1474.00,1474.00,55160,0.20
2015-11-16,1471.00,1471.00,1471.00,1471.00,35150,-1.74
2015-11-13,1497.00,1497.00,1497.00,1497.00,21830,-0.03
2015-11-12,1497.50,1497.50,1497.50,1497.50,35230,-1.74
2015-11-11,1524.00,1524.00,1524.00,1524.00,22240,0.66
2015-11-10,1514.00,1514.00,1514.00,1514.00,43400,-0.23
2015-11-09,1517.50,1517.50,1517.50,1517.50,29500,-0.65
2015-11-06,1527.50,1527.50,1527.50,1527.50,41090,1.13
2015-11-05,1510.50,1510.50,1510.50,1510.50,24470,0.33
2015-11-04,1505.50,1505.50,1505.50,1505.50,43080,0.17
2015-11-03,1503.00,1503.00,1503.00,1503.00,23300,0.57
2015-11-02,1494.50,1494.50,1494.50,1494.50,16770,1.00
2015-10-30,1479.75,1479.75,1479.75,1479.75,20290,0.51
2015-10-29,1472.25,1472.25,1472.25,1472.25,43180,-0.84
2015-10-28,1484.75,1484.75,1484.75,1484.75,36190,0.54
2015-10-27,1476.75,1476.75,1476.75,1476.75,24980,-0.22
2015-10-26,1480.00,1480.00,1480.00,1480.00,22550,-1.20
2015-10-23,1498.00,1498.00,1498.00,1498.00,19620,0.44
2015-10-22,1491.50,1491.50,1491.50,1491.50,21050,-1.62
2015-10-21,1516.00,1516.00,1516.00,1516.00,20700,-1.88
2015-10-20,1545.00,1545.00,1545.00,1545.00,92790,0.72
2015-10-19,1534.00,1534.00,1534.00,1534.00,20770,-1.60
2015-10-16,1559.00,1559.00,1559.00,1559.00,23980,-0.06
2015-10-15,1560.00,1560.00,1560.00,1560.00,37100,-1.23
2015-10-14,1579.50,1579.50,1579.50,1579.50,25910,-0.06
2015-10-13,1580.50,1580.50,1580.50,1580.50,41630,-0.03
2015-10-12,1581.00,1581.00,1581.00,1581.00,51580,-1.30
2015-10-09,1601.75,1601.75,1601.75,1601.75,49670,3.36
2015-10-08,1549.75,1549.75,1549.75,1549.75,39390,-1.10
2015-10-07,1567.00,1567.00,1567.00,1567.00,41970,1.49
2015-10-06,1544.00,1544.00,1544.00,1544.00,25060,-0.79
2015-10-05,1556.25,1556.25,1556.25,1556.25,25170,0.35
2015-10-02,1550.75,1550.75,1550.75,1550.75,23360,-0.53
2015-10-01,1559.00,1559.00,1559.00,1559.00,22940,-0.89
2015-09-30,1573.00,1573.00,1573.00,1573.00,22460,0.80
2015-09-29,1560.50,1560.50,1560.50,1560.50,75060,0.82
2015-09-28,1547.75,1547.75,1547.75,1547.75,22090,-1.20
2015-09-25,1566.50,1566.50,1566.50,1566.50,16250,-0.76
2015-09-24,1578.50,1578.50,1578.50,1578.50,20220,0.10
2015-09-23,1577.00,1577.00,1577.00,1577.00,20900,-0.76
2015-09-22,1589.00,1589.00,1589.00,1589.00,18710,-1.76
2015-09-21,1617.50,1617.50,1617.50,1617.50,12730,-0.52
2015-09-18,1626.00,1626.00,1626.00,1626.00,27370,-0.44
2015-09-17,1633.25,1633.25,1633.25,1633.25,31610,0.42
2015-09-16,1626.50,1626.50,1626.50,1626.50,40620,0.79
2015-09-15,1613.75,1613.75,1613.75,1613.75,28050,0.09
2015-09-14,1612.25,1612.25,1612.25,1612.25,31990,-1.23
2015-09-11,1632.25,1632.25,1632.25,1632.25,52090,0.14
2015-09-10,1630.00,1630.00,1630.00,1630.00,36140,0.46
2015-09-09,1622.50,1622.50,1622.50,1622.50,43060,-0.06
2015-09-08,1623.50,1623.50,1623.50,1623.50,29910,1.88
2015-09-07,1593.50,1593.50,1593.50,1593.50,13080,-0.56
2015-09-04,1602.50,1602.50,1602.50,1602.50,37650,-1.40
2015-09-03,1625.25,1625.25,1625.25,1625.25,30240,1.86
2015-09-02,1595.50,1595.50,1595.50,1595.50,30700,-0.25
2015-09-01,1599.50,1599.50,1599.50,1599.50,28290,-0.14
2015-08-28,1601.75,1601.75,1601.75,1601.75,24120,2.78
2015-08-27,1558.50,1558.50,1558.50,1558.50,19800,1.88
2015-08-26,1529.75,1529.75,1529.75,1529.75,17210,-1.69
2015-08-25,1556.00,1556.00,1556.00,1556.00,25130,2.40
2015-08-24,1519.50,1519.50,1519.50,1519.50,4470,-1.86
2015-08-21,1548.25,1548.25,1548.25,1548.25,21670,-1.73
2015-08-20,1575.50,1575.50,1575.50,1575.50,20730,1.22
2015-08-19,1556.50,1556.50,1556.50,1556.50,29770,0.16
2015-08-18,1554.00,1554.00,1554.00,1554.00,59040,-0.96
2015-08-17,1569.00,1569.00,1569.00,1569.00,17540,-0.87
2015-08-14,1582.75,1582.75,1582.75,1582.75,22200,0.44
2015-08-13,1575.75,1575.75,1575.75,1575.75,33930,-0.96
2015-08-12,1591.00,1591.00,1591.00,1591.00,40500,0.11
2015-08-11,1589.25,1589.25,1589.25,1589.25,36690,-1.96
2015-08-10,1621.00,1621.00,1621.00,1621.00,35590,1.76
2015-08-07,1593.00,1593.00,1593.00,1593.00,40100,-0.22
2015-08-06,1596.50,1596.50,1596.50,1596.50,19520,-0.13
2015-08-05,1598.50,1598.50,1598.50,1598.50,16910,-1.37
2015-08-04,1620.75,1620.75,1620.75,1620.75,18500,0.31
2015-08-03,1615.75,1615.75,1615.75,1615.75,28390,-0.35
2015-07-31,1621.50,1621.50,1621.50,1621.50,24510,-1.49
2015-07-30,1646.00,1646.00,1646.00,1646.00,11410,-1.20
2015-07-29,1666.00,1666.00,1666.00,1666.00,26720,0.45
2015-07-28,1658.50,1658.50,1658.50,1658.50,9720,1.04
2015-07-27,1641.50,1641.50,1641.50,1641.50,11220,-0.23
2015-07-24,1645.25,1645.25,1645.25,1645.25,14650,0.50
2015-07-23,1637.00,1637.00,1637.00,1637.00,24730,-1.36
2015-07-22,1659.50,1659.50,1659.50,1659.50,39880,-0.09
2015-07-21,1661.00,1661.00,1661.00,1661.00,58500,-1.67
2015-07-20,1689.25,1689.25,1689.25,1689.25,16670,-0.54
2015-07-17,1698.50,1698.50,1698.50,1698.50,16650,-1.12
2015-07-16,1717.75,1717.75,1717.75,1717.75,25880,-0.16
2015-07-15,1720.50,1720.50,1720.50,1720.50,23300,0.58
2015-07-14,1710.50,1710.50,1710.50,1710.50,16110,0.48
2015-07-13,1702.25,1702.25,1702.25,1702.25,30750,0.92
2015-07-10,1686.75,1686.75,1686.75,1686.75,29590,-0.16
2015-07-09,1689.50,1689.50,1689.50,1689.50,23260,1.69
2015-07-08,1661.50,1661.50,1661.50,1661.50,39910,0.29
2015-07-07,1656.75,1656.75,1656.75,1656.75,63400,-1.76
2015-07-06,1686.50,1686.50,1686.50,1686.50,24120,-1.06
2015-07-03,1704.50,1704.50,1704.50,1704.50,20080,-0.83
2015-07-02,1718.75,1718.75,1718.75,1718.75,29910,-0.16
2015-07-01,1721.50,1721.50,1721.50,1721.50,32610,2.18
2015-06-30,1684.75,1684.75,1684.75,1684.75,29620,-0.62
2015-06-29,1695.25,1695.25,1695.25,1695.25,25270,-0.35
2015-06-26,1701.25,1701.25,1701.25,1701.25,24800,-1.13
2015-06-25,1720.75,1720.75,1720.75,1720.75,19350,0.39
2015-06-24,1714.00,1714.00,1714.00,1714.00,21310,-0.51
2015-06-23,1722.75,1722.75,1722.75,1722.75,27150,0.94
2015-06-22,1706.75,1706.75,1706.75,1706.75,25100,0.93
2015-06-19,1691.00,1691.00,1691.00,1691.00,28300,-0.57
2015-06-18,1700.75,1700.75,1700.75,1700.75,24760,-0.22
2015-06-17,1704.50,1704.50,1704.50,1704.50,27100,-0.15
2015-06-16,1707.00,1707.00,1707.00,1707.00,60900,-0.07
2015-06-15,1708.25,1708.25,1708.25,1708.25,51490,-1.43
2015-06-12,1733.00,1733.00,1733.00,1733.00,34470,-0.66
2015-06-11,1744.50,1744.50,1744.50,1744.50,28900,-0.58
2015-06-10,1754.75,1754.75,1754.75,1754.75,52950,0.52
2015-06-09,1745.75,1745.75,1745.75,1745.75,54330,0.04
2015-06-08,1745.00,1745.00,1745.00,1745.00,36980,-0.16
2015-06-05,1747.75,1747.75,1747.75,1747.75,46670,0.37
2015-06-04,1741.25,1741.25,1741.25,1741.25,17950,-0.54
2015-06-03,1750.75,1750.75,1750.75,1750.75,20400,0.73
2015-06-02,1738.00,1738.00,1738.00,1738.00,18820,-1.21
2015-06-01,1759.25,1759.25,1759.25,1759.25,21630,1.22
2015-05-29,1738.00,1738.00,1738.00,1738.00,38250,-2.06
2015-05-28,1774.50,1774.50,1774.50,1774.50,21460,2.23
2015-05-27,1735.75,1735.75,1735.75,1735.75,29300,-0.83
2015-05-26,1750.25,1750.25,1750.25,1750.25,16510,-0.98
2015-05-22,1767.50,1767.50,1767.50,1767.50,18030,-0.28
2015-05-21,1772.50,1772.50,1772.50,1772.50,28030,-0.62
2015-05-20,1783.50,1783.50,1783.50,1783.50,17800,-0.31
2015-05-19,1789.00,1789.00,1789.00,1789.00,65110,-1.21
2015-05-18,1811.00,1811.00,1811.00,1811.00,26610,-1.84
2015-05-15,1845.00,1845.00,1845.00,1845.00,24410,-0.86
2015-05-14,1861.00,1861.00,1861.00,1861.00,25310,-0.80
2015-05-13,1876.00,1876.00,1876.00,1876.00,30570,-0.74
2015-05-12,1890.00,1890.00,1890.00,1890.00,38050,0.84
2015-05-11,1874.25,1874.25,1874.25,1874.25,23360,-0.57
2015-05-08,1885.00,1885.00,1885.00,1885.00,35550,0.29
2015-05-07,1879.50,1879.50,1879.50,1879.50,32790,-2.08
2015-05-06,1919.50,1919.50,1919.50,1919.50,29270,-2.96
2015-05-05,1978.00,1978.00,1978.00,1978.00,41470,3.40
2015-05-01,1913.00,1913.00,1913.00,1913.00,30250,-0.83
2015-04-30,1929.00,1929.00,1929.00,1929.00,36510,2.32
2015-04-29,1885.25,1885.25,1885.25,1885.25,23380,0.48
2015-04-28,1876.25,1876.25,1876.25,1876.25,25030,2.07
2015-04-27,1838.25,1838.25,1838.25,1838.25,16740,0.81
2015-04-24,1823.50,1823.50,1823.50,1823.50,23610,2.57
2015-04-23,1777.75,1777.75,1777.75,1777.75,17200,-1.63
2015-04-22,1807.25,1807.25,1807.25,1807.25,14340,-0.58
2015-04-21,1817.75,1817.75,1817.75,1817.75,20750,0.30
2015-04-20,1812.25,1812.25,1812.25,1812.25,14260,-0.26
2015-04-17,1817.00,1817.00,1817.00,1817.00,22000,-0.25
2015-04-16,1821.50,1821.50,1821.50,1821.50,30040,0.52
2015-04-15,1812.00,1812.00,1812.00,1812.00,77520,1.29
2015-04-14,1789.00,1789.00,1789.00,1789.00,45930,1.69
2015-04-13,1759.25,1759.25,1759.25,1759.25,41730,0.00
2015-04-10,1759.25,1759.25,1759.25,1759.25,76070,0.13
2015-04-09,1757.00,1757.00,1757.00,1757.00,97510,-0.52
2015-04-08,1766.25,1766.25,1766.25,1766.25,40620,-0.81
2015-04-07,1780.75,1780.75,1780.75,1780.75,18020,0.01
2015-04-02,1780.50,1780.50,1780.50,1780.50,30820,0.23
2015-04-01,1776.50,1776.50,1776.50,1776.50,25830,-0.42
2015-03-31,1784.00,1784.00,1784.00,1784.00,40630,-0.70
2015-03-30,1796.50,1796.50,1796.50,1796.50,21360,0.86
2015-03-27,1781.25,1781.25,1781.25,1781.25,22970,-0.41
2015-03-26,1788.50,1788.50,1788.50,1788.50,17370,0.79
2015-03-25,1774.50,1774.50,1774.50,1774.50,20670,-0.91
2015-03-24,1790.75,1790.75,1790.75,1790.75,17000,-0.39
2015-03-23,1797.75,1797.75,1797.75,1797.75,22410,0.07
2015-03-20,1796.50,1796.50,1796.50,1796.50,15280,0.91
2015-03-19,1780.25,1780.25,1780.25,1780.25,24760,0.92
2015-03-18,1764.00,1764.00,1764.00,1764.00,21840,-1.23
2015-03-17,1786.00,1786.00,1786.00,1786.00,67170,1.16
2015-03-16,1765.50,1765.50,1765.50,1765.50,21780,-0.07
2015-03-13,1766.75,1766.75,1766.75,1766.75,30650,1.39
2015-03-12,1742.50,1742.50,1742.50,1742.50,82980,0.14
2015-03-11,1740.00,1740.00,1740.00,1740.00,29400,-0.95
2015-03-10,1756.75,1756.75,1756.75,1756.75,34720,-1.03
2015-03-09,1775.00,1775.00,1775.00,1775.00,32610,-0.18
2015-03-06,1778.25,1778.25,1778.25,1778.25,38290,-1.14
2015-03-05,1798.75,1798.75,1798.75,1798.75,21670,0.08
2015-03-04,1797.25,1797.25,1797.25,1797.25,33030,0.36
2015-03-03,1790.75,1790.75,1790.75,1790.75,21910,-0.49
2015-03-02,1799.50,1799.50,1799.50,1799.50,24120,-0.80
2015-02-27,1814.00,1814.00,1814.00,1814.00,18520,0.53
2015-02-26,1804.50,1804.50,1804.50,1804.50,11270,0.64
2015-02-25,1793.00,1793.00,1793.00,1793.00,17740,-0.88
2015-02-24,1809.00,1809.00,1809.00,1809.00,17330,1.02
2015-02-23,1790.75,1790.75,1790.75,1790.75,20610,-0.13
2015-02-20,1793.00,1793.00,1793.00,1793.00,39040,-1.35
2015-02-19,1817.50,1817.50,1817.50,1817.50,12470,-0.07
2015-02-18,1818.75,1818.75,1818.75,1818.75,11840,0.07
2015-02-17,1817.50,1817.50,1817.50,1817.50,26950,-0.26
2015-02-16,1822.25,1822.25,1822.25,1822.25,21300,-0.65
2015-02-13,1834.25,1834.25,1834.25,1834.25,29190,-0.24
2015-02-12,1838.75,1838.75,1838.75,1838.75,37930,1.10
2015-02-11,1818.75,1818.75,1818.75,1818.75,59490,-0.76
2015-02-10,1832.75,1832.75,1832.75,1832.75,34620,-2.11
2015-02-09,1872.25,1872.25,1872.25,1872.25,27460,0.25
2015-02-06,1867.50,1867.50,1867.50,1867.50,33180,-0.74
2015-02-05,1881.50,1881.50,1881.50,1881.50,19870,0.40
2015-02-04,1874.00,1874.00,1874.00,1874.00,13080,-0.68
2015-02-03,1886.75,1886.75,1886.75,1886.75,11530,0.94
2015-02-02,1869.25,1869.25,1869.25,1869.25,18850,0.39
2015-01-30,1862.00,1862.00,1862.00,1862.00,15150,2.50
2015-01-29,1816.50,1816.50,1816.50,1816.50,11020,-1.69
2015-01-28,1847.75,1847.75,1847.75,1847.75,11760,-0.31
2015-01-27,1853.50,1853.50,1853.50,1853.50,41130,-1.33
2015-01-26,1878.50,1878.50,1878.50,1878.50,25420,2.65
2015-01-23,1830.00,1830.00,1830.00,1830.00,28490,-1.92
2015-01-22,1865.75,1865.75,1865.75,1865.75,17860,-0.12
2015-01-21,1868.00,1868.00,1868.00,1868.00,18160,1.29
2015-01-20,1844.25,1844.25,1844.25,1844.25,11260,1.53
2015-01-19,1816.50,1816.50,1816.50,1816.50,27790,-1.44
2015-01-16,1843.00,1843.00,1843.00,1843.00,59020,3.13
2015-01-15,1787.00,1787.00,1787.00,1787.00,51790,0.87
2015-01-14,1771.50,1771.50,1771.50,1771.50,99910,-0.88
2015-01-13,1787.25,1787.25,1787.25,1787.25,48020,-0.97
2015-01-12,1804.75,1804.75,1804.75,1804.75,42860,0.03
2015-01-09,1804.25,1804.25,1804.25,1804.25,47140,-1.16
2015-01-08,1825.50,1825.50,1825.50,1825.50,75030,2.35
2015-01-07,1783.50,1783.50,1783.50,1783.50,61450,0.18
2015-01-06,1780.25,1780.25,1780.25,1780.25,56010,-1.77
2015-01-05,1812.25,1812.25,1812.25,1812.25,43250,-0.86
2015-01-02,1828.00,1828.00,1828.00,1828.00,31380,-1.12
2014-12-31,1848.75,1848.75,1848.75,1848.75,23180,-0.32
2014-12-30,1854.75,1854.75,1854.75,1854.75,27730,-0.12
2014-12-29,1857.00,1857.00,1857.00,1857.00,24550,-0.08
2014-12-24,1858.50,1858.50,1858.50,1858.50,8800,-0.48
2014-12-23,1867.50,1867.50,1867.50,1867.50,24530,-0.61
2014-12-22,1879.00,1879.00,1879.00,1879.00,19630,-1.47
2014-12-19,1907.00,1907.00,1907.00,1907.00,25950,-0.21
2014-12-18,1911.00,1911.00,1911.00,1911.00,60290,-0.51
2014-12-17,1920.75,1920.75,1920.75,1920.75,36130,0.75
2014-12-16,1906.50,1906.50,1906.50,1906.50,42820,-0.43
2014-12-15,1914.75,1914.75,1914.75,1914.75,23520,-0.74
2014-12-12,1929.00,1929.00,1929.00,1929.00,17630,-0.63
2014-12-11,1941.25,1941.25,1941.25,1941.25,33640,-0.67
2014-12-10,1954.25,1954.25,1954.25,1954.25,38720,-0.67
2014-12-09,1967.50,1967.50,1967.50,1967.50,32420,0.28
2014-12-08,1962.00,1962.00,1962.00,1962.00,43030,-0.88
2014-12-05,1979.50,1979.50,1979.50,1979.50,42070,-0.64
2014-12-04,1992.25,1992.25,1992.25,1992.25,26570,1.13
2014-12-03,1970.00,1970.00,1970.00,1970.00,30080,-0.33
2014-12-02,1976.50,1976.50,1976.50,1976.50,33060,-2.42
2014-12-01,2025.50,2025.50,2025.50,2025.50,28880,1.02
2014-11-28,2005.00,2005.00,2005.00,2005.00,36510,-1.96
2014-11-27,2045.00,2045.00,2045.00,2045.00,9690,-0.85
2014-11-26,2062.50,2062.50,2062.50,2062.50,14790,0.57
2014-11-25,2050.75,2050.75,2050.75,2050.75,15620,0.20
2014-11-24,2046.75,2046.75,2046.75,2046.75,20340,-0.43
2014-11-21,2055.50,2055.50,2055.50,2055.50,13150,1.08
2014-11-20,2033.50,2033.50,2033.50,2033.50,8800,0.67
2014-11-19,2020.00,2020.00,2020.00,2020.00,11680,0.45
2014-11-18,2011.00,2011.00,2011.00,2011.00,44150,-1.08
2014-11-17,2033.00,2033.00,2033.00,2033.00,19960,0.32
2014-11-14,2026.50,2026.50,2026.50,2026.50,29120,-0.95
2014-11-13,2046.00,2046.00,2046.00,2046.00,29090,-1.02
2014-11-12,2067.00,2067.00,2067.00,2067.00,40760,0.80
2014-11-11,2050.50,2050.50,2050.50,2050.50,29870,0.59
2014-11-10,2038.50,2038.50,2038.50,2038.50,24100,-1.00
2014-11-07,2059.00,2059.00,2059.00,2059.00,46430,-1.00
2014-11-06,2079.75,2079.75,2079.75,2079.75,18510,0.81
2014-11-05,2063.00,2063.00,2063.00,2063.00,23990,-0.12
2014-11-04,2065.50,2065.50,2065.50,2065.50,60020,-0.55
2014-11-03,2077.00,2077.00,2077.00,2077.00,43510,1.47
2014-10-31,2047.00,2047.00,2047.00,2047.00,37720,0.59
2014-10-30,2035.00,2035.00,2035.00,2035.00,27750,0.00
2014-10-29,2035.00,2035.00,2035.00,2035.00,19180,1.83
2014-10-28,1998.50,1998.50,1998.50,1998.50,11550,0.71
2014-10-27,1984.50,1984.50,1984.50,1984.50,15240,0.79
2014-10-24,1969.00,1969.00,1969.00,1969.00,19960,-1.10
2014-10-23,1991.00,1991.00,1991.00,1991.00,15510,-1.24
2014-10-22,2016.00,2016.00,2016.00,2016.00,34010,1.26
2014-10-21,1991.00,1991.00,1991.00,1991.00,71720,0.99
2014-10-20,1971.50,1971.50,1971.50,1971.50,17870,0.03
2014-10-17,1971.00,1971.00,1971.00,1971.00,32990,3.06
2014-10-16,1912.50,1912.50,1912.50,1912.50,14380,-0.36
2014-10-15,1919.50,1919.50,1919.50,1919.50,20950,-1.61
2014-10-14,1951.00,1951.00,1951.00,1951.00,18810,0.39
2014-10-13,1943.50,1943.50,1943.50,1943.50,39130,0.73
2014-10-10,1929.50,1929.50,1929.50,1929.50,40250,-1.00
2014-10-09,1949.00,1949.00,1949.00,1949.00,36260,0.58
2014-10-08,1937.75,1937.75,1937.75,1937.75,48020,-0.78
2014-10-07,1953.00,1953.00,1953.00,1953.00,60140,1.32
2014-10-06,1927.50,1927.50,1927.50,1927.50,33680,0.81
2014-10-03,1912.00,1912.00,1912.00,1912.00,43350,1.31
2014-10-02,1887.25,1887.25,1887.25,1887.25,41870,-1.62
2014-10-01,1918.25,1918.25,1918.25,1918.25,44490,-2.04
2014-09-30,1958.25,1958.25,1958.25,1958.25,29190,-0.15
2014-09-29,1961.25,1961.25,1961.25,1961.25,16230,0.78
2014-09-26,1946.00,1946.00,1946.00,1946.00,19670,-0.22
2014-09-25,1950.25,1950.25,1950.25,1950.25,18260,-1.23
2014-09-24,1974.50,1974.50,1974.50,1974.50,18450,0.41
2014-09-23,1966.50,1966.50,1966.50,1966.50,19360,-0.52
2014-09-22,1976.75,1976.75,1976.75,1976.75,23730,-0.01
2014-09-19,1977.00,1977.00,1977.00,1977.00,23400,-0.28
2014-09-18,1982.50,1982.50,1982.50,1982.50,28550,-0.83
2014-09-17,1999.00,1999.00,1999.00,1999.00,68130,-1.31
2014-09-16,2025.50,2025.50,2025.50,2025.50,50910,2.16
2014-09-15,1982.75,1982.75,1982.75,1982.75,31560,-1.97
2014-09-12,2022.50,2022.50,2022.50,2022.50,46030,-0.57
2014-09-11,2034.00,2034.00,2034.00,2034.00,89080,-0.93
2014-09-10,2053.00,2053.00,2053.00,2053.00,26570,-0.51
2014-09-09,2063.50,2063.50,2063.50,2063.50,29030,-1.40
2014-09-08,2092.75,2092.75,2092.75,2092.75,28170,0.12
2014-09-05,2090.25,2090.25,2090.25,2090.25,45930,-0.68
2014-09-04,2104.50,2104.50,2104.50,2104.50,24300,1.25
2014-09-03,2078.50,2078.50,2078.50,2078.50,27760,-1.36
2014-09-02,2107.25,2107.25,2107.25,2107.25,22170,0.54
2014-09-01,2096.00,2096.00,2096.00,2096.00,16090,-0.12
2014-08-29,2098.50,2098.50,2098.50,2098.50,26510,0.72
2014-08-28,2083.50,2083.50,2083.50,2083.50,17690,-0.18
2014-08-27,2087.25,2087.25,2087.25,2087.25,23510,0.18
2014-08-26,2083.50,2083.50,2083.50,2083.50,13010,0.91
2014-08-22,2064.75,2064.75,2064.75,2064.75,14760,0.22
2014-08-21,2060.25,2060.25,2060.25,2060.25,11540,-0.81
2014-08-20,2077.00,2077.00,2077.00,2077.00,19470,1.86
2014-08-19,2039.00,2039.00,2039.00,2039.00,51350,1.46
2014-08-18,2009.75,2009.75,2009.75,2009.75,18500,0.89
2014-08-15,1992.00,1992.00,1992.00,1992.00,14630,0.16
2014-08-14,1988.75,1988.75,1988.75,1988.75,14360,-1.43
2014-08-13,2017.50,2017.50,2017.50,2017.50,22990,-1.31
2014-08-12,2044.25,2044.25,2044.25,2044.25,34160,0.86
2014-08-11,2026.75,2026.75,2026.75,2026.75,26450,0.32
2014-08-08,2020.25,2020.25,2020.25,2020.25,23680,-0.11
2014-08-07,2022.50,2022.50,2022.50,2022.50,56780,0.12
2014-08-06,2020.00,2020.00,2020.00,2020.00,18320,0.60
2014-08-05,2008.00,2008.00,2008.00,2008.00,61810,-0.84
2014-08-04,2025.00,2025.00,2025.00,2025.00,38840,2.61
2014-08-01,1973.50,1973.50,1973.50,1973.50,17330,-0.75
2014-07-31,1988.50,1988.50,1988.50,1988.50,23410,-1.61
2014-07-30,2021.00,2021.00,2021.00,2021.00,11090,2.01
2014-07-29,1981.25,1981.25,1981.25,1981.25,9280,-1.67
2014-07-28,2015.00,2015.00,2015.00,2015.00,9870,0.85
2014-07-25,1998.00,1998.00,1998.00,1998.00,9070,-1.43
2014-07-24,2027.00,2027.00,2027.00,2027.00,12660,0.48
2014-07-23,2017.25,2017.25,2017.25,2017.25,11750,-1.33
2014-07-22,2044.50,2044.50,2044.50,2044.50,8860,1.16
2014-07-21,2021.00,2021.00,2021.00,2021.00,7580,1.93
2014-07-18,1982.75,1982.75,1982.75,1982.75,14560,-0.36
2014-07-17,1990.00,1990.00,1990.00,1990.00,9670,0.99
2014-07-16,1970.50,1970.50,1970.50,1970.50,25150,0.54
2014-07-15,1960.00,1960.00,1960.00,1960.00,42600,1.11
2014-07-14,1938.50,1938.50,1938.50,1938.50,40900,-0.03
2014-07-11,1939.00,1939.00,1939.00,1939.00,32130,0.87
2014-07-10,1922.25,1922.25,1922.25,1922.25,36710,-0.80
2014-07-09,1937.75,1937.75,1937.75,1937.75,27040,-0.01
2014-07-08,1938.00,1938.00,1938.00,1938.00,51280,0.96
2014-07-07,1919.50,1919.50,1919.50,1919.50,24450,-0.10
2014-07-04,1921.50,1921.50,1921.50,1921.50,12310,-0.75
2014-07-03,1936.00,1936.00,1936.00,1936.00,30870,0.52
2014-07-02,1926.00,1926.00,1926.00,1926.00,45560,2.20
2014-07-01,1884.50,1884.50,1884.50,1884.50,39690,-0.33
2014-06-30,1890.75,1890.75,1890.75,1890.75,21540,0.31
2014-06-27,1885.00,1885.00,1885.00,1885.00,20930,-0.68
2014-06-26,1898.00,1898.00,1898.00,1898.00,20200,-0.29
2014-06-25,1903.50,1903.50,1903.50,1903.50,31270,0.13
2014-06-24,1901.00,1901.00,1901.00,1901.00,37670,0.45
2014-06-23,1892.50,1892.50,1892.50,1892.50,22220,0.21
2014-06-20,1888.50,1888.50,1888.50,1888.50,18510,-0.11
2014-06-19,1890.50,1890.50,1890.50,1890.50,26660,0.85
2014-06-18,1874.50,1874.50,1874.50,1874.50,26120,1.21
2014-06-17,1852.00,1852.00,1852.00,1852.00,45550,0.64
2014-06-16,1840.25,1840.25,1840.25,1840.25,19290,0.34
